"cell","pseudotime","Dataset","celltype","cluster"
"AAACCCAAGCCATGCC-1-1",9.43935650697488,"Dana_WT","Hba-a2","6"
"AAACCCAAGGCTCACC-1-1",0.229961416291309,"Dana_WT","Ly86","0"
"AAACCCACACAATGCT-1-1",0.00108155312893854,"Dana_WT","Pf4","3"
"AAACCCACATGCGTGC-1-1",0.00408549893589205,"Dana_WT","CD34","0"
"AAACCCATCACTACGA-1-1",0.687817833246312,"Dana_WT","Ly86","0"
"AAACCCATCAGCAGAG-1-1",0.218617319225247,"Dana_WT","Ly86","0"
"AAACCCATCGAGGCAA-1-1",0.124762889835175,"Dana_WT","CD34","0"
"AAACGAAAGGTACATA-1-1",0.0507736949094906,"Dana_WT","Unannotated","0"
"AAACGAACAAATACGA-1-1",0.0200217839643901,"Dana_WT","Car1","9"
"AAACGAAGTGCATCTA-1-1",0.0526770467771686,"Dana_WT","Car1","9"
"AAACGAATCATTTGGG-1-1",7.95257581583632,"Dana_WT","Car1","6"
"AAACGCTAGGGTCAAC-1-1",4.68390898245019e-06,"Dana_WT","Ly86","0"
"AAACGCTCACTCTAGA-1-1",5.85363295006525,"Dana_WT","Car1","6"
"AAACGCTCAGCTCGGT-1-1",0.942863540846602,"Dana_WT","Prss34","10"
"AAACGCTGTAGCGTAG-1-1",7.93033366566371,"Dana_WT","Car1","6"
"AAACGCTTCGAGTCTA-1-1",0.0367517900044532,"Dana_WT","Car1","9"
"AAAGAACAGAGCCCAA-1-1",0.11314154142645,"Dana_WT","CD34","3"
"AAAGAACCAGGACTAG-1-1",1.36807242556714e-05,"Dana_WT","Vpreb1","0"
"AAAGAACGTACGTGTT-1-1",1.15938341149757e-06,"Dana_WT","Gstm1/CD63","1"
"AAAGAACGTGCGCTCA-1-1",3.71002691679223e-07,"Dana_WT","Ly86","0"
"AAAGAACGTGGAAATT-1-1",8.74077090732926,"Dana_WT","Hba-a2","6"
"AAAGAACTCATAGGCT-1-1",0.685560451885274,"Dana_WT","Ly86","0"
"AAAGAACTCGGCCAAC-1-1",1.87385585884963,"Dana_WT","Gstm1/CD63","1"
"AAAGGATCAGCTACCG-1-1",0.505445562011709,"Dana_WT","Prss34","10"
"AAAGGATGTCCTGTTC-1-1",0.426027576933151,"Dana_WT","CD34","0"
"AAAGGATGTCGGTAAG-1-1",0.343844836505329,"Dana_WT","Ly86","0"
"AAAGGATGTTAAGGAT-1-1",0.0149696154018628,"Dana_WT","Unannotated","7"
"AAAGGATTCGTCAGAT-1-1",1.02025740211786e-06,"Dana_WT","Car1","9"
"AAAGGGCCACAGCATT-1-1",0.222078089777592,"Dana_WT","CD34","7"
"AAAGGGCCATACTTTC-1-1",0.0440324456185247,"Dana_WT","CD34","7"
"AAAGGTAAGATAGGGA-1-1",0.272445425238059,"Dana_WT","Gstm1/CD63","1"
"AAAGGTAAGCATCAAA-1-1",0.0167040916421115,"Dana_WT","CD34","10"
"AAAGGTAAGGACAGTC-1-1",6.75373858220615,"Dana_WT","Car1","6"
"AAAGGTACAAGGCTTT-1-1",0.031997394399336,"Dana_WT","Ly86","0"
"AAAGGTAGTAACGCGA-1-1",0.0270496355846115,"Dana_WT","Car1","5"
"AAAGGTAGTAGTCTGT-1-1",2.22480695592988,"Dana_WT","Fcnb","1"
"AAAGGTAGTCCACTTC-1-1",1.36343489192114e-05,"Dana_WT","Cd74","15"
"AAAGGTAGTGTCTAAC-1-1",0,"Dana_WT","CD34","0"
"AAAGGTATCGTGCACG-1-1",0.00614041529246023,"Dana_WT","Car1","9"
"AAAGTCCAGCCTCCAG-1-1",0.0440324919938612,"Dana_WT","CD34","7"
"AAAGTCCAGCGAGTCA-1-1",0.288940230111714,"Dana_WT","Car1","5"
"AAAGTCCCAGCTCATA-1-1",0.210903469455879,"Dana_WT","Ly86","0"
"AAAGTCCCATCGAAGG-1-1",0.000960873658892858,"Dana_WT","Gstm1/Ly86","1"
"AAAGTCCGTGAGTTGG-1-1",0.0589115411007557,"Dana_WT","Unannotated","10"
"AAAGTCCGTGGTCTTA-1-1",0.130918670611392,"Dana_WT","Car1","9"
"AAAGTCCGTTCAGGTT-1-1",1.72342365301626,"Dana_WT","Fcnb","1"
"AAAGTCCTCTCTCTAA-1-1",8.19876738618062,"Dana_WT","Car1","6"
"AAAGTGAAGAACAGGA-1-1",0.0748251765840868,"Dana_WT","Unannotated","10"
"AAAGTGAAGATGTTAG-1-1",1.32076383279691,"Dana_WT","Car1","5"
"AAAGTGAAGCCAAGTG-1-1",0.171789302803394,"Dana_WT","Car1","9"
"AAAGTGAAGTCCGTCG-1-1",0.702864972084187,"Dana_WT","Car1","5"
"AAAGTGAGTCGGAAAC-1-1",0.17181218666531,"Dana_WT","Unannotated","7"
"AAAGTGAGTGGCCTCA-1-1",0.0440325383691976,"Dana_WT","CD34","7"
"AAAGTGATCTTACACT-1-1",0.0170401560530731,"Dana_WT","Pf4","9"
"AAATGGACACCAGTAT-1-1",0.052677093152505,"Dana_WT","Car1","5"
"AAATGGACAGCGAGTA-1-1",8.86253587207469,"Dana_WT","Hba-a2","6"
"AAATGGACAGGACTTT-1-1",7.996984036601,"Dana_WT","Hba-a2","6"
"AAATGGACAGGCTCTG-1-1",0.361967549527384,"Dana_WT","CD34","0"
"AAATGGAGTCCGGCAT-1-1",0.375435804460121,"Dana_WT","CD34","5"
"AAATGGATCAGGAAAT-1-1",0.00368836964600394,"Dana_WT","Ly86","1"
"AAATGGATCCTCACCA-1-1",0.399656901575176,"Dana_WT","Ly86","0"
"AAATGGATCGAACGCC-1-1",0.0865209455756811,"Dana_WT","Ly86","0"
"AACAAAGAGAAATGGG-1-1",0.029250234987132,"Dana_WT","Car1","3"
"AACAAAGAGGGACTGT-1-1",7.19102323381656,"Dana_WT","Hba-a2","6"
"AACAAAGAGGTAAACT-1-1",1.31399998031779,"Dana_WT","Ly86","1"
"AACAAAGGTAATGATG-1-1",0.253947262145307,"Dana_WT","Gstm1/CD63","1"
"AACAAAGGTCCTCCTA-1-1",0.109127327954043,"Dana_WT","Prss34","10"
"AACAAAGGTCGTTTCC-1-1",0.225221288621278,"Dana_WT","Ly86","0"
"AACAACCAGTCTCCTC-1-1",0.0526771395278415,"Dana_WT","Car1","5"
"AACAACCCAAACACGG-1-1",16.9686422995816,"Dana_WT","Ltf","12"
"AACAACCCATTCGGGC-1-1",1.78783528031404,"Dana_WT","Fcnb","1"
"AACAACCGTATAGCTC-1-1",0.0857563272505282,"Dana_WT","Gstm1/CD63","1"
"AACAACCGTGACTGTT-1-1",0.312527294278935,"Dana_WT","Ly86","0"
"AACAACCGTTCCTACC-1-1",0.153946366534915,"Dana_WT","Car1","5"
"AACAACCTCAACGTGT-1-1",2.91904078669294,"Dana_WT","Car1","5"
"AACAACCTCCACGTGG-1-1",5.96395421260908,"Dana_WT","Car1","5"
"AACAACCTCGAGCCAC-1-1",0.135466362562405,"Dana_WT","CD34","7"
"AACAAGAAGTAGATCA-1-1",0.00595770276394746,"Dana_WT","CD34","13"
"AACAAGACACTCCGAG-1-1",1.35879735827515e-05,"Dana_WT","Ccl5","7"
"AACAAGACATATGAAG-1-1",6.31015648969766,"Dana_WT","Car1","5"
"AACAAGATCGTTATCT-1-1",8.19419046328653,"Dana_WT","Hba-a2","6"
"AACACACCACATCATG-1-1",0.192651844183537,"Dana_WT","CD34","7"
"AACACACGTCCTACGG-1-1",0.0670408160376737,"Dana_WT","Ly86","7"
"AACACACTCACTCTTA-1-1",0.930355925115617,"Dana_WT","Car1","9"
"AACACACTCGCCTAGG-1-1",0.0148164761448045,"Dana_WT","Gstm1/Ly86","0"
"AACAGGGAGAATAACC-1-1",5.12005987198821,"Dana_WT","Car1","6"
"AACAGGGAGTTGGCGA-1-1",4.63753364599029e-06,"Dana_WT","Gstm1/Ly86","0"
"AACAGGGGTAGATGTA-1-1",0.126837711149358,"Dana_WT","CD34","7"
"AACAGGGGTTCTATCT-1-1",0.442316133599723,"Dana_WT","Ly86","0"
"AACAGGGTCAAGCCTA-1-1",0.0978784277350628,"Dana_WT","Unannotated","10"
"AACAGGGTCCACGTGG-1-1",0.0286457926536798,"Dana_WT","Prss34","10"
"AACAGGGTCGTAGTCA-1-1",0.202405548299089,"Dana_WT","Gstm1/Ly86","0"
"AACCAACCAAGCACAG-1-1",0.171812233040646,"Dana_WT","CD34","7"
"AACCAACCACAATGAA-1-1",0.33702113479497,"Dana_WT","Ly86","0"
"AACCAACGTGGATACG-1-1",16.1397665029312,"Dana_WT","Ltf","12"
"AACCAACGTTAAACCC-1-1",0.00904652751815171,"Dana_WT","Car1","9"
"AACCAACGTTAGGACG-1-1",8.07548176217156,"Dana_WT","Hba-a2","6"
"AACCACAAGCACGTCC-1-1",0.103631078735289,"Dana_WT","Ly86","0"
"AACCACAAGCCTGAGA-1-1",2.15860591229962,"Dana_WT","Gstm1/CD63","1"
"AACCACAAGCTGAGCA-1-1",4.59115830953039e-06,"Dana_WT","Ly86","0"
"AACCACACAAACGAGC-1-1",0.0833819960902676,"Dana_WT","CD34","7"
"AACCACACAAATCCCA-1-1",0.479773798334735,"Dana_WT","Car1","3"
"AACCACACAGACACCC-1-1",0.0566342913454312,"Dana_WT","Ly86","0"
"AACCACACATGACTAC-1-1",0.0526771859031779,"Dana_WT","Car1","5"
"AACCACACATTCTCTA-1-1",0.346560639937847,"Dana_WT","CD34","0"
"AACCACAGTACGCGTC-1-1",0.051785003821275,"Dana_WT","Ly86","0"
"AACCACAGTACTGCGC-1-1",0.28595963522218,"Dana_WT","Gstm1/CD63","1"
"AACCATGAGCGTGTTT-1-1",0.0698959496819536,"Dana_WT","Ly86","0"
"AACCATGAGGCAGGGA-1-1",3.72262138487646,"Dana_WT","Car1","5"
"AACCATGAGGTCCCGT-1-1",0.794468094116035,"Dana_WT","Fcnb","1"
"AACCATGCATGATAGA-1-1",0.0170402024284095,"Dana_WT","Car1","9"
"AACCATGGTCTATGAC-1-1",0.681767165823891,"Dana_WT","Car1","5"
"AACCATGGTTGTAGCT-1-1",0.0321844237641333,"Dana_WT","Pf4","9"
"AACCATGTCTCATTAC-1-1",0.000216409906311998,"Dana_WT","Ly86","0"
"AACCCAAAGATGATTG-1-1",0.0585850168988957,"Dana_WT","Ly86","1"
"AACCCAACAAGTCATC-1-1",5.85363299644059,"Dana_WT","Car1","6"
"AACCCAACACCCAACG-1-1",0.127621375754423,"Dana_WT","Car1","5"
"AACCCAACAGGTCAAG-1-1",3.7226214312518,"Dana_WT","Car1","5"
"AACCCAACATCTAACG-1-1",0.0390736473281331,"Dana_WT","Ly86","0"
"AACCCAACATGGTGGA-1-1",0.0526772322785144,"Dana_WT","Car1","5"
"AACCCAACATTCGATG-1-1",0.337424730624444,"Dana_WT","Ly86","0"
"AACCCAAGTTTGGGAG-1-1",1.35415982462916e-05,"Dana_WT","Cd74","15"
"AACCCAATCATCGCAA-1-1",0.339803145540673,"Dana_WT","CD34","0"
"AACCCAATCCACAGGC-1-1",0.0525847670850901,"Dana_WT","Ly86","0"
"AACCTGAAGCAGTACG-1-1",0.055101031010873,"Dana_WT","Gstm1/Ly86","1"
"AACCTGAAGTGGTTCT-1-1",0.0112078865470513,"Dana_WT","Gstm1/Ly86","0"
"AACCTGACAAAGACTA-1-1",0.425271012465612,"Dana_WT","Ly86","0"
"AACCTGACATATGCGT-1-1",0.0291618576896329,"Dana_WT","CD34","7"
"AACCTGAGTACATACC-1-1",0.0978783813597264,"Dana_WT","Prss34","10"
"AACCTGAGTATAGCTC-1-1",0.00433230797607254,"Dana_WT","Car1","11"
"AACCTGAGTTGCCTAA-1-1",0.874503838416881,"Dana_WT","Car1","5"
"AACCTGATCACCTACC-1-1",1.34952229098317e-05,"Dana_WT","Unannotated","7"
"AACCTGATCTAGTCAG-1-1",0.017040248803746,"Dana_WT","Car1","9"
"AACCTTTAGTGAATAC-1-1",1.02358721773639,"Dana_WT","Fcnb","1"
"AACCTTTCACCGTGGT-1-1",9.57937064221246,"Dana_WT","Hba-a2","6"
"AACCTTTGTCATACCA-1-1",2.15860595867496,"Dana_WT","Gstm1/CD63","1"
"AACCTTTGTTGGACCC-1-1",0.198701362749511,"Dana_WT","Ly86","1"
"AACCTTTTCACGGTCG-1-1",0.0569395047009771,"Dana_WT","Car1","9"
"AACGAAACAAACTAGA-1-1",0.571250051657512,"Dana_WT","Fcnb","1"
"AACGAAACACTGTTCC-1-1",6.86380502424745,"Dana_WT","Car1","6"
"AACGAAAGTTCAATCG-1-1",0.0415422389821063,"Dana_WT","CD34","0"
"AACGAAATCCGTGCGA-1-1",0.0891442355290333,"Dana_WT","Gstm1/CD63","1"
"AACGGGACAGACGCTC-1-1",1.01974204852532,"Dana_WT","Car1","5"
"AACGGGATCAAACGAA-1-1",0.858702125288846,"Dana_WT","CD34","7"
"AACGGGATCAGAGTGG-1-1",0.347457345483011,"Dana_WT","Gstm1/CD63","1"
"AACGGGATCGGAGATG-1-1",0.0905442267836118,"Dana_WT","Prg2","10"
"AACGTCAAGAAGCGCT-1-1",0.435514412258532,"Dana_WT","Ly86","0"
"AACGTCAAGAGGTCAC-1-1",0.0652896832193171,"Dana_WT","Ly86","0"
"AACGTCAAGCCTGGAA-1-1",0.578774092296571,"Dana_WT","Ly86","0"
"AACGTCAAGTATTCCG-1-1",3.72262147762714,"Dana_WT","Car1","5"
"AACGTCAAGTGCCCGT-1-1",0.0247992104250307,"Dana_WT","Unannotated","10"
"AACGTCAAGTGGTTAA-1-1",0.0247992568003672,"Dana_WT","Prss34","10"
"AACGTCACAGTAACCT-1-1",0,"Dana_WT","Pf4","9"
"AACGTCAGTTTAGACC-1-1",3.2462735521932e-07,"Dana_WT","Ly86","0"
"AACGTCATCCCTCGTA-1-1",1.02006831097933,"Dana_WT","Gstm1/CD63","1"
"AACTTCTAGCCTTTGA-1-1",0.398878571442213,"Dana_WT","CD34","0"
"AACTTCTGTACAATAG-1-1",0.0526772786538509,"Dana_WT","Car1","5"
"AACTTCTGTCTTTCAT-1-1",0.0173769799779415,"Dana_WT","Ly86","7"
"AACTTCTGTGGTCTGC-1-1",0.347457391858347,"Dana_WT","Gstm1/CD63","13"
"AACTTCTGTTAGGCTT-1-1",6.99244033040843,"Dana_WT","Car1","6"
"AACTTCTTCCCGATCT-1-1",0.0722082252455126,"Dana_WT","Ly86","0"
"AACTTCTTCCTCTAAT-1-1",0.0170402951790825,"Dana_WT","Car1","9"
"AACTTCTTCGACATAC-1-1",4.07091808968934,"Dana_WT","Car1","5"
"AACTTCTTCGCACTCT-1-1",0.18202986038948,"Dana_WT","CD34","13"
"AACTTCTTCGGAATTC-1-1",0.00904648114281525,"Dana_WT","Pf4","9"
"AACTTCTTCTCGTGAA-1-1",0.26690002526332,"Dana_WT","Prss34","10"
"AAGAACAAGCAATTCC-1-1",1.40331706153952,"Dana_WT","Car1","5"
"AAGAACAAGTCATGCT-1-1",9.5793706885878,"Dana_WT","Hba-a2","6"
"AAGAACACAAACAGGC-1-1",0.391674620284707,"Dana_WT","Gstm1/Ly86","0"
"AAGAACACAGCTGGTC-1-1",0.0846722082319988,"Dana_WT","Ly86","1"
"AAGAACAGTCACGTGC-1-1",0.435514458633869,"Dana_WT","Ly86","0"
"AAGAACAGTGACTAAA-1-1",1.05507008839972,"Dana_WT","Prss34","10"
"AAGAACATCAGCTTCC-1-1",1.34488475733718e-05,"Dana_WT","Vpreb1","0"
"AAGAACATCATGACAC-1-1",1.11300807503767e-06,"Dana_WT","Gstm1/CD63","1"
"AAGAACATCCTAGCCT-1-1",0.103521281050606,"Dana_WT","Ly86","7"
"AAGACAAAGACTCATC-1-1",2.48769128911432,"Dana_WT","Gstm1/CD63","1"
"AAGACAAAGCGAGTAC-1-1",0.847012461620863,"Dana_WT","Pf4","9"
"AAGACAAAGTCGGCAA-1-1",8.06842495896986,"Dana_WT","Car1","6"
"AAGACAACAATTTCCT-1-1",0.0367518363797896,"Dana_WT","Car1","9"
"AAGACAACAGACTCTA-1-1",0.770086680929062,"Dana_WT","Fcnb","1"
"AAGACAACAGTTTGGT-1-1",0.930597769800137,"Dana_WT","Fcnb","1"
"AAGACAACATTGACAC-1-1",0.0169569667652836,"Dana_WT","Car1","3"
"AAGACAAGTCATGCAT-1-1",0.0170403415544189,"Dana_WT","CD34","9"
"AAGACAAGTCCATACA-1-1",7.83387893038677,"Dana_WT","Car1","6"
"AAGACAAGTGATACCT-1-1",0.0204501381462094,"Dana_WT","CD34","0"
"AAGACAATCTCCCAAC-1-1",0.0630534859108058,"Dana_WT","CD34","0"
"AAGACTCAGCCTCTCT-1-1",1.34024722369119e-05,"Dana_WT","Unannotated","7"
"AAGACTCAGCGCCGTT-1-1",0.000254869483710646,"Dana_WT","Ly86","13"
"AAGACTCAGTGACACG-1-1",0.00634099607906924,"Dana_WT","Ly86","0"
"AAGACTCAGTGCACAG-1-1",0.124077210722108,"Dana_WT","Car1","5"
"AAGACTCCACCGTACG-1-1",2.38584244438142,"Dana_WT","Fcnb","1"
"AAGACTCCATAGCTGT-1-1",8.25347189935257,"Dana_WT","Car1","6"
"AAGACTCTCAAGAGTA-1-1",0.0526773250291873,"Dana_WT","Car1","5"
"AAGACTCTCCGACGGT-1-1",1.26729339041736,"Dana_WT","Car1","5"
"AAGACTCTCCTTGAAG-1-1",1.72852031601576,"Dana_WT","Gstm1/CD63","1"
"AAGACTCTCGTGCTCT-1-1",0.670488457166056,"Dana_WT","Car1","5"
"AAGACTCTCTAAGAAG-1-1",1.25960970445937,"Dana_WT","Ly86","1"
"AAGACTCTCTCGAGTA-1-1",0.020450091770873,"Dana_WT","Unannotated","0"
"AAGATAGAGGAGGTTC-1-1",0.0340453204003142,"Dana_WT","Gstm1/Ly86","0"
"AAGATAGAGGAGTCTG-1-1",0.106474161673405,"Dana_WT","Prss34","10"
"AAGATAGCATACATCG-1-1",0.122639442766897,"Dana_WT","Gstm1/Ly86","0"
"AAGATAGGTGCAACAG-1-1",0.355489278307712,"Dana_WT","Car1","5"
"AAGATAGTCAAGGAGC-1-1",0.0499706444142629,"Dana_WT","CD34","0"
"AAGATAGTCATCGCAA-1-1",7.96528056470998,"Dana_WT","Hba-a2","6"
"AAGCATCAGGTTAGTA-1-1",0.00433226160073608,"Dana_WT","Ly86","11"
"AAGCATCCACGCCACA-1-1",7.36643375411487,"Dana_WT","Car1","6"
"AAGCATCCAGGTTTAC-1-1",0.00442797694696384,"Dana_WT","CD34","0"
"AAGCATCGTGATTCAC-1-1",18.0793685786387,"Dana_WT","Fcnb","12"
"AAGCATCTCAAACGTC-1-1",0.00219744436473746,"Dana_WT","Gstm1/Ly86","7"
"AAGCATCTCAAAGCCT-1-1",0.0170403879297554,"Dana_WT","Pf4","9"
"AAGCCATAGAATCGCG-1-1",0.416020444375997,"Dana_WT","Ly86","0"
"AAGCCATCATCGAAGG-1-1",1.29443901603948,"Dana_WT","Car1","5"
"AAGCCATGTGAATTAG-1-1",1.30415882306031,"Dana_WT","Car1","5"
"AAGCCATTCACGGACC-1-1",0.57638963626881,"Dana_WT","Gstm1/CD63","0"
"AAGCCATTCGACGCTG-1-1",0.00404450578283089,"Dana_WT","Gstm1/Ly86","0"
"AAGCCATTCGTAGAGG-1-1",0.0389295080890595,"Dana_WT","Ly86","13"
"AAGCGAGTCTACCAGA-1-1",0.0426522344528826,"Dana_WT","Car1","5"
"AAGCGTTAGACTCTTG-1-1",0.225614081217664,"Dana_WT","Car1","5"
"AAGCGTTAGCGGGTTA-1-1",1.0427637868765,"Dana_WT","Gstm1/CD63","1"
"AAGCGTTGTCATGGCC-1-1",0.10568718806635,"Dana_WT","Ly86","0"
"AAGCGTTGTTGCATTG-1-1",0.00329946077553855,"Dana_WT","Car1","9"
"AAGCGTTTCAGACTGT-1-1",0.002197397989401,"Dana_WT","CD34","7"
"AAGCGTTTCGTCCTCA-1-1",6.12259517998795,"Dana_WT","Car1","5"
"AAGGAATAGGCAGTCA-1-1",1.00411599893587,"Dana_WT","Car1","5"
"AAGGAATAGGTTCAGG-1-1",0.0204500453955365,"Dana_WT","CD34","0"
"AAGGAATAGTAGCCAG-1-1",0.507558282272491,"Dana_WT","Ly86","0"
"AAGGAATTCTATGCCC-1-1",1.22756695001804,"Dana_WT","Ly86","0"
"AAGGTAAAGACGCATG-1-1",0.0988117947620089,"Dana_WT","Gstm1/CD63","1"
"AAGGTAAAGCAGCCTC-1-1",0.0440325847445341,"Dana_WT","CD34","7"
"AAGGTAAAGTGGATTA-1-1",1.44437347340082,"Dana_WT","Gstm1/CD63","1"
"AAGGTAACAGTCCCGA-1-1",0.038929461713723,"Dana_WT","Ly86","0"
"AAGGTAATCCAATCTT-1-1",0.0569394583256406,"Dana_WT","Car1","3"
"AAGGTAATCCCGAGAC-1-1",0.0526773714045238,"Dana_WT","Car1","5"
"AAGGTAATCGCTAGCG-1-1",0.140784758899349,"Dana_WT","Ly86","7"
"AAGGTAATCTCGTGAA-1-1",0.0526774177798602,"Dana_WT","Car1","5"
"AAGGTAATCTGGTGCG-1-1",1.3356096900452e-05,"Dana_WT","Cd74","15"
"AAGTACCAGCAATTAG-1-1",4.07439479799164,"Dana_WT","Car1","5"
"AAGTACCAGGTAATCA-1-1",2.72080666211606,"Dana_WT","Car1","5"
"AAGTACCAGGTAGCAC-1-1",2.15860600505029,"Dana_WT","Gstm1/CD63","1"
"AAGTACCAGTTGGAAT-1-1",7.49587660660714,"Dana_WT","Car1","6"
"AAGTACCCAAGCCATT-1-1",0.0459275014872488,"Dana_WT","Ly86","0"
"AAGTACCCAATCTCGA-1-1",0.492197782928648,"Dana_WT","Ly86","1"
"AAGTACCCAATGAAAC-1-1",0.268939814866271,"Dana_WT","CD34","7"
"AAGTACCGTCGGCTAC-1-1",0.0170404343050918,"Dana_WT","Pf4","9"
"AAGTACCGTGCACATT-1-1",0.378660462750599,"Dana_WT","Ly86","0"
"AAGTACCGTGGCTGCT-1-1",0.0123063560559455,"Dana_WT","Ly86","0"
"AAGTACCGTTAGCGGA-1-1",0.00433221522539962,"Dana_WT","Car1","11"
"AAGTACCGTTCAAACC-1-1",0.00433216885006316,"Dana_WT","Car1","11"
"AAGTACCGTTCCACGG-1-1",3.72262152400247,"Dana_WT","Car1","5"
"AAGTACCTCCCATAGA-1-1",0.504400616714561,"Dana_WT","CD34","7"
"AAGTCGTAGACATACA-1-1",0.0136174078525546,"Dana_WT","Ly86","0"
"AAGTCGTAGATGTTGA-1-1",0.0043321224747267,"Dana_WT","Car1","11"
"AAGTCGTCAATGTTGC-1-1",0.302432980510987,"Dana_WT","Ly86","0"
"AAGTCGTGTGGAGAAA-1-1",0.155836249068432,"Dana_WT","Car1","10"
"AAGTCGTTCATTGAGC-1-1",0.00804154976853866,"Dana_WT","Prss34","10"
"AAGTCGTTCGCTGTCT-1-1",1.33097215639921e-05,"Dana_WT","CD34","7"
"AAGTCGTTCGTGGCGT-1-1",0.344997239448749,"Dana_WT","Car1","5"
"AAGTGAAAGCGAACTG-1-1",0.153745635809968,"Dana_WT","CD34","13"
"AAGTGAAAGTGGCGAT-1-1",0.0114217401459401,"Dana_WT","Ly86","7"
"AAGTGAACACACCTGG-1-1",0.0526774641551967,"Dana_WT","Car1","5"
"AAGTGAACACGTATAC-1-1",0.946374812462277,"Dana_WT","Car1","5"
"AAGTGAACATAACCCA-1-1",0.183232457872684,"Dana_WT","Ly86","0"
"AAGTTCGAGAAGGCTC-1-1",0.951858177159874,"Dana_WT","Ly86","0"
"AAGTTCGAGATACCAA-1-1",0.067583430786986,"Dana_WT","Ly86","0"
"AAGTTCGAGGGAGGTG-1-1",0.318515318260492,"Dana_WT","Prss34","10"
"AAGTTCGAGGGTGAGG-1-1",1.36524827446774,"Dana_WT","Car1","5"
"AAGTTCGCAAGCAATA-1-1",0.000480476749520675,"Dana_WT","Ly86","0"
"AAGTTCGCACGTCGGT-1-1",0.615943342084961,"Dana_WT","Ccl5","7"
"AAGTTCGCAGGGAATC-1-1",0.0569394119503042,"Dana_WT","CD34","3"
"AAGTTCGCATCATTTC-1-1",1.2873246724085,"Dana_WT","Gstm1/CD63","1"
"AAGTTCGCATTAGGCT-1-1",1.02025740211786e-06,"Dana_WT","Car1","6"
"AAGTTCGGTATCCTTT-1-1",1.06663273857777e-06,"Dana_WT","Gstm1/CD63","1"
"AAGTTCGGTCGCTCGA-1-1",2.07916973160434,"Dana_WT","Gstm1/CD63","1"
"AAGTTCGGTTAAGAAC-1-1",8.64570030268678,"Dana_WT","Hba-a2","6"
"AAGTTCGTCCACTGGG-1-1",0.00433207609939024,"Dana_WT","Unannotated","11"
"AAGTTCGTCCGATAAC-1-1",0.171812279415983,"Dana_WT","CD34","7"
"AAGTTCGTCTGGCCGA-1-1",0.600898291625511,"Dana_WT","Ly86","0"
"AATAGAGAGCAGGTCA-1-1",0.175547441575594,"Dana_WT","Car1","5"
"AATAGAGCAATAAGGT-1-1",4.54478297307048e-06,"Dana_WT","Gstm1/Ly86","0"
"AATAGAGCACCCTGAG-1-1",3.18748595055899,"Dana_WT","Car1","5"
"AATAGAGCACTTGGGC-1-1",0.524648298611055,"Dana_WT","Ly86","0"
"AATAGAGCAGATTCGT-1-1",0.246213743978607,"Dana_WT","CD34","7"
"AATAGAGGTCGTTCAA-1-1",0.0421294592038899,"Dana_WT","Pf4","9"
"AATAGAGGTTGTGTTG-1-1",0.0526775105305332,"Dana_WT","Car1","5"
"AATAGAGTCGGTAACT-1-1",0.00709700746502273,"Dana_WT","Prss34","10"
"AATCACGAGGAAAGAC-1-1",0.195972283002201,"Dana_WT","Gstm1/Ly86","0"
"AATCACGCATGATCTG-1-1",0.0569393655749677,"Dana_WT","Pf4","9"
"AATCACGCATGGTACT-1-1",0.504366467117071,"Dana_WT","Pf4","9"
"AATCACGGTAGAGATT-1-1",0.0745438877893458,"Dana_WT","Gstm1/CD63","1"
"AATCACGGTAGGCTGA-1-1",8.37435719408231,"Dana_WT","Hba-a2","6"
"AATCACGTCACAAGAA-1-1",0.0864091409674219,"Dana_WT","Ly86","0"
"AATCACGTCCACGTCT-1-1",0.216931141480246,"Dana_WT","Ly86","0"
"AATCACGTCCGAGGCT-1-1",0.0440326311198705,"Dana_WT","CD34","7"
"AATCGACAGCCACAAG-1-1",0.164917209731078,"Dana_WT","CD34","0"
"AATCGACAGGGAGGTG-1-1",0.505445608387045,"Dana_WT","Prss34","10"
"AATCGACGTGAATGTA-1-1",5.85363304281592,"Dana_WT","Car1","6"
"AATCGACGTGCACAAG-1-1",0.127153562039156,"Dana_WT","CD34","7"
"AATCGACTCCCGGTAG-1-1",0.00401998433092476,"Dana_WT","CD34","0"
"AATCGTGAGGCGAAGG-1-1",0.282305228207787,"Dana_WT","Car1","5"
"AATCGTGAGTTGGGAC-1-1",0.0412908444831581,"Dana_WT","Ly86","0"
"AATCGTGCACACTTAG-1-1",0.0526775569058696,"Dana_WT","Car1","9"
"AATCGTGCACGAGAAC-1-1",2.46735433583295,"Dana_WT","Car1","5"
"AATCGTGGTGGTGATG-1-1",0.0578951675697798,"Dana_WT","Ly86","7"
"AATGAAGAGCGAACTG-1-1",0.0367518827551261,"Dana_WT","Pf4","9"
"AATGAAGAGTTGCGAG-1-1",0.165590262258582,"Dana_WT","Car1","5"
"AATGAAGCAAAGCAAT-1-1",0.947375396009061,"Dana_WT","Ly86","0"
"AATGAAGCACTAACCA-1-1",0.058563514022234,"Dana_WT","Unannotated","7"
"AATGAAGGTTCCACGG-1-1",5.1235696032477,"Dana_WT","Car1","6"
"AATGAAGGTTGATCGT-1-1",0.210065838530266,"Dana_WT","Gstm1/CD63","1"
"AATGAAGTCAACTACG-1-1",4.49840763661058e-06,"Dana_WT","Gstm1/Ly86","0"
"AATGAAGTCATTCGTT-1-1",0.0204499990202001,"Dana_WT","CD34","0"
"AATGAAGTCCCGATCT-1-1",0.809233554158171,"Dana_WT","Ly86","0"
"AATGAAGTCGGACTGC-1-1",0.150900810799405,"Dana_WT","Unannotated","7"
"AATGACCCACAGCATT-1-1",2.78252018759417e-07,"Dana_WT","CD34","0"
"AATGACCGTGTTCAGT-1-1",0.468725873047157,"Dana_WT","Pf4","9"
"AATGACCTCTAGCCTC-1-1",0.641536663689791,"Dana_WT","Car1","5"
"AATGCCATCACTGTTT-1-1",1.27275689581032,"Dana_WT","Car1","5"
"AATGCCATCCCTCTCC-1-1",0.908638827878533,"Dana_WT","Ly86","0"
"AATGGAAAGATTGTGA-1-1",0.212427194745513,"Dana_WT","Prg2","10"
"AATGGAAAGGCAGTCA-1-1",0.154113521962615,"Dana_WT","Unannotated","0"
"AATGGAAAGGTCTTTG-1-1",0.00867625824680129,"Dana_WT","Ly86","0"
"AATGGAACATCAGCTA-1-1",0.144548852399701,"Dana_WT","Gstm1/CD63","10"
"AATGGAACATCCTATT-1-1",0.00764446456562173,"Dana_WT","Gstm1/Ly86","0"
"AATGGAAGTGAGGCAT-1-1",8.27685540476931,"Dana_WT","Hba-a2","6"
"AATGGAATCACCTCAC-1-1",16.0730950455395,"Dana_WT","Ltf","12"
"AATGGAATCCGCACGA-1-1",0.245278471860421,"Dana_WT","Fcnb","1"
"AATGGAATCGCTGACG-1-1",0.219991601798745,"Dana_WT","Gstm1/Ly86","10"
"AATGGCTAGAGGACTC-1-1",3.72262157037781,"Dana_WT","Car1","5"
"AATGGCTAGAGTGGCT-1-1",1.27779060936133,"Dana_WT","CD34","10"
"AATGGCTAGCGATCGA-1-1",7.07693724790086,"Dana_WT","Car1","6"
"AATGGCTAGCTGCCAC-1-1",0.312527340654272,"Dana_WT","Ly86","0"
"AATGGCTAGTTACGGG-1-1",1.00513442430784,"Dana_WT","Gstm1/CD63","1"
"AATGGCTGTACCAGAG-1-1",0.0458018073806592,"Dana_WT","CD34","7"
"AATGGCTGTACTCGCG-1-1",0.0170404806804283,"Dana_WT","Car1","9"
"AATGGCTGTCAAAGTA-1-1",0.330520076687151,"Dana_WT","Ly86","0"
"AATGGCTGTCTTGAGT-1-1",17.3791415090651,"Dana_WT","Ltf","12"
"AATGGCTGTGTTCCTC-1-1",0.273531638272716,"Dana_WT","Car1","9"
"AATGGCTTCGCACGAC-1-1",7.49587665298248,"Dana_WT","Car1","6"
"AATGGCTTCTAAACGC-1-1",1.66413770912093,"Dana_WT","Car1","5"
"AATGGCTTCTGAGATC-1-1",9.40781801404537,"Dana_WT","Hba-a2","6"
"AATTCCTCAGATACTC-1-1",1.00706866971453,"Dana_WT","Gstm1/CD63","1"
"AATTCCTGTCACGTGC-1-1",0.141023674045119,"Dana_WT","Gstm1/CD63","1"
"AATTCCTGTGCTTCAA-1-1",0.147916901211031,"Dana_WT","Car1","5"
"AATTCCTGTTGCGTAT-1-1",9.38771999197087,"Dana_WT","Hba-a2","6"
"AATTCCTTCCACTAGA-1-1",0.357376918845926,"Dana_WT","Gstm1/CD63","1"
"AATTCCTTCGAACCTA-1-1",1.05971443304407,"Dana_WT","Gstm1/CD63","10"
"AATTCCTTCGCGTCGA-1-1",1.46226947222727,"Dana_WT","Gstm1/CD63","1"
"AATTTCCAGAGGCTGT-1-1",0.0204499526448636,"Dana_WT","CD34","0"
"AATTTCCAGTAGGATT-1-1",0,"Dana_WT","Gstm1/CD63","1"
"AATTTCCCAATCTCGA-1-1",0.054703668607702,"Dana_WT","Car1","9"
"AATTTCCCAGCTACCG-1-1",0.0247724295371303,"Dana_WT","Gstm1/CD63","13"
"AATTTCCCATTGACAC-1-1",0.00384234983198617,"Dana_WT","Prss34","10"
"AATTTCCGTTATGTCG-1-1",0.079487520138545,"Dana_WT","Ly86","7"
"AATTTCCGTTTCGTTT-1-1",0.252510983702617,"Dana_WT","Ly86","0"
"ACAAAGAAGAAGTATC-1-1",6.2049848425312,"Dana_WT","Car1","5"
"ACAAAGAAGACGGTCA-1-1",1.06788385988032,"Dana_WT","Gstm1/CD63","1"
"ACAAAGAAGATCGCTT-1-1",3.72262161675315,"Dana_WT","Car1","5"
"ACAAAGAAGGCATCGA-1-1",0.0220723815860628,"Dana_WT","Ly86","0"
"ACAAAGACAACACTAC-1-1",0.113905973342134,"Dana_WT","CD34","0"
"ACAAAGACACATCATG-1-1",0.0367519291304625,"Dana_WT","Car1","9"
"ACAAAGACACGACGCT-1-1",7.9760516342395,"Dana_WT","Car1","6"
"ACAAAGAGTGTGCCTG-1-1",0.280198360822766,"Dana_WT","CD34","7"
"ACAAAGAGTGTTGAGG-1-1",0.312527387029608,"Dana_WT","CD34","0"
"ACAACCAAGGATACGC-1-1",0.0526776032812061,"Dana_WT","Car1","9"
"ACAACCAAGGTCGACA-1-1",0.044032677495207,"Dana_WT","CD34","7"
"ACAACCAAGTTGAAAC-1-1",0.149147782100777,"Dana_WT","CD34","0"
"ACAACCACAACCACGC-1-1",9.56429161760683,"Dana_WT","Hba-a2","6"
"ACAACCACATGACGAG-1-1",2.54500465824797,"Dana_WT","Car1","5"
"ACAACCAGTAACGTTC-1-1",0.266680484703233,"Dana_WT","CD34","0"
"ACAACCAGTACCGCGT-1-1",0.209388310132304,"Dana_WT","Gstm1/Ly86","1"
"ACAACCAGTCTGCATA-1-1",0.485051481607346,"Dana_WT","Car1","5"
"ACAACCATCAACTGAC-1-1",0.686560821697103,"Dana_WT","Ly86","0"
"ACAACCATCTTCTTCC-1-1",4.45203230015068e-06,"Dana_WT","Ly86","0"
"ACAAGCTAGCAGGCAT-1-1",5.85363308919126,"Dana_WT","Car1","6"
"ACAAGCTAGCTACTGT-1-1",0.0526776496565425,"Dana_WT","Car1","5"
"ACAAGCTAGGTCGTGA-1-1",1.08214802531384,"Dana_WT","Car1","13"
"ACAAGCTCACCGGTCA-1-1",1.26585688031949,"Dana_WT","Gstm1/CD63","1"
"ACAAGCTCAGACCAAG-1-1",7.85967945822114,"Dana_WT","Hba-a2","6"
"ACAAGCTCAGTTGTCA-1-1",5.8536331355666,"Dana_WT","Car1","6"
"ACAAGCTGTATGGGAC-1-1",1.20796492702348,"Dana_WT","Fcnb","1"
"ACAAGCTTCACTTATC-1-1",0.22250970657202,"Dana_WT","Ly86","1"
"ACACAGTAGACATCCT-1-1",3.14439997657552,"Dana_WT","Car1","5"
"ACACAGTAGCCTTTCC-1-1",0.0148164297694681,"Dana_WT","Gstm1/Ly86","0"
"ACACAGTAGGCTATCT-1-1",0.0586970971214021,"Dana_WT","CD34","10"
"ACACAGTCAAGCTGCC-1-1",0.416936834532905,"Dana_WT","Prss34","10"
"ACACAGTCAGTCCCGA-1-1",0.00316639319724349,"Dana_WT","CD34","7"
"ACACAGTTCGGACTGC-1-1",0.953986174010413,"Dana_WT","Ly86","0"
"ACACCAAAGAAAGTCT-1-1",0.24804426263983,"Dana_WT","Gstm1/CD63","1"
"ACACCAAAGTTTAGGA-1-1",0.786360206468522,"Dana_WT","Car1","3"
"ACACCAACAACGATCT-1-1",7.49587669935781,"Dana_WT","Car1","6"
"ACACCAAGTGTTGACT-1-1",0,"Dana_WT","Gstm1/Ly86","0"
"ACACCAATCAAGAAAC-1-1",0.248766641222285,"Dana_WT","CD34","0"
"ACACGCGAGTAGCTCT-1-1",0.0978783349843899,"Dana_WT","Prss34","10"
"ACACGCGCAGCCTACG-1-1",1.31157396376677,"Dana_WT","Car1","5"
"ACACGCGCAGGAACCA-1-1",0.0230352464481963,"Dana_WT","CD34","7"
"ACACGCGTCAGAGTGG-1-1",0.267480931641213,"Dana_WT","Prss34","10"
"ACACGCGTCAGCTGTA-1-1",0.0759644030176854,"Dana_WT","Ly86","0"
"ACACGCGTCCCTTCCC-1-1",8.32296890337556,"Dana_WT","Car1","5"
"ACACTGAAGATTAGCA-1-1",0.0918766616588937,"Dana_WT","Gstm1/CD63","1"
"ACACTGACACTACACA-1-1",0.380869689305763,"Dana_WT","CD34","0"
"ACACTGAGTTCGGCGT-1-1",8.69110235603362,"Dana_WT","Hba-a2","6"
"ACACTGATCAACCTTT-1-1",0.000845702961072448,"Dana_WT","Ly86","0"
"ACACTGATCCACAGCG-1-1",0.728229101484351,"Dana_WT","Gstm1/CD63","1"
"ACAGAAACACACCAGC-1-1",0.234308178696578,"Dana_WT","Ly86","7"
"ACAGAAAGTGAAGCTG-1-1",0.0879320184829566,"Dana_WT","Gstm1/Ly86","1"
"ACAGAAATCCGAACGC-1-1",0.0179409344303507,"Dana_WT","CD34","1"
"ACAGAAATCGGAATGG-1-1",0.00825464090899564,"Dana_WT","Prss34","10"
"ACAGAAATCTGGCTGG-1-1",0.574266589742946,"Dana_WT","Gstm1/Ly86","0"
"ACAGCCGAGATTCGCT-1-1",0.00622119018643086,"Dana_WT","Ly86","0"
"ACAGCCGAGCTGGTGA-1-1",0.00638131056878932,"Dana_WT","Gstm1/CD63","1"
"ACAGCCGAGGAAACGA-1-1",0.658226834481075,"Dana_WT","Car1","5"
"ACAGCCGAGGAATCGC-1-1",1.02025740211786e-06,"Dana_WT","Gstm1/CD63","1"
"ACAGCCGAGGACTGGT-1-1",0.0204499062695271,"Dana_WT","Gstm1/Ly86","0"
"ACAGCCGCAAGGCGTA-1-1",0.0425156594660483,"Dana_WT","Ly86","0"
"ACAGCCGCAGCTTTCC-1-1",0.103293725990194,"Dana_WT","CD34","13"
"ACAGCCGGTATGAAAC-1-1",3.41989591349741,"Dana_WT","Car1","5"
"ACAGCCGGTATGATCC-1-1",0.00433202972405378,"Dana_WT","Ly86","11"
"ACAGCCGGTCAATCTG-1-1",0.0191342271736255,"Dana_WT","CD34","0"
"ACAGCCGGTCCAATCA-1-1",2.74592868137125,"Dana_WT","Car1","5"
"ACAGCCGGTTACGATC-1-1",7.36694836976187,"Dana_WT","Car1","6"
"ACAGCCGGTTAGCGGA-1-1",0.176677010887206,"Dana_WT","Prss34","10"
"ACAGCCGGTTGTGCCG-1-1",8.94207779022867,"Dana_WT","Hba-a2","6"
"ACAGCCGTCGCAAGAG-1-1",3.09872187184651,"Dana_WT","Car1","5"
"ACAGCCGTCTATTTCG-1-1",0.402834011444709,"Dana_WT","Car1","5"
"ACAGCCGTCTCAGAAC-1-1",0.0825564711741573,"Dana_WT","Gstm1/CD63","1"
"ACAGGGACAACAGAGC-1-1",5.98716151468429,"Dana_WT","Car1","5"
"ACAGGGACAGAGGACT-1-1",0.343906517468753,"Dana_WT","Ly86","0"
"ACAGGGATCACAGAGG-1-1",0.052677696031879,"Dana_WT","Car1","5"
"ACAGGGATCCTCTAGC-1-1",0.980885779997175,"Dana_WT","Car1","1"
"ACAGGGATCGGCCAAC-1-1",0.0204498598941907,"Dana_WT","CD34","0"
"ACAGGGATCTCTTGCG-1-1",0.145288951760661,"Dana_WT","Car1","5"
"ACATCCCAGTCGCGAA-1-1",0.484280115684459,"Dana_WT","Ly86","0"
"ACATCCCCACCAGACC-1-1",4.08087001171699,"Dana_WT","Car1","5"
"ACATCCCGTTGATCGT-1-1",0.00860260850446481,"Dana_WT","Ly86","0"
"ACATCCCTCATGGATC-1-1",0.0605870456662996,"Dana_WT","Ly86","0"
"ACATCGAAGCCTCTGG-1-1",0.206535845152103,"Dana_WT","Gstm1/CD63","1"
"ACATCGACAAGGAGTC-1-1",0.00575336378011748,"Dana_WT","Ly86","0"
"ACATCGACAGTGGCTC-1-1",2.38611424671473,"Dana_WT","Fcnb","1"
"ACATCGAGTTTCTATC-1-1",9.32705795776141,"Dana_WT","Hba-a2","6"
"ACATCGAGTTTGTGGT-1-1",0.0796021489805514,"Dana_WT","Pf4","9"
"ACATCGATCGGCGATC-1-1",0.0526777424072155,"Dana_WT","Car1","9"
"ACATGCAAGACAGTCG-1-1",16.3680676999167,"Dana_WT","Ltf","12"
"ACATGCAAGGATTCAA-1-1",0.42105222404466,"Dana_WT","Gstm1/Ly86","1"
"ACATGCAAGGTGAGAA-1-1",0.116168441941561,"Dana_WT","CD34","0"
"ACATGCACACACCAGC-1-1",7.8905842197136,"Dana_WT","Car1","6"
"ACATGCACACAGAGCA-1-1",1.32633462275322e-05,"Dana_WT","Cd74","15"
"ACATGCACATCATGAC-1-1",0.00219735161406454,"Dana_WT","Gstm1/Ly86","13"
"ACATGCAGTCCTGGTG-1-1",0.0170405270557648,"Dana_WT","Car1","9"
"ACATGCAGTCGGTAAG-1-1",1.26927604300914,"Dana_WT","Gstm1/CD63","1"
"ACATGCATCAACCGAT-1-1",1.96813903419209,"Dana_WT","Gstm1/CD63","1"
"ACATTTCAGAGAGCAA-1-1",1.5303861031768e-06,"Dana_WT","Gstm1/Ly86","1"
"ACATTTCAGTAGAGTT-1-1",0.37168474883732,"Dana_WT","CD34","0"
"ACATTTCCACAGTACT-1-1",9.73882065657961e-07,"Dana_WT","Car1","9"
"ACATTTCCACTGCGTG-1-1",1.2520956407985,"Dana_WT","Gstm1/CD63","1"
"ACATTTCCAGTCCCGA-1-1",0.115405550041487,"Dana_WT","Car1","9"
"ACATTTCCATCGATAC-1-1",0.0670258246684874,"Dana_WT","Ly86","0"
"ACATTTCGTCAGTCTA-1-1",0.00854819062939072,"Dana_WT","Prss34","10"
"ACATTTCGTTGGGCCT-1-1",6.91837182470699,"Dana_WT","Car1","6"
"ACCAAACAGACTGAGC-1-1",1.32169708910723e-05,"Dana_WT","C1qb","7"
"ACCAAACAGCATCGAG-1-1",0.2503387171766,"Dana_WT","Ly86","7"
"ACCAAACGTAATCAAG-1-1",3.12205829526464,"Dana_WT","Car1","5"
"ACCAAACGTCTTCGAA-1-1",0.731116945723191,"Dana_WT","Ly86","0"
"ACCAAACGTGACCGTC-1-1",0.0204498135188542,"Dana_WT","CD34","0"
"ACCAAACTCAGCCTCT-1-1",8.2769068748113,"Dana_WT","Hba-a2","6"
"ACCAAACTCTCCGAGG-1-1",0.119720321892353,"Dana_WT","Ly86","0"
"ACCAACAAGCACTAAA-1-1",2.14098560289218,"Dana_WT","Gstm1/CD63","1"
"ACCAACAAGTTTCTTC-1-1",8.19876743255596,"Dana_WT","Car1","6"
"ACCAACACACATATGC-1-1",0.0526777887825519,"Dana_WT","Car1","5"
"ACCAACACATGCAGGA-1-1",0.00622929446648643,"Dana_WT","Ly86","0"
"ACCAACATCACCTCAC-1-1",0.0451966329402827,"Dana_WT","CD34","7"
"ACCACAAAGCAACAGC-1-1",0.0551664987546614,"Dana_WT","Gstm1/CD63","13"
"ACCACAAAGCTGAGCA-1-1",1.31705955546124e-05,"Dana_WT","Cd74","15"
"ACCACAACAACACACT-1-1",0.347457438233683,"Dana_WT","Gstm1/CD63","1"
"ACCACAACACTCGATA-1-1",0.186407775750383,"Dana_WT","Car1","3"
"ACCACAACAGATTCGT-1-1",0.00150409612704117,"Dana_WT","Ly86","0"
"ACCACAAGTATTCCGA-1-1",0.00199545108791332,"Dana_WT","Car1","5"
"ACCACAAGTCAGTCCG-1-1",0.366111680388324,"Dana_WT","Car1","9"
"ACCACAAGTTAGTTCG-1-1",0.0526778351578884,"Dana_WT","Car1","5"
"ACCACAATCGCAAGAG-1-1",4.40565696369077e-06,"Dana_WT","Gstm1/Ly86","0"
"ACCACAATCGGTAGAG-1-1",1.3007845579379,"Dana_WT","Car1","5"
"ACCATTTAGCTGACCC-1-1",0.586140670386291,"Dana_WT","Prss34","10"
"ACCATTTCACTCACTC-1-1",0.0526778815332248,"Dana_WT","Car1","5"
"ACCATTTCAGAAACCG-1-1",6.95938045495839,"Dana_WT","Car1","6"
"ACCATTTCAGGTGGAT-1-1",0.296221117422731,"Dana_WT","Car1","9"
"ACCATTTTCAAGGACG-1-1",0.00486615475388685,"Dana_WT","Ly86","0"
"ACCATTTTCCACAAGT-1-1",0.814864180690122,"Dana_WT","Prss34","10"
"ACCATTTTCCTCTCGA-1-1",9.73882065657961e-07,"Dana_WT","Gstm1/CD63","1"
"ACCCAAAAGGCTTTCA-1-1",0.00518883839615958,"Dana_WT","Ly86","1"
"ACCCAAAAGTCGCCCA-1-1",1.24073866658385,"Dana_WT","CD34","10"
"ACCCAAACAACCAACT-1-1",0.359192630926019,"Dana_WT","Car1","9"
"ACCCAAACAACCGGAA-1-1",0.0569393191996312,"Dana_WT","Car1","3"
"ACCCAAACACTAAACC-1-1",9.40311086712095,"Dana_WT","Hba-a2","6"
"ACCCAAACACTGAATC-1-1",0.0389294153383865,"Dana_WT","Ly86","13"
"ACCCAAACAGGTACGA-1-1",6.89370904325594,"Dana_WT","Car1","6"
"ACCCAAACAGTTAGAA-1-1",0.177127799473185,"Dana_WT","Ly86","0"
"ACCCAAAGTGGTCCGT-1-1",9.32769660308674,"Dana_WT","Hba-a2","6"
"ACCCAAATCAGCAGAG-1-1",0.949170936453171,"Dana_WT","Ly86","0"
"ACCCAAATCTCCGAAA-1-1",0.459033379561026,"Dana_WT","CD34","9"
"ACCCTCAAGACCAGCA-1-1",0.0141903470927138,"Dana_WT","Ly86","0"
"ACCCTCAAGCGTCTGC-1-1",0.0440327238705435,"Dana_WT","CD34","7"
"ACCCTCAAGGGAGGGT-1-1",0.0496570738649593,"Dana_WT","CD34","0"
"ACCCTCAAGTGACCTT-1-1",0.0978782886090535,"Dana_WT","Prss34","10"
"ACCCTCAAGTTAACAG-1-1",0.942008256892045,"Dana_WT","Fcnb","1"
"ACCCTCACAGGATCTT-1-1",0.171812325791319,"Dana_WT","Unannotated","7"
"ACCCTCACATGCCGGT-1-1",0.171812372166655,"Dana_WT","Ly86","7"
"ACCCTCAGTATTCCGA-1-1",1.31242202181525e-05,"Dana_WT","Ly86","11"
"ACCCTCAGTGCCCACA-1-1",4.35928162723087e-06,"Dana_WT","Gstm1/Ly86","0"
"ACCCTCAGTTAAGGGC-1-1",0.0559446251621494,"Dana_WT","Ly86","0"
"ACCCTTGAGTAGTCAA-1-1",0.0319148145373973,"Dana_WT","Car1","3"
"ACCCTTGCAACGACAG-1-1",4.31290629077097e-06,"Dana_WT","Ly86","0"
"ACCCTTGCAATACGCT-1-1",0.0204497671435178,"Dana_WT","CD34","0"
"ACCCTTGGTCCTTTGC-1-1",0.0526779279085613,"Dana_WT","Car1","9"
"ACCCTTGTCAACACCA-1-1",0.682432188612605,"Dana_WT","Prss34","10"
"ACCCTTGTCGCAACAT-1-1",0.0117911266247723,"Dana_WT","Ly86","0"
"ACCCTTGTCGGACCAC-1-1",0.979219793821907,"Dana_WT","CD34","7"
"ACCCTTGTCGTGCACG-1-1",5.85363318194193,"Dana_WT","Car1","6"
"ACCCTTGTCGTTCGCT-1-1",0.00914941745801512,"Dana_WT","CD34","0"
"ACCCTTGTCTCATGCC-1-1",0.020389949257848,"Dana_WT","Car1","9"
"ACCGTTCAGACTCATC-1-1",0.0526779742838978,"Dana_WT","Car1","5"
"ACCGTTCAGCGTGTCC-1-1",0.00219730523872808,"Dana_WT","Gstm1/Ly86","7"
"ACCGTTCAGCTGACAG-1-1",0.367233420804941,"Dana_WT","CD34","0"
"ACCGTTCCACAAGTGG-1-1",0,"Dana_WT","CD34","13"
"ACCGTTCCAGAGTAAT-1-1",0.195972329377538,"Dana_WT","Ly86","0"
"ACCGTTCCAGGTGGAT-1-1",0.01695701314062,"Dana_WT","Car1","6"
"ACCGTTCGTATGAAAC-1-1",0.0864508470495858,"Dana_WT","CD34","7"
"ACCGTTCGTGCACATT-1-1",0.00125156690327577,"Dana_WT","Ly86","13"
"ACCGTTCGTTACCCAA-1-1",1.64179984807555,"Dana_WT","Car1","5"
"ACCGTTCTCCTATTGT-1-1",0.0379881543336744,"Dana_WT","CD34","0"
"ACCGTTCTCGAGATGG-1-1",2.31015608023553,"Dana_WT","Fcnb","1"
"ACCGTTCTCGTCCATC-1-1",0.00219725886339162,"Dana_WT","Gstm1/Ly86","13"
"ACCGTTCTCGTGCACG-1-1",8.84484875287876,"Dana_WT","Car1","6"
"ACCTACCAGCATGATA-1-1",3.72262166312848,"Dana_WT","Car1","5"
"ACCTACCAGCGATTCT-1-1",0.271970547336487,"Dana_WT","Ly86","13"
"ACCTACCAGGTTTGAA-1-1",0.94631478071635,"Dana_WT","Car1","4"
"ACCTACCAGTGGGAAA-1-1",1.39126009379709e-07,"Dana_WT","Car1","9"
"ACCTACCGTCCCGTGA-1-1",0.09598105122791,"Dana_WT","Prg2","10"
"ACCTACCGTCGTAATC-1-1",0.0872674013381458,"Dana_WT","Car1","5"
"ACCTACCGTTGCCATA-1-1",7.49587674573315,"Dana_WT","Car1","6"
"ACCTACCGTTTGACAC-1-1",9.27506729198058e-07,"Dana_WT","Car1","9"
"ACCTACCTCAAGCGTT-1-1",0.0526780206592342,"Dana_WT","Car1","5"
"ACCTACCTCTGTGCTC-1-1",1.30778448816926e-05,"Dana_WT","CD34","7"
"ACCTGAAAGACTTAAG-1-1",0.0969135249544284,"Dana_WT","Gstm1/CD63","1"
"ACCTGAACAATCGCGC-1-1",0.919181019561839,"Dana_WT","Car1","9"
"ACCTGAAGTAAGTAGT-1-1",8.95501679826785,"Dana_WT","Hba-a2","6"
"ACCTGAAGTAATTAGG-1-1",0.0526780670345707,"Dana_WT","Car1","5"
"ACCTGAAGTAGGTACG-1-1",0.0440327702458799,"Dana_WT","CD34","7"
"ACCTGTCAGCAACAGC-1-1",0.289585651132881,"Dana_WT","CD34","0"
"ACCTGTCAGCTCGACC-1-1",0.845991677407145,"Dana_WT","Fcnb","1"
"ACCTGTCAGGCTGAAC-1-1",0.0426521880775461,"Dana_WT","Car1","5"
"ACCTGTCAGGGCCTCT-1-1",0.292444666301308,"Dana_WT","Car1","5"
"ACCTGTCCAGCCTACG-1-1",0.100850639241537,"Dana_WT","Car1","9"
"ACCTGTCCAGTATACC-1-1",0.0507736485341541,"Dana_WT","Unannotated","0"
"ACCTGTCCATTCTGTT-1-1",0.0170405734311012,"Dana_WT","Car1","9"
"ACCTGTCTCACGGAGA-1-1",0.036751975505799,"Dana_WT","Car1","9"
"ACCTGTCTCGAACGGA-1-1",0.182927952017492,"Dana_WT","Ly86","7"
"ACGATCAAGAGTGTGC-1-1",0.00219721248805516,"Dana_WT","CD34","7"
"ACGATCAAGTAACGTA-1-1",5.85363322831727,"Dana_WT","Car1","6"
"ACGATCACAACGGCTC-1-1",0.148821247991585,"Dana_WT","Unannotated","7"
"ACGATCACAAGCGCTC-1-1",8.41286128777485,"Dana_WT","Hba-a2","6"
"ACGATCACACCAGCCA-1-1",0.716934896271708,"Dana_WT","Pf4","9"
"ACGATCACATGAATAG-1-1",0.112455350020707,"Dana_WT","Prss34","10"
"ACGATCATCCGATCGG-1-1",0.499637258152236,"Dana_WT","Car1","3"
"ACGATCATCTCTATAC-1-1",0.00914937108267866,"Dana_WT","CD34","0"
"ACGATGTAGCCTTTGA-1-1",0.0074380297380281,"Dana_WT","Ly86","0"
"ACGATGTAGGTATTGA-1-1",0.244533865189153,"Dana_WT","Ly86","0"
"ACGATGTCAACGGTAG-1-1",0.956493703723012,"Dana_WT","Car1","5"
"ACGATGTCAGCACACC-1-1",0.193238914232861,"Dana_WT","Gstm1/CD63","1"
"ACGATGTGTCTCACGG-1-1",2.49490226284011,"Dana_WT","Fcnb","1"
"ACGATGTGTGCCCACA-1-1",4.26653095431107e-06,"Dana_WT","Ly86","0"
"ACGATGTGTGGATCAG-1-1",0.978369378648614,"Dana_WT","Fcnb","1"
"ACGATGTGTTGCGAAG-1-1",0.0389293689630501,"Dana_WT","CD34","7"
"ACGATGTGTTGGAGAC-1-1",0.0204497207681813,"Dana_WT","CD34","0"
"ACGATGTTCTTCGGAA-1-1",0.0194817763180265,"Dana_WT","Gstm1/Ly86","0"
"ACGCACGAGCATGAAT-1-1",0.311134570152841,"Dana_WT","Gstm1/Ly86","1"
"ACGCACGAGTATGGCG-1-1",0.171812418541992,"Dana_WT","Gstm1/CD63","10"
"ACGCACGCAATGCAAA-1-1",0.258414323170546,"Dana_WT","CD34","7"
"ACGCACGCAGCGGTCT-1-1",7.49587679210849,"Dana_WT","Car1","6"
"ACGCACGCAGCTGTCG-1-1",0.476668828798629,"Dana_WT","Ly86","0"
"ACGCACGTCTCTCTTC-1-1",0.0526781134099071,"Dana_WT","Car1","5"
"ACGGAAGAGCCTGCCA-1-1",0.0170406198064377,"Dana_WT","Pf4","9"
"ACGGAAGAGGTAGACC-1-1",0.0622950894363607,"Dana_WT","Ly86","0"
"ACGGAAGAGTATGACA-1-1",0.0105444092786287,"Dana_WT","Unannotated","11"
"ACGGAAGCACTACGGC-1-1",0.100346244113598,"Dana_WT","Pf4","13"
"ACGGAAGCACTGGAAG-1-1",0,"Dana_WT","Prss34","10"
"ACGGAAGCAGAGGAAA-1-1",0.301466290137025,"Dana_WT","CD34","7"
"ACGGAAGTCAGGCGAA-1-1",0.00442793057162738,"Dana_WT","CD34","0"
"ACGGAAGTCGAACACT-1-1",0.349425372169916,"Dana_WT","Gstm1/CD63","1"
"ACGGAAGTCGACACTA-1-1",0.341334772104345,"Dana_WT","Ly86","0"
"ACGGAAGTCGCTCCTA-1-1",7.07516081171503,"Dana_WT","Car1","6"
"ACGGAAGTCTATTTCG-1-1",0.0116518055199207,"Dana_WT","Gstm1/Ly86","0"
"ACGGGTCAGAACTGAT-1-1",0.0204496743928448,"Dana_WT","CD34","0"
"ACGGGTCAGGTTACCT-1-1",0.0752602258560071,"Dana_WT","Gstm1/Ly86","0"
"ACGGGTCAGTTCATCG-1-1",0.00860181091339607,"Dana_WT","Prss34","10"
"ACGGGTCCACTACAGT-1-1",0.0878384147927462,"Dana_WT","Prss34","10"
"ACGGGTCCAGCATACT-1-1",0.0743089000524681,"Dana_WT","Unannotated","7"
"ACGGGTCGTATCACCA-1-1",0.024176763379289,"Dana_WT","Ly86","7"
"ACGGGTCGTCCAAAGG-1-1",0.0569392728242948,"Dana_WT","Car1","3"
"ACGGGTCGTCTGCCTT-1-1",0.00128041759432351,"Dana_WT","Ly86","0"
"ACGGGTCGTGATACTC-1-1",1.53674934439861,"Dana_WT","Car1","5"
"ACGGGTCGTGATGTAA-1-1",0.0409100354099343,"Dana_WT","CD34","0"
"ACGGTCGAGATAGTGT-1-1",0.063213114113848,"Dana_WT","Ly86","7"
"ACGGTCGCAATCGCCG-1-1",0.0021971661127187,"Dana_WT","CD34","7"
"ACGGTCGGTATGTGTC-1-1",4.22015561785116e-06,"Dana_WT","CD34","1"
"ACGGTCGTCACACCGG-1-1",0.0526781597852436,"Dana_WT","Car1","9"
"ACGGTCGTCGAATCCA-1-1",0.255754900623532,"Dana_WT","Gstm1/CD63","1"
"ACGGTTAAGAACTTCC-1-1",0.00219711973738224,"Dana_WT","CD34","13"
"ACGGTTAAGCCGGAAT-1-1",0.0170406661817741,"Dana_WT","Car1","9"
"ACGGTTAAGGCAGTCA-1-1",0.299845043010862,"Dana_WT","Ly86","7"
"ACGGTTACACTGTGTA-1-1",0.00219707336204578,"Dana_WT","CD34","7"
"ACGGTTACACTGTTCC-1-1",0.0785221308310855,"Dana_WT","Ly86","7"
"ACGGTTACAGAGATGC-1-1",0.505445654762382,"Dana_WT","Car1","10"
"ACGGTTACAGCGACCT-1-1",0.0488085645729817,"Dana_WT","CD34","7"
"ACGGTTACAGGTTTAC-1-1",0.0190967402160149,"Dana_WT","Ly86","0"
"ACGGTTAGTAGGACCA-1-1",0.119865071498678,"Dana_WT","CD34","0"
"ACGGTTATCCACTGGG-1-1",0.129986151257411,"Dana_WT","Car1","10"
"ACGGTTATCCGTGTAA-1-1",7.145848842756,"Dana_WT","Car1","6"
"ACGTAACAGACCATGG-1-1",0.0136173614772181,"Dana_WT","Gstm1/Ly86","1"
"ACGTAACAGGTGGTTG-1-1",1.96813908056743,"Dana_WT","Fcnb","1"
"ACGTAACCATAGATGA-1-1",6.89518295730817,"Dana_WT","Car1","6"
"ACGTAACGTCGAGATG-1-1",0.505445701137718,"Dana_WT","CD34","10"
"ACGTAACGTGGGTTGA-1-1",0.0312475196138957,"Dana_WT","Unannotated","11"
"ACGTAACGTTTCGTTT-1-1",0.060467299605508,"Dana_WT","Ly86","0"
"ACGTAACTCGCCTTGT-1-1",0,"Dana_WT","Unannotated","7"
"ACGTAACTCTCACTCG-1-1",0.0526782061605801,"Dana_WT","Car1","5"
"ACGTACAAGAAGATCT-1-1",0.075051085452335,"Dana_WT","CD34","7"
"ACGTACAAGCTGAAAT-1-1",0.341257995638051,"Dana_WT","Ly86","0"
"ACGTACAAGGCACTCC-1-1",0.0432320049596696,"Dana_WT","Gstm1/Ly86","0"
"ACGTACAAGTATTAGG-1-1",1.39308769041421,"Dana_WT","Car1","5"
"ACGTACACAGGAACCA-1-1",0.634011506608172,"Dana_WT","CD34","7"
"ACGTACAGTATCGTGT-1-1",8.12136925064154,"Dana_WT","Hba-a2","6"
"ACGTACAGTCGCAACC-1-1",0.485561474416209,"Dana_WT","Prss34","10"
"ACGTACAGTTAGTCGT-1-1",5.85363327469261,"Dana_WT","Car1","6"
"ACGTACAGTTCAGGTT-1-1",0.434309157989726,"Dana_WT","Car1","5"
"ACGTACATCATCAGTG-1-1",0.0536631568593996,"Dana_WT","CD34","7"
"ACGTACATCTCTCGCA-1-1",0.129648053171977,"Dana_WT","Car1","9"
"ACGTAGTCAACCGCTG-1-1",8.0037971199964,"Dana_WT","Car1","6"
"ACGTAGTCAACGATCT-1-1",0.306971080071452,"Dana_WT","Pf4","9"
"ACGTAGTCAATGAAAC-1-1",0.0486622770961316,"Dana_WT","CD34","0"
"ACGTAGTCAGAAGCTG-1-1",0.620855850704122,"Dana_WT","Car1","5"
"ACGTAGTCATGGAATA-1-1",0.00442788419629092,"Dana_WT","CD34","0"
"ACGTAGTGTACATACC-1-1",4.03271389153934,"Dana_WT","Car1","5"
"ACGTAGTTCCCTATTA-1-1",0.00904643476747879,"Dana_WT","CD34","9"
"ACGTAGTTCGTCCATC-1-1",0.00329950715087501,"Dana_WT","Car1","9"
"ACGTCCTAGCACACCC-1-1",4.2552314643593,"Dana_WT","Car1","5"
"ACGTCCTAGGATACGC-1-1",0.0694880783796701,"Dana_WT","Gstm1/CD63","1"
"ACGTCCTAGTAGTGCG-1-1",0.568557311196817,"Dana_WT","Car1","5"
"ACGTCCTAGTCTGGAG-1-1",0.0959880506221993,"Dana_WT","Gstm1/CD63","1"
"ACGTCCTAGTCTGGTT-1-1",0.0170407125571106,"Dana_WT","Car1","9"
"ACGTCCTCAGTGACCC-1-1",8.17936931130737,"Dana_WT","Hba-a2","6"
"ACGTCCTGTCAAGGCA-1-1",9.41792923087284,"Dana_WT","Hba-a2","6"
"ACGTCCTGTCGGCTAC-1-1",2.45851056885013,"Dana_WT","Fcnb","1"
"ACGTCCTTCCAACCAA-1-1",0.0256841328198687,"Dana_WT","Ly86","0"
"ACGTCCTTCTATCCAT-1-1",0.0850100734075254,"Dana_WT","CD34","0"
"ACGTTCCAGGTACTGG-1-1",0.0569392264489583,"Dana_WT","CD34","10"
"ACGTTCCTCTCATGGA-1-1",7.03499145753067,"Dana_WT","Car1","6"
"ACGTTCCTCTCCTGCA-1-1",1.18312596552225,"Dana_WT","Gstm1/CD63","1"
"ACGTTCCTCTTTGCTA-1-1",0.90273063387421,"Dana_WT","Car1","9"
"ACTACGACAACACACT-1-1",0.100463193968683,"Dana_WT","Gstm1/CD63","1"
"ACTACGACACTTGAGT-1-1",0.0322759652387059,"Dana_WT","Ly86","0"
"ACTACGACATCCGTGG-1-1",0.050668894147637,"Dana_WT","Ly86","0"
"ACTACGAGTAAGTTGA-1-1",0.165760004472061,"Dana_WT","CD34","10"
"ACTACGAGTCTGTGAT-1-1",0.0569391800736219,"Dana_WT","Unannotated","3"
"ACTACGAGTGCGACAA-1-1",0.00904638839214233,"Dana_WT","Pf4","9"
"ACTACGATCGTTGCCT-1-1",0.732713857737794,"Dana_WT","Gstm1/CD63","1"
"ACTACGATCTTGGCTC-1-1",0.600898338000847,"Dana_WT","Ly86","1"
"ACTATCTAGACGCAGT-1-1",1.27779065573666,"Dana_WT","Gstm1/CD63","10"
"ACTATCTAGGAGTACC-1-1",0.0507736021588177,"Dana_WT","Ly86","0"
"ACTATCTAGGTGCCTC-1-1",0.0557783482900234,"Dana_WT","Ly86","0"
"ACTATCTCAACCTATG-1-1",4.17378028139126e-06,"Dana_WT","Ly86","0"
"ACTATCTCACAATGTC-1-1",0.0426521417022097,"Dana_WT","Car1","5"
"ACTATCTCACGGTGAA-1-1",0.435659401985975,"Dana_WT","Ly86","1"
"ACTATCTCACGTACTA-1-1",0.902730680249546,"Dana_WT","Car1","5"
"ACTATCTGTCCAGAAG-1-1",0.0526782525359165,"Dana_WT","Car1","5"
"ACTATCTGTGCGTGCT-1-1",0.0279567217023782,"Dana_WT","CD34","0"
"ACTATGGAGATCACCT-1-1",6.9118714436496,"Dana_WT","Car1","9"
"ACTATGGAGCTCCATA-1-1",9.27506729198058e-07,"Dana_WT","Gstm1/CD63","1"
"ACTATGGAGGGTAATT-1-1",0.052678298911253,"Dana_WT","Car1","5"
"ACTATGGCACAATTCG-1-1",0.0705942043683879,"Dana_WT","Car1","5"
"ACTATGGGTCCCGCAA-1-1",0.703408456638323,"Dana_WT","CD34","7"
"ACTATGGGTTGCGTAT-1-1",0.344997285824085,"Dana_WT","Car1","5"
"ACTATGGGTTTCGGCG-1-1",0.0526783452865894,"Dana_WT","Car1","9"
"ACTATGGTCCAATCTT-1-1",1.30314695452327e-05,"Dana_WT","Vpreb1","7"
"ACTATGGTCGCCGATG-1-1",1.18312601189758,"Dana_WT","Gstm1/CD63","1"
"ACTATGGTCTATTTCG-1-1",0.0867398385203222,"Dana_WT","Ly86","0"
"ACTATGGTCTCTCTAA-1-1",0.00219702698670932,"Dana_WT","CD34","7"
"ACTATTCAGGCTTTCA-1-1",0.0569391336982854,"Dana_WT","Car1","3"
"ACTATTCGTTCAAGGG-1-1",14.9548046140621,"Dana_WT","Ltf","12"
"ACTATTCTCGACGACC-1-1",0.46421676999197,"Dana_WT","Car1","5"
"ACTATTCTCGAGATAA-1-1",0.0170407589324471,"Dana_WT","Pf4","9"
"ACTCCCACAAATTAGG-1-1",0.151712932888138,"Dana_WT","CD34","0"
"ACTCCCACATCCCGTT-1-1",0.000688689831174316,"Dana_WT","Ly86","1"
"ACTCTCGAGTCAGCCC-1-1",0.0526783916619259,"Dana_WT","Car1","9"
"ACTCTCGCATCCGGTG-1-1",0.0734421860973521,"Dana_WT","Ly86","7"
"ACTCTCGGTACTCGAT-1-1",1.24753917348036,"Dana_WT","Unannotated","10"
"ACTCTCGGTCAAGTTC-1-1",1.28313934254978,"Dana_WT","Gstm1/CD63","1"
"ACTCTCGGTTTCTATC-1-1",0.452984031440292,"Dana_WT","Prss34","10"
"ACTCTCGTCATTCACT-1-1",0.10368917727441,"Dana_WT","Gstm1/CD63","1"
"ACTCTCGTCCACCTGT-1-1",0.211492882398663,"Dana_WT","Car1","5"
"ACTCTCGTCCATAGAC-1-1",0.0170408053077835,"Dana_WT","Pf4","9"
"ACTCTCGTCGATTGAC-1-1",0.344997332199422,"Dana_WT","Car1","5"
"ACTGATGCAGGGAGAG-1-1",0.919889976467849,"Dana_WT","Car1","5"
"ACTGATGGTAATCAAG-1-1",5.85363332106794,"Dana_WT","Car1","6"
"ACTGATGGTATACGGG-1-1",1.29985585294524,"Dana_WT","Car1","5"
"ACTGATGGTGATCGTT-1-1",5.74469598409351,"Dana_WT","Car1","5"
"ACTGATGGTGCTATTG-1-1",3.72262170950382,"Dana_WT","Car1","5"
"ACTGATGTCAATCCGA-1-1",0.382496300826521,"Dana_WT","Car1","5"
"ACTGATGTCCTGATAG-1-1",1.29850942087728e-05,"Dana_WT","Fcrla","7"
"ACTGATGTCGAAGGAC-1-1",0.150813455878777,"Dana_WT","Car1","5"
"ACTGATGTCGTCGACG-1-1",1.29387188723129e-05,"Dana_WT","Fcrla","7"
"ACTGCAAAGAATGTTG-1-1",0.0569390873229489,"Dana_WT","Car1","3"
"ACTGCAAAGCCTGAAG-1-1",0.0204496280175084,"Dana_WT","CD34","0"
"ACTGCAAAGCTATCTG-1-1",0.00470634536759268,"Dana_WT","Ly86","0"
"ACTGCAAAGGATTTGA-1-1",0.00111911827372846,"Dana_WT","CD34","0"
"ACTGCAAAGGCTGTAG-1-1",6.310156536073,"Dana_WT","Car1","5"
"ACTGCAAAGTGCTAGG-1-1",1.63199946240189,"Dana_WT","Car1","5"
"ACTGCAACACCCTTGT-1-1",8.95501684464318,"Dana_WT","Hba-a2","6"
"ACTGCAACAGTTCCAA-1-1",0.175703876616211,"Dana_WT","CD34","0"
"ACTGCAAGTGAAGCGT-1-1",0.37159286088731,"Dana_WT","Car1","5"
"ACTGTCCAGTAGCCAG-1-1",0.949042803541352,"Dana_WT","Ly86","0"
"ACTGTCCCACAAGTGG-1-1",0.393267977358302,"Dana_WT","Car1","9"
"ACTGTCCCAGAATTCC-1-1",4.25747280857186,"Dana_WT","Car1","5"
"ACTGTCCCAGTAACCT-1-1",0.328042964246095,"Dana_WT","Ly86","0"
"ACTGTCCCATTCACCC-1-1",0.0290315146399737,"Dana_WT","Ly86","0"
"ACTGTCCTCCGCAGTG-1-1",0.215364290786518,"Dana_WT","Ly86","0"
"ACTGTCCTCGCCAATA-1-1",5.85363336744328,"Dana_WT","Car1","6"
"ACTGTCCTCTCCATAT-1-1",10.3681901492386,"Dana_WT","Hba-a2","6"
"ACTGTGAAGTCCCTAA-1-1",0.00219698061137286,"Dana_WT","CD34","7"
"ACTGTGACAACGTTAC-1-1",0.0134632320875904,"Dana_WT","Car1","6"
"ACTGTGACACCTATCC-1-1",1.46667131567715,"Dana_WT","Gstm1/CD63","1"
"ACTGTGACATACACCA-1-1",0.450709740823424,"Dana_WT","CD34","0"
"ACTGTGAGTGGCCACT-1-1",0.36176337059405,"Dana_WT","Prss34","9"
"ACTGTGATCCACGGAC-1-1",1.01028217177168,"Dana_WT","Gstm1/CD63","1"
"ACTTAGGAGGCAGGGA-1-1",0.349425418545253,"Dana_WT","Gstm1/CD63","1"
"ACTTAGGAGGCGTCCT-1-1",0.0021969342360364,"Dana_WT","Ly86","13"
"ACTTAGGCAGCCTTCT-1-1",0.0526784380372624,"Dana_WT","Car1","5"
"ACTTAGGCATATCTCT-1-1",7.49587683848382,"Dana_WT","Car1","6"
"ACTTAGGCATGAGGGT-1-1",18.2785753627722,"Dana_WT","Ltf","12"
"ACTTAGGGTCCAACGC-1-1",0.01704085168312,"Dana_WT","CD34","9"
"ACTTAGGGTGGTCTAT-1-1",0.171812464917328,"Dana_WT","CD34","7"
"ACTTATCAGGTAGCCA-1-1",0.016427777772472,"Dana_WT","Prss34","10"
"ACTTATCAGTAGGGTC-1-1",0.00904634201680588,"Dana_WT","Car1","9"
"ACTTATCTCATCGCCT-1-1",6.23954840728733,"Dana_WT","Car1","5"
"ACTTCCGAGGGAGGTG-1-1",0.2227071077475,"Dana_WT","Unannotated","7"
"ACTTCCGAGTGTTCCA-1-1",8.38329787115774,"Dana_WT","Hba-a2","6"
"ACTTCCGCACCTCTGT-1-1",0.943024994134884,"Dana_WT","Gstm1/CD63","1"
"ACTTCCGCACTACCGG-1-1",0.874503884792217,"Dana_WT","Car1","5"
"ACTTCCGCAGGCGTTC-1-1",0.369418145274735,"Dana_WT","Gstm1/CD63","1"
"ACTTCCGGTCATAGTC-1-1",0.159705078738045,"Dana_WT","Car1","10"
"ACTTCCGGTTCACCGG-1-1",4.19125782063924,"Dana_WT","Car1","5"
"ACTTCCGGTTCTTCAT-1-1",9.72589296848995,"Dana_WT","Hba-a2","6"
"ACTTCCGTCACTCTTA-1-1",4.12740494493136e-06,"Dana_WT","Ly86","0"
"ACTTCCGTCTTTGGAG-1-1",0.0399471212705662,"Dana_WT","Gstm1/Ly86","0"
"ACTTCGCAGACGAAGA-1-1",0.0204495816421719,"Dana_WT","CD34","0"
"ACTTCGCAGAGTTGAT-1-1",10.0462063551791,"Dana_WT","Hba-a2","6"
"ACTTCGCAGTAGCATA-1-1",1.2892343535853e-05,"Dana_WT","Cd74","13"
"ACTTCGCCATGTCTAG-1-1",0.40283671669716,"Dana_WT","Gstm1/CD63","1"
"ACTTCGCGTAGCTAAA-1-1",0.0435688218432584,"Dana_WT","Ly86","0"
"ACTTCGCGTTAGGCTT-1-1",0.101771103431679,"Dana_WT","Prg2","10"
"ACTTCGCTCCTTTGAT-1-1",0.00038570505658797,"Dana_WT","Ly86","0"
"ACTTCGCTCTTCTCAA-1-1",0.505445747513054,"Dana_WT","Prss34","10"
"ACTTTCAAGCACCCAC-1-1",0.0988339801336813,"Dana_WT","Prss34","10"
"ACTTTCAAGGCATCAG-1-1",0.0584095591730606,"Dana_WT","Ly86","13"
"ACTTTCACATCCTTGC-1-1",2.74116446528243,"Dana_WT","Car1","5"
"ACTTTCAGTAATGATG-1-1",1.3173227536662,"Dana_WT","Car1","5"
"ACTTTCAGTCTTCCGT-1-1",0.570823139087287,"Dana_WT","Car1","9"
"ACTTTCATCCAGTTCC-1-1",0.183603233564703,"Dana_WT","Pf4","9"
"ACTTTCATCTGCTGAA-1-1",0.336907892623882,"Dana_WT","Ly86","0"
"ACTTTGTAGTGAATAC-1-1",0.0300977862050887,"Dana_WT","CD34","7"
"ACTTTGTCATCCCACT-1-1",4.63753364599029e-08,"Dana_WT","Unannotated","5"
"ACTTTGTGTAATCAGA-1-1",0.0367520218811355,"Dana_WT","Car1","9"
"ACTTTGTGTATCATGC-1-1",1.67187512350618,"Dana_WT","Car1","5"
"ACTTTGTGTCGTATGT-1-1",0.357558670361052,"Dana_WT","CD34","9"
"ACTTTGTTCATTTCGT-1-1",0.902730726624883,"Dana_WT","Car1","5"
"ACTTTGTTCTTCGTGC-1-1",0.174264557068746,"Dana_WT","Gstm1/CD63","1"
"AGAAATGAGCCGGAAT-1-1",0.780466043534577,"Dana_WT","Car1","9"
"AGAAATGAGGACGCAT-1-1",0.0054705086810074,"Dana_WT","Pf4","2"
"AGAAATGCAAGAGTAT-1-1",8.81131392738155e-07,"Dana_WT","Gstm1/CD63","1"
"AGAAATGGTATGGGAC-1-1",0.0624080279964008,"Dana_WT","Prss34","10"
"AGAAATGGTTCAGCGC-1-1",0.113547734923442,"Dana_WT","Car1","9"
"AGAAATGTCGCCTCTA-1-1",0.0512070208388813,"Dana_WT","Ly86","0"
"AGAAATGTCGGCAGTC-1-1",0.0526784844125988,"Dana_WT","Car1","5"
"AGAACAAAGGCCGCTT-1-1",1.08581860324216,"Dana_WT","Fcnb","1"
"AGAACAACAGAAGCGT-1-1",7.49587688485916,"Dana_WT","Car1","6"
"AGAACCTAGTACAGAT-1-1",0.0526785307879353,"Dana_WT","Car1","5"
"AGAACCTCACCAGACC-1-1",0.0526785771632717,"Dana_WT","Car1","5"
"AGAACCTCACTGAGGA-1-1",0.441865730537963,"Dana_WT","Gstm1/CD63","1"
"AGAACCTCAGACAATA-1-1",0.00314980005369503,"Dana_WT","Car1","5"
"AGAACCTCATCACCAA-1-1",0.0247609954404262,"Dana_WT","CD34","0"
"AGAACCTTCACGTCCT-1-1",0.701540957511401,"Dana_WT","Car1","5"
"AGAAGCGAGAATGTTG-1-1",5.97244843487639,"Dana_WT","Car1","5"
"AGAAGCGAGCAATAAC-1-1",0.0170408980584564,"Dana_WT","Car1","9"
"AGAAGCGAGCACGTCC-1-1",0.105635118704515,"Dana_WT","CD34","1"
"AGAAGCGAGTGGCGAT-1-1",0.434656236004871,"Dana_WT","Prss34","10"
"AGAAGCGCAACACACT-1-1",0.170582213746121,"Dana_WT","Unannotated","7"
"AGAAGCGCACCCTAAA-1-1",0.0569390409476125,"Dana_WT","Car1","3"
"AGAAGCGGTCACAATC-1-1",8.13170657190423,"Dana_WT","Car1","6"
"AGAAGCGGTCAGCGTC-1-1",0.558673498399504,"Dana_WT","Ly86","0"
"AGAAGCGGTCTTTCTA-1-1",0.012306402431282,"Dana_WT","Ly86","0"
"AGAAGCGGTGTATTCG-1-1",0.00904629564146942,"Dana_WT","Prss34","9"
"AGAAGCGTCTCTGCTG-1-1",6.18519000422294,"Dana_WT","Car1","5"
"AGAAGCGTCTTGAGCA-1-1",1.09811214078911,"Dana_WT","Prss34","10"
"AGAAGTAAGGTCGAGT-1-1",0.0618586412641343,"Dana_WT","Ly86","0"
"AGAAGTAAGGTGCGAT-1-1",1.28459681993931e-05,"Dana_WT","Vpreb1","0"
"AGAAGTAAGTGAGCCA-1-1",1.27995928629332e-05,"Dana_WT","Cd74","15"
"AGAAGTACATATCTGG-1-1",0.691250231038165,"Dana_WT","Car1","5"
"AGAAGTAGTCCTTGTC-1-1",0.00720021212001409,"Dana_WT","Gstm1/CD63","1"
"AGAAGTAGTGACCGTC-1-1",0.0699523124179569,"Dana_WT","Ly86","0"
"AGAAGTATCCAATCCC-1-1",1.27532175264733e-05,"Dana_WT","Ly86","7"
"AGAAGTATCCCATGGG-1-1",0,"Dana_WT","Ly86","0"
"AGAAGTATCTCCTGTG-1-1",0.0453661064709383,"Dana_WT","Car1","5"
"AGAAGTATCTGAGGCC-1-1",0.701361791293969,"Dana_WT","Fcnb","1"
"AGACAAAAGAAATTGC-1-1",7.09536815937831,"Dana_WT","Car1","5"
"AGACAAAAGCCTATTG-1-1",6.58651185525549e-05,"Dana_WT","Ly86","0"
"AGACAAACACAACGAG-1-1",8.71802369113347,"Dana_WT","Hba-a2","6"
"AGACAAAGTAGACACG-1-1",0.00384230345664971,"Dana_WT","Prss34","10"
"AGACAAATCGTCGGGT-1-1",0.0169570595159565,"Dana_WT","Car1","3"
"AGACAAATCTTCGTAT-1-1",0.397497436311324,"Dana_WT","Ly86","0"
"AGACACTCAGCGGATA-1-1",5.85363341381862,"Dana_WT","Car1","6"
"AGACACTGTCGACGCT-1-1",0.0301691021385644,"Dana_WT","Car1","3"
"AGACACTGTGTCACAT-1-1",0.474387337120774,"Dana_WT","Car1","5"
"AGACACTTCAAGATAG-1-1",0.0291711524461289,"Dana_WT","Ly86","0"
"AGACACTTCTAGATCG-1-1",0.34745748460902,"Dana_WT","Gstm1/CD63","13"
"AGACACTTCTGACCCT-1-1",0.0263566430236043,"Dana_WT","Car1","5"
"AGACAGGCAGACTCTA-1-1",8.95837615171222,"Dana_WT","Hba-a2","6"
"AGACAGGCATCAGCTA-1-1",0.35485233763589,"Dana_WT","Gstm1/CD63","13"
"AGACAGGGTTCTTAGG-1-1",5.85363346019395,"Dana_WT","Car1","6"
"AGACAGGTCACCCTGT-1-1",4.65404640018862,"Dana_WT","Car1","5"
"AGACAGGTCACTTGTT-1-1",0.0389293225877136,"Dana_WT","CD34","0"
"AGACAGGTCCACACCT-1-1",0.154614660861278,"Dana_WT","Car1","9"
"AGACCATAGAAGAACG-1-1",0.0011382556826034,"Dana_WT","CD34","7"
"AGACCATAGATTGTGA-1-1",0.344997378574758,"Dana_WT","Car1","5"
"AGACCATAGCCATCCG-1-1",0,"Dana_WT","CD34","0"
"AGACCATAGCCTGTGC-1-1",1.02813890113515,"Dana_WT","Gstm1/CD63","1"
"AGACCATAGGGTACAC-1-1",0.046675945333269,"Dana_WT","CD34","0"
"AGACCATGTCACCTTC-1-1",4.21065605781296,"Dana_WT","Car1","5"
"AGACCATGTGTGTGTT-1-1",0.00433198334871732,"Dana_WT","Car1","11"
"AGACCATTCTAGGCCG-1-1",1.60450883482425,"Dana_WT","Car1","5"
"AGACCCGAGAGCCTGA-1-1",0.134899157579774,"Dana_WT","Ly86","0"
"AGACCCGAGGGATCTG-1-1",0.718416564252946,"Dana_WT","Fcnb","1"
"AGACCCGCATCTAGAC-1-1",0.000238402569840646,"Dana_WT","Ly86","0"
"AGACCCGCATTCACAG-1-1",0.210877172944631,"Dana_WT","Gstm1/CD63","1"
"AGACCCGGTTCACCGG-1-1",0.505445793888391,"Dana_WT","Prss34","10"
"AGACCCGGTTCTCCCA-1-1",0.944517322428781,"Dana_WT","Gstm1/CD63","10"
"AGACCCGGTTTGCCGG-1-1",0.0247993031757037,"Dana_WT","Prss34","10"
"AGACCCGTCCAAGGGA-1-1",8.44521718036475,"Dana_WT","Hba-a2","6"
"AGACCCGTCTAGCATG-1-1",8.64570034906212,"Dana_WT","Hba-a2","6"
"AGACTCAAGTTAGTAG-1-1",0.0308778555251559,"Dana_WT","Ly86","0"
"AGACTCACACGGTGTC-1-1",1.33004515674575,"Dana_WT","Car1","5"
"AGACTCACAGAAGCGT-1-1",0.0389292762123772,"Dana_WT","Ly86","7"
"AGACTCACATTCATCT-1-1",0.449448419794926,"Dana_WT","Pf4","9"
"AGACTCAGTATTGACC-1-1",0.365742038272716,"Dana_WT","Ly86","0"
"AGACTCAGTGGGAGAG-1-1",18.0865668787886,"Dana_WT","Fcnb","12"
"AGACTCATCACCTCTG-1-1",1.27068421900134e-05,"Dana_WT","Cd74","15"
"AGAGAATAGAGGTCAC-1-1",0.0845273760634081,"Dana_WT","Ly86","0"
"AGAGAATAGATTGATG-1-1",1.37782977084298,"Dana_WT","Gstm1/CD63","1"
"AGAGAATAGGGCAGTT-1-1",0.07360144890978,"Dana_WT","Prss34","10"
"AGAGAATCACCAACAT-1-1",0.944799081092076,"Dana_WT","Car1","9"
"AGAGAATCACCTGATA-1-1",1.26604668535535e-05,"Dana_WT","Ccl5","7"
"AGAGAATCATACACCA-1-1",0.94845741488296,"Dana_WT","Ly86","0"
"AGAGAATGTACAGTTC-1-1",0.031372407767202,"Dana_WT","Ly86","0"
"AGAGAATGTCTAGGCC-1-1",0.403929080547265,"Dana_WT","Ly86","0"
"AGAGAATTCAAGTCGT-1-1",0.0216744614852864,"Dana_WT","Ly86","0"
"AGAGAATTCGCGTTTC-1-1",5.85363350656929,"Dana_WT","Car1","6"
"AGAGAATTCTCTAGGA-1-1",1.44361664852832,"Dana_WT","Car1","5"
"AGAGAATTCTGGACCG-1-1",0.0583136993176989,"Dana_WT","Gstm1/Ly86","1"
"AGAGAGCAGAGCAGTC-1-1",0.0844312746624432,"Dana_WT","Ly86","0"
"AGAGAGCAGAGTCTTC-1-1",0.0526786235386082,"Dana_WT","Car1","5"
"AGAGAGCAGGTCCAGA-1-1",0.0440328166212164,"Dana_WT","CD34","7"
"AGAGAGCCACCTCAGG-1-1",8.22058399534354,"Dana_WT","Hba-a2","6"
"AGAGAGCCAGACAAGC-1-1",0.591437554297416,"Dana_WT","Prss34","10"
"AGAGAGCGTATCGAAA-1-1",0.0719590217510035,"Dana_WT","Car1","5"
"AGAGAGCTCGCCAGAC-1-1",2.15860605142563,"Dana_WT","Fcnb","1"
"AGAGAGCTCGCTAAAC-1-1",8.94207783660401,"Dana_WT","Hba-a2","6"
"AGAGCAGAGACTCCGC-1-1",0.0123064488066185,"Dana_WT","Ly86","0"
"AGAGCAGAGTAGCATA-1-1",0.0223004208394647,"Dana_WT","Prss34","10"
"AGAGCAGCAGCATGCC-1-1",0.108866778143308,"Dana_WT","Car1","5"
"AGAGCAGGTAGCTTAC-1-1",9.27506729198058e-08,"Dana_WT","Car1","9"
"AGAGCAGGTCACCGAC-1-1",0.0136173151018817,"Dana_WT","Ly86","0"
"AGAGCCCAGACCGCCT-1-1",0.0526786699139447,"Dana_WT","Car1","9"
"AGAGCCCAGTTGTAGA-1-1",0.344997424950095,"Dana_WT","Car1","5"
"AGAGCCCCACAGTATC-1-1",1.26140915170936e-05,"Dana_WT","Ccl5","7"
"AGAGCCCCATGTTCGA-1-1",0.0136172687265452,"Dana_WT","Gstm1/Ly86","0"
"AGAGCCCGTACGATCT-1-1",0.166268067944254,"Dana_WT","Ly86","0"
"AGAGCCCTCTCATTTG-1-1",0.290694380296409,"Dana_WT","Car1","5"
"AGAGCCCTCTTTGCTA-1-1",0.810931351613919,"Dana_WT","Car1","9"
"AGATAGAAGACCATGG-1-1",0.18939223464926,"Dana_WT","Unannotated","7"
"AGATAGAAGCCTGTGC-1-1",0.902730773000219,"Dana_WT","Car1","9"
"AGATAGAAGCGTCGAA-1-1",0.097878242233717,"Dana_WT","Unannotated","10"
"AGATAGAAGGGACCAT-1-1",7.81017918796068,"Dana_WT","Car1","6"
"AGATAGAAGTCCTGCG-1-1",2.31876682299514e-07,"Dana_WT","Gstm1/Ly86","0"
"AGATAGACACAGCATT-1-1",0.719339846712395,"Dana_WT","Gstm1/CD63","1"
"AGATAGACACTGCGAC-1-1",0.084848889487612,"Dana_WT","CD34","0"
"AGATAGACAGTCGGTC-1-1",4.84410182037376,"Dana_WT","Car1","6"
"AGATAGAGTCACATTG-1-1",0.586140716761627,"Dana_WT","Prg2","10"
"AGATAGATCGGTCATA-1-1",0.0170409444337929,"Dana_WT","Car1","9"
"AGATAGATCGTTCAGA-1-1",0.0325059451765277,"Dana_WT","Car1","4"
"AGATCCAGTTGCTCCT-1-1",6.34056462397314,"Dana_WT","Car1","5"
"AGATCCATCCGTAATG-1-1",0.292862235572859,"Dana_WT","Ly86","0"
"AGATCGTAGCATATGA-1-1",0.162059426242299,"Dana_WT","Ly86","0"
"AGATCGTAGGTTTGAA-1-1",0.0440328629965528,"Dana_WT","CD34","7"
"AGATCGTCAAATTGGA-1-1",0.0526443712665066,"Dana_WT","Prss34","10"
"AGATCGTCAACAAGAT-1-1",9.51854331856012,"Dana_WT","Hba-a2","6"
"AGATCGTGTGCGCTCA-1-1",0.0627205524391372,"Dana_WT","Car1","5"
"AGATCGTTCCGTATAG-1-1",1.85501345839612e-07,"Dana_WT","CD34","0"
"AGATGAAAGACTAAGT-1-1",4.08102960847145e-06,"Dana_WT","Ly86","0"
"AGATGAAAGACTGGGT-1-1",0.0170409908091294,"Dana_WT","Pf4","9"
"AGATGAAGTGTCGATT-1-1",0.377462644888091,"Dana_WT","Pf4","9"
"AGATGAATCCTCTAGC-1-1",0.459033333185689,"Dana_WT","CD34","9"
"AGATGAATCTTTCGAT-1-1",0.0526787162892811,"Dana_WT","Car1","5"
"AGATGCTCAGAGGACT-1-1",0.0526787626646176,"Dana_WT","Car1","5"
"AGATGCTGTGTCTTAG-1-1",2.7208067084914,"Dana_WT","Car1","5"
"AGATGCTTCAATGTCG-1-1",0.334423591150267,"Dana_WT","CD34","7"
"AGATGCTTCTCGACGG-1-1",0.0846722546073353,"Dana_WT","Ly86","0"
"AGCATCAAGGATATGT-1-1",0.0170410371844658,"Dana_WT","Pf4","9"
"AGCATCACAATGTCAC-1-1",0.294859140954341,"Dana_WT","Car1","3"
"AGCATCACACCTGAAT-1-1",0.0261192047769794,"Dana_WT","Ly86","0"
"AGCATCACACTTTAGG-1-1",9.45782781566856,"Dana_WT","Hba-a2","6"
"AGCATCAGTCCGAAAG-1-1",4.70123520634818,"Dana_WT","Car1","5"
"AGCATCAGTGCACATT-1-1",0.052678809039954,"Dana_WT","Car1","5"
"AGCATCAGTTTCACTT-1-1",0.056938994572276,"Dana_WT","Car1","3"
"AGCATCAGTTTGAACC-1-1",1.24611688565144,"Dana_WT","Gstm1/CD63","1"
"AGCATCATCACATTGG-1-1",0.016269420216402,"Dana_WT","Prss34","10"
"AGCATCATCCGAAATC-1-1",5.75872257921359,"Dana_WT","Car1","6"
"AGCATCATCCGTCACT-1-1",0.0846723009826718,"Dana_WT","CD34","1"
"AGCATCATCTGGACTA-1-1",5.85363355294462,"Dana_WT","Car1","6"
"AGCCAATAGCTATCTG-1-1",8.19937555307397,"Dana_WT","Car1","6"
"AGCCAATAGGGACCAT-1-1",0.203308469222709,"Dana_WT","CD34","7"
"AGCCAATCAAACTAGA-1-1",0.51998381983247,"Dana_WT","Car1","5"
"AGCCAATCAGTCAGCC-1-1",0.0268328651190988,"Dana_WT","Gstm1/Ly86","0"
"AGCCAATCAGTCTTCC-1-1",0.0367520682564719,"Dana_WT","Car1","9"
"AGCCAATGTCACTCGG-1-1",8.81131392738155e-07,"Dana_WT","Unannotated","9"
"AGCCAATGTGGACCTC-1-1",5.89992034397273,"Dana_WT","Car1","6"
"AGCCAATTCGACGACC-1-1",0.0619202476615493,"Dana_WT","Car1","10"
"AGCCACGAGCGAGTCA-1-1",0.0272891542011047,"Dana_WT","CD34","10"
"AGCCACGAGGGTCAAC-1-1",0.00433193697338086,"Dana_WT","Car1","11"
"AGCCACGCAAGAGGTC-1-1",8.95501689101852,"Dana_WT","Hba-a2","6"
"AGCCACGCAATTTCCT-1-1",0.118736730464487,"Dana_WT","CD34","0"
"AGCCACGCAGCTACAT-1-1",1.22548327491728,"Dana_WT","Car1","10"
"AGCCACGGTACAGTTC-1-1",0.744259108460987,"Dana_WT","Car1","5"
"AGCCACGGTCCCTAAA-1-1",0.234298237667411,"Dana_WT","Ly86","0"
"AGCCACGGTTAAGACA-1-1",8.95501693739386,"Dana_WT","Hba-a2","6"
"AGCCAGCAGCGATTCT-1-1",0.291596106130023,"Dana_WT","CD34","7"
"AGCCAGCGTAGAATGT-1-1",4.83856110931821,"Dana_WT","Car1","5"
"AGCCAGCTCAAACGTC-1-1",0.118110734868371,"Dana_WT","Ly86","0"
"AGCCAGCTCGGTTCAA-1-1",0.0123064951819549,"Dana_WT","Ly86","13"
"AGCGATTCACGCCACA-1-1",0.0687956900917476,"Dana_WT","Unannotated","10"
"AGCGATTCACTAAACC-1-1",0.701361837669305,"Dana_WT","Fcnb","1"
"AGCGATTCATCGGAAG-1-1",0.149075372277476,"Dana_WT","Prss34","10"
"AGCGATTCATCTCATT-1-1",0.0526788554152905,"Dana_WT","Car1","9"
"AGCGATTGTATTGCCA-1-1",0.0672021069328369,"Dana_WT","Car1","5"
"AGCGATTGTGGATCAG-1-1",0.000908845032335348,"Dana_WT","Ly86","0"
"AGCGATTTCGGTGTAT-1-1",0.0402895765674371,"Dana_WT","Unannotated","7"
"AGCGCCAAGCAGCGAT-1-1",0.210700562388826,"Dana_WT","CD34","7"
"AGCGCCAAGGGATGTC-1-1",0.120402476134784,"Dana_WT","Prss34","10"
"AGCGCCAAGTGTTGAA-1-1",8.13660571651786,"Dana_WT","Hba-a2","6"
"AGCGCCAGTGCGGATA-1-1",0.048789787026388,"Dana_WT","Gstm1/CD63","1"
"AGCGCTGAGAAGGTAG-1-1",0.123229959556546,"Dana_WT","Car1","9"
"AGCGCTGAGCGACTAG-1-1",0.171812511292665,"Dana_WT","CD34","7"
"AGCGCTGAGGTACTGG-1-1",1.65741233258166,"Dana_WT","Car1","5"
"AGCGCTGGTGTCTAAC-1-1",1.15495131961865,"Dana_WT","Gstm1/CD63","1"
"AGCGTATAGAGTGTGC-1-1",0.02977325263106,"Dana_WT","Car1","3"
"AGCGTATAGATGCGAC-1-1",0.158240996851868,"Dana_WT","Ly86","1"
"AGCGTATAGCACTTTG-1-1",0.529943003593749,"Dana_WT","Prss34","10"
"AGCGTATAGGGCAACT-1-1",0.052678901790627,"Dana_WT","Car1","9"
"AGCGTATCAATTGTGC-1-1",4.28062782045621,"Dana_WT","Car1","5"
"AGCGTATCACAAGTTC-1-1",0.47062239317005,"Dana_WT","Fcnb","1"
"AGCGTATCACCGTCGA-1-1",8.34756056278252e-07,"Dana_WT","Fcnb","13"
"AGCGTATCAGTCGTTA-1-1",0.336907938999219,"Dana_WT","Ly86","0"
"AGCGTATGTACAAAGT-1-1",0.289234810774194,"Dana_WT","Fcnb","1"
"AGCGTATGTGTCCGTG-1-1",0.00230224796738421,"Dana_WT","CD34","0"
"AGCGTATTCGCATGAT-1-1",0.0526789481659634,"Dana_WT","Car1","5"
"AGCGTATTCTCCGTGT-1-1",0.104569974068287,"Dana_WT","Car1","5"
"AGCGTCGAGACGGAAA-1-1",0.0977224624422773,"Dana_WT","CD34","10"
"AGCGTCGAGGAGATAG-1-1",0.0109942591794297,"Dana_WT","Ly86","7"
"AGCGTCGCACAGGATG-1-1",0.00263482845539542,"Dana_WT","Prss34","10"
"AGCGTCGCAGAGTAAT-1-1",1.16429160211022,"Dana_WT","CD34","10"
"AGCGTCGGTCACTAGT-1-1",0.0248715714204105,"Dana_WT","CD34","7"
"AGCGTCGGTCGCCACA-1-1",0.045560016480132,"Dana_WT","CD34","0"
"AGCGTCGGTTGCCATA-1-1",0.016957105891293,"Dana_WT","Car1","6"
"AGCTACAAGAGCCATG-1-1",1.25677161806337e-05,"Dana_WT","Cd74","15"
"AGCTACAAGCAGGGAG-1-1",0.0457645857032696,"Dana_WT","Ly86","0"
"AGCTACAAGCATCCCG-1-1",0.00219688786069994,"Dana_WT","Gstm1/Ly86","7"
"AGCTACAAGCGACTTT-1-1",0.479266434135057,"Dana_WT","Gstm1/CD63","1"
"AGCTACAAGGTCATAA-1-1",0.000195742498050766,"Dana_WT","Ly86","0"
"AGCTACACACCTCAGG-1-1",0.0124426994329641,"Dana_WT","Ly86","0"
"AGCTACAGTACATTGC-1-1",9.25085565359434,"Dana_WT","Hba-a2","6"
"AGCTACAGTTTACGTG-1-1",0.599545804533971,"Dana_WT","Car1","9"
"AGCTACATCATCCTGC-1-1",0,"Dana_WT","Gstm1/Ly86","1"
"AGCTACATCGTAACAC-1-1",6.00909090185125,"Dana_WT","Car1","5"
"AGCTCAAAGCACCGAA-1-1",4.03465427201155e-06,"Dana_WT","CD34","0"
"AGCTCAACATGGTACT-1-1",0.0510939645331543,"Dana_WT","CD34","0"
"AGCTCAACATTCATCT-1-1",0.127466934472331,"Dana_WT","Car1","9"
"AGCTTCCAGCCTTTGA-1-1",8.11542789575735,"Dana_WT","Hba-a2","6"
"AGCTTCCCAGTCGGTC-1-1",0.0043318905980444,"Dana_WT","Car1","11"
"AGCTTCCCATCGATGT-1-1",0.11695181474912,"Dana_WT","Ly86","0"
"AGCTTCCCATGTGCTA-1-1",0.0601451647860294,"Dana_WT","Ly86","0"
"AGCTTCCGTAGCTTGT-1-1",0.109915475639402,"Dana_WT","Pf4","9"
"AGCTTCCGTGTTTGCA-1-1",1.28420292325641,"Dana_WT","Car1","5"
"AGCTTCCTCAGCTTGA-1-1",0.769846006556902,"Dana_WT","Prss34","10"
"AGGAAATGTCAAGCGA-1-1",1.63199950877722,"Dana_WT","Car1","5"
"AGGAAATGTTACCCTC-1-1",9.54871040486028,"Dana_WT","Hba-a2","6"
"AGGAAATTCATCGCAA-1-1",0.0195971112846649,"Dana_WT","Ly86","0"
"AGGAAATTCCTTCGAC-1-1",0.0204495352668355,"Dana_WT","CD34","0"
"AGGAAATTCGTTGTTT-1-1",0.0440329093718893,"Dana_WT","CD34","7"
"AGGAATAAGGCTCAAG-1-1",0.141127787916305,"Dana_WT","CD34","1"
"AGGAATACATGGCCCA-1-1",1.85776892690288,"Dana_WT","Car1","5"
"AGGAATATCATGTCAG-1-1",3.98827893555165e-06,"Dana_WT","Ly86","0"
"AGGAATATCCGTAATG-1-1",0.0979216697330621,"Dana_WT","Ly86","0"
"AGGACGACAAATCAGA-1-1",0.020449488891499,"Dana_WT","CD34","0"
"AGGACGACACTGTCCT-1-1",0.714398444946076,"Dana_WT","Ly86","0"
"AGGACGACAGAGTTCT-1-1",1.04276383325184,"Dana_WT","Gstm1/CD63","1"
"AGGACGATCCTCTGCA-1-1",0.00167620410754221,"Dana_WT","Gstm1/CD63","1"
"AGGACTTAGATGGTAT-1-1",0.325458121068584,"Dana_WT","Fcnb","13"
"AGGACTTCAACATACC-1-1",0,"Dana_WT","Ly86","0"
"AGGACTTCACGCTGTG-1-1",7.4958769312345,"Dana_WT","Car1","6"
"AGGACTTCAGCGCGTT-1-1",0.0440329557472258,"Dana_WT","CD34","7"
"AGGACTTGTAGTTAGA-1-1",0.223576222730701,"Dana_WT","CD34","7"
"AGGACTTGTCCATAGT-1-1",0.0349602009327052,"Dana_WT","Ly86","0"
"AGGACTTTCGAACCTA-1-1",1.39447993224869,"Dana_WT","Gstm1/CD63","1"
"AGGACTTTCGCAGAGA-1-1",1.949537832635,"Dana_WT","Car1","5"
"AGGACTTTCTGAGGCC-1-1",0.682726023544308,"Dana_WT","Car1","5"
"AGGACTTTCTGGAGAG-1-1",0.0257670972559002,"Dana_WT","Ly86","7"
"AGGACTTTCTTGCAAG-1-1",0.435514505009205,"Dana_WT","Ly86","0"
"AGGAGGTAGAGAGAAC-1-1",0.113047492757034,"Dana_WT","Prss34","10"
"AGGAGGTCACACGGTC-1-1",5.85363359931996,"Dana_WT","Car1","6"
"AGGAGGTCATGCGTGC-1-1",0.0204494425161625,"Dana_WT","CD34","3"
"AGGAGGTGTACGATGG-1-1",0.0174577202284401,"Dana_WT","CD34","7"
"AGGAGGTGTAGAGACC-1-1",7.00955248986925,"Dana_WT","Hba-a2","6"
"AGGAGGTGTCACCCTT-1-1",0.115322369736982,"Dana_WT","Car1","5"
"AGGAGGTGTGGTCTGC-1-1",1.25213408441738e-05,"Dana_WT","Cd74","15"
"AGGATAAAGAGGGTGG-1-1",0.0204493961408261,"Dana_WT","CD34","0"
"AGGATAACAAGGAGTC-1-1",7.16673580745005,"Dana_WT","Car1","6"
"AGGATAACAGCGGTCT-1-1",0.0978781958583805,"Dana_WT","CD34","10"
"AGGATAAGTAGAGGAA-1-1",1.24749655077139e-05,"Dana_WT","Cd74","15"
"AGGATAAGTGATACTC-1-1",0.0526789945412999,"Dana_WT","CD34","5"
"AGGATAAGTTAGGCTT-1-1",8.64570039543746,"Dana_WT","Hba-a2","6"
"AGGATAAGTTCGGCCA-1-1",0.0440330021225622,"Dana_WT","CD34","7"
"AGGATAATCGGCTCTT-1-1",0.0170410835598023,"Dana_WT","Car1","9"
"AGGATAATCGTAGGGA-1-1",0.0204493497654896,"Dana_WT","CD34","0"
"AGGATAATCTGCGAGC-1-1",0.00433184422270794,"Dana_WT","Prss34","11"
"AGGATCTGTTTGGAAA-1-1",0.000902172749179031,"Dana_WT","Ly86","0"
"AGGATCTTCAATCGGT-1-1",0.0598410664808118,"Dana_WT","Car1","3"
"AGGATCTTCATGCAGT-1-1",2.72080675486673,"Dana_WT","Car1","5"
"AGGATCTTCCTATGGA-1-1",0.312527433404945,"Dana_WT","Ly86","0"
"AGGCATTAGCTGGCTC-1-1",0.0170411299351387,"Dana_WT","Pf4","9"
"AGGCATTCACGGCTAC-1-1",0.0170411763104752,"Dana_WT","Pf4","9"
"AGGCATTGTGAATGAT-1-1",9.50863114008032,"Dana_WT","Hba-a2","6"
"AGGCATTGTGGAAATT-1-1",0.0170412226858117,"Dana_WT","Pf4","9"
"AGGCATTTCGAGCCTG-1-1",0.0992961098250639,"Dana_WT","CD34","7"
"AGGCCACAGATCGGTG-1-1",0.902730819375556,"Dana_WT","Car1","5"
"AGGCCACAGCATCAAA-1-1",6.58021685794917,"Dana_WT","Car1","6"
"AGGCCACAGCCTAGGA-1-1",0.675495736682961,"Dana_WT","Car1","5"
"AGGCCACCACCCAAGC-1-1",0.0058910585717542,"Dana_WT","Ly86","0"
"AGGCCACCAGCAGAAC-1-1",4.86672039360782,"Dana_WT","Car1","5"
"AGGCCACCATAATGCC-1-1",0.368538922926914,"Dana_WT","Car1","5"
"AGGCCACCATCTCAAG-1-1",3.94190359909175e-06,"Dana_WT","Ly86","0"
"AGGCCACTCTTTACAC-1-1",0.71882149012093,"Dana_WT","CD34","13"
"AGGCTGCAGGCTAGCA-1-1",0.443192208382666,"Dana_WT","Ly86","0"
"AGGCTGCCATTGCAAC-1-1",0.83956279575526,"Dana_WT","Fcnb","1"
"AGGCTGCGTCGTATTG-1-1",0.130132674582959,"Dana_WT","CD34","10"
"AGGGAGTAGGCAGTCA-1-1",2.84590935069024,"Dana_WT","Car1","5"
"AGGGAGTAGGCCACCT-1-1",0.947416092264435,"Dana_WT","Ly86","0"
"AGGGAGTCAAAGCAAT-1-1",0.0526790409166363,"Dana_WT","Car1","9"
"AGGGAGTCAAGGTTGG-1-1",10.3681901956139,"Dana_WT","Hba-a2","6"
"AGGGAGTCACACGGAA-1-1",1.18312605827292,"Dana_WT","Gstm1/CD63","1"
"AGGGAGTGTACAAAGT-1-1",1.2949037415666e-05,"Dana_WT","CD34","3"
"AGGGAGTTCCTGTTAT-1-1",0.0440330484978987,"Dana_WT","CD34","7"
"AGGGAGTTCGTGCAGC-1-1",1.277790702112,"Dana_WT","CD34","10"
"AGGGAGTTCTACGCAA-1-1",0.231169268635601,"Dana_WT","CD34","7"
"AGGGCCTAGCCTATCA-1-1",0.0367521146318084,"Dana_WT","Car1","9"
"AGGGCCTCACATGAAA-1-1",0.162025499950609,"Dana_WT","Gstm1/CD63","1"
"AGGGCCTCACGTCATA-1-1",0,"Dana_WT","Gstm1/Ly86","0"
"AGGGCCTCATATAGCC-1-1",0.0350968355421788,"Dana_WT","Car1","10"
"AGGGCCTGTGGACCTC-1-1",0.255295424357766,"Dana_WT","Gstm1/Ly86","0"
"AGGGCCTTCAGTCCGG-1-1",0.00219684148536348,"Dana_WT","CD34","7"
"AGGGCTCAGACAGTCG-1-1",0.110438318551251,"Dana_WT","Prss34","10"
"AGGGCTCAGGCGATAC-1-1",0.28923485714953,"Dana_WT","Fcnb","1"
"AGGGCTCCAATCTCTT-1-1",0.466937288519867,"Dana_WT","Car1","5"
"AGGGCTCCAATGTTGC-1-1",0.97844463668205,"Dana_WT","Fcnb","1"
"AGGGCTCCACCTGATA-1-1",0.00904624926613296,"Dana_WT","Pf4","9"
"AGGGCTCCACGAGGAT-1-1",7.01645876459801,"Dana_WT","Car1","6"
"AGGGCTCCAGGTCTCG-1-1",1.19066290560559,"Dana_WT","Ly86","0"
"AGGGCTCGTATGACAA-1-1",0.184065283655992,"Dana_WT","Car1","5"
"AGGGCTCGTGTTCAGT-1-1",2.73807823039989,"Dana_WT","Car1","5"
"AGGGCTCGTTACCCTC-1-1",1.27464738930185,"Dana_WT","Gstm1/CD63","1"
"AGGGCTCTCCGAAGGA-1-1",0.378916847132154,"Dana_WT","Car1","5"
"AGGGCTCTCCTCTCTT-1-1",0.0265217801295012,"Dana_WT","Car1","5"
"AGGGTCCCAAATGCGG-1-1",8.55811726761446,"Dana_WT","Hba-a2","6"
"AGGGTCCCAACACGAG-1-1",3.52127473293724,"Dana_WT","Car1","5"
"AGGGTCCCAACTTCTT-1-1",0.0149695690265264,"Dana_WT","Ly86","7"
"AGGGTCCCAGGACATG-1-1",0.187092973660542,"Dana_WT","Fcnb","1"
"AGGGTCCCAGTGAGCA-1-1",0.630491082465713,"Dana_WT","Prss34","10"
"AGGGTGAAGCGAGGAG-1-1",0.902730865750892,"Dana_WT","Car1","5"
"AGGGTGACACCTCTGT-1-1",0.0757479875242475,"Dana_WT","Ly86","7"
"AGGGTGACATTGCCTC-1-1",8.68059338407033,"Dana_WT","Hba-a2","6"
"AGGGTGAGTCTCTCAC-1-1",5.85189627327144,"Dana_WT","Car1","5"
"AGGGTGAGTGAGCTCC-1-1",0.236128883280843,"Dana_WT","Car1","5"
"AGGGTGATCGCCTATC-1-1",0.266197458826523,"Dana_WT","Gstm1/Ly86","1"
"AGGGTGATCGGCGATC-1-1",7.45561574016884,"Dana_WT","Car1","6"
"AGGGTTTAGTGCGACA-1-1",0.28568549992718,"Dana_WT","Gstm1/Ly86","0"
"AGGGTTTCAAAGGCAC-1-1",0.00219679511002702,"Dana_WT","CD34","13"
"AGGGTTTCACCTCTAC-1-1",3.72262175587916,"Dana_WT","Car1","5"
"AGGGTTTCACTCCACT-1-1",2.22960787282751,"Dana_WT","Gstm1/CD63","1"
"AGGGTTTCAGAGTCTT-1-1",1.96813912694277,"Dana_WT","Fcnb","1"
"AGGGTTTGTTGAGTCT-1-1",0.0170412690611481,"Dana_WT","Car1","9"
"AGGGTTTTCCGTAGTA-1-1",1.03467600902797,"Dana_WT","Car1","3"
"AGGGTTTTCTCGGTCT-1-1",0.185476950919897,"Dana_WT","Gstm1/CD63","1"
"AGGGTTTTCTTCCCGA-1-1",0.0611263893979042,"Dana_WT","Gstm1/Ly86","0"
"AGGTAGGCAAAGGTTA-1-1",0.0675834771623225,"Dana_WT","Gstm1/Ly86","0"
"AGGTAGGCACAGCTTA-1-1",0.615784313394032,"Dana_WT","Car1","5"
"AGGTAGGTCAAGGACG-1-1",0.0569389481969396,"Dana_WT","Car1","3"
"AGGTAGGTCATTCTTG-1-1",0.0225496923065008,"Dana_WT","Ly86","7"
"AGGTAGGTCGTAGCTA-1-1",0.0122974804893747,"Dana_WT","Gstm1/Ly86","0"
"AGGTCATAGGAAGTCC-1-1",0.0480423446681328,"Dana_WT","Gstm1/CD63","1"
"AGGTCATCACCGGAAA-1-1",1.18312610464826,"Dana_WT","Gstm1/CD63","1"
"AGGTCATCACGGTAGA-1-1",0.0281103127871957,"Dana_WT","Ly86","0"
"AGGTCATGTAGGCAGT-1-1",0.0110864404273276,"Dana_WT","Gstm1/Ly86","13"
"AGGTCATGTTAAACCC-1-1",0.00219674873469056,"Dana_WT","CD34","7"
"AGGTCATGTTAGCTAC-1-1",0.311682462417271,"Dana_WT","Ly86","1"
"AGGTCATTCAACGTGT-1-1",2.72080680124207,"Dana_WT","Car1","5"
"AGGTCTAGTACGATCT-1-1",9.73882065657961e-07,"Dana_WT","Car1","3"
"AGGTGTTTCACCTTAT-1-1",0.240000736085971,"Dana_WT","Gstm1/CD63","1"
"AGGTTACCAAGTATAG-1-1",0.00290939937400714,"Dana_WT","Siglech","0"
"AGGTTACCACCTATCC-1-1",0.323676162328874,"Dana_WT","Ly86","0"
"AGGTTACCACGACGTC-1-1",0.00924648447730428,"Dana_WT","Gstm1/CD63","0"
"AGGTTACCAGCTGTAT-1-1",0.821355060052405,"Dana_WT","Fcnb","1"
"AGGTTACCATGTGTCA-1-1",1.02025740211786e-06,"Dana_WT","CD34","13"
"AGGTTACGTGAGTCAG-1-1",0.347457530984356,"Dana_WT","Ly86","1"
"AGGTTACTCACCTGGG-1-1",1.39126009379709e-07,"Dana_WT","Ly86","0"
"AGGTTACTCCATCACC-1-1",4.03692148385438,"Dana_WT","Car1","5"
"AGGTTGTAGATTAGAC-1-1",0.171812557668001,"Dana_WT","Ly86","7"
"AGGTTGTAGCATACTC-1-1",7.49587697760983,"Dana_WT","Car1","6"
"AGGTTGTAGTGGACGT-1-1",0.102003911073601,"Dana_WT","Ly86","7"
"AGGTTGTAGTGGTTGG-1-1",0.684727597409325,"Dana_WT","Car1","5"
"AGGTTGTCAAAGGCAC-1-1",0.00865486679623328,"Dana_WT","Ly86","7"
"AGGTTGTCACAAATGA-1-1",0.0440330948732351,"Dana_WT","CD34","7"
"AGGTTGTGTAACGCGA-1-1",0.137932362036866,"Dana_WT","Ly86","0"
"AGGTTGTGTGATACCT-1-1",0,"Dana_WT","Car1","5"
"AGGTTGTGTTAGGAGC-1-1",18.0804429376524,"Dana_WT","Ltf","12"
"AGGTTGTTCACCCATC-1-1",9.54444207469344,"Dana_WT","Hba-a2","6"
"AGGTTGTTCCGACATA-1-1",0.0247993495510401,"Dana_WT","Prss34","10"
"AGGTTGTTCCGCACTT-1-1",0.0473544357051794,"Dana_WT","Ly86","0"
"AGTAACCAGTCGTTAC-1-1",0.52190244410427,"Dana_WT","Ly86","0"
"AGTAACCAGTGTAGAT-1-1",0.084764545340009,"Dana_WT","Ly86","1"
"AGTAACCCAAGCGGAT-1-1",0.0785384831186192,"Dana_WT","Car1","10"
"AGTAACCCATAGCACT-1-1",0.0779849030257369,"Dana_WT","CD34","7"
"AGTAACCCATCTGCGG-1-1",0.0389292298370407,"Dana_WT","Ly86","13"
"AGTAACCGTCGTCATA-1-1",0.0291132662890283,"Dana_WT","CD34","9"
"AGTAACCGTGGCTGAA-1-1",0.0461934515517615,"Dana_WT","Ly86","0"
"AGTAACCTCAGGTGTT-1-1",0.258769968137265,"Dana_WT","CD34","10"
"AGTAACCTCTCGCGTT-1-1",0.044727689163453,"Dana_WT","CD34","7"
"AGTACCAAGCGGCTCT-1-1",0.00771103752308777,"Dana_WT","CD34","1"
"AGTACCAAGTTGAATG-1-1",0.00329955352621147,"Dana_WT","Car1","9"
"AGTACCAGTCTGATAC-1-1",6.31015658244833,"Dana_WT","Car1","5"
"AGTACCATCACCATAG-1-1",7.94265590033251,"Dana_WT","Car1","6"
"AGTACCATCGAGAGCA-1-1",0.0164992798421439,"Dana_WT","Pf4","9"
"AGTACCATCGCCAACG-1-1",0.0526790872919728,"Dana_WT","Car1","5"
"AGTACCATCTTAGCTT-1-1",1.53278001200333,"Dana_WT","Car1","5"
"AGTACTGAGACAGCTG-1-1",8.84225390958486,"Dana_WT","Hba-a2","6"
"AGTACTGAGATCCCAT-1-1",0.195972375752874,"Dana_WT","Ly86","0"
"AGTACTGAGCCTTTGA-1-1",0.161032252447029,"Dana_WT","Gstm1/CD63","1"
"AGTACTGAGCTCCGAC-1-1",0.0432227984254884,"Dana_WT","CD34","7"
"AGTACTGAGTCTAACC-1-1",3.7514927593926,"Dana_WT","Car1","2"
"AGTACTGCAACCAATC-1-1",5.8536336456953,"Dana_WT","Car1","6"
"AGTACTGCAACGTATC-1-1",0.00145081864562024,"Dana_WT","Ly86","1"
"AGTACTGCAAGACGGT-1-1",0.0943433062295091,"Dana_WT","Prss34","10"
"AGTACTGTCAAGAGGC-1-1",0.0526791336673093,"Dana_WT","Car1","5"
"AGTACTGTCGATACAC-1-1",0.0362517755785884,"Dana_WT","Car1","5"
"AGTAGCTCAAACAGGC-1-1",0.0204995674021811,"Dana_WT","Ly86","0"
"AGTAGCTCAACCGACC-1-1",0.0463690236483372,"Dana_WT","Prss34","10"
"AGTAGCTGTAACTGCT-1-1",0.171812604043338,"Dana_WT","CD34","7"
"AGTAGCTGTCATGCAT-1-1",7.88380719818349e-07,"Dana_WT","Gstm1/CD63","1"
"AGTAGTCAGAGGTCGT-1-1",0.0389291834617043,"Dana_WT","Ly86","13"
"AGTAGTCAGCGAGGAG-1-1",2.73114021453315,"Dana_WT","Car1","5"
"AGTAGTCAGGTAGGCT-1-1",0.00114511817378782,"Dana_WT","Prss34","10"
"AGTAGTCCAATCTCTT-1-1",0.067583523537659,"Dana_WT","Ly86","13"
"AGTAGTCCAGACGATG-1-1",0.00589110494709066,"Dana_WT","Ly86","0"
"AGTAGTCGTATGAGAT-1-1",0.344579223671916,"Dana_WT","Ly86","0"
"AGTAGTCGTCCTCCAT-1-1",0.0103664337972397,"Dana_WT","CD34","0"
"AGTAGTCTCCAGTACA-1-1",0.086827045337915,"Dana_WT","Gstm1/CD63","1"
"AGTAGTCTCCCGTTGT-1-1",0.000817846867081806,"Dana_WT","Ly86","0"
"AGTAGTCTCGAGATAA-1-1",5.85363369207063,"Dana_WT","Car1","6"
"AGTAGTCTCTCAATCT-1-1",0.0526791800426457,"Dana_WT","Car1","5"
"AGTCAACAGGGCGAGA-1-1",0.0021967023593541,"Dana_WT","CD34","7"
"AGTCAACCACTGGCCA-1-1",0.0569389018216031,"Dana_WT","Car1","3"
"AGTCAACGTCCACTTC-1-1",0.196842328077586,"Dana_WT","Ly86","7"
"AGTCAACGTGTGAGCA-1-1",0.116370848662578,"Dana_WT","Ly86","1"
"AGTCAACTCGGAACTT-1-1",8.95501698376919,"Dana_WT","Hba-a2","6"
"AGTCACAAGGGTAATT-1-1",0.0201108055228949,"Dana_WT","Ly86","0"
"AGTCACACACAAATGA-1-1",0.244760773202539,"Dana_WT","Unannotated","7"
"AGTCACACAGGTGTGA-1-1",0.0526792264179822,"Dana_WT","Car1","9"
"AGTCACAGTGTTCGAT-1-1",5.85363373844597,"Dana_WT","Car1","6"
"AGTCACATCACCTGTC-1-1",0.190332245563164,"Dana_WT","Ly86","0"
"AGTCACATCTCGAACA-1-1",0.96528697793256,"Dana_WT","Ly86","0"
"AGTCACATCTGTAAGC-1-1",0.564939339919271,"Dana_WT","Car1","5"
"AGTCATGAGCCTTTGA-1-1",0.361817857844825,"Dana_WT","Car1","9"
"AGTCATGCAAGATCCT-1-1",0.0569388554462666,"Dana_WT","Car1","3"
"AGTCATGGTTCGGTCG-1-1",0.00453358037833893,"Dana_WT","Ly86","7"
"AGTCATGTCAAACCCA-1-1",8.95955109263811,"Dana_WT","Hba-a2","6"
"AGTCATGTCCTACCAC-1-1",0.150933576590946,"Dana_WT","Car1","5"
"AGTCTCCAGCCTATTG-1-1",2.2221104891552,"Dana_WT","Fcnb","1"
"AGTCTCCAGGCTTAGG-1-1",0.0090462028907965,"Dana_WT","Pf4","9"
"AGTCTCCCACTATCGA-1-1",0.00329959990154793,"Dana_WT","CD34","9"
"AGTCTCCCAGGAATCG-1-1",0.0526792727933186,"Dana_WT","Car1","5"
"AGTCTCCCAGGCGAAT-1-1",0.344997471325431,"Dana_WT","Car1","5"
"AGTCTCCCATCTCCCA-1-1",0.702865018459524,"Dana_WT","Car1","5"
"AGTCTCCGTGACTGTT-1-1",0.336907985374555,"Dana_WT","Ly86","0"
"AGTCTCCGTGCCTTTC-1-1",9.50820596828955,"Dana_WT","Hba-a2","6"
"AGTCTCCTCTTGGCTC-1-1",0.0342748166463849,"Dana_WT","Unannotated","7"
"AGTGACTAGGTACTGG-1-1",10.1762155867151,"Dana_WT","Hba-a2","6"
"AGTGACTAGTGTTCAC-1-1",0.16486580554506,"Dana_WT","Prss34","10"
"AGTGACTCAGACCCGT-1-1",0.288436681863493,"Dana_WT","Car1","5"
"AGTGACTGTTGTTGTG-1-1",0.0367521610071448,"Dana_WT","Car1","9"
"AGTGACTTCGCTGATA-1-1",1.12479611250009,"Dana_WT","Ly86","0"
"AGTGACTTCTCGTGGG-1-1",0.192991955851987,"Dana_WT","CD34","7"
"AGTGATCAGATTGATG-1-1",0.0135090675000895,"Dana_WT","Ly86","0"
"AGTGATCAGCCAACCC-1-1",18.2785754091476,"Dana_WT","Ltf","12"
"AGTGATCAGGCCATAG-1-1",0.00904615651546004,"Dana_WT","CD34","9"
"AGTGATCCAGAACATA-1-1",0.0604673459808445,"Dana_WT","Ly86","0"
"AGTGATCCAGCTGTTA-1-1",0.0675835699129954,"Dana_WT","Gstm1/Ly86","0"
"AGTGATCGTAACACGG-1-1",1.27311231715612,"Dana_WT","Car1","5"
"AGTGATCGTACCACGC-1-1",0.016263912405327,"Dana_WT","CD34","10"
"AGTGATCTCCAACCAA-1-1",5.15392637652539,"Dana_WT","Car1","5"
"AGTGATCTCCCTATTA-1-1",0,"Dana_WT","Prss34","10"
"AGTGCCGAGGAGAGGC-1-1",0.0149695226511899,"Dana_WT","CD34","0"
"AGTGCCGAGTCCGTCG-1-1",7.84230104722897,"Dana_WT","Car1","6"
"AGTGCCGCACTGCATA-1-1",1.24126274781896,"Dana_WT","Gstm1/CD63","1"
"AGTGCCGCAGACGATG-1-1",0.150227757749318,"Dana_WT","CD34","7"
"AGTGCCGGTAACAAGT-1-1",2.40117587218808,"Dana_WT","Car1","5"
"AGTGCCGGTCGGAAAC-1-1",8.11221624182957,"Dana_WT","Hba-a2","6"
"AGTGCCGTCGTGAGAG-1-1",0.652842654984932,"Dana_WT","Car1","4"
"AGTGTTGAGAAACTAC-1-1",9.73882065657961e-07,"Dana_WT","CD34","7"
"AGTGTTGCAACAGAGC-1-1",0.00384225708131325,"Dana_WT","CD34","10"
"AGTGTTGCATTGTCGA-1-1",0.902730912126228,"Dana_WT","Car1","9"
"AGTGTTGTCAGGGTAG-1-1",0.055394772344715,"Dana_WT","Car1","9"
"AGTGTTGTCCCTTGGT-1-1",0.017527637200117,"Dana_WT","CD34","11"
"AGTGTTGTCTCGTGAA-1-1",0.00577694471251405,"Dana_WT","Car1","9"
"AGTTAGCAGATTTGCC-1-1",1.3641459695853,"Dana_WT","Gstm1/CD63","1"
"AGTTAGCCAGATTCGT-1-1",1.33088273469317,"Dana_WT","Gstm1/CD63","1"
"AGTTAGCCAGCTGTAT-1-1",0.31911743324705,"Dana_WT","Ly86","0"
"AGTTAGCCAGGAGGTT-1-1",0.00231073944717075,"Dana_WT","Unannotated","7"
"AGTTAGCCATCACAGT-1-1",5.85363378482131,"Dana_WT","Car1","6"
"AGTTAGCGTGTGGTCC-1-1",0.0277059435973861,"Dana_WT","Ly86","0"
"AGTTAGCGTGTTACAC-1-1",0.181666533221627,"Dana_WT","Unannotated","7"
"AGTTAGCTCACAAGGG-1-1",0.00329964627688439,"Dana_WT","Car1","9"
"AGTTAGCTCCTTGAAG-1-1",0.14506753975655,"Dana_WT","Ly86","0"
"AGTTAGCTCGAGCTGC-1-1",0.362714733942337,"Dana_WT","CD34","9"
"AGTTCCCAGCGCAATG-1-1",0.0136172223512088,"Dana_WT","Ly86","0"
"AGTTCCCAGCGGACAT-1-1",0.161263660455187,"Dana_WT","Ccl5","7"
"AGTTCCCAGGAACGAA-1-1",0.252394646227593,"Dana_WT","Gstm1/CD63","13"
"AGTTCCCGTACGATTC-1-1",1.15852158482338,"Dana_WT","Gstm1/CD63","1"
"AGTTCCCTCATGGTAC-1-1",4.76218365608659,"Dana_WT","Car1","5"
"AGTTCCCTCGTAACCA-1-1",2.72367265441577,"Dana_WT","Car1","5"
"AGTTCCCTCTCGTGGG-1-1",1.18312615102359,"Dana_WT","Gstm1/CD63","1"
"AGTTCCCTCTCTGACC-1-1",0.171375256411705,"Dana_WT","Gstm1/CD63","1"
"AGTTCGAAGAAACCAT-1-1",0.00219665598401764,"Dana_WT","Gstm1/Ly86","13"
"AGTTCGAAGACAACAT-1-1",0.386190148580526,"Dana_WT","Gstm1/CD63","1"
"AGTTCGAAGAGGATGA-1-1",0.53278967393971,"Dana_WT","Ly86","0"
"AGTTCGAAGCAGGTCA-1-1",0.902730958501565,"Dana_WT","Car1","9"
"AGTTCGACAAGTGCTT-1-1",0.0577175061916426,"Dana_WT","Gstm1/Ly86","0"
"AGTTCGAGTACGATTC-1-1",0.146138073204519,"Dana_WT","Ly86","0"
"AGTTCGATCGCGGTAC-1-1",0.00219660960868118,"Dana_WT","CD34","13"
"AGTTCGATCGGCTGAC-1-1",0.0440331412485716,"Dana_WT","CD34","7"
"AGTTCGATCGTAGCTA-1-1",0.344997517700768,"Dana_WT","Car1","5"
"AGTTCGATCTCAAAGC-1-1",0.0407762237623254,"Dana_WT","Car1","5"
"ATACCGAAGAAGGATG-1-1",3.72262180225449,"Dana_WT","Car1","5"
"ATACCGAAGCAAGTGC-1-1",0.312527479780281,"Dana_WT","Gstm1/Ly86","0"
"ATACCGACATATTCGG-1-1",0.00644355259450191,"Dana_WT","Ly86","0"
"ATACCGAGTACGGGAT-1-1",0.365761889315416,"Dana_WT","Ly86","0"
"ATACCGAGTCCCTCAT-1-1",0.0204493033901532,"Dana_WT","CD34","0"
"ATACCGATCATTCACT-1-1",7.49587702398517,"Dana_WT","Car1","6"
"ATACCGATCCCAGTGG-1-1",0.0831467205361197,"Dana_WT","Ly86","0"
"ATACCGATCCGAGTGC-1-1",0.00433179784737148,"Dana_WT","Gstm1/Ly86","11"
"ATACCGATCGGCACTG-1-1",0.0439959292657559,"Dana_WT","Unannotated","7"
"ATACCGATCTATCGGA-1-1",5.85363383119664,"Dana_WT","Car1","6"
"ATACCGATCTCCATAT-1-1",0.0461562133702889,"Dana_WT","Ly86","0"
"ATACCGATCTGTAACG-1-1",0.347457577359693,"Dana_WT","Ly86","1"
"ATACCTTGTAGCGCTC-1-1",0.00219656323334472,"Dana_WT","Gstm1/Ly86","13"
"ATACCTTTCAAGCTTG-1-1",5.85189631964678,"Dana_WT","Car1","5"
"ATACCTTTCACTGCTC-1-1",0.0569388090709302,"Dana_WT","Car1","3"
"ATACCTTTCGGTGTAT-1-1",0.347457623735029,"Dana_WT","Gstm1/Ly86","1"
"ATACCTTTCTCTCGCA-1-1",0.0389291370863678,"Dana_WT","Ly86","13"
"ATACTTCAGTCAGAGC-1-1",0.0163039124511326,"Dana_WT","Gstm1/CD63","1"
"ATACTTCCAAATGGTA-1-1",0.0526793191686551,"Dana_WT","Car1","9"
"ATACTTCCACCTTCGT-1-1",0.0526129072521899,"Dana_WT","Ly86","0"
"ATACTTCCATCGAACT-1-1",0.173868181689091,"Dana_WT","Gstm1/Ly86","10"
"ATACTTCTCTGCACCT-1-1",0.0621709787540154,"Dana_WT","Prss34","10"
"ATAGACCAGACTCTAC-1-1",0.242786772975923,"Dana_WT","CD34","0"
"ATAGACCAGATAGTGT-1-1",0.225221334996615,"Dana_WT","Ly86","0"
"ATAGACCAGATTGAGT-1-1",0.00329969265222085,"Dana_WT","Car1","9"
"ATAGACCAGGCGATAC-1-1",2.14098564926751,"Dana_WT","Gstm1/CD63","1"
"ATAGACCAGTGCTCAT-1-1",0.00639393719407622,"Dana_WT","Ly86","0"
"ATAGACCCAAATGATG-1-1",0.000418745015503263,"Dana_WT","Ly86","7"
"ATAGACCCACAGTGTT-1-1",1.03429843331164,"Dana_WT","Car1","5"
"ATAGACCCACCGTCTT-1-1",0.00433175147203502,"Dana_WT","Hba-a2","11"
"ATAGACCGTAACGATA-1-1",0.0911264279269619,"Dana_WT","Gstm1/CD63","1"
"ATAGACCGTCCACATA-1-1",0.472997026905567,"Dana_WT","Prss34","10"
"ATAGACCGTCTAGATC-1-1",0.130649684987911,"Dana_WT","Car1","6"
"ATAGACCGTGTTCATG-1-1",0.153576419509296,"Dana_WT","Unannotated","0"
"ATAGACCTCAAACGAA-1-1",0.902731004876901,"Dana_WT","Car1","5"
"ATAGAGAAGTAATTGG-1-1",0.687474144561796,"Dana_WT","Car1","5"
"ATAGAGACACCTGAAT-1-1",0.00638126419345286,"Dana_WT","Ly86","1"
"ATAGAGAGTGAGGATC-1-1",0.00167625048287867,"Dana_WT","Gstm1/Ly86","1"
"ATAGAGAGTGATGGCA-1-1",0.125351252981559,"Dana_WT","Ly86","0"
"ATAGAGATCCAAGGGA-1-1",0.0189972392055325,"Dana_WT","Gstm1/Ly86","13"
"ATAGAGATCCAGCCTT-1-1",0.060328653378745,"Dana_WT","CD34","0"
"ATAGAGATCGACCAAT-1-1",0.0507735557834812,"Dana_WT","Ly86","0"
"ATAGAGATCGCCTAGG-1-1",0.949652062085094,"Dana_WT","Ly86","0"
"ATAGAGATCGGTTAGT-1-1",0.0389290907110313,"Dana_WT","Ly86","13"
"ATAGAGATCTCTCGCA-1-1",0.00867621187146483,"Dana_WT","Ly86","0"
"ATAGAGATCTGCGTCT-1-1",0.0461562597456253,"Dana_WT","Ly86","0"
"ATAGGCTAGCGATGAC-1-1",0.88122288806627,"Dana_WT","Ly86","0"
"ATAGGCTCACTGAGTT-1-1",0.104497520100909,"Dana_WT","Ly86","0"
"ATAGGCTTCCGTATGA-1-1",0.0569387626955937,"Dana_WT","Car1","3"
"ATAGGCTTCGGAGTAG-1-1",0.00581002559236943,"Dana_WT","Car1","6"
"ATAGGCTTCTGGACTA-1-1",2.7264651231949,"Dana_WT","Car1","5"
"ATATCCTCAATCGCCG-1-1",0.336908031749892,"Dana_WT","Ly86","0"
"ATATCCTCACAAGTTC-1-1",0.158482178867298,"Dana_WT","Car1","5"
"ATATCCTTCCTTGGAA-1-1",0.0569195803887351,"Dana_WT","Car1","5"
"ATATCCTTCTCAGGCG-1-1",0.0321843773887969,"Dana_WT","Car1","13"
"ATCACAGAGGTTTGAA-1-1",9.27506729198058e-08,"Dana_WT","Ly86","0"
"ATCACAGCAAGTGGCA-1-1",0.35244904893523,"Dana_WT","Car1","5"
"ATCACAGCACTTGACA-1-1",0.196128031558766,"Dana_WT","Car1","9"
"ATCACAGGTAATGTGA-1-1",0.00433170509669856,"Dana_WT","Hba-a2","11"
"ATCACAGTCCACAGGC-1-1",8.09746052778958,"Dana_WT","Hba-a2","6"
"ATCACAGTCCGTTTCG-1-1",0.0628890074915667,"Dana_WT","Ly86","0"
"ATCACAGTCTGCGGAC-1-1",9.27506729198058e-07,"Dana_WT","Car1","3"
"ATCACGAAGATGACCG-1-1",3.72262184862983,"Dana_WT","Car1","5"
"ATCACGAAGGTACCTT-1-1",0.0569387163202573,"Dana_WT","CD34","3"
"ATCACGAAGGTTTACC-1-1",0.0624076787154031,"Dana_WT","CD34","10"
"ATCACGACAAACGAGC-1-1",3.18206184365033,"Dana_WT","Car1","5"
"ATCACGACATGTAACC-1-1",0.0140320716501336,"Dana_WT","CD34","0"
"ATCACGACATTCAGCA-1-1",0.422178150459621,"Dana_WT","Car1","9"
"ATCACGAGTACGGATG-1-1",0.481575059787834,"Dana_WT","CD34","7"
"ATCACGATCCGAGATT-1-1",0.0135028218536742,"Dana_WT","Ly86","0"
"ATCACGATCGAGCCAC-1-1",0.0286800575702815,"Dana_WT","CD34","0"
"ATCACGATCTACTCAT-1-1",0.604319446304118,"Dana_WT","Prss34","10"
"ATCACGATCTGCATAG-1-1",8.34756056278252e-07,"Dana_WT","Unannotated","9"
"ATCACTTAGAGGTGCT-1-1",0.0170413154364846,"Dana_WT","Pf4","9"
"ATCACTTAGCTGACTT-1-1",5.85363387757198,"Dana_WT","Car1","6"
"ATCACTTAGGAGATAG-1-1",1.05714820691681,"Dana_WT","Fcnb","1"
"ATCACTTCACGACTAT-1-1",0.017041361811821,"Dana_WT","Car1","9"
"ATCACTTCATTCAGGT-1-1",0.0198350337467157,"Dana_WT","Prss34","10"
"ATCACTTGTACTCCCT-1-1",0.31125528398332,"Dana_WT","Ly86","0"
"ATCACTTGTAGTTAGA-1-1",1.33555232975644,"Dana_WT","Fcnb","1"
"ATCAGGTAGTCACGAG-1-1",0.0204492570148167,"Dana_WT","CD34","0"
"ATCAGGTAGTCTTCGA-1-1",0.344277416650697,"Dana_WT","Ly86","0"
"ATCAGGTCAGGTTCGC-1-1",4.78221277611657,"Dana_WT","Car1","5"
"ATCAGGTGTTCAAGTC-1-1",4.79517264887233,"Dana_WT","Car1","5"
"ATCAGGTTCTTGTTAC-1-1",2.26653887035392,"Dana_WT","Gstm1/CD63","1"
"ATCATTCAGGCTAGCA-1-1",0.0526793655439916,"Dana_WT","Car1","5"
"ATCATTCAGTCTGTAC-1-1",0.0367522073824813,"Dana_WT","Car1","9"
"ATCATTCCACGGTGTC-1-1",0.340255746423747,"Dana_WT","Car1","9"
"ATCATTCCACTCCTTG-1-1",0.113964331326573,"Dana_WT","Unannotated","0"
"ATCATTCCATCGATAC-1-1",0.0204492106394802,"Dana_WT","CD34","0"
"ATCATTCGTATGAAGT-1-1",0.0627364064215071,"Dana_WT","Ly86","0"
"ATCATTCGTTCATCTT-1-1",0.438556487762645,"Dana_WT","Gstm1/Ly86","0"
"ATCCACCCAAGGAGTC-1-1",0,"Dana_WT","Ly86","0"
"ATCCACCCACAGTGAG-1-1",0.052679411919328,"Dana_WT","Car1","5"
"ATCCACCGTGACATCT-1-1",0.344282818416701,"Dana_WT","Ly86","0"
"ATCCACCTCAACACGT-1-1",1.17504090902217,"Dana_WT","Gstm1/CD63","1"
"ATCCATTAGCACGGAT-1-1",0.00260723968808563,"Dana_WT","CD34","0"
"ATCCATTAGTAAAGCT-1-1",0.505445840263727,"Dana_WT","Prss34","10"
"ATCCATTGTAAGATTG-1-1",0.2530972798292,"Dana_WT","CD34","0"
"ATCCATTGTGCAGATG-1-1",0.0978781494830441,"Dana_WT","Prss34","10"
"ATCCATTGTTGCATAC-1-1",7.49587707036051,"Dana_WT","Car1","6"
"ATCCATTTCCGATGCG-1-1",0.121549284024948,"Dana_WT","Gstm1/CD63","10"
"ATCCCTGAGACAGCTG-1-1",0.0526794582946645,"Dana_WT","Car1","5"
"ATCCCTGCAAGAGGTC-1-1",0.0238669026049949,"Dana_WT","Ly86","0"
"ATCCCTGCAGAGGCTA-1-1",1.18312619739893,"Dana_WT","Gstm1/CD63","1"
"ATCCCTGGTAGTACGG-1-1",1.2428590171254e-05,"Dana_WT","Cd74","15"
"ATCCCTGGTCCGTTTC-1-1",0.0204491642641438,"Dana_WT","CD34","0"
"ATCCCTGGTCGCGTTG-1-1",0.171680580941487,"Dana_WT","Gstm1/CD63","1"
"ATCCCTGTCACCGGTG-1-1",0.0124567270735635,"Dana_WT","Car1","5"
"ATCCCTGTCATCTATC-1-1",0.380241056856831,"Dana_WT","CD34","10"
"ATCCCTGTCTGTGCGG-1-1",0.0123065415572914,"Dana_WT","CD34","0"
"ATCCGTCCACTTCTCG-1-1",0.271970593711823,"Dana_WT","Ly86","13"
"ATCCGTCCATGACACT-1-1",0.143424259681674,"Dana_WT","CD34","7"
"ATCCGTCGTGTTAGCT-1-1",0.169187072924024,"Dana_WT","Ly86","0"
"ATCCTATGTACAAGCG-1-1",0,"Dana_WT","Ly86","7"
"ATCCTATGTGTTACAC-1-1",0.213809483546931,"Dana_WT","CD34","7"
"ATCCTATTCCTCAGAA-1-1",5.87033058763428,"Dana_WT","Hba-a2","5"
"ATCGATGAGAGGGTAA-1-1",0.63355307234496,"Dana_WT","CD34","13"
"ATCGATGAGCAGTCTT-1-1",7.88380719818349e-07,"Dana_WT","Pf4","9"
"ATCGATGAGGTTACCT-1-1",0.271970640087159,"Dana_WT","Ly86","0"
"ATCGATGCACGGTAGA-1-1",5.56504037518835e-07,"Dana_WT","Gstm1/CD63","13"
"ATCGATGGTGGGATTG-1-1",8.19157031898338,"Dana_WT","Hba-a2","6"
"ATCGATGGTTTCGATG-1-1",0.0772613654600773,"Dana_WT","Prss34","10"
"ATCGATGTCAAGTGTC-1-1",0.435514551384542,"Dana_WT","Ly86","0"
"ATCGATGTCATGAAAG-1-1",0.843039395137993,"Dana_WT","Car1","5"
"ATCGATGTCGGCGATC-1-1",0.260458318495669,"Dana_WT","Gstm1/CD63","1"
"ATCGCCTAGCAGGTCA-1-1",3.72262189500516,"Dana_WT","Car1","5"
"ATCGCCTAGGAATTAC-1-1",8.45415836142921,"Dana_WT","Car1","6"
"ATCGCCTAGGATACGC-1-1",4.05420607440737,"Dana_WT","Car1","5"
"ATCGCCTAGGGCCAAT-1-1",0.0569386699449208,"Dana_WT","Car1","9"
"ATCGCCTCACATACGT-1-1",0.0526795046700009,"Dana_WT","Car1","5"
"ATCGCCTCACCAACAT-1-1",0.00442783782095446,"Dana_WT","CD34","0"
"ATCGCCTCAGGACTAG-1-1",0.213843033129184,"Dana_WT","CD34","9"
"ATCGCCTGTGATAGTA-1-1",6.08134543621139,"Dana_WT","Car1","5"
"ATCGCCTGTTAGTCGT-1-1",0.0974311286340938,"Dana_WT","Ly86","7"
"ATCGCCTGTTTCACAG-1-1",0.0987745823503958,"Dana_WT","Gstm1/CD63","1"
"ATCGCCTTCGTAGCCG-1-1",0.0127041404203165,"Dana_WT","Ly86","0"
"ATCGCCTTCTCCACTG-1-1",7.49587711673584,"Dana_WT","Car1","6"
"ATCGGATAGAACTTCC-1-1",10.5639557267351,"Dana_WT","Hba-a2","6"
"ATCGGATAGCGAACTG-1-1",0.0631447834753081,"Dana_WT","Ly86","0"
"ATCGGATAGGCCACCT-1-1",0.193930072158812,"Dana_WT","Car1","5"
"ATCGGATAGGTGAGCT-1-1",0.0149694762758534,"Dana_WT","CD34","0"
"ATCGGATCAGACAATA-1-1",0.0334835646015472,"Dana_WT","Fcnb","1"
"ATCGGATCAGGATGAC-1-1",4.1326896538144,"Dana_WT","Car1","5"
"ATCGGCGAGCGATCGA-1-1",9.57937073496314,"Dana_WT","Hba-a2","6"
"ATCGGCGAGGTCCCGT-1-1",0.00305043666541149,"Dana_WT","Ly86","0"
"ATCGGCGAGGTTCCAT-1-1",0.00219651685800826,"Dana_WT","Gstm1/Ly86","13"
"ATCGGCGAGTGCGCTC-1-1",0.0170414081871575,"Dana_WT","Pf4","9"
"ATCGGCGCAAGGCAAC-1-1",0.270703233169895,"Dana_WT","Ly86","1"
"ATCGGCGGTATCGTTG-1-1",0.0130583390439725,"Dana_WT","Car1","3"
"ATCGGCGTCGACGCGT-1-1",0.13204307720591,"Dana_WT","Gstm1/CD63","1"
"ATCGGCGTCGTTAGTG-1-1",0.0526795510453374,"Dana_WT","Car1","5"
"ATCGGCGTCTATCCAT-1-1",0.305167901607966,"Dana_WT","Gstm1/Ly86","1"
"ATCGTAGAGATACTGA-1-1",0.418219186438186,"Dana_WT","CD34","10"
"ATCGTAGAGGTCACTT-1-1",0.00867616549612837,"Dana_WT","Ly86","0"
"ATCGTAGCAACATACC-1-1",0.140173501153304,"Dana_WT","Car1","3"
"ATCGTAGCAACGGCTC-1-1",7.40851840980818,"Dana_WT","Car1","6"
"ATCGTAGCAATACCTG-1-1",0.713871968328322,"Dana_WT","Car1","5"
"ATCGTAGCAATCGAAA-1-1",0.0526795974206739,"Dana_WT","Car1","5"
"ATCGTAGCAGAAATTG-1-1",0.0526796437960103,"Dana_WT","Car1","5"
"ATCGTAGCAGATTTCG-1-1",7.33498046636702,"Dana_WT","Car1","6"
"ATCGTAGGTAGCGTAG-1-1",0.0017074783105453,"Dana_WT","Unannotated","2"
"ATCGTAGGTGTATACC-1-1",3.7226219413805,"Dana_WT","Car1","5"
"ATCGTAGTCCATAGAC-1-1",8.6583260257182,"Dana_WT","Hba-a2","6"
"ATCGTCCAGGCACAAC-1-1",4.82927949322419,"Dana_WT","Car1","5"
"ATCGTCCCAAGGTCTT-1-1",7.42005383358446e-07,"Dana_WT","Car1","9"
"ATCGTCCCATCAGCGC-1-1",3.72262198775584,"Dana_WT","Car1","5"
"ATCGTCCGTCATCGCG-1-1",0.000251763392272508,"Dana_WT","Ly86","1"
"ATCGTCCGTGTCACAT-1-1",0.635483276178197,"Dana_WT","Car1","5"
"ATCGTCCTCCTAGCTC-1-1",0.244603714234445,"Dana_WT","CD34","0"
"ATCGTCCTCGGACAAG-1-1",0.707209431686343,"Dana_WT","Gstm1/CD63","1"
"ATCGTCCTCTTCTAAC-1-1",6.90466867943731,"Dana_WT","Car1","6"
"ATCGTGAAGGACTGGT-1-1",0.902731051252238,"Dana_WT","Car1","5"
"ATCGTGAAGGATTTAG-1-1",0.0526796901713468,"Dana_WT","Car1","5"
"ATCGTGACAGAATCGG-1-1",0.021275687423814,"Dana_WT","CD34","0"
"ATCGTGACATAGACTC-1-1",7.49587716311118,"Dana_WT","Car1","6"
"ATCGTGACATGTCAGT-1-1",0.687817879621649,"Dana_WT","Ly86","0"
"ATCGTGAGTCGGTGAA-1-1",0.0080404560020062,"Dana_WT","Pf4","9"
"ATCGTGAGTCTGTAAC-1-1",0.398147089167406,"Dana_WT","Pf4","9"
"ATCGTGATCTTTCCAA-1-1",0.0168620396477209,"Dana_WT","CD34","0"
"ATCTCTAAGACTAAGT-1-1",0.0109978440260873,"Dana_WT","CD34","0"
"ATCTCTAGTACAAGCG-1-1",5.81546039489797,"Dana_WT","Car1","6"
"ATCTCTAGTGGCGTAA-1-1",0.0043316587213621,"Dana_WT","CD34","11"
"ATCTCTAGTTAAGCAA-1-1",0.0440331876239081,"Dana_WT","CD34","7"
"ATCTCTATCGCGGACT-1-1",2.72080684761741,"Dana_WT","Car1","5"
"ATCTCTATCGTAATGC-1-1",0,"Dana_WT","Ly86","0"
"ATCTTCAAGAAGCCAC-1-1",9.28553539823066,"Dana_WT","Hba-a2","6"
"ATCTTCAAGATCGACG-1-1",0.259136954586446,"Dana_WT","CD34","7"
"ATCTTCAGTCAAGCGA-1-1",6.95630046898543e-07,"Dana_WT","Car1","9"
"ATCTTCAGTCCGAAGA-1-1",0.668490499286151,"Dana_WT","Gstm1/CD63","1"
"ATCTTCAGTTCTTGCC-1-1",0.359073274828256,"Dana_WT","Ly86","1"
"ATGAAAGCAAACGAGC-1-1",0.225221381371951,"Dana_WT","Ly86","0"
"ATGAAAGCAAAGGCGT-1-1",0.0978781031077076,"Dana_WT","CD34","10"
"ATGAAAGCACAATGAA-1-1",0.664054699921588,"Dana_WT","Gstm1/CD63","1"
"ATGAAAGCAGCGAGTA-1-1",5.85363392394732,"Dana_WT","Car1","6"
"ATGAAAGCAGCTTCGG-1-1",5.85363397032265,"Dana_WT","Car1","6"
"ATGAAAGCATACTGTG-1-1",0.697174057027367,"Dana_WT","Car1","5"
"ATGAAAGCATGATAGA-1-1",0.818243973624915,"Dana_WT","Car1","5"
"ATGAAAGGTAGATTGA-1-1",6.4925471043864e-07,"Dana_WT","Unannotated","9"
"ATGAAAGTCATTGGTG-1-1",9.28867224092853,"Dana_WT","Hba-a2","6"
"ATGAAAGTCTAGACAC-1-1",0.0569386235695843,"Dana_WT","Car1","3"
"ATGACCAAGAGTACCG-1-1",0.0526797365466832,"Dana_WT","Car1","5"
"ATGACCAGTTGACTAC-1-1",0.164797632399886,"Dana_WT","Gstm1/CD63","1"
"ATGAGGGAGATGACCG-1-1",0.00134428425250543,"Dana_WT","Ly86","0"
"ATGAGGGAGCATGTTC-1-1",0.125413263428595,"Dana_WT","Car1","10"
"ATGAGGGAGGGTGAGG-1-1",0.0195418068862574,"Dana_WT","Ly86","0"
"ATGAGGGCACACCTTC-1-1",0.00304687797948189,"Dana_WT","Ly86","0"
"ATGAGGGCAGCGACAA-1-1",7.42005383358446e-07,"Dana_WT","Gstm1/CD63","1"
"ATGAGGGGTGTGTCGC-1-1",3.72262203413117,"Dana_WT","Car1","5"
"ATGAGGGTCAATGTCG-1-1",0.0101612309063284,"Dana_WT","Prss34","10"
"ATGAGGGTCTCTCCGA-1-1",0.156677910988621,"Dana_WT","Pf4","9"
"ATGAGGGTCTTGGCTC-1-1",0.0550062287094346,"Dana_WT","Gstm1/CD63","1"
"ATGAGGGTCTTTGGAG-1-1",5.12303147877486,"Dana_WT","Car1","5"
"ATGAGTCAGTAGCAAT-1-1",0.291410271230771,"Dana_WT","Gstm1/CD63","1"
"ATGAGTCCACGGTGCT-1-1",5.97153062698165,"Dana_WT","Car1","5"
"ATGAGTCGTCAGTCCG-1-1",0.289234903524866,"Dana_WT","Fcnb","1"
"ATGAGTCGTTCATCGA-1-1",0.208009286302633,"Dana_WT","Ly86","0"
"ATGAGTCTCACCTTAT-1-1",0.171812650418674,"Dana_WT","Unannotated","7"
"ATGAGTCTCCTAACAG-1-1",0.359552942513433,"Dana_WT","Car1","5"
"ATGATCGAGAAATTCG-1-1",0.0526797829220197,"Dana_WT","Car1","5"
"ATGATCGAGCACTCGC-1-1",1.35219063405002,"Dana_WT","Car1","5"
"ATGATCGCACCAGCGT-1-1",0.0440332339992445,"Dana_WT","CD34","7"
"ATGATCGCAGACGCTC-1-1",0,"Dana_WT","Ly86","0"
"ATGATCGCAGTATTCG-1-1",8.80144177267326,"Dana_WT","Hba-a2","6"
"ATGATCGCAGTCAGTT-1-1",0.281928965838297,"Dana_WT","Car1","5"
"ATGATCGCATAATGAG-1-1",0.0569385771942479,"Dana_WT","Car1","3"
"ATGATCGGTACTGCCG-1-1",7.40516560132887,"Dana_WT","Car1","6"
"ATGATCGGTGACTGTT-1-1",0.0526798292973562,"Dana_WT","Car1","5"
"ATGATCGTCTACTTCA-1-1",0.00911103140258618,"Dana_WT","CD34","9"
"ATGCATGAGATGACCG-1-1",0.00167629685821513,"Dana_WT","Gstm1/Ly86","1"
"ATGCATGAGGTCATTC-1-1",0.049179987838436,"Dana_WT","Ly86","0"
"ATGCATGGTACATACC-1-1",2.01400525494246,"Dana_WT","Fcnb","1"
"ATGCATGTCATACGAC-1-1",0.00977489881085813,"Dana_WT","Ly86","0"
"ATGCATGTCATGCGGC-1-1",0.00257424499490266,"Dana_WT","Car1","5"
"ATGCATGTCCTGGTCT-1-1",0.0569385308189114,"Dana_WT","Car1","3"
"ATGCATGTCGGTCTGG-1-1",0.0021964704826718,"Dana_WT","Gstm1/Ly86","7"
"ATGCATGTCTACGCAA-1-1",0.0798116240617075,"Dana_WT","Pf4","3"
"ATGCATGTCTCCGTGT-1-1",0.000382307245024582,"Dana_WT","Ly86","0"
"ATGCATGTCTTGATTC-1-1",0.0898524474802764,"Dana_WT","Gstm1/Ly86","1"
"ATGCCTCAGAAACCCG-1-1",0.036057894716728,"Dana_WT","Ly86","7"
"ATGCCTCAGTGGCAGT-1-1",0.00535640196521614,"Dana_WT","CD34","0"
"ATGCCTCCACAGCTGC-1-1",0.168320533045154,"Dana_WT","Ly86","0"
"ATGCCTCCAGGAATAT-1-1",0.0426520953268732,"Dana_WT","Car1","5"
"ATGCCTCTCCAAACCA-1-1",5.85363401669799,"Dana_WT","Car1","6"
"ATGCCTCTCGTGCACG-1-1",0.699163995668478,"Dana_WT","Car1","5"
"ATGCCTCTCTACGCGG-1-1",0.0179191015603486,"Dana_WT","Prss34","10"
"ATGCCTCTCTCTATAC-1-1",0.0152480044290928,"Dana_WT","Ly86","0"
"ATGCGATAGGGTCACA-1-1",9.41378488972567,"Dana_WT","Hba-a2","6"
"ATGCGATCAGAGATTA-1-1",0.407127307765392,"Dana_WT","Car1","10"
"ATGCGATGTCGTAATC-1-1",0.250811225589102,"Dana_WT","Gstm1/CD63","1"
"ATGCGATGTTAACAGA-1-1",1.26927608938448,"Dana_WT","Gstm1/CD63","1"
"ATGCGATTCAGTCATG-1-1",7.80428130877437,"Dana_WT","Car1","6"
"ATGCGATTCATGACAC-1-1",0.112157821696788,"Dana_WT","Unannotated","7"
"ATGGAGGAGGTTGGTG-1-1",0.0461563061209618,"Dana_WT","Ly86","0"
"ATGGAGGCACCCTATC-1-1",18.2785754555229,"Dana_WT","Ltf","12"
"ATGGAGGCAGTTTCAG-1-1",0.044033280374581,"Dana_WT","CD34","7"
"ATGGAGGGTACTTGTG-1-1",0.0247993959263766,"Dana_WT","Prss34","10"
"ATGGATCAGGTGGCTA-1-1",1.39127556397752,"Dana_WT","Gstm1/CD63","1"
"ATGGATCAGTGTTCAC-1-1",0.00589115132242712,"Dana_WT","Ly86","0"
"ATGGATCCATTATGCG-1-1",0.000290989617063031,"Dana_WT","Ly86","13"
"ATGGATCGTATTTCTC-1-1",0.0353659068865295,"Dana_WT","Pf4","9"
"ATGGATCGTCGCTTGG-1-1",1.24186833559877,"Dana_WT","Gstm1/CD63","13"
"ATGGATCGTTACCCTC-1-1",0.0526798756726926,"Dana_WT","Car1","9"
"ATGGATCTCACCCTGT-1-1",7.06071146745192,"Dana_WT","Car1","6"
"ATGGATCTCATCCCGT-1-1",0.0169571522666294,"Dana_WT","Car1","6"
"ATGGATCTCGCAGTTA-1-1",0.439322616635585,"Dana_WT","Prss34","10"
"ATGGATCTCGCCTTTG-1-1",3.89552826263184e-06,"Dana_WT","Ly86","0"
"ATGGATCTCTACGCAA-1-1",7.49587720948651,"Dana_WT","Car1","6"
"ATGGGAGAGAATTGCA-1-1",0.264658229623735,"Dana_WT","Ly86","0"
"ATGGGAGAGACCATTC-1-1",0.0526799220480291,"Dana_WT","Car1","5"
"ATGGGAGAGCCATGCC-1-1",3.84915292617194e-06,"Dana_WT","Ly86","0"
"ATGGGAGCAAGTGGCA-1-1",0.00433161234602564,"Dana_WT","Car1","11"
"ATGGGAGCAATCAAGA-1-1",0.0135279213927513,"Dana_WT","CD34","0"
"ATGGGAGTCCACCTCA-1-1",0.336908078125228,"Dana_WT","Ly86","0"
"ATGGGAGTCGACCATA-1-1",0.0280472446791604,"Dana_WT","Ly86","0"
"ATGGGAGTCTCGTTTA-1-1",0.0367522537578178,"Dana_WT","Car1","9"
"ATGGGTTAGTTGGCGA-1-1",0.00904611014012358,"Dana_WT","Pf4","9"
"ATGGGTTCACACGTGC-1-1",1.95606864104991,"Dana_WT","Car1","5"
"ATGGGTTGTCTTGAAC-1-1",0.00739653584161459,"Dana_WT","CD34","0"
"ATGGGTTGTGTGGACA-1-1",0.181677628391755,"Dana_WT","Prss34","10"
"ATGGGTTTCATAGCAC-1-1",0.234810900850477,"Dana_WT","Ly86","0"
"ATGGGTTTCATTTCCA-1-1",0.34341601497282,"Dana_WT","Car1","5"
"ATGGGTTTCCTGGGAC-1-1",3.80277758971204e-06,"Dana_WT","Ly86","0"
"ATGGGTTTCGTTGTAG-1-1",0.054460765846533,"Dana_WT","Ly86","7"
"ATGGTTGAGTAAACGT-1-1",0.0526799684233655,"Dana_WT","Car1","5"
"ATGGTTGCACAGCATT-1-1",0.014969429900517,"Dana_WT","Ly86","7"
"ATGGTTGCACTCACTC-1-1",2.4304002907406,"Dana_WT","Car1","5"
"ATGGTTGCAGTCGGTC-1-1",1.30401785642845,"Dana_WT","Car1","5"
"ATGGTTGCATAGGTAA-1-1",0.0606561164532832,"Dana_WT","CD34","0"
"ATGGTTGGTACCTAAC-1-1",0.00433156597068918,"Dana_WT","Car1","11"
"ATGGTTGGTACGTGAG-1-1",4.28626914304835,"Dana_WT","Car1","5"
"ATGGTTGGTGACGTCC-1-1",0.0507735094081447,"Dana_WT","Ly86","0"
"ATGGTTGTCATCTACT-1-1",6.95630046898543e-07,"Dana_WT","Gstm1/CD63","1"
"ATGGTTGTCTTTGCAT-1-1",0.0546639180028152,"Dana_WT","CD34","10"
"ATGTCCCAGCCATGCC-1-1",8.17043786657677,"Dana_WT","Hba-a2","6"
"ATGTCCCGTCGGCTAC-1-1",8.94207788297935,"Dana_WT","Hba-a2","6"
"ATGTCCCGTCGTTTCC-1-1",0.0135946904168978,"Dana_WT","Ly86","0"
"ATGTCCCTCGGAGTAG-1-1",0.052680014798702,"Dana_WT","Car1","5"
"ATGTCCCTCTACCAGA-1-1",1.02300052128182,"Dana_WT","Ly86","0"
"ATGTCTTAGCACCCAC-1-1",0.0761689738906509,"Dana_WT","Ly86","0"
"ATGTCTTAGGGAGTGG-1-1",0.0546009982085206,"Dana_WT","Pf4","9"
"ATGTCTTCAATCTAGC-1-1",0.0309949662673206,"Dana_WT","Ly86","0"
"ATGTCTTCAGGTACGA-1-1",8.94489817625068,"Dana_WT","Hba-a2","6"
"ATGTCTTGTCTACAGT-1-1",1.32966388041971,"Dana_WT","Car1","9"
"ATTACCTAGAGTGTTA-1-1",8.6457004418128,"Dana_WT","Hba-a2","6"
"ATTACCTAGCCGTAAG-1-1",0.00746636229550846,"Dana_WT","Ly86","0"
"ATTACCTAGCCTGTGC-1-1",0.0272056079067204,"Dana_WT","CD34","1"
"ATTACCTAGCTAGCCC-1-1",0.0123065879326278,"Dana_WT","Ly86","0"
"ATTACCTCACCTGCTT-1-1",0.0204491178888073,"Dana_WT","CD34","3"
"ATTACCTCATATGCGT-1-1",0.622628853400104,"Dana_WT","Car1","5"
"ATTACCTGTCACTTCC-1-1",0.16327249745322,"Dana_WT","Ly86","0"
"ATTACCTGTGAGACCA-1-1",0.00691807273576095,"Dana_WT","Car1","9"
"ATTACCTTCTAGCCAA-1-1",0.0978780567323712,"Dana_WT","CD34","10"
"ATTACCTTCTGCCTGT-1-1",0.0526800611740385,"Dana_WT","Car1","9"
"ATTACTCAGAGAGCCT-1-1",0.0526801075493749,"Dana_WT","Car1","5"
"ATTACTCAGATGCAGC-1-1",5.85363406307333,"Dana_WT","Car1","6"
"ATTACTCAGCGCCTAC-1-1",0.0190967865913514,"Dana_WT","Ly86","0"
"ATTACTCAGCTGAGTG-1-1",0.0849848043437775,"Dana_WT","Car1","9"
"ATTACTCCACCTATCC-1-1",0.0526801539247114,"Dana_WT","Car1","5"
"ATTACTCCACCTGCAG-1-1",0.855435451757271,"Dana_WT","Car1","9"
"ATTACTCCAGTAACGG-1-1",8.3150016753724,"Dana_WT","Hba-a2","6"
"ATTACTCCATCATCCC-1-1",2.5254500341801,"Dana_WT","Car1","5"
"ATTACTCGTGCAATAA-1-1",0.270269121280116,"Dana_WT","Unannotated","7"
"ATTATCCAGCCTTGAT-1-1",0.948471478936297,"Dana_WT","Ly86","0"
"ATTATCCAGTCACTGT-1-1",0.0930380953876284,"Dana_WT","Gstm1/CD63","1"
"ATTATCCAGTTTGAGA-1-1",0.36394311249538,"Dana_WT","Ly86","0"
"ATTATCCCAAGAGTTA-1-1",0.00904606376478712,"Dana_WT","Car1","9"
"ATTATCCGTGTCCGTG-1-1",0,"Dana_WT","CD34","0"
"ATTCACTAGAGGCCAT-1-1",0.0503585935715391,"Dana_WT","Ly86","0"
"ATTCACTCAGACTGCC-1-1",0.0206422512869853,"Dana_WT","Car1","10"
"ATTCACTTCACGGTCG-1-1",0.115958670924262,"Dana_WT","Ly86","0"
"ATTCACTTCGATACTG-1-1",0.0526802003000478,"Dana_WT","Car1","5"
"ATTCACTTCGGAACTT-1-1",0.453173893558832,"Dana_WT","Gstm1/Ly86","0"
"ATTCAGGAGCCGTCGT-1-1",0.235352722529936,"Dana_WT","Gstm1/CD63","1"
"ATTCAGGAGGCTCTAT-1-1",6.4925471043864e-07,"Dana_WT","Gstm1/CD63","1"
"ATTCAGGAGGTTGCCC-1-1",0.0526802466753843,"Dana_WT","Car1","5"
"ATTCAGGCAACGGTAG-1-1",0.139601562223123,"Dana_WT","Prss34","10"
"ATTCAGGCAAGTATAG-1-1",0.505445886639064,"Dana_WT","Prss34","10"
"ATTCAGGGTTGTACGT-1-1",0.111898104698071,"Dana_WT","CD34","7"
"ATTCAGGTCATTATCC-1-1",0.0507734630328083,"Dana_WT","Ly86","0"
"ATTCAGGTCGCTTTAT-1-1",0.0200134434076096,"Dana_WT","CD34","0"
"ATTCAGGTCTGTGCTC-1-1",5.85363410944866,"Dana_WT","Car1","5"
"ATTCATCAGCGCACAA-1-1",1.44222825001314,"Dana_WT","Gstm1/CD63","1"
"ATTCATCAGGTCACCC-1-1",4.85804146652887,"Dana_WT","Car1","5"
"ATTCATCAGTCGAATA-1-1",0.00589119769776358,"Dana_WT","Ly86","0"
"ATTCATCCAATTCACG-1-1",0.336845232156878,"Dana_WT","CD34","1"
"ATTCATCCAGTTGGTT-1-1",3.75640225325213e-06,"Dana_WT","Ly86","0"
"ATTCATCTCCACAGGC-1-1",0.0367523001331542,"Dana_WT","Car1","9"
"ATTCATCTCTGATTCT-1-1",0.00228274544399287,"Dana_WT","CD34","10"
"ATTCATCTCTTTGCTA-1-1",0.120438781460943,"Dana_WT","Ly86","0"
"ATTCCATAGACGAAGA-1-1",0.468267877948654,"Dana_WT","Car1","5"
"ATTCCATAGCAAGTCG-1-1",5.85189636602211,"Dana_WT","Car1","5"
"ATTCCATAGGTTGGAC-1-1",0.00704176797864298,"Dana_WT","Ly86","7"
"ATTCCATCAAAGCTCT-1-1",7.95358666635491,"Dana_WT","Car1","6"
"ATTCCATCAAGGTACG-1-1",0.121579987575494,"Dana_WT","Car1","3"
"ATTCCATGTAACTTCG-1-1",2.82138985896394,"Dana_WT","Car1","5"
"ATTCCATGTTGTATGC-1-1",0.0209972885512264,"Dana_WT","Car1","0"
"ATTCCCGAGTTCTACG-1-1",0.511452539292958,"Dana_WT","Ly86","0"
"ATTCCCGCATGACTCA-1-1",0.250705815847943,"Dana_WT","CD34","7"
"ATTCCCGGTACTAGCT-1-1",0.13558958921643,"Dana_WT","CD34","9"
"ATTCCTACACGCTGCA-1-1",8.74606364331965,"Dana_WT","Hba-a2","6"
"ATTCCTAGTATTAAGG-1-1",8.17410537269963,"Dana_WT","Car1","6"
"ATTCCTAGTGGCTACC-1-1",0.70286506483486,"Dana_WT","Car1","5"
"ATTCGTTCACCTCGTT-1-1",0.017041454562494,"Dana_WT","Pf4","9"
"ATTCGTTCACTCCGAG-1-1",0.0541253227722668,"Dana_WT","Car1","3"
"ATTCGTTCAGCTACCG-1-1",1.33555237613178,"Dana_WT","Fcnb","1"
"ATTCGTTCAGCTTCCT-1-1",4.63753364599029e-08,"Dana_WT","Gstm1/Ly86","0"
"ATTCGTTGTCCAAATC-1-1",0.00904601738945066,"Dana_WT","Pf4","9"
"ATTCGTTGTTAAGTCC-1-1",0.056938484443575,"Dana_WT","Car1","3"
"ATTCGTTTCAACCCGG-1-1",0.00569088152709485,"Dana_WT","CD34","0"
"ATTCGTTTCGTCGGGT-1-1",0.0148163833941316,"Dana_WT","Gstm1/Ly86","0"
"ATTCTACAGCTCCCTT-1-1",0.347457670110366,"Dana_WT","Gstm1/Ly86","1"
"ATTCTACAGTGCTCAT-1-1",8.18649025555167,"Dana_WT","Car1","6"
"ATTCTACAGTTTCGGT-1-1",0.316095157738219,"Dana_WT","CD34","7"
"ATTCTACGTCTGCGCA-1-1",9.56429166398216,"Dana_WT","Hba-a2","6"
"ATTCTACTCAGTGTCA-1-1",0.0440333267499174,"Dana_WT","CD34","7"
"ATTCTACTCCGATAGT-1-1",17.4941485115807,"Dana_WT","Ltf","12"
"ATTCTTGAGACGCCCT-1-1",0.874503931167553,"Dana_WT","Car1","5"
"ATTCTTGAGTGCACCC-1-1",0.0231010608317759,"Dana_WT","Ly86","0"
"ATTCTTGCAATCAAGA-1-1",6.02879373978737e-07,"Dana_WT","Gstm1/CD63","1"
"ATTCTTGCACCTGCGA-1-1",0.469890646650244,"Dana_WT","Ly86","0"
"ATTCTTGGTGCAACGA-1-1",0.22890302552411,"Dana_WT","Gstm1/CD63","1"
"ATTCTTGTCCCTATTA-1-1",0.877928277380801,"Dana_WT","CD34","7"
"ATTGGGTAGGTACAAT-1-1",7.10438642138733,"Dana_WT","Car1","6"
"ATTGGGTCACTACACA-1-1",0.161345933234806,"Dana_WT","Car1","5"
"ATTGGGTCAGCAGTAG-1-1",4.63753364599029e-08,"Dana_WT","Car1","9"
"ATTGGGTGTACCGGCT-1-1",8.15582246391778,"Dana_WT","Car1","0"
"ATTGGGTTCAGCGCGT-1-1",0.463936885994674,"Dana_WT","Gstm1/CD63","1"
"ATTGGGTTCTCATTAC-1-1",0.0586970755363407,"Dana_WT","Car1","3"
"ATTGTTCAGGCAGGTT-1-1",5.56504037518835e-07,"Dana_WT","Gstm1/CD63","1"
"ATTGTTCGTGAATTGA-1-1",0.0140590158162477,"Dana_WT","CD34","0"
"ATTGTTCGTTTGAAAG-1-1",0.00584348925164457,"Dana_WT","Gstm1/Ly86","13"
"ATTGTTCTCACCTGTC-1-1",0.0204490715134709,"Dana_WT","CD34","0"
"ATTGTTCTCCCTCGTA-1-1",0.235340159102889,"Dana_WT","CD34","0"
"ATTGTTCTCTCCTACG-1-1",0.0526802930507208,"Dana_WT","Car1","5"
"ATTGTTCTCTGTACAG-1-1",1.26927613575981,"Dana_WT","Gstm1/CD63","1"
"ATTTACCAGAGTTGAT-1-1",0.0123883619341885,"Dana_WT","Prss34","10"
"ATTTACCAGATCACCT-1-1",0.336908124500565,"Dana_WT","Ly86","0"
"ATTTACCAGCAGTAAT-1-1",0.356008890663627,"Dana_WT","Car1","5"
"ATTTACCCAGTTAGGG-1-1",0.218719162134121,"Dana_WT","CD34","7"
"ATTTACCGTACAACGG-1-1",0.00863612702508609,"Dana_WT","Ly86","0"
"ATTTACCGTTATGTCG-1-1",0.0569384380682385,"Dana_WT","Car1","3"
"ATTTACCGTTCTCTAT-1-1",2.15966080695701,"Dana_WT","Gstm1/CD63","1"
"ATTTACCGTTGGGTTT-1-1",8.95501703014453,"Dana_WT","Hba-a2","6"
"ATTTCACAGAACTGAT-1-1",0,"Dana_WT","CD34","9"
"ATTTCACAGACCCGCT-1-1",0,"Dana_WT","Unannotated","7"
"ATTTCACAGCCTGTCG-1-1",0.289234949900203,"Dana_WT","Fcnb","1"
"ATTTCACAGTGGATAT-1-1",0.0367523465084907,"Dana_WT","Car1","9"
"ATTTCACCACTCCACT-1-1",0.00143906750630435,"Dana_WT","Ly86","13"
"ATTTCACCATGGGCAA-1-1",0.336916955359977,"Dana_WT","Ly86","0"
"ATTTCACGTCTGCATA-1-1",0.0828431583764279,"Dana_WT","Ly86","0"
"ATTTCACGTTTCGATG-1-1",0.0744731182553844,"Dana_WT","Ly86","0"
"ATTTCACTCCTCGCAT-1-1",5.10128701058932e-07,"Dana_WT","Gstm1/Ly86","1"
"ATTTCTGAGGTCTGGA-1-1",0.00192485494545513,"Dana_WT","CD34","7"
"ATTTCTGCAAGTACCT-1-1",0.0170415009378304,"Dana_WT","Pf4","9"
"ATTTCTGCACGGGTAA-1-1",0.338645023514036,"Dana_WT","Gstm1/Ly86","1"
"ATTTCTGCAGAATTCC-1-1",0.0844279487893803,"Dana_WT","Ly86","7"
"ATTTCTGCATCATCCC-1-1",0.0578182198628605,"Dana_WT","Ly86","7"
"ATTTCTGCATGATGCT-1-1",0.393856331430431,"Dana_WT","Ly86","0"
"ATTTCTGGTATGAGCG-1-1",0.0453726642259902,"Dana_WT","Ly86","0"
"ATTTCTGGTATGCGTT-1-1",0.180365034777157,"Dana_WT","Gstm1/Ly86","0"
"ATTTCTGGTCGTTGCG-1-1",3.71002691679223e-06,"Dana_WT","Gstm1/Ly86","1"
"CAAAGAACAACCAACT-1-1",0.304631281517703,"Dana_WT","Ly86","0"
"CAAAGAACAATAGTCC-1-1",7.13589149405759,"Dana_WT","Car1","6"
"CAAAGAACAGAACATA-1-1",0.312527526155618,"Dana_WT","Ly86","0"
"CAAAGAAGTGCCTATA-1-1",0.056938391692902,"Dana_WT","Car1","3"
"CAAAGAAGTGCGACAA-1-1",7.49587725586185,"Dana_WT","Car1","6"
"CAAAGAATCATAGACC-1-1",0.0978780103570347,"Dana_WT","CD34","10"
"CAAAGAATCGCAGTCG-1-1",0.173829114938584,"Dana_WT","Car1","5"
"CAAAGAATCGGCCAAC-1-1",1.73188881126025,"Dana_WT","Gstm1/CD63","1"
"CAAAGAATCTGGGATT-1-1",0.00256592281147228,"Dana_WT","Ly86","0"
"CAACAACCAAATGGAT-1-1",7.90991606078582,"Dana_WT","Car1","6"
"CAACAACCATCGTGCG-1-1",0.0402229854144884,"Dana_WT","Gstm1/Ly86","0"
"CAACAACGTCCTGTCT-1-1",0.0526803394260572,"Dana_WT","Car1","5"
"CAACAACGTGCAACGA-1-1",0.0896651753058304,"Dana_WT","Ly86","7"
"CAACAACGTGCATTAC-1-1",0.952380506334624,"Dana_WT","Ly86","0"
"CAACAACTCCTACCAC-1-1",0.267073609030488,"Dana_WT","Ly86","0"
"CAACAACTCGCTTACC-1-1",8.66386263080657,"Dana_WT","Hba-a2","6"
"CAACAGTGTATCGAGG-1-1",0.019198444070295,"Dana_WT","Ly86","0"
"CAACAGTGTTGCAACT-1-1",18.2712676049854,"Dana_WT","Ltf","12"
"CAACAGTGTTGTGTAC-1-1",0.0170415473131669,"Dana_WT","Pf4","9"
"CAACCAAAGCCTCACG-1-1",0.5054459330144,"Dana_WT","Prss34","10"
"CAACCAAAGTGACCTT-1-1",1.31400002669313,"Dana_WT","Gstm1/CD63","1"
"CAACCAAAGTGTTCCA-1-1",6.50703890273663e-05,"Dana_WT","Ly86","13"
"CAACCAACAAAGTATG-1-1",0.203285032988056,"Dana_WT","CD34","9"
"CAACCAACAAATCGTC-1-1",1.2085840179493,"Dana_WT","Gstm1/CD63","1"
"CAACCAAGTAGTTACC-1-1",0.0526803858013937,"Dana_WT","Car1","5"
"CAACCAAGTTCGAAGG-1-1",1.31400007306846,"Dana_WT","Gstm1/CD63","13"
"CAACCAATCAGACCTA-1-1",4.63753364599029e-07,"Dana_WT","Gstm1/CD63","1"
"CAACCAATCGGAAGGT-1-1",0.0233013833329696,"Dana_WT","CD34","7"
"CAACCAATCTCAGAAC-1-1",0.344744689873245,"Dana_WT","Ly86","0"
"CAACCAATCTGTGCGG-1-1",0.0266140028500813,"Dana_WT","CD34","7"
"CAACCAATCTTCCACG-1-1",0.466678816985379,"Dana_WT","Prss34","10"
"CAACCTCAGCGTCAAG-1-1",5.16218468120768,"Dana_WT","Car1","5"
"CAACCTCAGCGTGAGT-1-1",0.0389290443356949,"Dana_WT","CD34","13"
"CAACCTCAGGATAATC-1-1",2.44793388879093,"Dana_WT","Car1","5"
"CAACCTCAGTCACTCA-1-1",0.419836304153379,"Dana_WT","Ly86","0"
"CAACCTCCATGGGCAA-1-1",0.0250571286840349,"Dana_WT","Prss34","10"
"CAACCTCGTGAGCCAA-1-1",0.261784958174595,"Dana_WT","CD34","13"
"CAACCTCGTGGTTTAC-1-1",2.28529361640086,"Dana_WT","Gstm1/CD63","1"
"CAACCTCTCATAGACC-1-1",0.0149693835251805,"Dana_WT","CD34","7"
"CAACCTCTCTCCCATG-1-1",0.0853037379300949,"Dana_WT","CD34","1"
"CAACGATAGCAAATGT-1-1",0.95398622038575,"Dana_WT","Ly86","0"
"CAACGATAGGTCACCC-1-1",0.0526804321767301,"Dana_WT","Pf4","9"
"CAACGATGTGCGGATA-1-1",0.984062849929817,"Dana_WT","Car1","5"
"CAACGATTCCCAGCGA-1-1",3.72262208050651,"Dana_WT","Car1","5"
"CAACGATTCGTGCGAC-1-1",1.3140001194438,"Dana_WT","Gstm1/CD63","1"
"CAACGATTCTAAGCCA-1-1",0.316584130849525,"Dana_WT","Prss34","10"
"CAACGGCAGAGAGGTA-1-1",9.27506729198058e-07,"Dana_WT","CD34","7"
"CAACGGCAGTGGTGGT-1-1",0.0090459710141142,"Dana_WT","Pf4","9"
"CAACGGCCAATACCTG-1-1",7.09005125870323,"Dana_WT","Car1","6"
"CAACGGCGTGACAGCA-1-1",0.0526804785520666,"Dana_WT","Car1","9"
"CAACGGCGTGCTGCAC-1-1",0.00219642410733534,"Dana_WT","CD34","1"
"CAACGGCGTGTTGAGG-1-1",0.0123066343079643,"Dana_WT","CD34","0"
"CAACGGCGTTATGTGC-1-1",0.212438352928009,"Dana_WT","CD34","0"
"CAACGGCTCAGACATC-1-1",1.00389418626126,"Dana_WT","Ly86","13"
"CAACGGCTCCGTTTCG-1-1",0.00254579644360797,"Dana_WT","Ly86","13"
"CAACGGCTCGGCTCTT-1-1",2.18465510270378,"Dana_WT","Gstm1/CD63","1"
"CAAGACTCAAAGCGTG-1-1",0.0389289979603584,"Dana_WT","CD34","13"
"CAAGACTCACCGGAAA-1-1",0.358810215047543,"Dana_WT","Ly86","0"
"CAAGACTCATCCGAAT-1-1",1.02592640577269,"Dana_WT","Gstm1/Ly86","10"
"CAAGACTGTCCTTGTC-1-1",0.936645426191737,"Dana_WT","Gstm1/CD63","1"
"CAAGACTGTTCGATTG-1-1",0.000273212025256431,"Dana_WT","Ly86","0"
"CAAGACTTCACTTCTA-1-1",0.0367523928838271,"Dana_WT","Car1","9"
"CAAGAGGAGAGGTCAC-1-1",1.23822148347941e-05,"Dana_WT","Vpreb1","7"
"CAAGAGGAGCAGTCTT-1-1",0.112592611837784,"Dana_WT","Car1","5"
"CAAGAGGAGGCATTTC-1-1",0.052680524927403,"Dana_WT","Car1","5"
"CAAGAGGCAACCTAAC-1-1",2.31605249257358,"Dana_WT","Fcnb","1"
"CAAGAGGGTAAGTCAA-1-1",0.14869554355026,"Dana_WT","Prss34","10"
"CAAGAGGGTCCGGATC-1-1",0.0136171759758723,"Dana_WT","Ly86","0"
"CAAGAGGGTCGACGCT-1-1",5.853634155824,"Dana_WT","Car1","6"
"CAAGAGGGTGTGAGCA-1-1",0.0526805713027395,"Dana_WT","Car1","5"
"CAAGAGGGTGTTACTG-1-1",0.195972422128211,"Dana_WT","Ly86","0"
"CAAGAGGTCAGCATTG-1-1",0.443948223244499,"Dana_WT","Ly86","0"
"CAAGAGGTCGAGAATA-1-1",0.0243769383138926,"Dana_WT","Ly86","7"
"CAAGCTAAGAGGGCGA-1-1",2.4454661495451,"Dana_WT","Car1","5"
"CAAGCTAAGGTCACCC-1-1",0.0399406855109596,"Dana_WT","Ly86","0"
"CAAGCTAGTATCAAGA-1-1",1.23358394983342e-05,"Dana_WT","Vpreb1","0"
"CAAGCTAGTCATAGTC-1-1",1.22894641618743e-05,"Dana_WT","Fcrla","7"
"CAAGCTAGTGGCTTAT-1-1",0.0123066806833008,"Dana_WT","Ly86","0"
"CAAGCTATCATTGAGC-1-1",0.000897743294122177,"Dana_WT","CD34","7"
"CAAGCTATCGGCTGAC-1-1",0.0274763050706033,"Dana_WT","Car1","6"
"CAAGGGAAGCCACAAG-1-1",0.111199679705781,"Dana_WT","Gstm1/CD63","1"
"CAAGGGACAGTTAGGG-1-1",0.052680617678076,"Dana_WT","Car1","5"
"CAAGGGACATAGTCAC-1-1",0.902731097627574,"Dana_WT","Car1","9"
"CAAGGGAGTATCTTCT-1-1",0.0426520489515367,"Dana_WT","Car1","5"
"CAAGGGAGTTGCCGAC-1-1",0.0151263084448563,"Dana_WT","CD34","0"
"CAATACGAGAGGTCAC-1-1",8.81131392738155e-07,"Dana_WT","Car1","6"
"CAATACGAGGGACAGG-1-1",7.98900534716492,"Dana_WT","Car1","6"
"CAATACGCAGCTACTA-1-1",1.22430888254144e-05,"Dana_WT","Vpreb1","0"
"CAATACGCATGGCACC-1-1",0.235352768905273,"Dana_WT","Gstm1/CD63","1"
"CAATACGGTACCATAC-1-1",4.8852129816207,"Dana_WT","Car1","5"
"CAATACGGTCCAGCAC-1-1",4.17378028139126e-07,"Dana_WT","Gstm1/CD63","1"
"CAATACGTCATCGTAG-1-1",0.227802674582366,"Dana_WT","Gstm1/Ly86","10"
"CAATACGTCCAACTGA-1-1",1.73273189164959,"Dana_WT","Fcnb","1"
"CAATCGACAAGCAGGT-1-1",0.00329973902755731,"Dana_WT","Car1","9"
"CAATCGAGTGAAGCGT-1-1",0.0398015131372632,"Dana_WT","CD34","7"
"CAATCGAGTGTGAATA-1-1",0.347457716485702,"Dana_WT","Gstm1/CD63","1"
"CAATCGATCGTCTAAG-1-1",0.0846723473580082,"Dana_WT","Ly86","0"
"CAATGACAGGAGGGTG-1-1",0.143312095792835,"Dana_WT","Ly86","7"
"CAATGACCAGTATACC-1-1",0.024799442301713,"Dana_WT","Prss34","10"
"CAATGACGTAATACCC-1-1",3.72262212688185,"Dana_WT","Car1","5"
"CAATGACGTGACTGTT-1-1",0.00329978540289377,"Dana_WT","Car1","9"
"CAATGACTCTCGCAGG-1-1",1.03856746013241,"Dana_WT","Fcnb","1"
"CAATTTCCACCTCTAC-1-1",8.14980827918052,"Dana_WT","Hba-a2","6"
"CAATTTCGTCAAGGCA-1-1",8.34756056278252e-07,"Dana_WT","Car1","6"
"CAATTTCGTGGAGAAA-1-1",0.497301669951528,"Dana_WT","Car1","5"
"CAATTTCTCAAGTGTC-1-1",0.00433151959535272,"Dana_WT","Gstm1/Ly86","11"
"CAATTTCTCCGCATAA-1-1",0.505445979389737,"Dana_WT","Prss34","10"
"CACAACAAGCCTAACT-1-1",8.16770914511499,"Dana_WT","Hba-a2","6"
"CACAACACAATTGCGT-1-1",0,"Dana_WT","Ly86","0"
"CACAACACACCTGCTT-1-1",0.410323192331063,"Dana_WT","CD34","0"
"CACAACAGTAGTGCGA-1-1",0.040628670863152,"Dana_WT","Gstm1/CD63","1"
"CACAACAGTCACAATC-1-1",1.21967134889545e-05,"Dana_WT","Vpreb1","7"
"CACAACAGTTTGGGTT-1-1",0.87450397754289,"Dana_WT","Car1","5"
"CACAACATCAAACGTC-1-1",8.64570048818813,"Dana_WT","Hba-a2","6"
"CACAACATCGCGGTAC-1-1",0.110840562231179,"Dana_WT","Ly86","7"
"CACAACATCTAAGCGT-1-1",8.94207792935469,"Dana_WT","Hba-a2","6"
"CACACAACATATTCGG-1-1",0.271970686462496,"Dana_WT","Ly86","13"
"CACACAAGTTGTTGTG-1-1",3.71002691679223e-07,"Dana_WT","Gstm1/CD63","1"
"CACAGATAGCCTATCA-1-1",0,"Dana_WT","Car1","5"
"CACAGATAGGTAAGTT-1-1",7.01310585818215,"Dana_WT","Car1","6"
"CACAGATAGGTGCTTT-1-1",0.685666347766277,"Dana_WT","Prss34","10"
"CACAGATAGTCAACAA-1-1",0.949797885586541,"Dana_WT","Ly86","0"
"CACAGATAGTCAATCC-1-1",1.02931759245256,"Dana_WT","Gstm1/CD63","1"
"CACAGATCACTCCGGA-1-1",2.72080689399274,"Dana_WT","Car1","5"
"CACAGATTCGTGGCTG-1-1",0.947375442384397,"Dana_WT","Ly86","0"
"CACAGGCAGGACGGAG-1-1",1.21503381524946e-05,"Dana_WT","Cd74","15"
"CACAGGCAGGGCAATC-1-1",1.63199955515256,"Dana_WT","Car1","5"
"CACAGGCAGGTGCAGT-1-1",1.27779074848734,"Dana_WT","CD34","10"
"CACAGGCCAGTAACCT-1-1",0.0170415936885033,"Dana_WT","Pf4","9"
"CACAGGCGTCTGATCA-1-1",0.0170416400638398,"Dana_WT","Pf4","9"
"CACAGGCGTGCAACGA-1-1",0.812677367430972,"Dana_WT","Car1","5"
"CACAGGCTCATAGAGA-1-1",0.038928951585022,"Dana_WT","Ly86","13"
"CACAGGCTCGAGATGG-1-1",0.430207557467355,"Dana_WT","Ly86","0"
"CACAGGCTCGGTATGT-1-1",10.1762156330905,"Dana_WT","Hba-a2","6"
"CACATGAAGATCACCT-1-1",0.154248735632514,"Dana_WT","Ly86","0"
"CACATGAAGGAGGTTC-1-1",1.48183088154066,"Dana_WT","Gstm1/CD63","1"
"CACATGACAACGGTAG-1-1",0.0526806640534124,"Dana_WT","Car1","5"
"CACATGAGTCGATTAC-1-1",1.3937534979542,"Dana_WT","Car1","5"
"CACCAAACAAACCATC-1-1",0.449245374445167,"Dana_WT","CD34","0"
"CACCAAACAAGATTGA-1-1",1.06317500182348,"Dana_WT","Car1","5"
"CACCAAACAATACGAA-1-1",7.89599701694447,"Dana_WT","Hba-a2","6"
"CACCAAACACCTGCAG-1-1",2.15860609780097,"Dana_WT","Gstm1/CD63","1"
"CACCAAATCGATACGT-1-1",0.00167634323355159,"Dana_WT","Gstm1/CD63","1"
"CACCAAATCTAAGCCA-1-1",10.3681902419892,"Dana_WT","Hba-a2","6"
"CACCGTTAGAAACCAT-1-1",0.172673307682933,"Dana_WT","Gstm1/CD63","1"
"CACCGTTAGATGGTAT-1-1",0.00551401783529437,"Dana_WT","Prss34","10"
"CACCGTTCACAAAGTA-1-1",0.129129800433763,"Dana_WT","Car1","5"
"CACCGTTCACATGACT-1-1",1.18312624377427,"Dana_WT","Gstm1/CD63","1"
"CACCGTTCACCCTTAC-1-1",0.0385253562411403,"Dana_WT","CD34","0"
"CACCGTTCAGCTTCGG-1-1",1.21039628160347e-05,"Dana_WT","Cd74","15"
"CACCGTTGTCACTCGG-1-1",0.388222300895555,"Dana_WT","Car1","5"
"CACCGTTTCACATACG-1-1",0.0973819518244641,"Dana_WT","CD34","0"
"CACCGTTTCGCTAATG-1-1",0.00636236673496549,"Dana_WT","Car1","10"
"CACGAATAGAACAAGG-1-1",0.0170416864391763,"Dana_WT","Unannotated","9"
"CACGAATAGGTTCTTG-1-1",0.0526807104287489,"Dana_WT","Car1","5"
"CACGAATCAGAACTTC-1-1",0.00142262781551405,"Dana_WT","Ly86","0"
"CACGAATCAGACTCTA-1-1",0.004427791445618,"Dana_WT","CD34","7"
"CACGAATCAGGCATTT-1-1",1.66296007435846,"Dana_WT","Car1","5"
"CACGAATCAGTGAGCA-1-1",5.0859683181751,"Dana_WT","Car1","6"
"CACGAATCATAGATGA-1-1",2.02042194345726,"Dana_WT","Car1","5"
"CACGAATGTAACATAG-1-1",10.1762156794658,"Dana_WT","Hba-a2","6"
"CACGAATGTGAAGCGT-1-1",10.3681902883646,"Dana_WT","Hba-a2","6"
"CACGAATGTTCGAGCC-1-1",0.874504023918226,"Dana_WT","Car1","5"
"CACGAATGTTGGTGTT-1-1",0.0170417328145127,"Dana_WT","Pf4","9"
"CACGAATTCAGCCTCT-1-1",0,"Dana_WT","Ly86","0"
"CACGGGTAGCGTGCTC-1-1",0.0233891332948567,"Dana_WT","Car1","11"
"CACGGGTCACGGCACT-1-1",0.0623071704587008,"Dana_WT","Car1","11"
"CACGGGTGTATAGGGC-1-1",0.0247994886770495,"Dana_WT","Prss34","10"
"CACGGGTGTCATAACC-1-1",0.280843694215132,"Dana_WT","CD34","0"
"CACGGGTGTCGGTGTC-1-1",5.85363420219934,"Dana_WT","Car1","6"
"CACGGGTGTGAATATG-1-1",0.226482008773534,"Dana_WT","CD34","7"
"CACGGGTGTGTCTCCT-1-1",0.600898384376184,"Dana_WT","Gstm1/Ly86","0"
"CACGTGGAGGTATTGA-1-1",4.63753364599029e-08,"Dana_WT","Ly86","1"
"CACGTGGAGTTACGGG-1-1",0.181849043113072,"Dana_WT","Gstm1/CD63","1"
"CACGTGGCAGTCGAGA-1-1",0.0637225146360197,"Dana_WT","Car1","5"
"CACGTGGGTGAATGTA-1-1",8.18426646729648,"Dana_WT","Car1","6"
"CACGTGGGTGTCCACG-1-1",0.176742616532851,"Dana_WT","Car1","5"
"CACGTGGTCCATTTGT-1-1",0.140552542080635,"Dana_WT","Gstm1/CD63","1"
"CACGTTCAGAAACTAC-1-1",0.0111722159290388,"Dana_WT","Prss34","10"
"CACGTTCAGGTTAAAC-1-1",7.21732738887887,"Dana_WT","Car1","6"
"CACGTTCAGTCTTCCC-1-1",0.95582746575609,"Dana_WT","Fcnb","1"
"CACGTTCAGTTTGTCG-1-1",4.19632210425777,"Dana_WT","Car1","5"
"CACGTTCCACAGCTTA-1-1",1.20575874795747e-05,"Dana_WT","Ly86","11"
"CACGTTCCATGTGACT-1-1",7.49587730223719,"Dana_WT","Car1","6"
"CACGTTCGTAGCGATG-1-1",0.470169087583056,"Dana_WT","Car1","5"
"CACGTTCGTCCAGGTC-1-1",0.0653102027758659,"Dana_WT","Car1","3"
"CACGTTCGTCTGTCCT-1-1",3.36754254598199,"Dana_WT","Car1","5"
"CACGTTCTCTAGGCAT-1-1",8.81131392738155e-07,"Dana_WT","Ly86","7"
"CACGTTCTCTGAACGT-1-1",0.902731144002911,"Dana_WT","Car1","5"
"CACTAAGAGCACTCGC-1-1",17.6525214080606,"Dana_WT","Ltf","12"
"CACTAAGCAGTCTTCC-1-1",0.0526807568040853,"Dana_WT","Car1","9"
"CACTAAGGTGAGCAGT-1-1",3.66365158033233e-06,"Dana_WT","Gstm1/Ly86","0"
"CACTAAGTCATTTCGT-1-1",0.0979221628770748,"Dana_WT","Ly86","0"
"CACTGAAAGTAGATCA-1-1",0.0812392836656893,"Dana_WT","Car1","5"
"CACTGAAGTATGGTTC-1-1",1.20112121431148e-05,"Dana_WT","Cd74","15"
"CACTGAAGTCAAAGCG-1-1",7.88380719818349e-07,"Dana_WT","Car1","3"
"CACTGAAGTGTTTACG-1-1",1.26927618213515,"Dana_WT","Gstm1/CD63","1"
"CACTGAATCAGAGCGA-1-1",0.00329983177823023,"Dana_WT","Car1","9"
"CACTGAATCTGGGCGT-1-1",0.0389289052096855,"Dana_WT","CD34","7"
"CACTGGGCAGGCTATT-1-1",0.0526808031794218,"Dana_WT","Car1","5"
"CACTGGGCATCGAACT-1-1",4.04582353995073,"Dana_WT","Car1","5"
"CACTGGGGTGAATGTA-1-1",0.00433147322001626,"Dana_WT","CD34","10"
"CACTGGGGTGAGAGGG-1-1",0.0749025481003778,"Dana_WT","CD34","9"
"CACTGGGTCAGGTGTT-1-1",0.0204490251381344,"Dana_WT","CD34","0"
"CACTGGGTCGATGCTA-1-1",4.88311340533347,"Dana_WT","Car1","5"
"CACTGGGTCTTGGATG-1-1",1.08006499141557,"Dana_WT","Ly86","0"
"CACTGTCAGACCTCCG-1-1",0.0382607647227022,"Dana_WT","Ly86","0"
"CACTGTCCAATCCTAG-1-1",0.0063812178181164,"Dana_WT","Gstm1/CD63","1"
"CACTGTCCAGCGTAGA-1-1",3.2462735521932e-07,"Dana_WT","Gstm1/CD63","1"
"CACTGTCGTGCCTATA-1-1",1.19648368066549e-05,"Dana_WT","Fcrla","7"
"CACTGTCGTTCCTAAG-1-1",1.60433588065264,"Dana_WT","Car1","5"
"CACTGTCTCATTACCT-1-1",1.6319996015279,"Dana_WT","Car1","5"
"CACTTCGAGCCTGGAA-1-1",0.125333477703473,"Dana_WT","Car1","5"
"CACTTCGAGCGCTTCG-1-1",0.0352471680454194,"Dana_WT","Pf4","11"
"CACTTCGCAATCGCCG-1-1",0.0776704041343419,"Dana_WT","CD34","0"
"CACTTCGCAATCGTCA-1-1",0.0169571986419659,"Dana_WT","Car1","3"
"CACTTCGGTTCACGAT-1-1",0.0367524392591636,"Dana_WT","Car1","9"
"CACTTCGTCAAAGCCT-1-1",0.245807598905109,"Dana_WT","Car1","3"
"CACTTCGTCACCTGTC-1-1",0.377380891312407,"Dana_WT","Gstm1/Ly86","0"
"CACTTCGTCAGGAGAC-1-1",1.00884965363908,"Dana_WT","Car1","5"
"CACTTCGTCATGCATG-1-1",0.0705985212464251,"Dana_WT","CD34","0"
"CAGAGCCAGTTAGTGA-1-1",0.349425464920589,"Dana_WT","Gstm1/CD63","1"
"CAGAGCCCACATGAAA-1-1",0.0204489787627979,"Dana_WT","CD34","0"
"CAGAGCCGTTAACAGA-1-1",0.0530909474417645,"Dana_WT","Ly86","0"
"CAGAGCCTCCTGTTAT-1-1",0.0526808495547583,"Dana_WT","Car1","5"
"CAGAGCCTCGACGACC-1-1",0.438346523724384,"Dana_WT","CD34","1"
"CAGAGCCTCTAGCCAA-1-1",0.0043314268446798,"Dana_WT","Car1","11"
"CAGATACAGACATCCT-1-1",3.09574801020749,"Dana_WT","Car1","5"
"CAGATACAGCTGAGTG-1-1",0.0170417791898492,"Dana_WT","Pf4","9"
"CAGATACAGGTCGAGT-1-1",0.0412783609847205,"Dana_WT","CD34","0"
"CAGATACAGTGCCTCG-1-1",7.93401572215856,"Dana_WT","Hba-a2","6"
"CAGATACCACAGAGAC-1-1",0.0526808959300947,"Dana_WT","Car1","5"
"CAGATACCACTCAGAT-1-1",6.5904020216418,"Dana_WT","Car1","6"
"CAGATACGTGAGGATC-1-1",0.275784208003245,"Dana_WT","CD34","10"
"CAGATACGTGCCTACG-1-1",0.356419791003451,"Dana_WT","Car1","9"
"CAGATACGTTCCTTGC-1-1",0.952947466637502,"Dana_WT","Ly86","0"
"CAGATACTCATGCGGC-1-1",1.1831262901496,"Dana_WT","Gstm1/CD63","1"
"CAGATACTCCTACGGG-1-1",5.10128701058932e-07,"Dana_WT","Fcnb","1"
"CAGATCACAATTGTGC-1-1",1.95668411658231,"Dana_WT","Fcnb","1"
"CAGATCACATCATCCC-1-1",0.269423047106067,"Dana_WT","Prss34","10"
"CAGATCAGTTGCATTG-1-1",8.34756056278252e-07,"Dana_WT","Prss34","13"
"CAGATCAGTTGCCAAT-1-1",0.00904592463877774,"Dana_WT","Pf4","9"
"CAGATCAGTTTAGAGA-1-1",0.00577118374225316,"Dana_WT","Gstm1/CD63","10"
"CAGATTGAGTCGTTAC-1-1",0.0204489323874615,"Dana_WT","CD34","0"
"CAGATTGCAAGATGGC-1-1",8.84463615956273,"Dana_WT","Hba-a2","6"
"CAGATTGCATAGACTC-1-1",0.376062729759736,"Dana_WT","Ly86","0"
"CAGATTGTCATTCGGA-1-1",0.10880981342191,"Dana_WT","Ly86","0"
"CAGATTGTCGTCTCAC-1-1",0.00589124407310004,"Dana_WT","Ly86","0"
"CAGCAATAGCAACTTC-1-1",0.0440333731252539,"Dana_WT","CD34","7"
"CAGCAATAGGATTTAG-1-1",0.147315213656572,"Dana_WT","Gstm1/Ly86","0"
"CAGCAATAGTGGCAGT-1-1",0.07443052287415,"Dana_WT","Car1","5"
"CAGCAATGTACGCGTC-1-1",0.0526809423054312,"Dana_WT","Car1","5"
"CAGCAATGTCTGTCCT-1-1",0.0569383453175656,"Dana_WT","Unannotated","3"
"CAGCAATTCGGCTGTG-1-1",0.00433138046934334,"Dana_WT","Fcnb","11"
"CAGCACGAGTGGAAAG-1-1",0.0897574986591416,"Dana_WT","Gstm1/CD63","1"
"CAGCACGCAACCGATT-1-1",0.0526809886807676,"Dana_WT","Car1","9"
"CAGCACGGTATAGGAT-1-1",0.902731190378247,"Dana_WT","Car1","5"
"CAGCACGTCGGTAAGG-1-1",1.1918461470195e-05,"Dana_WT","Ccl5","7"
"CAGCACGTCTAAGGAA-1-1",0.12709081785677,"Dana_WT","Prss34","10"
"CAGCACGTCTACTGAG-1-1",0.358654774622285,"Dana_WT","CD34","9"
"CAGCAGCAGAAGTATC-1-1",0,"Dana_WT","Gstm1/Ly86","0"
"CAGCAGCCAATTCTCT-1-1",0.0526810350561041,"Dana_WT","Car1","5"
"CAGCAGCCACCTGATA-1-1",1.26613437562015,"Dana_WT","Gstm1/CD63","1"
"CAGCAGCCAGGGATAC-1-1",5.57641683982503,"Dana_WT","Hba-a2","5"
"CAGCAGCGTCCTTGTC-1-1",1.14756206745093,"Dana_WT","CD34","10"
"CAGCAGCGTGACATCT-1-1",1.18720861337351e-05,"Dana_WT","Cd74","15"
"CAGCAGCGTTACCTTT-1-1",0.0542746796505815,"Dana_WT","Ly86","0"
"CAGCAGCTCGCGTTTC-1-1",0.0526810814314406,"Dana_WT","Car1","5"
"CAGCAGCTCGCTAAAC-1-1",0.10220309789147,"Dana_WT","Ly86","7"
"CAGCAGCTCGTGGGAA-1-1",8.19264801032374,"Dana_WT","Hba-a2","6"
"CAGCCAGAGAAACTAC-1-1",7.31033682883573,"Dana_WT","Hba-a2","6"
"CAGCCAGAGAGCAGAA-1-1",0.0309091517627169,"Dana_WT","Prss34","10"
"CAGCCAGGTGGTCAAG-1-1",0.345181262702384,"Dana_WT","Ly86","0"
"CAGCCAGTCGAGAGAC-1-1",3.61727624387242e-06,"Dana_WT","Ly86","0"
"CAGCCAGTCGCACGGT-1-1",0.874504070293563,"Dana_WT","Car1","5"
"CAGCGTGAGCACCAGA-1-1",0.000501886133118745,"Dana_WT","C1qb","0"
"CAGCGTGAGGGCAATC-1-1",7.42005383358446e-07,"Dana_WT","CD34","3"
"CAGCGTGCAATGACCT-1-1",2.78252018759417e-07,"Dana_WT","Gstm1/CD63","1"
"CAGCGTGCAGGGTCTC-1-1",0.0522481307082326,"Dana_WT","CD34","0"
"CAGCGTGGTATTTCTC-1-1",3.57090090741252e-06,"Dana_WT","CD34","1"
"CAGCGTGGTCCCTAAA-1-1",0.407041981234285,"Dana_WT","Ly86","0"
"CAGCGTGGTCTTAGTG-1-1",1.27434198416512,"Dana_WT","Gstm1/CD63","1"
"CAGGCCAAGTAGCATA-1-1",0.755154425015742,"Dana_WT","Prss34","10"
"CAGGCCAAGTATGGAT-1-1",0.947375488759733,"Dana_WT","Ly86","0"
"CAGGCCAAGTCTAACC-1-1",1.63199964790323,"Dana_WT","Car1","5"
"CAGGCCAAGTGTTGTC-1-1",1.10240920556104,"Dana_WT","Car1","13"
"CAGGCCACACAAGCTT-1-1",0.0149216796205096,"Dana_WT","Ly86","0"
"CAGGCCACATTCGATG-1-1",2.31876682299514e-07,"Dana_WT","Gstm1/CD63","1"
"CAGGCCAGTAACCCTA-1-1",0.106961957410935,"Dana_WT","CD34","0"
"CAGGCCATCACACCGG-1-1",0.052681127806777,"Dana_WT","Car1","5"
"CAGGCCATCGGTGAAG-1-1",8.64570053456347,"Dana_WT","Hba-a2","6"
"CAGGCCATCTGTGTGA-1-1",0.00867611912079191,"Dana_WT","Gstm1/Ly86","0"
"CAGGGCTAGACTTGTC-1-1",0.0526811741821135,"Dana_WT","Car1","9"
"CAGGGCTAGCATCAGG-1-1",0.818397595700158,"Dana_WT","Ly86","0"
"CAGGGCTCAGATTCGT-1-1",0.159402631577628,"Dana_WT","Prss34","10"
"CAGGGCTCATGAAAGT-1-1",2.1586061441763,"Dana_WT","Fcnb","1"
"CAGGGCTGTAACGCGA-1-1",0.264019084410358,"Dana_WT","Gstm1/CD63","10"
"CAGGGCTGTGATGGCA-1-1",0.0526812205574499,"Dana_WT","Car1","5"
"CAGGGCTTCCAAGCAT-1-1",8.81068397022037,"Dana_WT","Hba-a2","6"
"CAGGTATAGATGCCGA-1-1",0.444120156369481,"Dana_WT","Car1","5"
"CAGGTATAGCGTTCAT-1-1",0.114722971701927,"Dana_WT","CD34","0"
"CAGGTATAGTAAGGGA-1-1",8.0142058597812,"Dana_WT","Hba-a2","6"
"CAGGTATCAAGACAAT-1-1",0.0235023945946897,"Dana_WT","Ly86","0"
"CAGGTATGTAGCTGAG-1-1",1.27779079486267,"Dana_WT","CD34","10"
"CAGGTATGTCGTCTCT-1-1",0.108836884688205,"Dana_WT","Ly86","0"
"CAGGTATGTGCAATAA-1-1",0.176434445312533,"Dana_WT","Ly86","0"
"CAGGTATTCAAGCCTA-1-1",0.126912132391327,"Dana_WT","Car1","10"
"CAGGTATTCTCGGGAC-1-1",7.94326616908607,"Dana_WT","Car1","6"
"CAGTGCGCACCAGCTG-1-1",3.72262217325718,"Dana_WT","Car1","5"
"CAGTGCGGTCTCTCAC-1-1",0.00329987815356669,"Dana_WT","Car1","9"
"CAGTGCGGTGGAAGTC-1-1",0.107099605633441,"Dana_WT","Prss34","10"
"CAGTGCGTCTGTCTCG-1-1",1.18257107972752e-05,"Dana_WT","Cd74","15"
"CAGTTAGAGAAGTCAT-1-1",0.00132003558391858,"Dana_WT","CD34","0"
"CAGTTAGCACAAGTGG-1-1",4.1347942397649,"Dana_WT","Car1","5"
"CAGTTAGCAGGAATCG-1-1",2.72080694036808,"Dana_WT","Car1","5"
"CAGTTCCAGGGTACGT-1-1",0.0440334195005904,"Dana_WT","CD34","7"
"CAGTTCCCAATACAGA-1-1",0.00524173184645754,"Dana_WT","Prss34","10"
"CAGTTCCCACGTAGTT-1-1",0.038928858834349,"Dana_WT","Ly86","13"
"CAGTTCCGTACTAGCT-1-1",4.63753364599029e-08,"Dana_WT","Ly86","0"
"CAGTTCCGTGCTGATT-1-1",0.00106265838314901,"Dana_WT","Ly86","0"
"CAGTTCCGTGGTCAAG-1-1",0.00687864756025558,"Dana_WT","Prss34","10"
"CATAAGCAGAAGGCTC-1-1",0.0461808305763905,"Dana_WT","CD34","7"
"CATAAGCAGAATCCCT-1-1",0.0450852204115608,"Dana_WT","Ly86","0"
"CATAAGCAGCGACTTT-1-1",0.00913031702478628,"Dana_WT","Ly86","0"
"CATAAGCAGTCCTGCG-1-1",1.48401076671689e-06,"Dana_WT","Ly86","0"
"CATAAGCCATGTCGTA-1-1",1.33406107074796,"Dana_WT","Fcnb","1"
"CATAAGCGTTAAGGAT-1-1",0.00830748075984511,"Dana_WT","CD34","10"
"CATAAGCTCTCGGTCT-1-1",0.0440334658759268,"Dana_WT","CD34","7"
"CATAAGCTCTTCCCGA-1-1",0.0367524856345001,"Dana_WT","Car1","9"
"CATACAGAGTCTTCCC-1-1",0.0536572066746864,"Dana_WT","Gstm1/Ly86","0"
"CATACAGCACCGTCGA-1-1",0.0440335122512633,"Dana_WT","CD34","7"
"CATACAGCATAGGTTC-1-1",0.186395243525684,"Dana_WT","Car1","9"
"CATACAGGTCCGGACT-1-1",0.00219637773199888,"Dana_WT","CD34","1"
"CATACAGGTCGCATTA-1-1",0.020448886012125,"Dana_WT","CD34","0"
"CATACAGGTGTTACAC-1-1",0.14916230474425,"Dana_WT","Prss34","10"
"CATACAGTCCAGCACG-1-1",0.799437177444267,"Dana_WT","Car1","5"
"CATACAGTCCTGGGTG-1-1",0.0978779639816982,"Dana_WT","Unannotated","10"
"CATACAGTCGAGATAA-1-1",0.0204453234144668,"Dana_WT","CD34","7"
"CATACCCAGCATGATA-1-1",0.883596296778781,"Dana_WT","CD34","7"
"CATACCCCAAATCGGG-1-1",0.344997564076104,"Dana_WT","Car1","5"
"CATACCCCACCCTATC-1-1",0.0134539243521148,"Dana_WT","Ly86","1"
"CATACCCCAGCAGATG-1-1",0.163094438651024,"Dana_WT","Pf4","9"
"CATACCCCATGTCTAG-1-1",2.73832008395599,"Dana_WT","Car1","5"
"CATACCCGTTTACTTC-1-1",0.0158544222607089,"Dana_WT","CD34","7"
"CATACCCTCACGAACT-1-1",0.0426520025762003,"Dana_WT","Car1","5"
"CATACCCTCCCTCTCC-1-1",0.0149693371498441,"Dana_WT","Ly86","7"
"CATACCCTCCGTAATG-1-1",9.57937078133848,"Dana_WT","Hba-a2","6"
"CATACCCTCGCGAAGA-1-1",0.0123067270586372,"Dana_WT","Ly86","0"
"CATACCCTCGGCTGTG-1-1",0.452426803553177,"Dana_WT","Prss34","10"
"CATACCCTCGTAACCA-1-1",0.00405693782669214,"Dana_WT","Ly86","0"
"CATACTTAGCTGAGTG-1-1",0.0585635603975705,"Dana_WT","CD34","7"
"CATACTTCAGCACACC-1-1",0.0389288124590126,"Dana_WT","Ly86","13"
"CATACTTTCATTCTTG-1-1",0.0369904465058588,"Dana_WT","Ly86","0"
"CATACTTTCCTTATCA-1-1",0.0603605850408727,"Dana_WT","CD34","10"
"CATACTTTCGAGAGCA-1-1",0.0204488396367886,"Dana_WT","CD34","0"
"CATAGACAGACGACTG-1-1",0.0526812669327864,"Dana_WT","Car1","9"
"CATAGACAGAGGGCGA-1-1",0.253784645156169,"Dana_WT","CD34","7"
"CATAGACAGCGTATGG-1-1",0.0195287384391505,"Dana_WT","Ly86","0"
"CATAGACCAACTACGT-1-1",1.85501345839612e-07,"Dana_WT","Gstm1/CD63","1"
"CATAGACCACCGAATT-1-1",7.49587734861252,"Dana_WT","Car1","6"
"CATAGACCACTTCAGA-1-1",0.0204487932614521,"Dana_WT","CD34","0"
"CATAGACCATGTGCTA-1-1",5.16229491799952,"Dana_WT","Car1","5"
"CATAGACGTGCGAGTA-1-1",4.21044872486533,"Dana_WT","Car1","5"
"CATAGACTCAAGTCTG-1-1",1.17793354608153e-05,"Dana_WT","C1qb","7"
"CATAGACTCACGATCA-1-1",0.0418809216101614,"Dana_WT","Gstm1/CD63","7"
"CATCAAGAGAACTCCT-1-1",0.271970732837832,"Dana_WT","CD34","7"
"CATCAAGAGCACTAAA-1-1",18.2785755018982,"Dana_WT","Ltf","12"
"CATCAAGAGTGGTTGG-1-1",0.0783193628128496,"Dana_WT","Prss34","10"
"CATCAAGCACCGCTGA-1-1",0.0409210535734132,"Dana_WT","Prg2","10"
"CATCAAGCACGGCCAT-1-1",0.0404420038057882,"Dana_WT","CD34","7"
"CATCAAGCACGTTCGG-1-1",0.379871770353887,"Dana_WT","Gstm1/Ly86","0"
"CATCAAGCAGCAGAAC-1-1",2.1910897566319,"Dana_WT","Fcnb","1"
"CATCAAGGTTGAGGAC-1-1",0.00356751956863,"Dana_WT","Ly86","0"
"CATCAAGGTTGTCATG-1-1",0.171812696794011,"Dana_WT","CD34","7"
"CATCCACAGCTAGCCC-1-1",0.0183293903526125,"Dana_WT","Car1","0"
"CATCCACAGTAGCCAG-1-1",0.827833544461697,"Dana_WT","Fcnb","1"
"CATCCACTCATTGCCC-1-1",2.72080698674341,"Dana_WT","Car1","5"
"CATCCACTCGCCTCTA-1-1",7.1063403498029,"Dana_WT","Car1","6"
"CATCCACTCTACGCGG-1-1",7.49587739498786,"Dana_WT","Car1","5"
"CATCCCACAAGTAGTA-1-1",1.17329601243554e-05,"Dana_WT","Cd74","15"
"CATCCCACAGGAATCG-1-1",0.00888535730462836,"Dana_WT","CD34","0"
"CATCCCAGTAGCGTCC-1-1",0.0971512102268507,"Dana_WT","Pf4","9"
"CATCCCAGTATCCTCC-1-1",0.470775337728545,"Dana_WT","Car1","5"
"CATCCCAGTTGCGGAA-1-1",3.72262221963252,"Dana_WT","Car1","5"
"CATCCCATCGTAACTG-1-1",0.286246551498847,"Dana_WT","CD34","0"
"CATCCGTAGCTAGAAT-1-1",5.85363424857467,"Dana_WT","Car1","6"
"CATCCGTAGCTCTATG-1-1",0.0569382989422291,"Dana_WT","Car1","3"
"CATCCGTGTAGAATAC-1-1",0.0675836162883319,"Dana_WT","CD34","0"
"CATCCGTGTCAACCTA-1-1",0.107852378463618,"Dana_WT","Ly86","7"
"CATCCGTGTTTGTTCT-1-1",1.39126009379709e-07,"Dana_WT","Gstm1/CD63","1"
"CATCCGTTCTGTCCCA-1-1",8.37992739265109,"Dana_WT","Hba-a2","6"
"CATCGCTAGAGTCAAT-1-1",0.058563606772907,"Dana_WT","CD34","7"
"CATCGCTAGCCACCGT-1-1",0.210620616875001,"Dana_WT","CD34","0"
"CATCGCTAGCGAGTCA-1-1",0.133149459197219,"Dana_WT","Ly86","0"
"CATCGCTAGCTTACGT-1-1",0.460613033900416,"Dana_WT","Prss34","10"
"CATCGCTCAGCCGTTG-1-1",0.447237786476813,"Dana_WT","Prss34","10"
"CATCGCTCAGCGACCT-1-1",0.0832478070509886,"Dana_WT","Prss34","10"
"CATCGCTGTTAGAAGT-1-1",0.949419573776862,"Dana_WT","Ly86","0"
"CATCGCTTCATTCTTG-1-1",1.52282377334864,"Dana_WT","Car1","5"
"CATCGGGCATGCTGCG-1-1",1.43763543025699e-06,"Dana_WT","Ly86","1"
"CATCGGGGTCGATTTG-1-1",0.456641942303131,"Dana_WT","Gstm1/Ly86","0"
"CATCGGGTCACGATCA-1-1",0.147654333898078,"Dana_WT","CD34","0"
"CATCGGGTCCGATGTA-1-1",0.0502357063599702,"Dana_WT","Ly86","0"
"CATCGGGTCTTTCAGT-1-1",0.00904587826344128,"Dana_WT","Pf4","9"
"CATCGTCAGAGCAGCT-1-1",0.356008937038964,"Dana_WT","Car1","5"
"CATCGTCAGATGATTG-1-1",0.902731236753584,"Dana_WT","Car1","9"
"CATCGTCAGGCATCGA-1-1",3.36754259235733,"Dana_WT","Car1","5"
"CATCGTCCAGGCAATG-1-1",1.51747785626127,"Dana_WT","Car1","5"
"CATCGTCCAGGGTCTC-1-1",0.0978779176063618,"Dana_WT","Prss34","10"
"CATCGTCCATGGCCCA-1-1",0.687817925996985,"Dana_WT","Ly86","0"
"CATCGTCGTAGACGGT-1-1",0.0507734166574718,"Dana_WT","Ly86","0"
"CATCGTCGTGGAACCA-1-1",0.0526813133081229,"Dana_WT","Car1","5"
"CATCGTCGTTGTGGCC-1-1",0.0170418255651856,"Dana_WT","Pf4","9"
"CATCGTCTCCATCTCG-1-1",0.366122834900801,"Dana_WT","CD34","0"
"CATGAGTAGCAAGTGC-1-1",0.129007523415239,"Dana_WT","Car1","9"
"CATGAGTCAGCGCGTT-1-1",0.00904583188810482,"Dana_WT","Pf4","9"
"CATGAGTGTCAACATC-1-1",6.95630046898543e-07,"Dana_WT","Car1","6"
"CATGAGTGTGCCTATA-1-1",8.4828857361194,"Dana_WT","Hba-a2","6"
"CATGAGTGTGCGGTAA-1-1",0.0204487468861156,"Dana_WT","CD34","0"
"CATGAGTTCCATTGCC-1-1",0.245883601047949,"Dana_WT","CD34","7"
"CATGAGTTCCTCTAAT-1-1",0.188288762626173,"Dana_WT","Ly86","0"
"CATGAGTTCGAGAACG-1-1",0.0091493247073422,"Dana_WT","CD34","0"
"CATGAGTTCTCCTGAC-1-1",0.289234996275539,"Dana_WT","Gstm1/CD63","1"
"CATGAGTTCTTTGCGC-1-1",0.00219633135666242,"Dana_WT","CD34","7"
"CATGCAAAGCCATATC-1-1",1.18312633652494,"Dana_WT","Gstm1/CD63","1"
"CATGCAACACCATTCC-1-1",0.0426519562008638,"Dana_WT","Car1","5"
"CATGCAACATATCTCT-1-1",0.0389287660836761,"Dana_WT","Gstm1/Ly86","13"
"CATGCAAGTCAAAGAT-1-1",7.4958774413632,"Dana_WT","Car1","6"
"CATGCAAGTCACATTG-1-1",0.00675885703682155,"Dana_WT","Fcnb","1"
"CATGCAATCAGCTGTA-1-1",0.00219628498132596,"Dana_WT","Gstm1/Ly86","7"
"CATGCAATCCCAGTGG-1-1",1.33555242250711,"Dana_WT","Gstm1/CD63","1"
"CATGCCTAGAGCATAT-1-1",0.00433133409400688,"Dana_WT","Car1","11"
"CATGCCTCAAAGGTTA-1-1",0.0846723937333447,"Dana_WT","Gstm1/CD63","13"
"CATGCCTCACTTGTCC-1-1",0.388783896431744,"Dana_WT","Car1","5"
"CATGCCTTCGATTTCT-1-1",0.0204487005107792,"Dana_WT","CD34","0"
"CATGCCTTCTACACTT-1-1",0.921928268794499,"Dana_WT","Prss34","10"
"CATGCGGTCATGTCTT-1-1",0.422905041834233,"Dana_WT","CD34","0"
"CATGCGGTCGTAACAC-1-1",0.411215562391241,"Dana_WT","Car1","5"
"CATGCTCAGTGAGGTC-1-1",2.72485792897929,"Dana_WT","Car1","5"
"CATGCTCCAAACACCT-1-1",0.129853161072398,"Dana_WT","Car1","9"
"CATGCTCCAATACCCA-1-1",0.119187598627512,"Dana_WT","CD34","7"
"CATGCTCCAATGGCCC-1-1",2.04885523194107,"Dana_WT","Fcnb","1"
"CATGCTCGTAGTGATA-1-1",6.85302042914548,"Dana_WT","Car1","6"
"CATGCTCTCCCTATTA-1-1",0.298457558655598,"Dana_WT","Car1","9"
"CATGCTCTCGGCAGTC-1-1",8.84463620593807,"Dana_WT","Hba-a2","6"
"CATGCTCTCTCGGCTT-1-1",0.0480606172376079,"Dana_WT","CD34","0"
"CATGGATAGACCACGA-1-1",0.311977575319776,"Dana_WT","Car1","0"
"CATGGATCAACATCGT-1-1",0.0355795918520672,"Dana_WT","CD34","7"
"CATGGATTCGACCAAT-1-1",0.0021962386059895,"Dana_WT","CD34","7"
"CATGGTAAGCATGCGA-1-1",9.57937082771381,"Dana_WT","Hba-a2","6"
"CATGGTAAGCCTCAGC-1-1",0.693147802426562,"Dana_WT","Car1","5"
"CATGGTACAGCTATTG-1-1",0.0170418719405221,"Dana_WT","Pf4","9"
"CATGGTATCAATCAGC-1-1",8.64570058093881,"Dana_WT","Hba-a2","6"
"CATGGTATCCTGATAG-1-1",0.0361645650824363,"Dana_WT","Fcnb","1"
"CATGGTATCTTGCAGA-1-1",0,"Dana_WT","Car1","5"
"CATTCATAGGTCGTGA-1-1",0.255395839686779,"Dana_WT","Prss34","10"
"CATTCATCATCATCTT-1-1",0.0526813596834593,"Dana_WT","Car1","5"
"CATTCATCATGCCGCA-1-1",1.05297366012009,"Dana_WT","Prss34","10"
"CATTCATCATGCGGTC-1-1",0.00904578551276836,"Dana_WT","Pf4","9"
"CATTCATGTACTCGCG-1-1",0.171112585810825,"Dana_WT","Car1","3"
"CATTCATGTAGGGAGG-1-1",0.00219619223065304,"Dana_WT","CD34","7"
"CATTCATTCTGAGATC-1-1",0.232051205745546,"Dana_WT","Ly86","0"
"CATTCATTCTGGGTCG-1-1",0.00433128771867042,"Dana_WT","Car1","11"
"CATTCCGAGAACGCGT-1-1",0.00988887278973036,"Dana_WT","Ly86","7"
"CATTCCGAGTAGATCA-1-1",9.27506729198058e-08,"Dana_WT","Gstm1/CD63","1"
"CATTCCGAGTAGCATA-1-1",0.0058912904484365,"Dana_WT","Ly86","0"
"CATTCCGCACCAAATC-1-1",0.062044273717503,"Dana_WT","CD34","10"
"CATTCCGCACGCAAAG-1-1",0.222442207904431,"Dana_WT","Car1","9"
"CATTCCGCAGACACAG-1-1",7.30136393870294,"Dana_WT","Car1","6"
"CATTCCGCATGAGATA-1-1",0.0321843310134604,"Dana_WT","Pf4","9"
"CATTCCGGTCCGGACT-1-1",1.16865847878955e-05,"Dana_WT","Vpreb1","0"
"CATTCCGGTCTCGCGA-1-1",0.417087867956059,"Dana_WT","CD34","0"
"CATTCCGTCCCGTTGT-1-1",0.16969856544544,"Dana_WT","Car1","5"
"CATTCTAAGAGTCGAC-1-1",0.0440335586265997,"Dana_WT","CD34","7"
"CATTCTAGTACACGCC-1-1",0.00219614585531658,"Dana_WT","Gstm1/Ly86","13"
"CATTCTAGTATCGCTA-1-1",7.93230746677423,"Dana_WT","Car1","13"
"CATTCTAGTCCATACA-1-1",0.299746345326341,"Dana_WT","Prg2","10"
"CATTCTATCGTTCGCT-1-1",0.0785032300184539,"Dana_WT","Ly86","0"
"CATTCTATCTCTTGCG-1-1",0.0526814060587958,"Dana_WT","Car1","5"
"CATTGAGAGCTTACGT-1-1",0,"Dana_WT","Unannotated","7"
"CATTGAGAGGGTTTCT-1-1",0.0512789995227774,"Dana_WT","Gstm1/CD63","1"
"CATTGAGCACCATAAC-1-1",0.349425511295926,"Dana_WT","Gstm1/CD63","1"
"CATTGAGCACGCTTAA-1-1",0.00219609947998012,"Dana_WT","CD34","13"
"CATTGAGCAGACTCTA-1-1",3.66953969515861,"Dana_WT","Car1","5"
"CATTGAGCATCGCCTT-1-1",0.0526814524341322,"Dana_WT","Car1","5"
"CATTGAGCATTCGGGC-1-1",0.0440336050019362,"Dana_WT","CD34","7"
"CATTGAGGTGCCGGTT-1-1",0.000352928499387922,"Dana_WT","CD34","0"
"CATTGAGTCAACTACG-1-1",0.0105150317347269,"Dana_WT","Ly86","7"
"CATTGAGTCGAGTCCG-1-1",0.160199835198053,"Dana_WT","CD34","7"
"CATTGAGTCTAGGCAT-1-1",0.229706075142627,"Dana_WT","Ly86","13"
"CATTGAGTCTGAACGT-1-1",0.140272082587447,"Dana_WT","Car1","5"
"CATTGAGTCTTCGTAT-1-1",0.0109615578027261,"Dana_WT","Ly86","0"
"CATTGCCAGGGTGGGA-1-1",0.0569382525668927,"Dana_WT","Car1","9"
"CATTGCCAGGTCATAA-1-1",0.0413895777794875,"Dana_WT","CD34","0"
"CATTGCCCAAGCGATG-1-1",0.537853975658691,"Dana_WT","Car1","5"
"CATTGCCCAAGCGCTC-1-1",0.14913209489648,"Dana_WT","CD34","0"
"CATTGCCCAGTTAGAA-1-1",0.0919379827411395,"Dana_WT","CD34","7"
"CATTGCCTCCACTTCG-1-1",0.812676287406815,"Dana_WT","Ly86","0"
"CATTGTTAGTCGAAGC-1-1",0.0170419183158586,"Dana_WT","Car1","9"
"CATTGTTCAAGTGGTG-1-1",0.0440336513772727,"Dana_WT","CD34","7"
"CATTGTTGTCAACCTA-1-1",1.11444561893277,"Dana_WT","Ly86","0"
"CATTGTTGTGCCGTAC-1-1",0.426105034074612,"Dana_WT","Car1","5"
"CATTGTTTCGATGGAG-1-1",0.0304144986918465,"Dana_WT","Car1","6"
"CATTTCAAGAAACCAT-1-1",0.161286038851547,"Dana_WT","CD34","7"
"CATTTCACACTTCAGA-1-1",1.16402094514356e-05,"Dana_WT","Cd74","15"
"CATTTCAGTGAGGATC-1-1",1.61567102821118,"Dana_WT","Car1","5"
"CATTTCAGTGAGTTTC-1-1",0.00469510478665214,"Dana_WT","Ly86","0"
"CATTTCAGTTATGTGC-1-1",0.017041964691195,"Dana_WT","Car1","9"
"CATTTCAGTTTGTTCT-1-1",0.0367525320098365,"Dana_WT","Car1","9"
"CATTTCATCACTCCGT-1-1",3.72262226600786,"Dana_WT","Car1","5"
"CATTTCATCCAAAGGG-1-1",0.0570600687988203,"Dana_WT","Gstm1/Ly86","13"
"CATTTCATCCATCAGA-1-1",0.90273128312892,"Dana_WT","Car1","9"
"CATTTCATCGTAGTCA-1-1",0.255255041263659,"Dana_WT","Ly86","13"
"CCAAGCGAGGGTACAC-1-1",0.347457762861039,"Dana_WT","Gstm1/CD63","13"
"CCAAGCGCACGCGTCA-1-1",0.240522878754945,"Dana_WT","Car1","9"
"CCAAGCGCAGATTTCG-1-1",0.0090457391374319,"Dana_WT","Car1","9"
"CCAAGCGCAGTGTGCC-1-1",0.126204246781017,"Dana_WT","Prg2","10"
"CCAAGCGCATTGTACG-1-1",0.399385421934251,"Dana_WT","CD34","10"
"CCAAGCGGTAATACCC-1-1",0.0459184586885942,"Dana_WT","Ly86","0"
"CCAAGCGGTAGACGTG-1-1",0.0378982035763169,"Dana_WT","Ly86","0"
"CCAAGCGGTCGAGCAA-1-1",15.6074802636531,"Dana_WT","Ltf","12"
"CCAAGCGGTTGTTGTG-1-1",0.0978778712310253,"Dana_WT","Car1","10"
"CCAATGAAGGTGAGCT-1-1",0.0846724401086811,"Dana_WT","Ly86","1"
"CCAATGACAAATGGAT-1-1",0.264058675003686,"Dana_WT","CD34","10"
"CCAATGACACCTCAGG-1-1",0.361942818225093,"Dana_WT","Car1","5"
"CCAATGACAGAACGCA-1-1",0.4287147513142,"Dana_WT","Ly86","0"
"CCAATGACAGGAACCA-1-1",0.0341299170388858,"Dana_WT","Ly86","0"
"CCAATGAGTCTCAGGC-1-1",1.14633879345055,"Dana_WT","Gstm1/CD63","1"
"CCAATGAGTGTTCAGT-1-1",9.15461920333634,"Dana_WT","Hba-a2","6"
"CCAATGAGTTAAGCAA-1-1",0.0389287197083397,"Dana_WT","CD34","13"
"CCAATGATCAAGATAG-1-1",0.0389286733330032,"Dana_WT","CD34","13"
"CCAATGATCCTAGCCT-1-1",0.00592426246442734,"Dana_WT","Prg2","10"
"CCAATGATCTCTGACC-1-1",7.21688080043142,"Dana_WT","Car1","6"
"CCAATTTAGCCAAGTG-1-1",0.0108029179654909,"Dana_WT","CD34","9"
"CCAATTTAGTTTGAGA-1-1",0.482777692838048,"Dana_WT","Ly86","0"
"CCAATTTGTCCAGCGT-1-1",0.00546697582298616,"Dana_WT","Ly86","0"
"CCACAAAAGGGAGGCA-1-1",6.92530129546913,"Dana_WT","Car1","6"
"CCACAAAGTCGTATGT-1-1",0.036752578385173,"Dana_WT","Car1","9"
"CCACAAAGTGGCTTGC-1-1",0.296672055835086,"Dana_WT","Ly86","0"
"CCACAAATCATTTACC-1-1",2.17107832942207,"Dana_WT","Gstm1/CD63","1"
"CCACACTAGCTGAGCA-1-1",9.37334328713812,"Dana_WT","Hba-a2","6"
"CCACACTAGCTGCCAC-1-1",0.0569382061915562,"Dana_WT","Car1","3"
"CCACACTAGGTCTACT-1-1",0.0165700537326378,"Dana_WT","Car1","5"
"CCACACTCAGCAGACA-1-1",0.0526814988094687,"Dana_WT","Car1","5"
"CCACACTCATTGCAAC-1-1",0.00329992452890315,"Dana_WT","Car1","9"
"CCACACTGTACCTATG-1-1",0.12309577697677,"Dana_WT","Car1","5"
"CCACACTGTTAGGCCC-1-1",0.108375481970033,"Dana_WT","Ly86","7"
"CCACACTGTTGCTTGA-1-1",0.00433124134333396,"Dana_WT","Car1","11"
"CCACACTTCCATGCAA-1-1",0.0043311949679975,"Dana_WT","Car1","11"
"CCACCATAGATGCAGC-1-1",4.63753364599029e-08,"Dana_WT","Gstm1/CD63","1"
"CCACCATAGCACACAG-1-1",5.74722332017464,"Dana_WT","Car1","6"
"CCACCATCAGTGTGGA-1-1",0.124033910864479,"Dana_WT","Car1","5"
"CCACCATGTTATGTGC-1-1",3.49856205695272,"Dana_WT","Car1","5"
"CCACCATTCTCATGCC-1-1",2.14098569564285,"Dana_WT","Gstm1/CD63","1"
"CCACGAGAGATAGCTA-1-1",0.0526815451848052,"Dana_WT","Car1","5"
"CCACGAGAGTGATGGC-1-1",0.947883644978207,"Dana_WT","Ly86","0"
"CCACGAGCAATCGTCA-1-1",0.0292277113177007,"Dana_WT","Car1","6"
"CCACGAGCACGACTAT-1-1",0.0727309179301896,"Dana_WT","Car1","5"
"CCACGAGGTAGCTGAG-1-1",1.57243212260079,"Dana_WT","Gstm1/CD63","1"
"CCACGAGGTCGTGATT-1-1",0.0758973779502636,"Dana_WT","Gstm1/Ly86","7"
"CCACGAGGTGACATCT-1-1",0.0212499452534229,"Dana_WT","CD34","0"
"CCACGAGTCCGCTAGG-1-1",0.380158240862441,"Dana_WT","CD34","0"
"CCACGAGTCTATACTC-1-1",0.337254973004453,"Dana_WT","Ly86","0"
"CCACGTTAGCACGTCC-1-1",0.0367526247605094,"Dana_WT","Car1","9"
"CCACGTTAGGCTAAAT-1-1",0.0204486541354427,"Dana_WT","CD34","0"
"CCACGTTAGTTCCGTA-1-1",0.0204486077601063,"Dana_WT","CD34","0"
"CCACGTTGTAGTCTGT-1-1",0.165493378534669,"Dana_WT","Gstm1/CD63","1"
"CCACGTTGTGACTAAA-1-1",0.00399689413207971,"Dana_WT","Ly86","0"
"CCACGTTGTGGTCCGT-1-1",1.63199969427857,"Dana_WT","Car1","5"
"CCACTTGAGTCAACAA-1-1",7.88380719818349e-07,"Dana_WT","Car1","13"
"CCACTTGAGTGTACCT-1-1",0.167024088577287,"Dana_WT","Unannotated","7"
"CCACTTGCACTGTTCC-1-1",17.4826093440352,"Dana_WT","Ltf","12"
"CCACTTGGTCATCTAG-1-1",0.0182338696189539,"Dana_WT","Gstm1/Ly86","1"
"CCACTTGGTCCATACA-1-1",0.00494109391995125,"Dana_WT","Car1","10"
"CCACTTGGTGTCGCTG-1-1",4.26052840797346,"Dana_WT","Car1","5"
"CCACTTGTCGCAGAGA-1-1",0.347457809236375,"Dana_WT","Gstm1/Ly86","1"
"CCATAAGAGGCGTCCT-1-1",4.66398945264239,"Dana_WT","Car1","5"
"CCATAAGAGTTATGGA-1-1",0.0190968329666878,"Dana_WT","CD34","0"
"CCATAAGCAACGGCCT-1-1",0.0569381598162197,"Dana_WT","Car1","3"
"CCATAAGCAGCTGGTC-1-1",0.0146703436903138,"Dana_WT","Ly86","0"
"CCATAAGCAGGCGATA-1-1",0.0526815915601416,"Dana_WT","Car1","5"
"CCATAAGGTAAGTTGA-1-1",0.0526816379354781,"Dana_WT","Car1","5"
"CCATAAGTCACAATGC-1-1",0.967354828195348,"Dana_WT","Fcnb","1"
"CCATCACCAACTCCAA-1-1",0.446967357826129,"Dana_WT","CD34","9"
"CCATCACCACGCCAGT-1-1",0.292862281948196,"Dana_WT","Ly86","0"
"CCATCACCATACCACA-1-1",2.7219846770138,"Dana_WT","Car1","5"
"CCATCACCATGGTACT-1-1",0.0526816843108145,"Dana_WT","Car1","9"
"CCATCACGTAAGATAC-1-1",3.72262231238319,"Dana_WT","Car1","5"
"CCATCACGTATTTCCT-1-1",1.26927622851049,"Dana_WT","Fcnb","1"
"CCATCACGTCACAATC-1-1",0.0675836626636683,"Dana_WT","Ly86","0"
"CCATCACGTCATAGTC-1-1",0,"Dana_WT","CD34","7"
"CCATCACTCGCAATGT-1-1",0.0743995287425739,"Dana_WT","Car1","5"
"CCCAACTAGTTTCAGC-1-1",7.2544457785282,"Dana_WT","Car1","6"
"CCCAACTCACTAGAGG-1-1",0.0302757442366928,"Dana_WT","Ly86","0"
"CCCAACTGTATGCAAA-1-1",3.72262235875853,"Dana_WT","Car1","5"
"CCCAACTGTCAAAGCG-1-1",0.285640658069658,"Dana_WT","Ly86","0"
"CCCAACTGTGAGTGAC-1-1",0.133894581817396,"Dana_WT","Pf4","9"
"CCCAACTTCGTTATCT-1-1",0.117697727513582,"Dana_WT","Gstm1/CD63","1"
"CCCATTGAGAAGTCAT-1-1",10.1762157258411,"Dana_WT","Hba-a2","6"
"CCCATTGAGTAGGATT-1-1",1.0858186496175,"Dana_WT","Fcnb","1"
"CCCATTGAGTCTTCGA-1-1",0.0318846409725988,"Dana_WT","Ly86","0"
"CCCATTGCAGAGTTCT-1-1",4.86100096469476,"Dana_WT","Car1","5"
"CCCATTGGTCACCGCA-1-1",0.315965538105823,"Dana_WT","Ly86","0"
"CCCATTGGTGAATGAT-1-1",0.0192315971610042,"Dana_WT","Ly86","0"
"CCCATTGGTTGGTGTT-1-1",0.0507733702821354,"Dana_WT","Ly86","0"
"CCCGAAGGTAGTCCTA-1-1",0.0603522288075249,"Dana_WT","Ly86","7"
"CCCGAAGGTCCCGGTA-1-1",0.0726830143531179,"Dana_WT","Prg2","10"
"CCCGAAGTCACCCTCA-1-1",8.38941869989448,"Dana_WT","Hba-a2","6"
"CCCGGAAAGAGCACTG-1-1",0.448301969335724,"Dana_WT","Car1","5"
"CCCGGAACATAAGATG-1-1",7.9992071680604,"Dana_WT","Car1","6"
"CCCGGAAGTACGACAG-1-1",0.336908170875901,"Dana_WT","Ly86","0"
"CCCGGAAGTCTGTGAT-1-1",0.078108570929857,"Dana_WT","Gstm1/CD63","1"
"CCCGGAATCAATCAGC-1-1",1.39126009379709e-06,"Dana_WT","Ly86","1"
"CCCGGAATCCGTAGGC-1-1",0.052681730686151,"Dana_WT","Car1","5"
"CCCGGAATCTAGTTCT-1-1",0.0526817770614875,"Dana_WT","Car1","9"
"CCCGGAATCTTTGCAT-1-1",0.0426519098255274,"Dana_WT","Car1","5"
"CCCTAACAGGTAACTA-1-1",1.38708270678042,"Dana_WT","Car1","5"
"CCCTAACCAAGAATGT-1-1",0.00609246696515275,"Dana_WT","Pf4","9"
"CCCTAACCACACCGAC-1-1",0.0569381134408833,"Dana_WT","Car1","3"
"CCCTAACGTATACCCA-1-1",0.0204485613847698,"Dana_WT","Ly86","0"
"CCCTAACGTCGCTGCA-1-1",0.0169572450173023,"Dana_WT","Car1","6"
"CCCTAACGTGCACGCT-1-1",0.000203857609464286,"Dana_WT","Gstm1/Ly86","0"
"CCCTAACTCAAGCCTA-1-1",0.117101854362495,"Dana_WT","CD34","7"
"CCCTAACTCGTGCATA-1-1",0.0569380670655468,"Dana_WT","Car1","3"
"CCCTCAACAGGACAGT-1-1",0.0170420110665315,"Dana_WT","Pf4","9"
"CCCTCAAGTAACGATA-1-1",0.00904569276209544,"Dana_WT","Pf4","9"
"CCCTCAAGTAATGTGA-1-1",8.11756607379311,"Dana_WT","Hba-a2","6"
"CCCTCAAGTGTCCGTG-1-1",2.72080703311875,"Dana_WT","Car1","5"
"CCCTCAATCCTCTCGA-1-1",0.012802895654972,"Dana_WT","Ly86","0"
"CCCTCAATCTTTCCAA-1-1",0.176707373276388,"Dana_WT","Ly86","0"
"CCCTCTCAGCTCGCAC-1-1",0.122058944535617,"Dana_WT","Car1","3"
"CCCTCTCAGGCTCACC-1-1",0.534807730374711,"Dana_WT","Car1","5"
"CCCTCTCCAAGTCCAT-1-1",7.49587748773853,"Dana_WT","Car1","6"
"CCCTCTCCACTCCCTA-1-1",0.00170707829631267,"Dana_WT","Ly86","0"
"CCCTCTCGTAACAGGC-1-1",0.130700043243399,"Dana_WT","Car1","5"
"CCCTCTCGTAGCGATG-1-1",1.15938341149757e-05,"Dana_WT","Vpreb1","0"
"CCCTCTCGTAGTCCTA-1-1",0.027902674677428,"Dana_WT","CD34","0"
"CCCTCTCGTGCCAAGA-1-1",2.72358985680445,"Dana_WT","Car1","5"
"CCCTCTCGTGTTCAGT-1-1",3.09942812663011,"Dana_WT","Car1","5"
"CCCTCTCTCCCAGGAC-1-1",0.0426518634501909,"Dana_WT","Car1","5"
"CCCTCTCTCGTCTCAC-1-1",10.3942373234505,"Dana_WT","Hba-a2","6"
"CCCTCTCTCTCGTCAC-1-1",0.473528684635169,"Dana_WT","Prss34","10"
"CCCTGATAGCGACTAG-1-1",0.0123067734339737,"Dana_WT","Ly86","0"
"CCCTGATAGTCTAACC-1-1",0.518681548377689,"Dana_WT","Gstm1/CD63","1"
"CCCTGATCAACACGAG-1-1",0,"Dana_WT","Ly86","0"
"CCCTGATCAACGTTAC-1-1",0.0993090696581196,"Dana_WT","Gstm1/CD63","1"
"CCCTGATCAAGGCAAC-1-1",0.881812386539706,"Dana_WT","Prss34","10"
"CCCTGATCAATGAACA-1-1",0.436702910450649,"Dana_WT","Car1","5"
"CCCTGATCACGCGTCA-1-1",0.262845142375715,"Dana_WT","Gstm1/Ly86","0"
"CCCTGATCAGCGTACC-1-1",8.64570062731415,"Dana_WT","Hba-a2","6"
"CCCTGATCAGTGCGCT-1-1",0.0341959300104454,"Dana_WT","Ly86","0"
"CCCTGATCATCTCAAG-1-1",0.421396976512829,"Dana_WT","Ly86","1"
"CCCTGATGTAACCAGG-1-1",0.0261192511523158,"Dana_WT","Ly86","0"
"CCCTGATGTTGCTAGT-1-1",3.9393565527712,"Dana_WT","Car1","9"
"CCCTGATGTTTGGGAG-1-1",0.874504116668899,"Dana_WT","Car1","5"
"CCCTTAGAGTTGTAAG-1-1",0.0381761267337238,"Dana_WT","CD34","7"
"CCCTTAGCAAGGTACG-1-1",0.0526818234368239,"Dana_WT","Car1","9"
"CCCTTAGCAGACACAG-1-1",0.377103379765105,"Dana_WT","Ly86","0"
"CCCTTAGGTAATGCTC-1-1",0.0650185318342297,"Dana_WT","Ly86","0"
"CCCTTAGGTCCAATCA-1-1",4.02137470020235,"Dana_WT","Car1","5"
"CCCTTAGGTGATAGAT-1-1",0.11985401531059,"Dana_WT","Unannotated","7"
"CCCTTAGGTGTAGCAG-1-1",0.00267454859149963,"Dana_WT","CD34","0"
"CCGAACGAGGGAGTGG-1-1",0.110653236101992,"Dana_WT","Gstm1/Ly86","0"
"CCGAACGCAGGGCTTC-1-1",0.00219605310464366,"Dana_WT","CD34","7"
"CCGAACGCATGACAAA-1-1",0.130520265394129,"Dana_WT","CD34","9"
"CCGAACGGTACAAGCG-1-1",0,"Dana_WT","Gstm1/CD63","1"
"CCGAACGGTACACGTT-1-1",5.40337731525456,"Dana_WT","Car1","5"
"CCGAACGGTGCGAGTA-1-1",0.366626143312254,"Dana_WT","CD34","7"
"CCGAACGGTTTGCCGG-1-1",0.0036039120207515,"Dana_WT","Ly86","0"
"CCGAACGTCGCTTTAT-1-1",0.032184284638124,"Dana_WT","Pf4","9"
"CCGAACGTCGGCATAT-1-1",0.505446025765073,"Dana_WT","Prss34","10"
"CCGATCTCACACGTGC-1-1",1.10240925193638,"Dana_WT","Car1","5"
"CCGATCTCACTAGAGG-1-1",7.49587753411387,"Dana_WT","Car1","6"
"CCGATCTCACTGCACG-1-1",2.85065562721348,"Dana_WT","Car1","5"
"CCGATCTCAGACATCT-1-1",0.0204485150094333,"Dana_WT","CD34","0"
"CCGATCTCAGAGTGAC-1-1",0.0526818698121604,"Dana_WT","Car1","9"
"CCGATCTGTCTCAGAT-1-1",0.0170420574418679,"Dana_WT","Car1","9"
"CCGATCTTCTCGGCTT-1-1",2.78252018759417e-07,"Dana_WT","Ly86","0"
"CCGATCTTCTGCGGAC-1-1",0.153599615199511,"Dana_WT","Car1","5"
"CCGATGGAGCGTATGG-1-1",0.0169572913926388,"Dana_WT","Car1","3"
"CCGATGGAGTAATTGG-1-1",0.120211623975448,"Dana_WT","CD34","0"
"CCGATGGAGTCTGGTT-1-1",0.710743610812372,"Dana_WT","CD34","7"
"CCGATGGCACGGTCTG-1-1",0,"Dana_WT","Ly86","0"
"CCGATGGGTACCTATG-1-1",0.0569380206902104,"Dana_WT","Car1","3"
"CCGCAAGAGAGCAAGA-1-1",0.0272892005764411,"Dana_WT","CD34","10"
"CCGCAAGAGATGCCGA-1-1",0.0569379743148739,"Dana_WT","Car1","3"
"CCGCAAGAGTTTGAGA-1-1",0.00124269359798268,"Dana_WT","Gstm1/Ly86","13"
"CCGCAAGCACGTTGGC-1-1",2.73766339824552,"Dana_WT","Car1","5"
"CCGCAAGCATATCGGT-1-1",3.52452557095262e-06,"Dana_WT","Ly86","1"
"CCGCAAGGTCCGGATC-1-1",1.15474587785158e-05,"Dana_WT","Cd74","15"
"CCGCAAGTCCAAATGC-1-1",5.85363429495001,"Dana_WT","Car1","6"
"CCGGACAAGCGAACTG-1-1",0.5454198422724,"Dana_WT","Ly86","0"
"CCGGACAGTACTAGCT-1-1",0.454375534975326,"Dana_WT","Car1","3"
"CCGGACAGTCACCACG-1-1",9.57937087408915,"Dana_WT","Car1","6"
"CCGGACAGTTGCTCGG-1-1",0.428583331418441,"Dana_WT","Gstm1/CD63","1"
"CCGGACATCCTACGAA-1-1",0.0820530604297842,"Dana_WT","Ly86","0"
"CCGGACATCGCATTAG-1-1",0.708736215524315,"Dana_WT","Fcnb","1"
"CCGGGTAAGATGTTGA-1-1",0.154269078737112,"Dana_WT","CD34","7"
"CCGGGTACAAAGGGTC-1-1",0.0393933734288647,"Dana_WT","Ly86","0"
"CCGGGTAGTCCGTTTC-1-1",0.00997153026740705,"Dana_WT","Prss34","10"
"CCGGGTAGTCGAATGG-1-1",8.84141866245334,"Dana_WT","Hba-a2","6"
"CCGGGTAGTGTCATCA-1-1",0.331380039129044,"Dana_WT","Car1","5"
"CCGGGTATCAACTGAC-1-1",0.0526819161874968,"Dana_WT","Unannotated","5"
"CCGGGTATCACTGCTC-1-1",0.0481048980068258,"Dana_WT","Unannotated","7"
"CCGGGTATCATTGAGC-1-1",0.0204484686340969,"Dana_WT","CD34","0"
"CCGGGTATCTACACTT-1-1",0.466734292349685,"Dana_WT","Ly86","0"
"CCGGTAGAGGGCAAGG-1-1",0.0965307330892007,"Dana_WT","Ly86","0"
"CCGGTAGAGTAGCTCT-1-1",0.0091088619728299,"Dana_WT","Prss34","10"
"CCGGTAGCAACCACAT-1-1",0.1115228955177,"Dana_WT","CD34","10"
"CCGGTAGCAACCTAAC-1-1",8.42469165675322,"Dana_WT","Hba-a2","6"
"CCGGTAGCACTTGGGC-1-1",0.289235042650876,"Dana_WT","Fcnb","1"
"CCGGTAGCATATCGGT-1-1",0.871397095308183,"Dana_WT","Gstm1/CD63","1"
"CCGGTAGCATTAGGAA-1-1",0.0569379279395374,"Dana_WT","Car1","3"
"CCGGTAGGTTCAGCGC-1-1",0.0169573377679753,"Dana_WT","CD34","3"
"CCGGTAGGTTGCGTAT-1-1",0.0875858818335573,"Dana_WT","Gstm1/Ly86","0"
"CCGGTAGTCAGGAAAT-1-1",0.134018011601662,"Dana_WT","Car1","5"
"CCGGTAGTCCATATGG-1-1",0.571622719184575,"Dana_WT","CD34","10"
"CCGGTAGTCGTAGGAG-1-1",0.516634850221506,"Dana_WT","Ly86","0"
"CCGGTGAAGCGTCAAG-1-1",0.0021960067293072,"Dana_WT","CD34","13"
"CCGGTGAAGCGTTAGG-1-1",0.318673300212293,"Dana_WT","Pf4","9"
"CCGGTGAAGGTCACAG-1-1",0.00167638960888805,"Dana_WT","Gstm1/CD63","1"
"CCGGTGAAGTAGACAT-1-1",1.6319997406539,"Dana_WT","Car1","5"
"CCGGTGAAGTGGCGAT-1-1",0.00914927833200574,"Dana_WT","CD34","0"
"CCGGTGAAGTTACGAA-1-1",0.0204484222587604,"Dana_WT","Unannotated","0"
"CCGGTGACACTGTCGG-1-1",1.88857366658381,"Dana_WT","Car1","5"
"CCGGTGACATGTCGTA-1-1",0.00219596035397074,"Dana_WT","Gstm1/Ly86","7"
"CCGGTGACATTGAAAG-1-1",0.0426518170748544,"Dana_WT","Car1","5"
"CCGGTGAGTCACTAGT-1-1",0.0440336977526091,"Dana_WT","CD34","7"
"CCGGTGAGTGCGGATA-1-1",0.0190968793420243,"Dana_WT","Ly86","0"
"CCGGTGATCCGGCAAC-1-1",0.50544607214041,"Dana_WT","Prss34","10"
"CCGGTGATCCTACGAA-1-1",0.948281119013405,"Dana_WT","Ly86","0"
"CCGGTGATCCTTATAC-1-1",0.0389286269576667,"Dana_WT","Ly86","13"
"CCGTAGGAGGATTCAA-1-1",1.22300908309944,"Dana_WT","Ly86","0"
"CCGTAGGAGGTCTGGA-1-1",0.952379900878385,"Dana_WT","Ly86","0"
"CCGTAGGCATACAGGG-1-1",5.85363434132534,"Dana_WT","Car1","6"
"CCGTAGGGTCCGAAAG-1-1",0.17566589488394,"Dana_WT","Car1","5"
"CCGTAGGGTGTTCAGT-1-1",0.056937881564201,"Dana_WT","Car1","3"
"CCGTAGGTCCTACGAA-1-1",5.85363438770068,"Dana_WT","Car1","6"
"CCGTAGGTCTAGAACC-1-1",1.23331610477206,"Dana_WT","Gstm1/Ly86","1"
"CCGTGAGAGCTCACTA-1-1",0.0170421038172044,"Dana_WT","Car1","9"
"CCGTGAGAGGCGACAT-1-1",0.493770811151061,"Dana_WT","Car1","5"
"CCGTGAGCAAGTCCCG-1-1",0.00914923195666928,"Dana_WT","CD34","0"
"CCGTGAGCATGTGGCC-1-1",0.0894184645222514,"Dana_WT","CD34","7"
"CCGTGAGGTAGAATAC-1-1",7.49587758048921,"Dana_WT","Car1","6"
"CCGTGAGTCCACTGAA-1-1",2.72080707949409,"Dana_WT","Car1","5"
"CCGTGAGTCGTTTACT-1-1",0.0675837090390048,"Dana_WT","CD34","1"
"CCGTGAGTCTGGCCTT-1-1",0.809879080865206,"Dana_WT","CD34","7"
"CCGTTCAAGAGCAAGA-1-1",0.00914918558133282,"Dana_WT","CD34","0"
"CCGTTCAAGAGGTTAT-1-1",0.0526819625628333,"Dana_WT","Car1","5"
"CCGTTCAAGCTGTGCC-1-1",0.00126860220194414,"Dana_WT","Ly86","0"
"CCGTTCAAGGGCTGAT-1-1",0.0429575052050366,"Dana_WT","Pf4","9"
"CCGTTCACAAGGTCTT-1-1",4.63753364599029e-08,"Dana_WT","Gstm1/CD63","1"
"CCGTTCAGTACGTGTT-1-1",1.18312638290028,"Dana_WT","Gstm1/CD63","1"
"CCGTTCAGTATGATCC-1-1",7.36503950626834,"Dana_WT","Car1","6"
"CCGTTCAGTTTCAGAC-1-1",0.0427636300924612,"Dana_WT","Gstm1/CD63","13"
"CCGTTCATCCAATGCA-1-1",4.7017555213784,"Dana_WT","Car1","5"
"CCGTTCATCCTCTAAT-1-1",0.208842513530413,"Dana_WT","CD34","7"
"CCGTTCATCTCTAGGA-1-1",0.0170421501925409,"Dana_WT","Pf4","9"
"CCTAACCAGCGTTACT-1-1",0.902731329504257,"Dana_WT","Car1","5"
"CCTAACCGTACTTGTG-1-1",0.22234088820638,"Dana_WT","CD34","7"
"CCTAACCGTATAGCTC-1-1",0.209292575915587,"Dana_WT","Ly86","1"
"CCTAACCGTCAGACGA-1-1",0.223412708558992,"Dana_WT","Car1","5"
"CCTAACCGTGTAAATG-1-1",0.00433114859266104,"Dana_WT","Fcnb","11"
"CCTAACCTCCAAGAGG-1-1",0.020448375883424,"Dana_WT","Ly86","0"
"CCTAAGAAGCTCACTA-1-1",0.0248252085921814,"Dana_WT","Car1","9"
"CCTAAGAAGGACAGCT-1-1",0.0526820089381698,"Dana_WT","Car1","5"
"CCTAAGAAGGGTCAAC-1-1",0.0443672875285857,"Dana_WT","Gstm1/Ly86","13"
"CCTAAGAAGTCATGGG-1-1",0,"Dana_WT","Ly86","7"
"CCTAAGAGTACGAAAT-1-1",0.0092041967954456,"Dana_WT","Ly86","0"
"CCTAAGAGTACGTAGG-1-1",0.469156752530374,"Dana_WT","Car1","5"
"CCTAAGAGTCGACGCT-1-1",4.29041129072396,"Dana_WT","Car1","5"
"CCTAAGATCTCGTGAA-1-1",0.10597250101362,"Dana_WT","Gstm1/CD63","1"
"CCTACGTAGGTCATCT-1-1",0.0170421965678773,"Dana_WT","Pf4","9"
"CCTACGTAGGTCGACA-1-1",0.192488012296471,"Dana_WT","CD34","0"
"CCTACGTCAGTAACAA-1-1",0.981144402112703,"Dana_WT","Fcnb","1"
"CCTACGTGTCAAAGAT-1-1",0.344997610451441,"Dana_WT","Car1","5"
"CCTACGTGTGAGATTA-1-1",0.701698471996581,"Dana_WT","Fcnb","1"
"CCTACGTTCTAAGAAG-1-1",0,"Dana_WT","Ly86","0"
"CCTATCGAGGTACTGG-1-1",0.0440337441279456,"Dana_WT","CD34","7"
"CCTATCGGTGGATACG-1-1",0.188500558494753,"Dana_WT","Car1","5"
"CCTATCGGTTGATGTC-1-1",6.95239344523171,"Dana_WT","Car1","6"
"CCTATCGTCTTACACT-1-1",0.0333649273899026,"Dana_WT","CD34","0"
"CCTCAACAGTATGAGT-1-1",0.0204483295080875,"Dana_WT","Unannotated","0"
"CCTCAACGTCAATGGG-1-1",5.82675748460766,"Dana_WT","Car1","5"
"CCTCAACTCAGACATC-1-1",1.2605904874627,"Dana_WT","Car1","5"
"CCTCAACTCGAGCCAC-1-1",3.72262240513387,"Dana_WT","Car1","5"
"CCTCAACTCTCAACCC-1-1",0.00589133682377296,"Dana_WT","Ly86","0"
"CCTCACAAGCGGTAGT-1-1",3.42067965586689,"Dana_WT","Car1","5"
"CCTCACAAGGGTCAAC-1-1",0.171812743169347,"Dana_WT","Unannotated","7"
"CCTCACAAGTAAATGC-1-1",0.0115899117446794,"Dana_WT","Pf4","11"
"CCTCACACAATGGCAG-1-1",0.687817972372322,"Dana_WT","Ly86","0"
"CCTCACAGTACGATGG-1-1",0.0526820553135062,"Dana_WT","Car1","9"
"CCTCACAGTCGTGATT-1-1",0.005957656388611,"Dana_WT","Ly86","7"
"CCTCACAGTGGGTTGA-1-1",2.72080712586942,"Dana_WT","Car1","5"
"CCTCACAGTGTAGGAC-1-1",8.17471420343699,"Dana_WT","Car1","6"
"CCTCACATCATGAGAA-1-1",0.024191381671387,"Dana_WT","Fcnb","1"
"CCTCACATCCCATTTA-1-1",0.0102063888866004,"Dana_WT","Unannotated","0"
"CCTCAGTAGAGGCCAT-1-1",0.149884428743165,"Dana_WT","CD34","1"
"CCTCAGTAGATCCCAT-1-1",8.01574556237677,"Dana_WT","Hba-a2","6"
"CCTCAGTAGCAGCCTC-1-1",5.85363443407602,"Dana_WT","Car1","5"
"CCTCAGTAGCGTCGAA-1-1",7.00658990253452,"Dana_WT","Car1","6"
"CCTCAGTAGGTGGTTG-1-1",0.237999288876104,"Dana_WT","CD34","0"
"CCTCAGTCAAATTGCC-1-1",4.21535661029655,"Dana_WT","Car1","5"
"CCTCAGTGTCGCTTGG-1-1",0.00494104754461479,"Dana_WT","CD34","5"
"CCTCAGTTCGGCTGGT-1-1",1.47333154173147,"Dana_WT","Gstm1/CD63","1"
"CCTCAGTTCGTGACTA-1-1",0.0986081828638639,"Dana_WT","Gstm1/CD63","1"
"CCTCATGAGCGACAGT-1-1",0.044033790503282,"Dana_WT","CD34","7"
"CCTCATGAGGCCGCTT-1-1",2.72829223703463,"Dana_WT","Car1","5"
"CCTCATGCAGAGATGC-1-1",0.289235089026212,"Dana_WT","Fcnb","1"
"CCTCATGGTGCATCTA-1-1",0.842816200421745,"Dana_WT","CD34","7"
"CCTCATGGTTAGAGAT-1-1",2.31876682299514e-07,"Dana_WT","Gstm1/Ly86","0"
"CCTCATGTCACGACTA-1-1",0.411780614735087,"Dana_WT","Ly86","0"
"CCTCATGTCAGCTTCC-1-1",0.145190012121296,"Dana_WT","Gstm1/CD63","1"
"CCTCATGTCCACTGGG-1-1",0.024799535052386,"Dana_WT","Prss34","10"
"CCTCATGTCCAGTTCC-1-1",0,"Dana_WT","CD34","0"
"CCTCATGTCTATCGGA-1-1",1.34488475733718e-06,"Dana_WT","Gstm1/CD63","1"
"CCTCCAACACAGACGA-1-1",1.41647004583486,"Dana_WT","Car1","5"
"CCTCCAATCGGATTAC-1-1",0.0585636531482434,"Dana_WT","CD34","7"
"CCTCCAATCGTTCCCA-1-1",3.65801484764835,"Dana_WT","Car1","5"
"CCTCCTCAGGTCGCCT-1-1",0.0360677233667597,"Dana_WT","Gstm1/CD63","13"
"CCTCCTCGTGAATTAG-1-1",0.00272160917067565,"Dana_WT","Ly86","0"
"CCTCCTCTCAAATGAG-1-1",6.4925471043864e-07,"Dana_WT","Car1","3"
"CCTCCTCTCGAACTCA-1-1",7.49587762686454,"Dana_WT","Car1","6"
"CCTCCTCTCTCCTGCA-1-1",0.0149692907745076,"Dana_WT","Ly86","7"
"CCTCCTCTCTCGAACA-1-1",0.491219524822153,"Dana_WT","Gstm1/Ly86","1"
"CCTCTAGAGAGGCCAT-1-1",2.73764960373794,"Dana_WT","Car1","5"
"CCTCTAGCACACCTTC-1-1",9.81293965357533,"Dana_WT","Hba-a2","6"
"CCTCTAGCATACTGAC-1-1",5.85363448045135,"Dana_WT","Car1","6"
"CCTCTAGGTAGCTTAC-1-1",0.0526821016888427,"Dana_WT","Car1","9"
"CCTCTAGGTATCAGCT-1-1",0.0018991753037218,"Dana_WT","Gstm1/Ly86","13"
"CCTCTAGTCAACTGAC-1-1",9.27506729198058e-08,"Dana_WT","Gstm1/CD63","1"
"CCTCTAGTCGAGAAAT-1-1",0.042651770699518,"Dana_WT","Car1","5"
"CCTCTAGTCTAGAACC-1-1",0.123599903249273,"Dana_WT","Car1","9"
"CCTCTAGTCTCACGAA-1-1",0.0170422429432138,"Dana_WT","Car1","9"
"CCTCTCCAGACCAACG-1-1",0.0149692443991711,"Dana_WT","CD34","0"
"CCTCTCCAGGCGAAGG-1-1",1.28434618171598,"Dana_WT","Gstm1/CD63","1"
"CCTCTCCAGGTCATAA-1-1",0.419892976644784,"Dana_WT","Ly86","0"
"CCTCTCCCAGAACCGA-1-1",0.00595761001327454,"Dana_WT","CD34","7"
"CCTCTCCGTGGCCTCA-1-1",0.0459090154992698,"Dana_WT","Prss34","10"
"CCTCTCCTCCCTGTTG-1-1",1.15010834420559e-05,"Dana_WT","Vpreb1","0"
"CCTCTCCTCGAGCACC-1-1",6.02879373978737e-07,"Dana_WT","Car1","3"
"CCTCTCCTCGTCACCT-1-1",0.0569378351888645,"Dana_WT","Car1","3"
"CCTCTCCTCTTACCGC-1-1",9.67320294819493,"Dana_WT","Hba-a2","6"
"CCTGCATCAATACCCA-1-1",0.0526821480641791,"Dana_WT","Car1","9"
"CCTGCATCAGTTACCA-1-1",0.0440338368786185,"Dana_WT","CD34","7"
"CCTGCATGTATCGCTA-1-1",0.153029777138934,"Dana_WT","CD34","10"
"CCTGCATGTCATAGTC-1-1",5.56504037518835e-07,"Dana_WT","Car1","3"
"CCTGCATGTGACGTCC-1-1",0.0170422893185502,"Dana_WT","Pf4","9"
"CCTGCATTCCACGTGG-1-1",0.505446118515746,"Dana_WT","Prss34","10"
"CCTGCATTCTTAGGAC-1-1",0.0367526711358459,"Dana_WT","Car1","9"
"CCTGTTGAGTTCCGGC-1-1",6.02879373978737e-07,"Dana_WT","Car1","9"
"CCTGTTGCAATAAGGT-1-1",0.0169573841433117,"Dana_WT","Car1","3"
"CCTGTTGCACAAGCTT-1-1",1.1454708105596e-05,"Dana_WT","Cd74","15"
"CCTGTTGCACTGTTCC-1-1",1.18449699333202,"Dana_WT","Ly86","0"
"CCTGTTGCAGCCATTA-1-1",0.171812789544684,"Dana_WT","Ly86","7"
"CCTGTTGCAGGTGGAT-1-1",0.483406890905672,"Dana_WT","Ly86","0"
"CCTGTTGTCAGGGTAG-1-1",0.0961307065796466,"Dana_WT","Car1","3"
"CCTGTTGTCGCCTTTG-1-1",0.0146942410377222,"Dana_WT","Gstm1/CD63","1"
"CCTGTTGTCGTTGTTT-1-1",1.18312642927561,"Dana_WT","Gstm1/CD63","1"
"CCTTCAGAGGTACCTT-1-1",0.553799109271632,"Dana_WT","Ly86","0"
"CCTTCAGCAACTTGCA-1-1",0.0542396730140466,"Dana_WT","Ly86","0"
"CCTTCAGCAGGACGAT-1-1",0.127718934575126,"Dana_WT","Ly86","0"
"CCTTCAGGTCAGCTTA-1-1",8.07196006309584,"Dana_WT","Car1","6"
"CCTTCAGGTCTCCCTA-1-1",2.29583683083102,"Dana_WT","Fcnb","1"
"CCTTCAGTCCCGTTCA-1-1",7.42005383358446e-07,"Dana_WT","Prss34","13"
"CCTTCAGTCGTGGTAT-1-1",0.130004928555755,"Dana_WT","Unannotated","7"
"CCTTGTGAGACTCCGC-1-1",6.92031520534036,"Dana_WT","Car1","6"
"CCTTGTGAGGACAACC-1-1",0.72112944193012,"Dana_WT","CD34","9"
"CCTTGTGAGTTCGCAT-1-1",0.0757881317926707,"Dana_WT","CD34","0"
"CCTTGTGCACTAACGT-1-1",0.742400407036962,"Dana_WT","CD34","9"
"CCTTGTGGTACGTACT-1-1",3.7226224515092,"Dana_WT","Car1","5"
"CCTTGTGGTGGTAACG-1-1",8.25446617058855,"Dana_WT","Car1","6"
"CCTTGTGTCCTACAAG-1-1",0.636944735291522,"Dana_WT","Prss34","10"
"CCTTTGGAGTGGTTGG-1-1",0.326297145412467,"Dana_WT","Ly86","0"
"CCTTTGGCAAGGACAC-1-1",0.0243437015371741,"Dana_WT","CD34","10"
"CCTTTGGGTCCACTCT-1-1",0.209698947571594,"Dana_WT","Fcnb","1"
"CCTTTGGGTCTTGAGT-1-1",0.00433110221732458,"Dana_WT","CD34","11"
"CCTTTGGTCACTTGGA-1-1",0.00219591397863428,"Dana_WT","C1qb","13"
"CCTTTGGTCCATCAGA-1-1",0.712406379156488,"Dana_WT","Prss34","9"
"CCTTTGGTCTACTTCA-1-1",0.0569377888135281,"Dana_WT","Pf4","9"
"CCTTTGGTCTAGCCTC-1-1",0.343315526296856,"Dana_WT","CD34","0"
"CCTTTGGTCTGGAGAG-1-1",0.17181283592002,"Dana_WT","CD34","7"
"CGAAGGAAGTAATTGG-1-1",0.0552155460219339,"Dana_WT","Gstm1/CD63","10"
"CGAAGGACATGGAAGC-1-1",1.85501345839612e-07,"Dana_WT","Ly86","0"
"CGAAGGATCCGCGGAT-1-1",6.63167311376611e-06,"Dana_WT","Pf4","9"
"CGAAGGATCCTTGACC-1-1",0.51739731281058,"Dana_WT","Gstm1/CD63","1"
"CGAAGGATCTGGGCCA-1-1",0.0415296894369289,"Dana_WT","Ly86","0"
"CGAAGTTCAAAGCAAT-1-1",0.0389285805823303,"Dana_WT","Ly86","0"
"CGAAGTTCATTGGCAT-1-1",0.020448283132751,"Dana_WT","Gstm1/Ly86","0"
"CGAAGTTGTGATTCAC-1-1",0.0526821944395156,"Dana_WT","Car1","5"
"CGAAGTTTCAAGCCTA-1-1",16.8959951506446,"Dana_WT","Ltf","12"
"CGAATTGAGCAGATAT-1-1",0.00614046166779669,"Dana_WT","Car1","9"
"CGAATTGCAAGGACAC-1-1",0.0507733239067989,"Dana_WT","CD34","0"
"CGAATTGCACCCTGAG-1-1",0.00219586760329782,"Dana_WT","Gstm1/CD63","13"
"CGAATTGGTAAGTTAG-1-1",0.175801539061927,"Dana_WT","Ly86","1"
"CGAATTGGTCAACCAT-1-1",1.00769063063126,"Dana_WT","Prg2","10"
"CGAATTGGTTAGGAGC-1-1",0.463688652263709,"Dana_WT","Ly86","0"
"CGAATTGTCACTCACC-1-1",0.0170423356938867,"Dana_WT","Pf4","9"
"CGAATTGTCTATTGTC-1-1",0.00262035291648577,"Dana_WT","CD34","7"
"CGAATTGTCTCAGAAC-1-1",0.312527572530954,"Dana_WT","Ly86","13"
"CGAATTGTCTCGTTTA-1-1",0.0123068198093101,"Dana_WT","Ly86","0"
"CGAATTGTCTTACTGT-1-1",2.47836021145774,"Dana_WT","Car1","5"
"CGAATTGTCTTCACAT-1-1",0.306443241985949,"Dana_WT","CD34","9"
"CGACAGCAGAGGCGGA-1-1",2.73732449161463,"Dana_WT","Car1","5"
"CGACAGCAGGCCTGAA-1-1",0.0318671314337325,"Dana_WT","Ly86","0"
"CGACAGCGTCCTCCAT-1-1",1.15014225968574,"Dana_WT","Gstm1/CD63","1"
"CGACAGCGTCTTTCAT-1-1",0.618386591469807,"Dana_WT","CD34","10"
"CGACAGCTCCCAAGCG-1-1",0.347457855611712,"Dana_WT","Gstm1/CD63","13"
"CGACAGCTCCGAACGC-1-1",0.100358277236509,"Dana_WT","Gstm1/CD63","1"
"CGAGAAGAGATCGACG-1-1",2.79490714028713,"Dana_WT","Car1","5"
"CGAGAAGAGTCTGGTT-1-1",0.31252761890629,"Dana_WT","Ly86","0"
"CGAGAAGGTATGAAAC-1-1",0.336860115862554,"Dana_WT","Unannotated","10"
"CGAGAAGGTCGTGGAA-1-1",0.0547856944326437,"Dana_WT","CD34","0"
"CGAGGAAAGCAAGTGC-1-1",7.49587767323988,"Dana_WT","Car1","6"
"CGAGGAAAGGAGAGTA-1-1",0.0507732775314624,"Dana_WT","Unannotated","0"
"CGAGGAACACATTGTG-1-1",0.0272892469517776,"Dana_WT","CD34","10"
"CGAGGAACAGGGATAC-1-1",0.0526497731746762,"Dana_WT","Prss34","10"
"CGAGGCTAGTGGAATT-1-1",0.761898539620555,"Dana_WT","Car1","9"
"CGAGGCTCAGGTCCGT-1-1",0.361593749441099,"Dana_WT","Pf4","3"
"CGAGGCTCATGGGTTT-1-1",0.0169574305186482,"Dana_WT","Car1","3"
"CGAGGCTGTTGGACTT-1-1",0.505446164891083,"Dana_WT","Prss34","10"
"CGAGGCTGTTGGCTAT-1-1",0.0581245540284216,"Dana_WT","Car1","5"
"CGAGGCTTCTCTGCCA-1-1",2.48553942976949,"Dana_WT","Car1","5"
"CGAGTGCAGCGATGCA-1-1",0.044033883253955,"Dana_WT","CD34","7"
"CGAGTGCCAATACCCA-1-1",2.28779743292445,"Dana_WT","Gstm1/CD63","1"
"CGAGTGCGTAGGGAGG-1-1",0.809233600533507,"Dana_WT","Ly86","0"
"CGAGTGCGTATTTCTC-1-1",0.136911829096685,"Dana_WT","Ly86","0"
"CGAGTGCGTGCAGATG-1-1",0.0389285342069938,"Dana_WT","Ly86","13"
"CGAGTGCTCGGTTCAA-1-1",8.37110937098989,"Dana_WT","Car1","6"
"CGAGTGCTCTCTATAC-1-1",0.0251489707934298,"Dana_WT","Car1","5"
"CGAGTTAAGTTTGTCG-1-1",1.05650035819843,"Dana_WT","Prss34","10"
"CGAGTTACAAGGAGTC-1-1",0.0834558945041102,"Dana_WT","Prss34","10"
"CGAGTTAGTGTCTTGA-1-1",2.82658691015031,"Dana_WT","Car1","5"
"CGAGTTAGTTAAGTCC-1-1",0.338991488866509,"Dana_WT","Ly86","0"
"CGAGTTATCATGAGTC-1-1",0.00219582122796136,"Dana_WT","Gstm1/Ly86","13"
"CGATCGGAGGTGTGAC-1-1",0.127328112013702,"Dana_WT","CD34","7"
"CGATCGGAGTACCATC-1-1",0.0367527175111824,"Dana_WT","Car1","9"
"CGATCGGCAAGCGAGT-1-1",8.64570067368948,"Dana_WT","Hba-a2","6"
"CGATCGGCATGACAAA-1-1",3.72262249788454,"Dana_WT","Car1","5"
"CGATCGGTCCTCTCTT-1-1",3.39295334510286,"Dana_WT","Car1","5"
"CGATGCGAGAATCGCG-1-1",0.0944329276915372,"Dana_WT","Fcnb","1"
"CGATGCGAGACGCATG-1-1",0.48620626460859,"Dana_WT","Car1","5"
"CGATGCGAGAGCATCG-1-1",0.0526822408148521,"Dana_WT","Car1","5"
"CGATGCGAGCCTGGAA-1-1",0.108975008415572,"Dana_WT","Unannotated","9"
"CGATGCGAGGGTTGCA-1-1",0.0569377424381916,"Dana_WT","Pf4","9"
"CGATGCGAGTAGGAAG-1-1",0.0123068661846466,"Dana_WT","CD34","0"
"CGATGCGAGTCGGGAT-1-1",0.00904564638675898,"Dana_WT","Car1","9"
"CGATGCGCAACGGCCT-1-1",0.186456255032266,"Dana_WT","Car1","9"
"CGATGCGTCGTTGTGA-1-1",0.702865111210196,"Dana_WT","Car1","5"
"CGATGGCAGAGCCATG-1-1",1.30045894255924,"Dana_WT","Gstm1/CD63","1"
"CGATGGCAGCCAGTAG-1-1",0.944799127467413,"Dana_WT","Car1","9"
"CGATGGCCAAACGTGG-1-1",0.108576128381689,"Dana_WT","Gstm1/CD63","1"
"CGATGGCCAGTGGGTA-1-1",0.00116011289353629,"Dana_WT","Ly86","13"
"CGATGGCGTCATGACT-1-1",0.00433105584198812,"Dana_WT","Car1","11"
"CGATGGCTCATGGAGG-1-1",0.00914415289966763,"Dana_WT","Pf4","11"
"CGATGGCTCGCCTTGT-1-1",0.0448876449295516,"Dana_WT","CD34","10"
"CGATGGCTCGTTCTAT-1-1",0.0526822871901885,"Dana_WT","Car1","5"
"CGCAGGTAGACGCCCT-1-1",0.0170423820692231,"Dana_WT","Car1","9"
"CGCAGGTAGTGGTCAG-1-1",0.133715448203831,"Dana_WT","CD34","1"
"CGCAGGTCACTGAGGA-1-1",0.136954587657822,"Dana_WT","Ly86","0"
"CGCAGGTTCTCACCCA-1-1",3.47815023449272e-06,"Dana_WT","CD34","1"
"CGCAGGTTCTTAGGAC-1-1",0.0706615232317405,"Dana_WT","CD34","7"
"CGCATAAAGACTTCGT-1-1",0.0225615600435387,"Dana_WT","Ly86","0"
"CGCATAACACTACCCT-1-1",0.0953282678675382,"Dana_WT","CD34","10"
"CGCATAACATTGACAC-1-1",0.0964118801392223,"Dana_WT","Ly86","0"
"CGCATAATCATCTATC-1-1",0.265133824195342,"Dana_WT","Prss34","10"
"CGCATGGAGATTGACA-1-1",0.824267821400738,"Dana_WT","Fcnb","1"
"CGCATGGAGCCTAGGA-1-1",0.303963652666526,"Dana_WT","Gstm1/Ly86","0"
"CGCATGGAGGTAAGAG-1-1",5.85363452682669,"Dana_WT","Car1","5"
"CGCATGGCAAATCGGG-1-1",0.130751979007028,"Dana_WT","Ly86","7"
"CGCATGGTCATTGGTG-1-1",0.444766170821498,"Dana_WT","Prss34","10"
"CGCCAGAAGCGTGAAC-1-1",5.85363457320203,"Dana_WT","Car1","6"
"CGCCAGACAAGCAGGT-1-1",0.0021957748526249,"Dana_WT","Gstm1/Ly86","0"
"CGCCAGACATCGATGT-1-1",0.0170424284445596,"Dana_WT","Pf4","9"
"CGCCAGAGTAAGTTGA-1-1",0.393674767321673,"Dana_WT","Ly86","0"
"CGCCAGAGTAGTCGGA-1-1",0.158006216088071,"Dana_WT","Car1","9"
"CGCCAGAGTCCAGTTA-1-1",0.273469926673207,"Dana_WT","CD34","10"
"CGCCAGAGTTCTCCCA-1-1",2.45245284363937,"Dana_WT","Car1","5"
"CGCCAGATCGTGGAAG-1-1",1.27779084123801,"Dana_WT","CD34","10"
"CGCCAGATCTTAAGGC-1-1",3.43177489803281e-06,"Dana_WT","Ly86","0"
"CGCCATTAGAATTCAG-1-1",1.44516004133224,"Dana_WT","Gstm1/CD63","1"
"CGCCATTAGGATTTAG-1-1",0.0556459469649027,"Dana_WT","Ly86","7"
"CGCCATTAGTTCACTG-1-1",0.0159685095584985,"Dana_WT","Ly86","0"
"CGCCATTCACGTGAGA-1-1",0.0247995814277224,"Dana_WT","Prss34","10"
"CGCCATTCAGACCGCT-1-1",1.00076308770783,"Dana_WT","Fcnb","1"
"CGCCATTGTGTACATC-1-1",3.1961751079656,"Dana_WT","Car1","5"
"CGCCATTTCCACGTAA-1-1",0.292997038258892,"Dana_WT","CD34","7"
"CGCGTGAAGCTGAGCA-1-1",1.14083327691361e-05,"Dana_WT","Ccl5","7"
"CGCGTGAAGTGCCAGA-1-1",0.0503034600579297,"Dana_WT","Prss34","10"
"CGCGTGAAGTTACGGG-1-1",8.94615730764086,"Dana_WT","Hba-a2","6"
"CGCGTGAAGTTTAGGA-1-1",0.179115120849761,"Dana_WT","Gstm1/Ly86","13"
"CGCGTGACAACTGAAA-1-1",0.0427317141349173,"Dana_WT","CD34","0"
"CGCGTGACAAGAAACT-1-1",6.95630046898543e-07,"Dana_WT","CD34","7"
"CGCGTGACAGGCTTGC-1-1",0.0787013952015827,"Dana_WT","Prss34","10"
"CGCGTGAGTTTCAGAC-1-1",0.75405640171161,"Dana_WT","Car1","9"
"CGCGTGATCACCTGTC-1-1",0.872293477196121,"Dana_WT","Fcnb","1"
"CGCGTGATCCGGCAAC-1-1",1.11786212407631,"Dana_WT","Gstm1/CD63","10"
"CGGAACCGTCAAATCC-1-1",0.0372383011320583,"Dana_WT","Ly86","0"
"CGGAACCGTCGATGCC-1-1",0.0553845892449945,"Dana_WT","Gstm1/Ly86","0"
"CGGAACCGTGCAAGAC-1-1",0.0367527638865188,"Dana_WT","Car1","9"
"CGGAACCGTGTTACTG-1-1",0.0961087659422095,"Dana_WT","Ly86","1"
"CGGAACCGTTGTTGAC-1-1",0.505446211266419,"Dana_WT","CD34","10"
"CGGAATTAGTGATAGT-1-1",1.65326067911833,"Dana_WT","Car1","5"
"CGGAATTCAGAACTCT-1-1",0.154283283996317,"Dana_WT","Pf4","9"
"CGGAATTCAGACGATG-1-1",0.0170424748198961,"Dana_WT","Car1","9"
"CGGAATTGTCTCACAA-1-1",0.103064423269418,"Dana_WT","Car1","5"
"CGGAATTTCTTAGCTT-1-1",0.00575101514207965,"Dana_WT","Ly86","7"
"CGGACACAGCAATTAG-1-1",1.00290365274893,"Dana_WT","Gstm1/CD63","1"
"CGGACACAGCATCGAG-1-1",8.50532384001133,"Dana_WT","Hba-a2","6"
"CGGACACAGCCATTCA-1-1",0.248603038759062,"Dana_WT","Ly86","0"
"CGGACACAGCGCGTTC-1-1",0.0585636995235799,"Dana_WT","CD34","7"
"CGGACACAGTTTGTCG-1-1",9.5642917103575,"Dana_WT","Hba-a2","6"
"CGGACACCAAATTAGG-1-1",0.0410905767114971,"Dana_WT","Ly86","0"
"CGGACACCAGAACTAA-1-1",1.27565729677445,"Dana_WT","Car1","5"
"CGGACACGTCTGGTTA-1-1",0.0170425211952325,"Dana_WT","Pf4","9"
"CGGACACTCTGAGAGG-1-1",8.46892113835897,"Dana_WT","Hba-a2","6"
"CGGAGAAAGATCCGAG-1-1",0.0633182371913956,"Dana_WT","Ly86","1"
"CGGAGAAAGGTGATAT-1-1",0.94556893672991,"Dana_WT","Prg2","10"
"CGGAGAAAGTATAGGT-1-1",0.0169574768939846,"Dana_WT","Car1","6"
"CGGAGAACAAGGGCAT-1-1",0.00132751065834297,"Dana_WT","Ly86","0"
"CGGAGAACACATATGC-1-1",0.699076367301767,"Dana_WT","Gstm1/CD63","1"
"CGGAGAACACGACGCT-1-1",8.35038468839659,"Dana_WT","Hba-a2","6"
"CGGAGAATCCAGCAAT-1-1",0.443022295520164,"Dana_WT","Car1","5"
"CGGAGAATCGACGTCG-1-1",0.180438404989751,"Dana_WT","Unannotated","7"
"CGGAGAATCGCTTTAT-1-1",1.27779088761335,"Dana_WT","Prg2","10"
"CGGCAGTAGACTAGAT-1-1",3.01199556466237,"Dana_WT","Car1","5"
"CGGCAGTAGATGAACT-1-1",0.0738329921563134,"Dana_WT","Gstm1/CD63","1"
"CGGCAGTAGGGATCTG-1-1",0.00344375489681825,"Dana_WT","Car1","9"
"CGGCAGTGTATCGCTA-1-1",7.97359890954771,"Dana_WT","Car1","6"
"CGGCAGTTCGGCTGTG-1-1",0.0123069125599831,"Dana_WT","Ly86","0"
"CGGGACTAGAACTCCT-1-1",0.431381602965452,"Dana_WT","Prss34","10"
"CGGGACTCACCCAATA-1-1",0.052682333565525,"Dana_WT","Car1","5"
"CGGGACTTCATCCTAT-1-1",0.630993869351677,"Dana_WT","Car1","5"
"CGGGCATAGAATCTAG-1-1",0.157452802220906,"Dana_WT","Ly86","0"
"CGGGCATAGCCTTCTC-1-1",7.9010775191121,"Dana_WT","Car1","6"
"CGGGCATAGCGACATG-1-1",6.31015662882367,"Dana_WT","Car1","5"
"CGGGCATAGTCCGCCA-1-1",0.0659590839887454,"Dana_WT","CD34","0"
"CGGGCATCATAACTCG-1-1",1.50165515209287,"Dana_WT","Gstm1/CD63","1"
"CGGGCATTCAACACCA-1-1",17.6189331355231,"Dana_WT","Ltf","12"
"CGGGCATTCACCCTCA-1-1",0.480178665449893,"Dana_WT","Pf4","9"
"CGGGCATTCTCTTAAC-1-1",0.00133197885283121,"Dana_WT","Gstm1/Ly86","0"
"CGGGCATTCTGAACGT-1-1",0.00331107507374684,"Dana_WT","Ly86","0"
"CGGGTCAGTATGCGTT-1-1",0.073596921794741,"Dana_WT","Ly86","0"
"CGGGTCAGTTAGAAAC-1-1",0.186423084294417,"Dana_WT","Prss34","13"
"CGGGTCATCAAGAAAC-1-1",0.000927534973630628,"Dana_WT","Prss34","10"
"CGGGTCATCATCTATC-1-1",0.505446257641756,"Dana_WT","Prss34","10"
"CGGGTCATCCATCGTC-1-1",0.207464755573683,"Dana_WT","Car1","9"
"CGGGTGTCACAGAGAC-1-1",0.00433100946665166,"Dana_WT","Ly86","11"
"CGGGTGTCACGGTGAA-1-1",0.465707363125859,"Dana_WT","CD34","0"
"CGGGTGTGTAAGGTCG-1-1",0.00890312396765036,"Dana_WT","CD34","0"
"CGGGTGTGTTGCCAAT-1-1",2.44933448547908,"Dana_WT","Gstm1/CD63","1"
"CGGGTGTGTTGGGTAG-1-1",0.232381260626839,"Dana_WT","CD34","0"
"CGGGTGTTCCCTCGTA-1-1",0.00904560001142252,"Dana_WT","Car1","9"
"CGGGTGTTCCTATGGA-1-1",0.0677157690156012,"Dana_WT","Ly86","0"
"CGGGTGTTCGACGACC-1-1",0.00153001869138553,"Dana_WT","Gstm1/Ly86","13"
"CGGGTGTTCTTGCGCT-1-1",4.63753364599029e-08,"Dana_WT","Car1","5"
"CGGTCAGAGACCATGG-1-1",0.0939826171233785,"Dana_WT","Ly86","7"
"CGGTCAGAGAGCAGTC-1-1",0.0133446897496114,"Dana_WT","Ly86","0"
"CGGTCAGCAAGACCGA-1-1",7.2459305380881,"Dana_WT","Car1","6"
"CGGTCAGCAATTGAGA-1-1",0.948759626484656,"Dana_WT","Ly86","0"
"CGGTCAGGTAGGACCA-1-1",0.00333662200915164,"Dana_WT","Ly86","7"
"CGTAAGTAGTTAACGA-1-1",0.121448944180445,"Dana_WT","Ly86","0"
"CGTAAGTCACCCTAGG-1-1",0.0978778248556889,"Dana_WT","Prss34","10"
"CGTAAGTGTACCCACG-1-1",0.00219572847728844,"Dana_WT","Gstm1/Ly86","13"
"CGTAAGTGTGCCTAAT-1-1",0.0268345236163201,"Dana_WT","Ly86","13"
"CGTAAGTTCCAAGCTA-1-1",0.120495782829993,"Dana_WT","CD34","7"
"CGTAATGAGAAGATCT-1-1",0.0846724864840176,"Dana_WT","Gstm1/CD63","1"
"CGTAATGAGACAACAT-1-1",0.11051662499474,"Dana_WT","Ly86","0"
"CGTAATGAGCTAGTTC-1-1",1.26822265322894,"Dana_WT","Car1","5"
"CGTAATGCAAGAGTGC-1-1",0.902731375879593,"Dana_WT","Car1","5"
"CGTAATGCAAGGTCGA-1-1",0.0569376960628551,"Dana_WT","Car1","3"
"CGTAATGGTACCGTGC-1-1",0.269460815560913,"Dana_WT","Prss34","10"
"CGTAATGGTCGAAGCA-1-1",0.317704373794215,"Dana_WT","CD34","7"
"CGTAATGTCACGAGGA-1-1",0.0043309630913152,"Dana_WT","Gstm1/CD63","11"
"CGTAATGTCAGCGCAC-1-1",1.53308401083161,"Dana_WT","Car1","5"
"CGTAGTAAGCAAATCA-1-1",0.0526823799408614,"Dana_WT","Unannotated","5"
"CGTAGTACAAGCACCC-1-1",15.2101767341086,"Dana_WT","Ltf","12"
"CGTAGTAGTCAAAGCG-1-1",0.196501345174737,"Dana_WT","Prss34","10"
"CGTAGTAGTCGTTGGC-1-1",0.124205791237161,"Dana_WT","Gstm1/CD63","1"
"CGTAGTAGTGCAACGA-1-1",0.0204482367574146,"Dana_WT","CD34","0"
"CGTCAAAAGCACAAAT-1-1",0.00904555363608606,"Dana_WT","Pf4","9"
"CGTCAAAAGGTTACAA-1-1",0.0526824263161979,"Dana_WT","Car1","9"
"CGTCAAAAGTGAGCCA-1-1",4.17334029092183,"Dana_WT","Car1","5"
"CGTCAAACAACTTCTT-1-1",5.85363461957736,"Dana_WT","Car1","6"
"CGTCAAACATGACCCG-1-1",0.0569376496875187,"Dana_WT","Car1","3"
"CGTCAAAGTAGGTCAG-1-1",4.63753364599029e-08,"Dana_WT","CD34","1"
"CGTCAAAGTGCGCTCA-1-1",0.122599833894363,"Dana_WT","Unannotated","7"
"CGTCAAAGTGGTGATG-1-1",1.10240929831171,"Dana_WT","Car1","5"
"CGTCAAATCCACGAAT-1-1",0.105071736488391,"Dana_WT","Car1","5"
"CGTCAAATCGTCAACA-1-1",0.0526824726915344,"Dana_WT","Car1","5"
"CGTCAAATCTGTAAGC-1-1",16.6551366340226,"Dana_WT","Ltf","12"
"CGTCCATAGCCTGGAA-1-1",0.292862328323532,"Dana_WT","Ly86","0"
"CGTCCATCAGGGTTGA-1-1",0.953986266761086,"Dana_WT","Ly86","0"
"CGTCCATGTGGGATTG-1-1",2.23473423826816,"Dana_WT","Fcnb","1"
"CGTGAATAGACATCAA-1-1",0.0569376033121822,"Dana_WT","Car1","3"
"CGTGAATCACGTATAC-1-1",0.708528611403116,"Dana_WT","Car1","9"
"CGTGAATCACTGATTG-1-1",4.63753364599029e-07,"Dana_WT","Gstm1/CD63","1"
"CGTGAATCATTGTAGC-1-1",0.461165867916151,"Dana_WT","Unannotated","0"
"CGTGAATTCGGCTGGT-1-1",3.38539956157291e-06,"Dana_WT","Gstm1/Ly86","0"
"CGTGATACACGTGAGA-1-1",0.94737553513507,"Dana_WT","Ly86","0"
"CGTGATAGTCCGAAAG-1-1",0.0531272713428927,"Dana_WT","Car1","9"
"CGTGATAGTGAGCGAT-1-1",0.200941688605663,"Dana_WT","Ly86","0"
"CGTGATATCGTCGACG-1-1",0.00219568210195198,"Dana_WT","Ly86","13"
"CGTGATATCTCTCGCA-1-1",0,"Dana_WT","CD34","0"
"CGTGATATCTTTACAC-1-1",1.03344268746928,"Dana_WT","Gstm1/CD63","1"
"CGTGCTTAGGATTTAG-1-1",1.54979699775013,"Dana_WT","Car1","5"
"CGTGCTTAGGCCTAAG-1-1",0.0721700755651766,"Dana_WT","Car1","9"
"CGTGCTTCACATGAAA-1-1",8.23675481986381,"Dana_WT","Hba-a2","6"
"CGTGCTTCATTGAGGG-1-1",0.424002708201313,"Dana_WT","Car1","5"
"CGTGCTTGTTTCGATG-1-1",8.04479954058744,"Dana_WT","Car1","6"
"CGTGCTTTCACAGAGG-1-1",7.1910232801919,"Dana_WT","Hba-a2","6"
"CGTGCTTTCCTGATAG-1-1",8.11916418321843,"Dana_WT","Car1","6"
"CGTGCTTTCGAAGCAG-1-1",0.0526825190668708,"Dana_WT","Car1","5"
"CGTGCTTTCTAATTCC-1-1",0.0101735802169765,"Dana_WT","CD34","0"
"CGTGTCTCAACTCGTA-1-1",0.0271854958207537,"Dana_WT","Ly86","0"
"CGTGTCTCACGGCACT-1-1",0.0526825654422073,"Dana_WT","Car1","9"
"CGTGTCTCAGACCTGC-1-1",0.182393242900758,"Dana_WT","Gstm1/Ly86","1"
"CGTGTCTGTGGTCTTA-1-1",0.00219563572661552,"Dana_WT","CD34","7"
"CGTGTCTTCCTGTAAG-1-1",0.0798349418854697,"Dana_WT","Ly86","0"
"CGTGTCTTCGAATCCA-1-1",0.017042567570569,"Dana_WT","Car1","9"
"CGTTAGAAGATACATG-1-1",0.796951380455856,"Dana_WT","Ly86","0"
"CGTTAGACAAGCGGAT-1-1",0.894062191718842,"Dana_WT","Fcnb","1"
"CGTTAGAGTATCCCTC-1-1",0.0017069337702762,"Dana_WT","Gstm1/CD63","1"
"CGTTAGAGTATGAAAC-1-1",0.468591629131116,"Dana_WT","Ly86","7"
"CGTTAGATCCTCAGAA-1-1",0.044127675955787,"Dana_WT","Ly86","7"
"CGTTAGATCGTGGAAG-1-1",0.190247672357674,"Dana_WT","Car1","3"
"CGTTCTGAGATCGCTT-1-1",1.25455127219124,"Dana_WT","Gstm1/CD63","1"
"CGTTCTGAGCTAGTTC-1-1",0.0339120701774644,"Dana_WT","CD34","1"
"CGTTCTGCACTACGGC-1-1",0.587057382846954,"Dana_WT","Ly86","0"
"CGTTCTGCATCCGGCA-1-1",0.00219558935127906,"Dana_WT","CD34","7"
"CGTTCTGGTATCTCTT-1-1",0.412929223648428,"Dana_WT","Gstm1/CD63","1"
"CGTTCTGGTGTGTTTG-1-1",2.75318722969737,"Dana_WT","Car1","5"
"CGTTCTGTCCATGAGT-1-1",0.46378703901903,"Dana_WT","Ly86","0"
"CGTTCTGTCCCTGGTT-1-1",0.511116851434835,"Dana_WT","Ly86","0"
"CGTTGGGAGAAACCAT-1-1",2.74328453905907,"Dana_WT","Car1","5"
"CGTTGGGAGCGGTATG-1-1",0.0846725328593541,"Dana_WT","Gstm1/Ly86","1"
"CGTTGGGAGGCCACTC-1-1",0.505446304017092,"Dana_WT","Prss34","10"
"CGTTGGGGTGATTAGA-1-1",0.0204481903820781,"Dana_WT","CD34","3"
"CGTTGGGGTGTAAATG-1-1",0,"Dana_WT","Car1","10"
"CGTTGGGTCACAAGGG-1-1",0.0169575232693211,"Dana_WT","Car1","6"
"CGTTGGGTCTGCCTCA-1-1",0.0649170761661995,"Dana_WT","Pf4","9"
"CTAACCCAGACCTTTG-1-1",7.84188787838109,"Dana_WT","Car1","6"
"CTAACCCAGCGTACAG-1-1",0.212881681601666,"Dana_WT","CD34","7"
"CTAACCCCAGAACATA-1-1",2.75159691941699,"Dana_WT","Car1","5"
"CTAACCCCATCGGAGA-1-1",7.19102332656723,"Dana_WT","Hba-a2","6"
"CTAACCCTCTCCTGTG-1-1",0.0630682187031626,"Dana_WT","Fcnb","1"
"CTAACTTCAAAGAACT-1-1",0.0204481440067417,"Dana_WT","CD34","0"
"CTAACTTCATGACTGT-1-1",0.0430621375414975,"Dana_WT","Car1","3"
"CTAACTTGTCTATGAC-1-1",0.68059103333142,"Dana_WT","Prss34","10"
"CTAAGTGAGGGATCAC-1-1",8.17372921230023,"Dana_WT","Hba-a2","6"
"CTAAGTGAGTGGCGAT-1-1",0.0804051321396755,"Dana_WT","Car1","9"
"CTAAGTGCATAGTCAC-1-1",9.57937092046449,"Dana_WT","Hba-a2","6"
"CTAAGTGGTAGAGATT-1-1",0.0569375569368458,"Dana_WT","CD34","3"
"CTAAGTGGTCAACATC-1-1",1.18312647565095,"Dana_WT","Gstm1/CD63","1"
"CTAAGTGGTCTTAGTG-1-1",0.193791376017972,"Dana_WT","CD34","0"
"CTAAGTGGTTATTCTC-1-1",0.867735728591384,"Dana_WT","Car1","5"
"CTAAGTGTCTATACTC-1-1",0.0122408911500012,"Dana_WT","Ly86","0"
"CTACAGAAGGTTACCT-1-1",0.240332828273722,"Dana_WT","Ly86","0"
"CTACAGACAACCTATG-1-1",0.24727049054146,"Dana_WT","Fcnb","1"
"CTACAGACAGAGTGTG-1-1",0.289235135401549,"Dana_WT","Fcnb","1"
"CTACAGAGTACAAGCG-1-1",0.714112129147269,"Dana_WT","Car1","4"
"CTACAGAGTCGAGCAA-1-1",0.0569375105615093,"Dana_WT","Pf4","9"
"CTACAGAGTGAGTTGG-1-1",3.72262254425987,"Dana_WT","Car1","5"
"CTACAGATCCATAGGT-1-1",0.00212236538511823,"Dana_WT","Unannotated","7"
"CTACAGATCCTTCGAC-1-1",0.0362106686834182,"Dana_WT","CD34","0"
"CTACAGATCGACATCA-1-1",1.05932724995421,"Dana_WT","Gstm1/CD63","1"
"CTACAGATCTAATTCC-1-1",0.702865157585533,"Dana_WT","Car1","5"
"CTACAGATCTTCCACG-1-1",0.0526826118175437,"Dana_WT","Car1","5"
"CTACATTAGATACTGA-1-1",0.171218316151218,"Dana_WT","Gstm1/CD63","1"
"CTACATTAGTAACGAT-1-1",0.749206001062721,"Dana_WT","Ly86","0"
"CTACATTCACAGACGA-1-1",0.865249844147571,"Dana_WT","Ly86","0"
"CTACATTCAGGCATTT-1-1",0.0178551309621096,"Dana_WT","Ly86","0"
"CTACATTGTAGTCACT-1-1",0.0653035579276935,"Dana_WT","Prss34","10"
"CTACATTGTCAGGTGA-1-1",0.00433091671597874,"Dana_WT","CD34","11"
"CTACATTTCGCTAATG-1-1",0.129498196627576,"Dana_WT","Car1","5"
"CTACATTTCTTTCTAG-1-1",0.0170426139459054,"Dana_WT","Pf4","9"
"CTACCCAAGAAGCCTG-1-1",0.470258740857208,"Dana_WT","CD34","1"
"CTACCCAGTCCACACG-1-1",0.433482030535978,"Dana_WT","Ly86","0"
"CTACCCATCCATCTAT-1-1",5.56504037518835e-07,"Dana_WT","Pf4","9"
"CTACCCATCCCTATTA-1-1",0.0526826581928802,"Dana_WT","Car1","5"
"CTACCCATCTATACGG-1-1",7.07398394588065,"Dana_WT","Car1","6"
"CTACCCATCTCCTACG-1-1",0.133635928711598,"Dana_WT","Ly86","0"
"CTACCCATCTCTATGT-1-1",5.8536346659527,"Dana_WT","Car1","6"
"CTACCTGAGACGAGCT-1-1",0.0090455072607496,"Dana_WT","Pf4","9"
"CTACCTGAGTCGCCCA-1-1",5.85363471232804,"Dana_WT","Car1","5"
"CTACCTGCAGTGTGCC-1-1",0.0801762034386555,"Dana_WT","CD34","0"
"CTACCTGGTACGACTT-1-1",0.0855248581955057,"Dana_WT","Ly86","1"
"CTACCTGGTGTTGATC-1-1",0.0526827045682167,"Dana_WT","Car1","5"
"CTACCTGGTTTCGGCG-1-1",0.0256635613641596,"Dana_WT","Ly86","0"
"CTACGGGAGCCATATC-1-1",0.129973873210596,"Dana_WT","CD34","7"
"CTACGGGAGGCCACTC-1-1",6.4925471043864e-07,"Dana_WT","CD34","7"
"CTACGGGCATCCTGTC-1-1",1.13619574326762e-05,"Dana_WT","Vpreb1","7"
"CTACGGGCATTGCCTC-1-1",7.19102337294257,"Dana_WT","Hba-a2","6"
"CTACGGGGTCACTCAA-1-1",0.435514597759878,"Dana_WT","Ly86","0"
"CTACGGGGTCTAGGCC-1-1",0.154857551456019,"Dana_WT","Car1","5"
"CTACGGGGTTCCAAAC-1-1",0.0389284878316574,"Dana_WT","Ly86","13"
"CTACGGGTCCGTAATG-1-1",0.0025693591370981,"Dana_WT","Ly86","7"
"CTACGGGTCGTCCTTG-1-1",0.0500947316239082,"Dana_WT","CD34","9"
"CTACTATAGACGGATC-1-1",6.24532692758706,"Dana_WT","Car1","5"
"CTACTATAGGTATCTC-1-1",0.0526827509435531,"Dana_WT","Car1","9"
"CTACTATCACAACCGC-1-1",0.952732120590928,"Dana_WT","Ly86","0"
"CTACTATCACCTATCC-1-1",8.15056128104316,"Dana_WT","Hba-a2","6"
"CTACTATGTATCGAGG-1-1",0.0204480976314052,"Dana_WT","Ly86","0"
"CTACTATGTGAATATG-1-1",0.647558893974389,"Dana_WT","Prss34","10"
"CTACTATGTGGATGAC-1-1",1.59170628491154,"Dana_WT","Car1","5"
"CTACTATTCAACTACG-1-1",0.0021955429759426,"Dana_WT","Ly86","13"
"CTACTATTCACTTGTT-1-1",0,"Dana_WT","CD34","0"
"CTACTATTCATTTGTC-1-1",1.10240934468705,"Dana_WT","Gstm1/Ly86","13"
"CTACTATTCTTGCAAG-1-1",1.29850942087728e-06,"Dana_WT","Gstm1/CD63","1"
"CTAGACAAGGGATCAC-1-1",0.0721345381498911,"Dana_WT","Unannotated","7"
"CTAGACACACTCCGAG-1-1",0.0846725792346905,"Dana_WT","Ly86","13"
"CTAGACAGTAGCACGA-1-1",0.129736633158762,"Dana_WT","CD34","10"
"CTAGACATCAAACTGC-1-1",0.000501599336992065,"Dana_WT","CD34","0"
"CTAGACATCGATTTCT-1-1",0.690314186451118,"Dana_WT","CD34","7"
"CTAGACATCTGAGAGG-1-1",8.95501707651987,"Dana_WT","Hba-a2","6"
"CTAGGTATCTCGGGAC-1-1",0.0526827973188896,"Dana_WT","Car1","9"
"CTATAGGAGATCCAAA-1-1",0.896143563580213,"Dana_WT","Fcnb","1"
"CTATAGGCAAGACGAC-1-1",0.316970072956805,"Dana_WT","Pf4","9"
"CTATAGGCAATCGCGC-1-1",0.0170426603212419,"Dana_WT","Pf4","9"
"CTATAGGCAGAACCGA-1-1",0.0170427066965784,"Dana_WT","Pf4","9"
"CTATAGGCAGTCGCAC-1-1",0.0569374641861728,"Dana_WT","Car1","3"
"CTATAGGTCGAACGGA-1-1",0.0274025030030663,"Dana_WT","Gstm1/Ly86","0"
"CTATAGGTCGCAGTTA-1-1",8.19876747893129,"Dana_WT","Car1","6"
"CTATAGGTCGCTAGCG-1-1",0.0244489130366855,"Dana_WT","Car1","5"
"CTATCCGCAAAGAACT-1-1",6.31015667519901,"Dana_WT","Car1","5"
"CTATCCGCAGACCTGC-1-1",0.0367528102618553,"Dana_WT","Car1","9"
"CTATCCGCAGGTTCCG-1-1",0.347457901987048,"Dana_WT","Gstm1/CD63","1"
"CTATCCGGTTCGGTCG-1-1",0.00914913920599636,"Dana_WT","CD34","0"
"CTATCCGTCCAAATGC-1-1",0.874504163044236,"Dana_WT","Car1","5"
"CTATCCGTCTACGCAA-1-1",0.0418809679854979,"Dana_WT","Gstm1/CD63","7"
"CTATCCGTCTCCTGCA-1-1",0.0943304058412677,"Dana_WT","Car1","5"
"CTATCTAAGCGTGCCT-1-1",5.83650857928895,"Dana_WT","Car1","5"
"CTATCTACACTATGTG-1-1",17.4455180615942,"Dana_WT","Ltf","12"
"CTATCTAGTATCGCGC-1-1",0.307251107524295,"Dana_WT","Prss34","10"
"CTCAACCAGAGTGGCT-1-1",7.49587771961522,"Dana_WT","Car1","6"
"CTCAACCAGATCACCT-1-1",2.73379742446754,"Dana_WT","Car1","5"
"CTCAACCAGTTACGTC-1-1",0.308398129328847,"Dana_WT","Ly86","0"
"CTCAACCCAACCCTAA-1-1",0.0978777784803524,"Dana_WT","Prss34","10"
"CTCAACCCAAGTGGGT-1-1",0.0426517243241815,"Dana_WT","Car1","5"
"CTCAACCGTAGCTTAC-1-1",3.33902422511301e-06,"Dana_WT","Gstm1/Ly86","0"
"CTCAACCGTCCGCAGT-1-1",5.85363475870337,"Dana_WT","Car1","5"
"CTCAACCGTGAGAACC-1-1",0.0204480512560687,"Dana_WT","CD34","0"
"CTCAACCTCGAAGCCC-1-1",3.9978548676541,"Dana_WT","Car1","5"
"CTCAAGAAGTGGTGAC-1-1",9.56429175673284,"Dana_WT","Hba-a2","6"
"CTCAAGACACCTTCCA-1-1",0.692319048662591,"Dana_WT","Car1","5"
"CTCAAGAGTAGTGGCA-1-1",2.46967422408967,"Dana_WT","Car1","5"
"CTCAAGAGTGACAGCA-1-1",0.00496897306823785,"Dana_WT","Ly86","0"
"CTCAAGAGTTGGTGTT-1-1",0.00904546088541314,"Dana_WT","Pf4","9"
"CTCAAGATCCCAGTGG-1-1",0.0307737515529651,"Dana_WT","Ly86","0"
"CTCAAGATCTCCGATC-1-1",0.874504209419572,"Dana_WT","Car1","5"
"CTCAATTAGCTCGTGC-1-1",7.91838977084182,"Dana_WT","Car1","6"
"CTCAATTAGTAAGACT-1-1",1.03496908902423,"Dana_WT","Gstm1/Ly86","10"
"CTCAATTCAGCACGAA-1-1",0.0574651806946889,"Dana_WT","Ly86","0"
"CTCAATTCAGGGACTA-1-1",4.06182997408919,"Dana_WT","Car1","5"
"CTCAATTGTAGGGTAC-1-1",0.076442644113635,"Dana_WT","CD34","0"
"CTCAATTGTGATTAGA-1-1",0.0125508245966566,"Dana_WT","CD34","11"
"CTCAATTGTTACCTTT-1-1",0.437332600887862,"Dana_WT","Ly86","0"
"CTCAATTTCGACGACC-1-1",0.171812882295357,"Dana_WT","CD34","7"
"CTCAATTTCGTTCCTG-1-1",4.04533326524157,"Dana_WT","Car1","5"
"CTCACTGAGACTCTAC-1-1",0.0170427530719148,"Dana_WT","Car1","9"
"CTCACTGAGTAAGAGG-1-1",0.0197309239509249,"Dana_WT","Unannotated","11"
"CTCACTGCAAGAATGT-1-1",0.0432260405618552,"Dana_WT","Ly86","0"
"CTCACTGCAGTGACCC-1-1",0.13720108267899,"Dana_WT","CD34","9"
"CTCACTGGTATGCAAA-1-1",4.17378028139126e-07,"Dana_WT","Gstm1/CD63","1"
"CTCACTGGTCCTATAG-1-1",0.00625380566414213,"Dana_WT","CD34","0"
"CTCAGAAAGGAACGAA-1-1",1.27221920393663,"Dana_WT","Car1","5"
"CTCAGAAAGGAGGTTC-1-1",8.39171238646246,"Dana_WT","Hba-a2","6"
"CTCAGAAAGTGAACAT-1-1",0.052682843694226,"Dana_WT","Car1","5"
"CTCAGAACAAAGGGCT-1-1",4.76256180652652,"Dana_WT","Car1","5"
"CTCAGAACAATTCACG-1-1",0.0148163370187951,"Dana_WT","Ly86","0"
"CTCAGAACACAGAGAC-1-1",0.0569374178108364,"Dana_WT","Car1","3"
"CTCAGAAGTGTGGACA-1-1",0.835297650861317,"Dana_WT","Pf4","9"
"CTCAGAATCACCTGGG-1-1",0.00867607274545545,"Dana_WT","Ly86","0"
"CTCAGAATCGCCGAAC-1-1",1.96838492230264,"Dana_WT","Fcnb","1"
"CTCAGAATCGCGTGCA-1-1",0.00433087034064228,"Dana_WT","Car1","11"
"CTCAGAATCTGGACCG-1-1",0.153491108041541,"Dana_WT","Ly86","0"
"CTCAGGGAGACAGCGT-1-1",1.13155820962163e-05,"Dana_WT","Ly86","7"
"CTCAGGGAGAGTCACG-1-1",0.168601060690107,"Dana_WT","Ly86","0"
"CTCAGGGGTCCTGGTG-1-1",0.735510178956166,"Dana_WT","Ly86","0"
"CTCAGGGGTCTACAGT-1-1",0.062879113147376,"Dana_WT","Ly86","0"
"CTCAGGGGTGCTCTCT-1-1",8.37223746816388,"Dana_WT","Car1","6"
"CTCAGGGTCATTTCGT-1-1",0.0662138663611584,"Dana_WT","CD34","0"
"CTCAGGGTCGCATTGA-1-1",0.303019880242296,"Dana_WT","Ly86","0"
"CTCAGGGTCGCCTTTG-1-1",0.028174601332642,"Dana_WT","Pf4","11"
"CTCAGTCAGAGCCATG-1-1",0.953986313136423,"Dana_WT","Ly86","0"
"CTCAGTCAGGCTGTAG-1-1",0.0440339296292914,"Dana_WT","CD34","7"
"CTCAGTCAGGTTGACG-1-1",9.1259715853139,"Dana_WT","Hba-a2","6"
"CTCAGTCCAGTTGAAA-1-1",0.874504255794909,"Dana_WT","Car1","5"
"CTCAGTCGTATGTGTC-1-1",0.433735093839725,"Dana_WT","CD34","0"
"CTCAGTCGTGACTATC-1-1",0.00219549660060614,"Dana_WT","CD34","7"
"CTCAGTCGTGTGTGGA-1-1",18.0454359195288,"Dana_WT","Ltf","12"
"CTCATCGAGCACTCTA-1-1",0.0125713836135234,"Dana_WT","Ly86","0"
"CTCATCGCATGACTTG-1-1",0.90273142225493,"Dana_WT","Car1","5"
"CTCATCGGTACAAAGT-1-1",0.0440339760046279,"Dana_WT","CD34","7"
"CTCATCGGTGACAGCA-1-1",0.113404644005784,"Dana_WT","Ly86","7"
"CTCATCGGTGTCTTGA-1-1",0.143764067722265,"Dana_WT","Car1","5"
"CTCATCGTCAGCTGTA-1-1",0.110895170089498,"Dana_WT","Unannotated","7"
"CTCATCGTCATGCCCT-1-1",0.222897281513187,"Dana_WT","Prss34","10"
"CTCATCGTCGAGAGAC-1-1",0.00433082396530582,"Dana_WT","Car1","11"
"CTCATCGTCGGTCTGG-1-1",0.0912532687559362,"Dana_WT","Gstm1/CD63","1"
"CTCATCGTCGTTTACT-1-1",0,"Dana_WT","Gstm1/Ly86","0"
"CTCATGCAGAATCGAT-1-1",0.00904541451007668,"Dana_WT","Pf4","9"
"CTCATGCAGGAGATAG-1-1",0.721650084122253,"Dana_WT","CD34","0"
"CTCATGCAGGTCGTCC-1-1",0.0170427994472513,"Dana_WT","Pf4","9"
"CTCATGCTCGCAACAT-1-1",0.0440340223799643,"Dana_WT","CD34","7"
"CTCATGCTCTCCCATG-1-1",8.64570072006482,"Dana_WT","Hba-a2","6"
"CTCATGCTCTTGGATG-1-1",0.396420956977976,"Dana_WT","Ly86","0"
"CTCATTACAGATGCGA-1-1",0.153540142856443,"Dana_WT","Car1","5"
"CTCATTACAGTATTCG-1-1",0.33283663909059,"Dana_WT","Prss34","10"
"CTCATTAGTACCCGAC-1-1",0.815716680155876,"Dana_WT","Car1","5"
"CTCATTAGTACCTAAC-1-1",0.00638117144277994,"Dana_WT","Gstm1/CD63","1"
"CTCATTAGTAGAGCTG-1-1",0.0170428458225877,"Dana_WT","Pf4","9"
"CTCATTAGTTCAGGTT-1-1",0.159277437752533,"Dana_WT","Ly86","0"
"CTCATTAGTTGCCGCA-1-1",9.57937096683983,"Dana_WT","Car1","6"
"CTCATTATCTAGCCAA-1-1",0.309547014113034,"Dana_WT","Car1","9"
"CTCCAACAGAAAGCGA-1-1",0.108632685231416,"Dana_WT","Ly86","0"
"CTCCAACAGATTTGCC-1-1",0.0526828900695625,"Dana_WT","Car1","9"
"CTCCAACCACAAGGTG-1-1",0.0115787966383016,"Dana_WT","Prss34","10"
"CTCCAACCAGGGACTA-1-1",0.101716648254572,"Dana_WT","Gstm1/CD63","1"
"CTCCAACGTACAAGTA-1-1",0.052682936444899,"Dana_WT","Car1","9"
"CTCCAACGTACGGATG-1-1",0.00535377288387329,"Dana_WT","Ly86","0"
"CTCCAACGTATCGTTG-1-1",0.874504302170245,"Dana_WT","Car1","5"
"CTCCAACGTGCAATAA-1-1",0.136729159499427,"Dana_WT","Gstm1/CD63","1"
"CTCCAACGTTATGGTC-1-1",0.132824778201481,"Dana_WT","Car1","5"
"CTCCAACTCACTGATG-1-1",1.12692067597564e-05,"Dana_WT","Cd74","15"
"CTCCAACTCATGCATG-1-1",7.0463316774166,"Dana_WT","Hba-a2","6"
"CTCCAACTCGACACTA-1-1",0.0526829828202354,"Dana_WT","Car1","9"
"CTCCAACTCGCCGATG-1-1",0.416773316133663,"Dana_WT","CD34","9"
"CTCCAACTCGCGCTGA-1-1",8.39642951332467,"Dana_WT","Car1","6"
"CTCCACAAGGGATCGT-1-1",0.864602301710911,"Dana_WT","CD34","7"
"CTCCACAAGTGCGTCC-1-1",0.0708501238930681,"Dana_WT","Ly86","0"
"CTCCACACACTAGGCC-1-1",1.00039675490271,"Dana_WT","Gstm1/CD63","1"
"CTCCACAGTGAGATAT-1-1",6.53164532105553,"Dana_WT","Car1","5"
"CTCCACATCCGCCTAT-1-1",0.947375581510406,"Dana_WT","Ly86","0"
"CTCCACATCGAAGGAC-1-1",1.63020761117209,"Dana_WT","Car1","5"
"CTCCATGAGCAAATCA-1-1",0.0526830291955719,"Dana_WT","Car1","5"
"CTCCATGAGGACGCAT-1-1",0.0355178127255263,"Dana_WT","Car1","5"
"CTCCATGCACCGGAAA-1-1",0.0449532839593567,"Dana_WT","CD34","7"
"CTCCATGCAGAAGTTA-1-1",5.85363480507871,"Dana_WT","Car1","6"
"CTCCATGGTCTGATAC-1-1",0.0063410424544057,"Dana_WT","Ly86","0"
"CTCCATGGTGACTCGC-1-1",0.00638112506744348,"Dana_WT","Gstm1/CD63","1"
"CTCCATGGTGAGTAGC-1-1",0.0526830755709083,"Dana_WT","Car1","9"
"CTCCATGTCACGGGAA-1-1",0.17230000450753,"Dana_WT","Gstm1/Ly86","1"
"CTCCATGTCAGGTGTT-1-1",2.74304133394002,"Dana_WT","Car1","5"
"CTCCCAAAGTATGAGT-1-1",0.166101240916241,"Dana_WT","Car1","9"
"CTCCCAACAATTTCCT-1-1",0.344997656826777,"Dana_WT","Car1","5"
"CTCCCAACAGAACGCA-1-1",0.0170428921979242,"Dana_WT","Pf4","9"
"CTCCCAAGTGGTCAAG-1-1",1.12228314232965e-05,"Dana_WT","Cd74","15"
"CTCCCAATCGCTAATG-1-1",1.11764560868366e-05,"Dana_WT","Cd74","15"
"CTCCCAATCGGCATCG-1-1",0.347457948362385,"Dana_WT","Gstm1/CD63","1"
"CTCCCAATCGTCACCT-1-1",0.00329997090423961,"Dana_WT","Pf4","9"
"CTCCCTCAGGGACACT-1-1",0.347457994737721,"Dana_WT","Gstm1/CD63","1"
"CTCCCTCAGTTCCTGA-1-1",0.349425557671262,"Dana_WT","Fcnb","1"
"CTCCCTCAGTTGCTGT-1-1",1.11300807503767e-05,"Dana_WT","Cd74","15"
"CTCCCTCCAATGGCAG-1-1",0.0675815985529472,"Dana_WT","CD34","7"
"CTCCCTCCATGCAGCC-1-1",0.277814848070876,"Dana_WT","Ly86","1"
"CTCCCTCCATTGCAAC-1-1",1.01957175715522,"Dana_WT","CD34","7"
"CTCCCTCTCCTACCGT-1-1",0.505446350392428,"Dana_WT","Prss34","10"
"CTCCGATAGAATTCAG-1-1",3.72262259063521,"Dana_WT","Car1","5"
"CTCCGATCATATTCGG-1-1",3.72262263701055,"Dana_WT","Car1","5"
"CTCCGATCATCCTTCG-1-1",0.355016129001058,"Dana_WT","Ly86","0"
"CTCCGATTCCATTTGT-1-1",0.107007717923054,"Dana_WT","Ly86","0"
"CTCCTCCAGAATACAC-1-1",0.00104485876615046,"Dana_WT","Gstm1/CD63","1"
"CTCCTCCAGTGCGCTC-1-1",0.84090957642487,"Dana_WT","Ly86","0"
"CTCCTCCCAAACGAGC-1-1",0.049678763328689,"Dana_WT","Car1","5"
"CTCCTCCCAGTATGAA-1-1",0.0526831219462448,"Dana_WT","Car1","9"
"CTCCTCCGTTACGTAC-1-1",0.00614050804313315,"Dana_WT","Car1","9"
"CTCCTCCTCGTAGGGA-1-1",3.72262268338588,"Dana_WT","Car1","5"
"CTCCTTTAGACAAGCC-1-1",0.000814004607844754,"Dana_WT","Ly86","1"
"CTCCTTTAGAGAGGTA-1-1",0.00167643598422451,"Dana_WT","Gstm1/CD63","1"
"CTCCTTTCAATATCCG-1-1",0.212016600570271,"Dana_WT","CD34","0"
"CTCCTTTGTACAGGTG-1-1",1.10837054139168e-05,"Dana_WT","Cd74","15"
"CTCCTTTGTTTGGAAA-1-1",0.00442774507028154,"Dana_WT","CD34","0"
"CTCCTTTTCCAAAGGG-1-1",0.874504348545582,"Dana_WT","Car1","5"
"CTCCTTTTCCTATTGT-1-1",1.62284438208974,"Dana_WT","Car1","5"
"CTCGAGGAGGGATCAC-1-1",7.49587776599055,"Dana_WT","Car1","6"
"CTCGAGGAGTAGCTCT-1-1",0.0389284414563209,"Dana_WT","CD34","13"
"CTCGAGGAGTTTGGCT-1-1",0.0569373714354999,"Dana_WT","Car1","9"
"CTCGAGGGTAACACCT-1-1",0.0785638320748146,"Dana_WT","Ly86","0"
"CTCGAGGTCAATGCAC-1-1",1.31400016581914,"Dana_WT","Ly86","1"
"CTCGAGGTCCCTCTTT-1-1",0.341090305510938,"Dana_WT","Ly86","0"
"CTCGAGGTCCGTATAG-1-1",0.0680758458621342,"Dana_WT","Car1","3"
"CTCGAGGTCGAGTCCG-1-1",9.26581421059138,"Dana_WT","Hba-a2","6"
"CTCTCAGAGCTGAAGC-1-1",0.343984844624937,"Dana_WT","Prss34","10"
"CTCTCAGAGTCCCAAT-1-1",1.28083491964104,"Dana_WT","Gstm1/CD63","1"
"CTCTCAGGTAGGTTTC-1-1",4.03073445429825,"Dana_WT","Car1","5"
"CTCTCAGGTTAATCGC-1-1",0.174661366529366,"Dana_WT","Car1","0"
"CTCTCAGTCTGAGGCC-1-1",0.270157564633652,"Dana_WT","CD34","7"
"CTCTCAGTCTTCACGC-1-1",0,"Dana_WT","Ly86","7"
"CTCTCGAGTGCCTATA-1-1",0.0204480048807323,"Dana_WT","CD34","0"
"CTCTCGATCCGTATAG-1-1",0.201583863895388,"Dana_WT","CD34","13"
"CTCTCGATCCGTGGGT-1-1",0.149027348720751,"Dana_WT","Unannotated","7"
"CTCTCGATCGATGGAG-1-1",0.0526831683215813,"Dana_WT","Car1","5"
"CTCTCGATCGTGGCTG-1-1",0.00595756363793808,"Dana_WT","Ly86","7"
"CTCTGGTAGACCTCAT-1-1",0.00904536813474022,"Dana_WT","Pf4","9"
"CTCTGGTAGAGGCTGT-1-1",1.0100716385627,"Dana_WT","Ly86","0"
"CTCTGGTAGTCCGCGT-1-1",0.0190969257173608,"Dana_WT","Ly86","0"
"CTCTGGTAGTTACGTC-1-1",0.0170429385732607,"Dana_WT","Pf4","9"
"CTCTGGTAGTTCGCAT-1-1",0.168251495960403,"Dana_WT","Gstm1/CD63","1"
"CTCTGGTCAATGTCTG-1-1",0.0526832146969177,"Dana_WT","Car1","5"
"CTCTGGTGTAAGGTCG-1-1",5.10128701058932e-07,"Dana_WT","Car1","3"
"CTCTGGTGTCACGCTG-1-1",0.0204479585053958,"Dana_WT","CD34","0"
"CTCTGGTGTGTCATTG-1-1",0.589919989488818,"Dana_WT","Gstm1/Ly86","0"
"CTCTGGTGTTGAGGAC-1-1",0.0204479121300594,"Dana_WT","CD34","0"
"CTCTGGTTCCGGGACT-1-1",0.15930307191646,"Dana_WT","CD34","0"
"CTCTGGTTCGTACCTC-1-1",0.172022834948901,"Dana_WT","CD34","10"
"CTCTGGTTCTAGGAAA-1-1",0.0526832610722542,"Dana_WT","Car1","5"
"CTGAATGAGAGGCGTT-1-1",3.2926488886531e-06,"Dana_WT","Ly86","0"
"CTGAATGAGGACTTCT-1-1",0.0365701923828811,"Dana_WT","Car1","10"
"CTGAATGAGGGCCAAT-1-1",3.71002691679223e-07,"Dana_WT","Gstm1/CD63","1"
"CTGAATGGTGAGATAT-1-1",1.46411341757601,"Dana_WT","Gstm1/CD63","1"
"CTGAATGTCCAGTTCC-1-1",2.42307420650781,"Dana_WT","Car1","5"
"CTGAATGTCTCAACCC-1-1",0.309086344667263,"Dana_WT","Prss34","10"
"CTGAGCGAGGAGAGGC-1-1",0.142319075222265,"Dana_WT","Gstm1/CD63","10"
"CTGAGCGAGGCATCGA-1-1",0.392172641014956,"Dana_WT","Prss34","10"
"CTGAGCGCAATAAGGT-1-1",0.271970779213169,"Dana_WT","Ly86","0"
"CTGAGCGCACAATGAA-1-1",0.00412026511435859,"Dana_WT","Car1","0"
"CTGAGCGGTAGGAAAG-1-1",0.646636057340246,"Dana_WT","Car1","5"
"CTGAGCGGTGGCTTAT-1-1",0.0171562075967278,"Dana_WT","Ly86","7"
"CTGAGGCAGGGAGTTC-1-1",0.00219545022526968,"Dana_WT","Ly86","13"
"CTGAGGCCAACCCTCT-1-1",0.0397007323183345,"Dana_WT","CD34","0"
"CTGAGGCCAATGTTGC-1-1",5.85363485145405,"Dana_WT","Car1","13"
"CTGAGGCGTAAGTTGA-1-1",8.94207797573002,"Dana_WT","Hba-a2","6"
"CTGAGGCGTAGCTTGT-1-1",8.00354118917446,"Dana_WT","Car1","6"
"CTGAGGCTCCGCTGTT-1-1",1.14610712835752,"Dana_WT","Gstm1/Ly86","1"
"CTGATCCAGAAGCGAA-1-1",0.0324015157398783,"Dana_WT","Ly86","0"
"CTGATCCAGTCTAACC-1-1",0.262499165608517,"Dana_WT","CD34","7"
"CTGATCCCACCGTGAC-1-1",4.20748726310868,"Dana_WT","Car1","5"
"CTGATCCCAGACACCC-1-1",0.0248157638305151,"Dana_WT","CD34","0"
"CTGATCCTCATCGGGC-1-1",18.0339067598801,"Dana_WT","Ltf","12"
"CTGATCCTCCCTTTGG-1-1",0.0526833074475906,"Dana_WT","Car1","5"
"CTGATCCTCCTCTGCA-1-1",6.44681283858985,"Dana_WT","Car1","9"
"CTGATCCTCGAGGCAA-1-1",0.0526833538229271,"Dana_WT","CD34","9"
"CTGATCCTCGCCACTT-1-1",0.400870094089114,"Dana_WT","Ly86","0"
"CTGATCCTCTAGAACC-1-1",0.00433077758996936,"Dana_WT","Car1","11"
"CTGCAGGAGCTAAGTA-1-1",1.6608982789298,"Dana_WT","Car1","5"
"CTGCAGGAGTGCGACA-1-1",0.0043307312146329,"Dana_WT","Gstm1/Ly86","11"
"CTGCAGGCATGGCCAC-1-1",0.110396019086077,"Dana_WT","Gstm1/CD63","1"
"CTGCAGGGTCATACCA-1-1",0.0526834001982636,"Dana_WT","Car1","5"
"CTGCATCAGAAACCCG-1-1",0.157984822968946,"Dana_WT","Car1","3"
"CTGCATCCAGCGTTTA-1-1",3.2462735521932e-06,"Dana_WT","Ly86","0"
"CTGCATCCATAACCCA-1-1",1.47477931293087,"Dana_WT","Fcnb","13"
"CTGCATCGTCTAGGCC-1-1",0.00904532175940376,"Dana_WT","Pf4","9"
"CTGCATCGTGCCCGTA-1-1",0.0224858339225906,"Dana_WT","Ly86","0"
"CTGCATCGTTACGGAG-1-1",0.293589161864711,"Dana_WT","Gstm1/CD63","1"
"CTGCATCGTTGCGTAT-1-1",0.0933053089135513,"Dana_WT","Ly86","0"
"CTGCATCTCACTACGA-1-1",0.0426516779488451,"Dana_WT","Car1","5"
"CTGCCATGTAACAGGC-1-1",0.816483895869108,"Dana_WT","Car1","9"
"CTGCCTAGTGCCTAAT-1-1",0.0402508624809435,"Dana_WT","Prss34","10"
"CTGCCTAGTTCTAAGC-1-1",0.00377488959305317,"Dana_WT","Gstm1/CD63","1"
"CTGCCTATCGGCTGTG-1-1",0.00219540384993322,"Dana_WT","CD34","13"
"CTGCCTATCTATGTGG-1-1",4.66528868683138,"Dana_WT","Car1","5"
"CTGCCTATCTGCTAGA-1-1",0.237586955673112,"Dana_WT","CD34","7"
"CTGCGAGAGCACTCAT-1-1",6.91644971238777,"Dana_WT","Hba-a2","6"
"CTGCGAGAGCATGTTC-1-1",3.36754263873266,"Dana_WT","Car1","5"
"CTGCGAGAGGACAACC-1-1",0.804483118711163,"Dana_WT","Prss34","10"
"CTGCGAGCACCTGCTT-1-1",0.271970825588505,"Dana_WT","Gstm1/Ly86","0"
"CTGCGAGGTCACGACC-1-1",0.981144448488039,"Dana_WT","Fcnb","1"
"CTGCGAGGTTGACTAC-1-1",2.33661156108803,"Dana_WT","Gstm1/CD63","1"
"CTGCGAGTCTTTCCAA-1-1",0.00433068483929644,"Dana_WT","Car1","11"
"CTGCTCAAGGCTAAAT-1-1",0.384623227118851,"Dana_WT","Gstm1/Ly86","0"
"CTGCTCAAGTCATACC-1-1",0.0426516315735086,"Dana_WT","Car1","5"
"CTGCTCACAACCAACT-1-1",9.27506729198058e-08,"Dana_WT","CD34","0"
"CTGCTCACAGCATACT-1-1",0.0726306117417601,"Dana_WT","CD34","13"
"CTGCTCAGTGATATAG-1-1",0.142087013264083,"Dana_WT","Ly86","7"
"CTGCTCAGTGTGTTTG-1-1",7.94168335015258,"Dana_WT","Hba-a2","6"
"CTGCTCATCCATCACC-1-1",5.51866503872844e-06,"Dana_WT","Pf4","3"
"CTGCTCATCCTCACCA-1-1",0.0526834465736,"Dana_WT","Car1","5"
"CTGCTCATCGAACACT-1-1",8.0745879138283,"Dana_WT","Car1","6"
"CTGGACGAGAGCCGTA-1-1",0.655547959080229,"Dana_WT","Car1","5"
"CTGGACGAGATTAGAC-1-1",0.0190969720926972,"Dana_WT","Ly86","0"
"CTGGACGCACGCGTCA-1-1",0.478336244110751,"Dana_WT","Ly86","0"
"CTGGACGGTGTCCCTT-1-1",0.0190970184680337,"Dana_WT","Ly86","0"
"CTGGACGTCAGTGATC-1-1",0.0389283950809844,"Dana_WT","CD34","13"
"CTGGACGTCGGAAGGT-1-1",0.262662758062631,"Dana_WT","Car1","3"
"CTGGCAGAGCACCGTC-1-1",8.14728105198019,"Dana_WT","Hba-a2","6"
"CTGGCAGAGTTGCTCA-1-1",0.369674709719061,"Dana_WT","Ly86","0"
"CTGGCAGCAGGTCAGA-1-1",0.00433063846395998,"Dana_WT","Car1","11"
"CTGGCAGGTGATAGAT-1-1",0.00442769869494508,"Dana_WT","CD34","0"
"CTGGCAGGTTAAGGAT-1-1",6.31015672157434,"Dana_WT","Car1","5"
"CTGGCAGTCGTCAACA-1-1",0.0232019310211178,"Dana_WT","Ly86","0"
"CTGGTCTAGATGCTGG-1-1",0.0526834929489365,"Dana_WT","Car1","9"
"CTGGTCTCAGGGACTA-1-1",0.0174394583512436,"Dana_WT","Car1","6"
"CTGGTCTCATATGAAG-1-1",0.0247996278030589,"Dana_WT","Prss34","10"
"CTGGTCTCATCGTGCG-1-1",0.0391045904474757,"Dana_WT","Car1","10"
"CTGGTCTCATGACAGG-1-1",10.1762157722165,"Dana_WT","Hba-a2","6"
"CTGGTCTTCTCGGGAC-1-1",0.213684471669346,"Dana_WT","Prg2","10"
"CTGGTCTTCTTTCTAG-1-1",0.0123470774204146,"Dana_WT","Prss34","10"
"CTGTACCAGCCTATCA-1-1",0.0123069589353195,"Dana_WT","Ly86","0"
"CTGTACCAGCGATTCT-1-1",0.000393215052351792,"Dana_WT","Ly86","0"
"CTGTACCCAAAGGCAC-1-1",1.72627566886253,"Dana_WT","Car1","5"
"CTGTACCCAAGTTGGG-1-1",0.378414783902501,"Dana_WT","Gstm1/Ly86","13"
"CTGTACCCACGCTGCA-1-1",0.586140763136964,"Dana_WT","Prss34","10"
"CTGTACCCATCAGCTA-1-1",0.00219535747459676,"Dana_WT","Gstm1/Ly86","7"
"CTGTACCCATGCCGGT-1-1",0.713769099559753,"Dana_WT","Ly86","0"
"CTGTACCCATGTGTCA-1-1",2.74978175725287,"Dana_WT","Car1","5"
"CTGTACCGTGGCAGAT-1-1",0.0526835393242729,"Dana_WT","Car1","9"
"CTGTACCTCGCTAATG-1-1",0.269248569720016,"Dana_WT","Gstm1/Ly86","13"
"CTGTAGAAGGCTCAAG-1-1",0.273274211024475,"Dana_WT","Prss34","10"
"CTGTAGAGTCTTTATC-1-1",0.19533757802001,"Dana_WT","CD34","0"
"CTGTAGATCAGCTTGA-1-1",0.129896749511483,"Dana_WT","Ly86","0"
"CTGTAGATCTAGACCA-1-1",0.153600176023682,"Dana_WT","Ly86","0"
"CTGTATTAGTCTTCCC-1-1",0.0378078323737809,"Dana_WT","Car1","9"
"CTGTATTCAAGAGATT-1-1",0.244370774766939,"Dana_WT","Ly86","0"
"CTGTATTCACAACATC-1-1",0.0529210179755659,"Dana_WT","Ly86","0"
"CTGTATTCAGTATGAA-1-1",0.0136171296005358,"Dana_WT","Ly86","0"
"CTGTATTCATTGCAAC-1-1",0.338854912260237,"Dana_WT","Ly86","0"
"CTGTATTGTAATCAAG-1-1",0.0499706907895994,"Dana_WT","CD34","0"
"CTGTATTGTCCACATA-1-1",0.809233646908844,"Dana_WT","Gstm1/Ly86","0"
"CTGTATTGTGGTCCCA-1-1",0.0943966506384333,"Dana_WT","Gstm1/CD63","1"
"CTGTCGTAGAACAGGA-1-1",0.0440340687553008,"Dana_WT","CD34","7"
"CTGTCGTAGACCTCAT-1-1",0.0526835856996094,"Dana_WT","Car1","5"
"CTGTCGTAGCGTCTCG-1-1",5.45353628408068,"Dana_WT","Car1","5"
"CTGTCGTAGGACAACC-1-1",18.2696107989093,"Dana_WT","Ltf","12"
"CTGTCGTCAAAGGATT-1-1",0.0438125128590414,"Dana_WT","Unannotated","10"
"CTGTCGTCAAATGGTA-1-1",0.268142209364687,"Dana_WT","Ly86","0"
"CTGTCGTGTACGCGTC-1-1",4.66385210478061,"Dana_WT","Car1","5"
"CTGTCGTTCAAAGAAC-1-1",1.03302546182634,"Dana_WT","Prg2","10"
"CTGTCGTTCACAAGAA-1-1",1.13294318656708,"Dana_WT","Prg2","10"
"CTGTGAAAGGCGCTCT-1-1",0.829735145030745,"Dana_WT","CD34","7"
"CTGTGAACAAAGGCGT-1-1",0.00311360986978393,"Dana_WT","CD34","0"
"CTGTGAACATACTTTC-1-1",0,"Dana_WT","Pf4","9"
"CTGTGAAGTCTGTCCT-1-1",0.00143201315659347,"Dana_WT","Gstm1/Ly86","1"
"CTGTGAATCTAGCCTC-1-1",0.0526836320749459,"Dana_WT","Car1","9"
"CTGTGAATCTCATTGT-1-1",1.90190925817429,"Dana_WT","Car1","5"
"CTGTGAATCTCCCTAG-1-1",7.26548932546407,"Dana_WT","Car1","6"
"CTGTGGGAGGGAGTGG-1-1",0.115509653153954,"Dana_WT","CD34","10"
"CTGTGGGAGGTAATCA-1-1",0.0755647870712362,"Dana_WT","Gstm1/Ly86","0"
"CTGTGGGCAACTCATG-1-1",0.0204478657547229,"Dana_WT","CD34","0"
"CTGTGGGCACTCCTGT-1-1",0.336908217251237,"Dana_WT","Ly86","0"
"CTGTGGGCAGTTAGGG-1-1",0.0569373250601635,"Dana_WT","Car1","3"
"CTGTGGGGTATGCTAC-1-1",4.03109696719474,"Dana_WT","Car1","5"
"CTGTGGGGTTTATGCG-1-1",0.0170429849485971,"Dana_WT","Car1","9"
"CTGTGGGTCAGCCTCT-1-1",0.0225452873519854,"Dana_WT","Car1","9"
"CTTACCGAGAGTTCGG-1-1",2.48601865324916,"Dana_WT","Car1","5"
"CTTACCGAGCGCCTTG-1-1",0.572825743384759,"Dana_WT","Ly86","0"
"CTTACCGTCCCGTTGT-1-1",0.0552581741672213,"Dana_WT","CD34","7"
"CTTACCGTCGTCACCT-1-1",0.00433059208862352,"Dana_WT","Car1","11"
"CTTAGGAAGGATCACG-1-1",8.95501712289521,"Dana_WT","Hba-a2","6"
"CTTAGGACAACTAGAA-1-1",8.6738995860761,"Dana_WT","Hba-a2","6"
"CTTAGGACAAGAGGTC-1-1",0.291319175074938,"Dana_WT","Ly86","0"
"CTTAGGACAAGCTACT-1-1",1.13474636998688,"Dana_WT","Ly86","0"
"CTTAGGAGTGAGTTGG-1-1",0.902731468630266,"Dana_WT","Car1","5"
"CTTAGGAGTGTTCAGT-1-1",0.0526836784502823,"Dana_WT","Car1","5"
"CTTAGGAGTTCCCAAA-1-1",0.0276959111778297,"Dana_WT","Ly86","0"
"CTTAGGATCCACTGAA-1-1",0.0421109759101026,"Dana_WT","Ly86","0"
"CTTAGGATCCCTTGGT-1-1",4.65404644656396,"Dana_WT","Hba-a2","5"
"CTTCAATAGGCACTCC-1-1",0.0259952095881985,"Dana_WT","Prss34","10"
"CTTCAATAGTCACGAG-1-1",0.0367528566371917,"Dana_WT","CD34","9"
"CTTCAATGTAGTTCCA-1-1",0.153360546592877,"Dana_WT","Prss34","10"
"CTTCAATGTCAGCGTC-1-1",0.09900081669865,"Dana_WT","Gstm1/CD63","1"
"CTTCCGACAACTCGAT-1-1",0.0526837248256188,"Dana_WT","Car1","9"
"CTTCCGACACCATTCC-1-1",5.85363489782938,"Dana_WT","Car1","6"
"CTTCCGAGTTGAGGAC-1-1",0.0526837712009552,"Dana_WT","Car1","5"
"CTTCCGATCCATGCAA-1-1",0.309042770108181,"Dana_WT","Prss34","10"
"CTTCCGATCCGCTGTT-1-1",0.0596655128576316,"Dana_WT","Car1","3"
"CTTCCGATCGAGTCCG-1-1",0.0411352626921819,"Dana_WT","Prg2","10"
"CTTCCTTAGCTCCACG-1-1",0.056937278684827,"Dana_WT","CD34","3"
"CTTCCTTAGCTCTATG-1-1",0.012307005310656,"Dana_WT","Ly86","0"
"CTTCCTTAGGACAGTC-1-1",6.05305650749981,"Dana_WT","Car1","5"
"CTTCCTTCAAGGATGC-1-1",0.00433054571328706,"Dana_WT","Car1","3"
"CTTCCTTCACCAGTAT-1-1",0.776961379636216,"Dana_WT","Pf4","9"
"CTTCCTTCACTTCCTG-1-1",0.013605819988147,"Dana_WT","CD34","0"
"CTTCCTTCAGGGAATC-1-1",0.110837857952812,"Dana_WT","Prss34","10"
"CTTCCTTCAGTGCCTG-1-1",1.39126009379709e-07,"Dana_WT","Gstm1/CD63","1"
"CTTCCTTTCAAGTCTG-1-1",0.0088757163110964,"Dana_WT","Prss34","10"
"CTTCCTTTCTGAGGCC-1-1",0.683728664007265,"Dana_WT","Car1","5"
"CTTCGGTAGGTACAAT-1-1",0.262548130117847,"Dana_WT","CD34","7"
"CTTCGGTTCACTCACC-1-1",7.49587781236589,"Dana_WT","Car1","6"
"CTTCGGTTCCGTATAG-1-1",0.0671769901850323,"Dana_WT","Ly86","0"
"CTTCGGTTCTCAAAGC-1-1",2.74655858983929,"Dana_WT","Car1","5"
"CTTCTAAAGCACACCC-1-1",0.702865203960869,"Dana_WT","Car1","5"
"CTTCTAAAGCACCGAA-1-1",0.0043304993379506,"Dana_WT","CD34","13"
"CTTCTAAAGCGCACAA-1-1",0.0569372323094905,"Dana_WT","Car1","9"
"CTTCTAAAGGTAGGCT-1-1",0.0021953110992603,"Dana_WT","Gstm1/Ly86","7"
"CTTCTAAAGTCATGGG-1-1",0.0612252683561165,"Dana_WT","Ly86","0"
"CTTCTAACAATAGGAT-1-1",0.0090452753840673,"Dana_WT","Car1","9"
"CTTCTAACAGAGTCAG-1-1",0.138298040013927,"Dana_WT","CD34","0"
"CTTCTAAGTAATGATG-1-1",0.0367529030125282,"Dana_WT","Car1","9"
"CTTCTAAGTAGAGATT-1-1",0.827699540949713,"Dana_WT","Car1","5"
"CTTCTAAGTAGCCAGA-1-1",0.0978777321050159,"Dana_WT","Prss34","10"
"CTTCTAATCTAGAGCT-1-1",0.0204478193793864,"Dana_WT","CD34","0"
"CTTCTAATCTCACTCG-1-1",0.347458041113057,"Dana_WT","Gstm1/CD63","1"
"CTTCTCTGTACAGAGC-1-1",0.12007666367025,"Dana_WT","Ly86","0"
"CTTCTCTGTGTCCTAA-1-1",0.951870361050927,"Dana_WT","Ly86","0"
"CTTCTCTTCACCCTTG-1-1",0.0440341151306373,"Dana_WT","CD34","7"
"CTTCTCTTCATTTGCT-1-1",0.457305891423657,"Dana_WT","Car1","5"
"CTTCTCTTCCGATCGG-1-1",5.85363494420472,"Dana_WT","Car1","6"
"CTTGAGAAGAAGTCTA-1-1",0.0323271142052404,"Dana_WT","Ly86","0"
"CTTGAGAAGGATGCGT-1-1",0.951835036185542,"Dana_WT","Ly86","0"
"CTTGAGAGTAACAGTA-1-1",5.85363499058005,"Dana_WT","Car1","6"
"CTTGAGAGTACTCGAT-1-1",8.17390974757764,"Dana_WT","Hba-a2","6"
"CTTGATTAGTGCCCGT-1-1",0.190204818056435,"Dana_WT","Car1","5"
"CTTGATTGTAGATGTA-1-1",0.12042360054848,"Dana_WT","Prss34","10"
"CTTGATTGTAGGTACG-1-1",1.10373300774569e-05,"Dana_WT","Unannotated","7"
"CTTGATTGTTGCAACT-1-1",0.12931171354147,"Dana_WT","Ly86","0"
"CTTGATTTCGGCTGGT-1-1",0.017299584788611,"Dana_WT","Ly86","0"
"CTTTCAAAGCATGAAT-1-1",0.0367529493878647,"Dana_WT","Car1","9"
"CTTTCAAAGGTGCCAA-1-1",2.14098574201819,"Dana_WT","Gstm1/CD63","1"
"CTTTCAACATTCGGGC-1-1",0.0862795106431349,"Dana_WT","Prss34","10"
"CTTTCAAGTCCTATAG-1-1",0.00433045296261414,"Dana_WT","Car1","11"
"CTTTCAAGTGAGGCAT-1-1",0.0451662142761249,"Dana_WT","Car1","5"
"CTTTCAAGTGCTCCGA-1-1",0.0526838175762917,"Dana_WT","Car1","5"
"CTTTCAAGTGTTTACG-1-1",0.000882144326156908,"Dana_WT","Ly86","0"
"CTTTCAATCCTTATCA-1-1",0.902731515005602,"Dana_WT","Car1","9"
"CTTTCAATCGTGGTAT-1-1",1.39126009379709e-07,"Dana_WT","Ly86","13"
"CTTTCGGCAGCGGTTC-1-1",0.565574052641182,"Dana_WT","CD34","7"
"CTTTCGGCATCCGCGA-1-1",5.15918145474527,"Dana_WT","Car1","6"
"CTTTCGGGTAGGACTG-1-1",0,"Dana_WT","Ly86","0"
"CTTTCGGTCCATTGGA-1-1",1.0990954740997e-05,"Dana_WT","Cd74","15"
"GAAACCTAGCTTCGTA-1-1",1.07081449498345,"Dana_WT","Gstm1/CD63","1"
"GAAACCTCAGTTCCAA-1-1",0.307941222875245,"Dana_WT","Gstm1/CD63","1"
"GAAATGAAGCAGCCCT-1-1",8.04540415613812,"Dana_WT","Car1","6"
"GAAATGAAGTAGGTTA-1-1",0.038928348705648,"Dana_WT","Ly86","0"
"GAAATGACATACTGTG-1-1",16.911580724947,"Dana_WT","Ltf","12"
"GAAATGAGTACTCCCT-1-1",0.312527665281627,"Dana_WT","Ly86","0"
"GAAATGAGTCGTCTCT-1-1",0.0978776857296795,"Dana_WT","CD34","10"
"GAAATGATCGCCCAGA-1-1",0.0526838639516282,"Dana_WT","Car1","5"
"GAACACTCAACGTATC-1-1",5.85363503695539,"Dana_WT","Car1","5"
"GAACACTCATGACAAA-1-1",0.0526839103269646,"Dana_WT","Car1","5"
"GAACACTCATGGGATG-1-1",0.349425604046599,"Dana_WT","Gstm1/CD63","1"
"GAACACTTCCGACAGC-1-1",0.0739735252341733,"Dana_WT","Gstm1/Ly86","0"
"GAACGTTAGCGACATG-1-1",0.000733444778299064,"Dana_WT","Unannotated","9"
"GAACGTTAGCGCCATC-1-1",0.000789719315410942,"Dana_WT","Prss34","10"
"GAACGTTAGGTGGGTT-1-1",0.271970871963842,"Dana_WT","Ly86","13"
"GAACGTTAGTCCTGTA-1-1",0.14407874502646,"Dana_WT","Ly86","0"
"GAACGTTCACGCAAAG-1-1",6.02879373978737e-07,"Dana_WT","CD34","13"
"GAACGTTGTAATCAAG-1-1",3.367542685108,"Dana_WT","Car1","5"
"GAACGTTTCATCTACT-1-1",0.124118575411467,"Dana_WT","Ly86","0"
"GAACGTTTCTATGCCC-1-1",0.186252855679831,"Dana_WT","Car1","9"
"GAACTGTAGAAATTCG-1-1",0.101406867050051,"Dana_WT","Ly86","7"
"GAACTGTAGCCTGCCA-1-1",0.055930684874382,"Dana_WT","Ly86","0"
"GAACTGTCAACAAAGT-1-1",0.0280818311179727,"Dana_WT","CD34","0"
"GAACTGTCACAACGTT-1-1",7.30164680570247,"Dana_WT","Car1","6"
"GAACTGTCACGTCGTG-1-1",10.1762158185918,"Dana_WT","Hba-a2","6"
"GAACTGTCACGTTCGG-1-1",0.110434738340702,"Dana_WT","CD34","10"
"GAACTGTCAGACGGAT-1-1",0.155443750154858,"Dana_WT","Ly86","0"
"GAACTGTGTAAGGTCG-1-1",0.0797186335125191,"Dana_WT","Ly86","7"
"GAACTGTGTAGGAGGG-1-1",0.440814201746929,"Dana_WT","Car1","5"
"GAACTGTGTGTAAACA-1-1",0.000173885430515275,"Dana_WT","Ly86","13"
"GAACTGTGTTACCCTC-1-1",0.0148162906434587,"Dana_WT","Ly86","0"
"GAAGAATAGTGGACGT-1-1",0.0569371859341541,"Dana_WT","Car1","3"
"GAAGAATGTGTAAATG-1-1",0.349425650421935,"Dana_WT","Gstm1/CD63","1"
"GAAGAATTCCACTAGA-1-1",0.00494100116927833,"Dana_WT","Car1","10"
"GAAGAATTCCAGTGCG-1-1",0.0461563524962982,"Dana_WT","Ly86","0"
"GAAGCCCTCGTCCTCA-1-1",0.0440341615059737,"Dana_WT","CD34","7"
"GAAGCGAAGAGGTGCT-1-1",0.513192761915041,"Dana_WT","Ly86","0"
"GAAGCGAAGGATTACA-1-1",0.385102504681561,"Dana_WT","Gstm1/CD63","1"
"GAAGCGACAATCGCAT-1-1",0.084672625610027,"Dana_WT","Gstm1/Ly86","0"
"GAAGCGACACGGAAGT-1-1",0.0388453770097774,"Dana_WT","CD34","0"
"GAAGCGACAGTCGAGA-1-1",1.18312652202629,"Dana_WT","Gstm1/CD63","1"
"GAAGCGAGTCATGACT-1-1",6.31015676794968,"Dana_WT","Car1","5"
"GAAGCGATCTCGGGAC-1-1",0.162716951475056,"Dana_WT","Pf4","9"
"GAAGGACAGTAGTGCG-1-1",0.305340740897739,"Dana_WT","Ly86","7"
"GAAGGACAGTCATCGT-1-1",0.02044777300405,"Dana_WT","Car1","0"
"GAAGGACGTGAACCGA-1-1",0.00384221070597679,"Dana_WT","Prss34","10"
"GAAGGACTCCCTCGAT-1-1",0.944799173842749,"Dana_WT","Car1","9"
"GAAGGACTCCGACATA-1-1",0.0272892933271141,"Dana_WT","CD34","10"
"GAAGGGTCACAACATC-1-1",2.72972793506817,"Dana_WT","Car1","5"
"GAAGGGTCAGCCTTCT-1-1",0.00433040658727768,"Dana_WT","CD34","11"
"GAAGGGTGTACCGGCT-1-1",0.0526839567023011,"Dana_WT","Car1","5"
"GAAGGGTGTAGCACAG-1-1",0.000423213504563869,"Dana_WT","Unannotated","11"
"GAAGGGTGTGTTGAGG-1-1",0.0182329048669749,"Dana_WT","Ly86","0"
"GAAGGGTTCTGGGTCG-1-1",1.09445794045371e-05,"Dana_WT","Cd74","15"
"GAAGGGTTCTTCCACG-1-1",0.221508867793885,"Dana_WT","Unannotated","7"
"GAAGTAAAGCACGATG-1-1",0.0609208760844209,"Dana_WT","CD34","0"
"GAAGTAAGTTAGGACG-1-1",0.375561204255593,"Dana_WT","Prg2","10"
"GAATAGAAGCTCGAAG-1-1",0.126843720585472,"Dana_WT","Gstm1/CD63","1"
"GAATAGACACCCAAGC-1-1",0.0898824531472661,"Dana_WT","Ly86","0"
"GAATAGAGTAGAGTTA-1-1",0.48637028889442,"Dana_WT","Prss34","10"
"GAATAGAGTGCCCGTA-1-1",0.0156737370130665,"Dana_WT","Gstm1/Ly86","0"
"GAATAGAGTGTATCCA-1-1",0.0799271758809141,"Dana_WT","CD34","7"
"GAATAGAGTTAAGGGC-1-1",0.187371724876508,"Dana_WT","Ly86","0"
"GAATAGATCCGTCAAA-1-1",0.495113377790056,"Dana_WT","Car1","5"
"GAATAGATCCTTATAC-1-1",0.00433036021194122,"Dana_WT","Car1","11"
"GAATAGATCTAGACCA-1-1",0.0253987918796109,"Dana_WT","Ly86","7"
"GAATAGATCTAGCATG-1-1",18.2785755482736,"Dana_WT","Ltf","12"
"GAATAGATCTGTTGGA-1-1",0.00167648235956097,"Dana_WT","Gstm1/CD63","1"
"GAATCACAGAGGTCGT-1-1",0.0855723538780242,"Dana_WT","Siglech","0"
"GAATCACAGTAGCCAG-1-1",0.450721476805725,"Dana_WT","Ly86","0"
"GAATCACCAGCAGACA-1-1",0.271970918339178,"Dana_WT","Ly86","0"
"GAATCACGTGATGAAT-1-1",1.98621663298117,"Dana_WT","Fcnb","1"
"GAATCACGTGTTATCG-1-1",0.049599641042631,"Dana_WT","CD34","11"
"GAATCACGTTCTCAGA-1-1",0.13848734137288,"Dana_WT","Ly86","0"
"GAATCACTCCAAGCAT-1-1",0.0526840030776375,"Dana_WT","Car1","5"
"GAATCACTCCACGGAC-1-1",0.332076976000837,"Dana_WT","CD34","7"
"GAATCACTCCTCACCA-1-1",0.052684049452974,"Dana_WT","Car1","9"
"GAATCACTCGTCTAAG-1-1",0.0355282285089324,"Dana_WT","CD34","10"
"GAATCGTAGTAAACGT-1-1",0.0204477266287135,"Dana_WT","CD34","0"
"GAATCGTCACAGCCAC-1-1",0.0526840958283105,"Dana_WT","Car1","5"
"GAATCGTCAGACCTAT-1-1",0.00904522900873084,"Dana_WT","Pf4","9"
"GAATCGTCAGGTCAGA-1-1",0.0426515851981721,"Dana_WT","Car1","5"
"GAATCGTCATATACCG-1-1",2.51796547081399,"Dana_WT","Car1","5"
"GAATCGTGTACGAGCA-1-1",0.042256968234107,"Dana_WT","Gstm1/CD63","1"
"GACACGCAGGTGCCAA-1-1",1.08982040680772e-05,"Dana_WT","Cd74","15"
"GACACGCCAGCAGTTT-1-1",0.156891312443805,"Dana_WT","Prss34","10"
"GACACGCCATGCGGTC-1-1",0.191067161605377,"Dana_WT","Ly86","0"
"GACACGCCATGTCGTA-1-1",0.815389841065621,"Dana_WT","Car1","9"
"GACACGCTCACTTTGT-1-1",9.43617938463931,"Dana_WT","Hba-a2","6"
"GACACGCTCCCAACTC-1-1",3.46943542287879,"Dana_WT","Car1","5"
"GACACGCTCGGCACTG-1-1",0.053184268485137,"Dana_WT","Pf4","9"
"GACACGCTCGTTCCTG-1-1",8.75353982611412,"Dana_WT","Hba-a2","6"
"GACACGCTCTATCCAT-1-1",0.0170430313239336,"Dana_WT","Pf4","9"
"GACACGCTCTCGCAGG-1-1",0.505446396767765,"Dana_WT","Prss34","10"
"GACAGCCAGTTCCTGA-1-1",0.151390068108584,"Dana_WT","CD34","7"
"GACAGCCCACGGCACT-1-1",0.385404136706859,"Dana_WT","Prss34","10"
"GACAGCCCACGTTGGC-1-1",0.150408319264007,"Dana_WT","Ly86","7"
"GACAGCCCACTCCGGA-1-1",8.95521119085095,"Dana_WT","Hba-a2","6"
"GACAGCCCATCTAGAC-1-1",0.167516306847989,"Dana_WT","Prss34","10"
"GACAGCCCATGACGTT-1-1",0.0662893729329336,"Dana_WT","CD34","9"
"GACAGCCCATGGCCAC-1-1",7.92915385872416,"Dana_WT","Car1","6"
"GACAGCCGTATCGTAC-1-1",4.0149993704764,"Dana_WT","Car1","5"
"GACATCAAGTATTCCG-1-1",1.25398702184061,"Dana_WT","Gstm1/CD63","1"
"GACATCACACGCGGTT-1-1",0.0290945058229251,"Dana_WT","CD34","0"
"GACATCACACTTTATC-1-1",8.02343466921882,"Dana_WT","Car1","6"
"GACATCAGTATGACAA-1-1",0.01704307769927,"Dana_WT","Pf4","9"
"GACATCAGTGTCCACG-1-1",0.126579546921511,"Dana_WT","Ly86","0"
"GACCAATAGGGTACAC-1-1",0.0569371395588176,"Dana_WT","Car1","3"
"GACCAATAGTAATCCC-1-1",0.683460614668367,"Dana_WT","Gstm1/CD63","1"
"GACCAATAGTCATACC-1-1",0.00269913467824301,"Dana_WT","Ly86","0"
"GACCAATGTCGAAGCA-1-1",1.04158711408457,"Dana_WT","Fcnb","1"
"GACCAATTCAAATAGG-1-1",0.111601974117892,"Dana_WT","Gstm1/CD63","1"
"GACCCAGAGCGAGGAG-1-1",0.0215015705334155,"Dana_WT","Ly86","0"
"GACCCAGAGTCTACCA-1-1",0.295189672901853,"Dana_WT","Gstm1/Ly86","1"
"GACCCAGGTTAGTCGT-1-1",0.222442814571674,"Dana_WT","Prss34","10"
"GACCCTTAGACCTGGA-1-1",0.303507467271193,"Dana_WT","Car1","5"
"GACCCTTAGCCGTTAT-1-1",0,"Dana_WT","CD34","0"
"GACCCTTAGCGTTCCG-1-1",0.0948776266010058,"Dana_WT","Car1","5"
"GACCCTTGTGGAGAAA-1-1",0.751418557925328,"Dana_WT","Ly86","0"
"GACCCTTGTTAAACAG-1-1",1.18312656840162,"Dana_WT","Gstm1/CD63","1"
"GACCCTTTCCTCTAAT-1-1",0.136695197654866,"Dana_WT","Fcnb","1"
"GACCCTTTCGACGATT-1-1",0.0190970648433701,"Dana_WT","Ly86","0"
"GACCCTTTCTATCGCC-1-1",0.00433031383660476,"Dana_WT","CD34","11"
"GACCCTTTCTCGAGTA-1-1",0.0870529896361658,"Dana_WT","CD34","7"
"GACCGTGCAGCTATAC-1-1",0.0123070516859924,"Dana_WT","Ly86","0"
"GACCGTGGTAGCCAGA-1-1",1.72338687646722,"Dana_WT","Fcnb","1"
"GACCGTGGTGGCCCAT-1-1",0.0168168098442114,"Dana_WT","CD34","10"
"GACCGTGGTGTTAACC-1-1",0.0247996741783953,"Dana_WT","Prss34","10"
"GACCGTGGTTTAGAGA-1-1",0.110673378983014,"Dana_WT","Gstm1/CD63","1"
"GACCGTGTCATGACAC-1-1",1.33433434478266,"Dana_WT","Car1","5"
"GACCGTGTCCCGAGAC-1-1",1.27779093398868,"Dana_WT","CD34","10"
"GACCGTGTCTCAACCC-1-1",0.150865771163665,"Dana_WT","Prss34","10"
"GACCTTCAGACAGCTG-1-1",9.55594939796628,"Dana_WT","Hba-a2","6"
"GACCTTCCAAGTGATA-1-1",0.263837139643409,"Dana_WT","CD34","7"
"GACCTTCGTATAGGGC-1-1",0.198270151539013,"Dana_WT","CD34","7"
"GACCTTCGTGACCGTC-1-1",1.25213408441738e-06,"Dana_WT","Gstm1/CD63","1"
"GACCTTCGTGCACGCT-1-1",1.27779098036402,"Dana_WT","CD34","10"
"GACCTTCTCGTAGTCA-1-1",4.63753364599029e-07,"Dana_WT","Car1","3"
"GACCTTCTCTCAGAAC-1-1",8.2182795021425,"Dana_WT","Hba-a2","6"
"GACGCTGAGGAACGCT-1-1",8.10103481712585,"Dana_WT","Hba-a2","6"
"GACGCTGAGGGAGTGG-1-1",0.963619652314044,"Dana_WT","Ly86","0"
"GACGCTGCAAGGTCGA-1-1",0,"Dana_WT","CD34","7"
"GACGCTGCACCTCGTT-1-1",0.487564762083175,"Dana_WT","CD34","10"
"GACGCTGCAGATCCTA-1-1",0.106828030845474,"Dana_WT","Gstm1/CD63","1"
"GACGCTGGTCCCACGA-1-1",1.85501345839612e-07,"Dana_WT","Gstm1/CD63","1"
"GACGCTGTCTACCAGA-1-1",0.364805253860143,"Dana_WT","Gstm1/CD63","1"
"GACGTTAAGGCAGTCA-1-1",0.0705474076714896,"Dana_WT","Ly86","0"
"GACGTTAAGGTTATAG-1-1",2.31876682299514e-07,"Dana_WT","Gstm1/CD63","1"
"GACGTTAAGTCTGCGC-1-1",0.505446443143101,"Dana_WT","Prss34","10"
"GACGTTAGTCTAACTG-1-1",0.0811265049929726,"Dana_WT","Ly86","13"
"GACGTTATCTTGGTGA-1-1",0.189226477427897,"Dana_WT","CD34","7"
"GACTATGCAGGACTAG-1-1",1.31852949253505,"Dana_WT","Gstm1/CD63","1"
"GACTATGCATCGATAC-1-1",0.00330001727957607,"Dana_WT","Car1","9"
"GACTATGCATTCTCTA-1-1",0.0602949955567507,"Dana_WT","CD34","0"
"GACTCAAAGCAGTAAT-1-1",0.0838082950322714,"Dana_WT","Fcnb","1"
"GACTCAAAGTAATTGG-1-1",0.0123070980613289,"Dana_WT","Ly86","0"
"GACTCAACACATGACT-1-1",2.15860619055164,"Dana_WT","Gstm1/CD63","1"
"GACTCAACAGCGTACC-1-1",0.0920296037986696,"Dana_WT","CD34","7"
"GACTCAACAGGTTCAT-1-1",1.2400912802974,"Dana_WT","Gstm1/CD63","1"
"GACTCAAGTGCAATAA-1-1",0.167018489618264,"Dana_WT","Ly86","0"
"GACTCTCAGGTCCAGA-1-1",8.11654511788251,"Dana_WT","Hba-a2","6"
"GACTCTCAGGTCGTGA-1-1",0.102092432771732,"Dana_WT","Pf4","3"
"GACTCTCCAGGAGGAG-1-1",0.000790051508355594,"Dana_WT","CD34","13"
"GACTCTCGTGCTGCAC-1-1",0.975812283835333,"Dana_WT","CD34","10"
"GACTGATAGACTAAGT-1-1",0.00219526472392384,"Dana_WT","Gstm1/CD63","7"
"GACTGATAGCCATTCA-1-1",8.90929872165968,"Dana_WT","Hba-a2","6"
"GACTGATCACGGCTAC-1-1",8.64570076644016,"Dana_WT","Hba-a2","6"
"GACTGATGTAACAGTA-1-1",0.0526841422036469,"Dana_WT","Car1","5"
"GACTGATGTCTGTCAA-1-1",0.269425273717736,"Dana_WT","Car1","5"
"GACTGATGTGTGTTTG-1-1",0.0170431240746065,"Dana_WT","Pf4","9"
"GACTGATTCAACTTTC-1-1",0.142966761495519,"Dana_WT","Ly86","7"
"GACTGATTCAGCATTG-1-1",0.00174587647636729,"Dana_WT","Car1","10"
"GACTGATTCTGTAACG-1-1",0.041205469866419,"Dana_WT","Ly86","7"
"GACTTCCCAATGGGTG-1-1",0.00442765231960862,"Dana_WT","CD34","0"
"GACTTCCCACTATGTG-1-1",0.00219521834858738,"Dana_WT","CD34","13"
"GACTTCCCAGCGTGCT-1-1",17.5865232153071,"Dana_WT","Ltf","12"
"GACTTCCCATGAATAG-1-1",0.0204476802533771,"Dana_WT","CD34","0"
"GACTTCCGTAGACAGC-1-1",1.39126009379709e-07,"Dana_WT","Ly86","0"
"GACTTCCGTGGAAATT-1-1",0.113222261242467,"Dana_WT","Ly86","0"
"GACTTCCTCCGTGGGT-1-1",18.0866945318632,"Dana_WT","Ltf","12"
"GACTTCCTCGAACCAT-1-1",2.7351085382244,"Dana_WT","Car1","5"
"GAGAAATAGGTCGTCC-1-1",0.017043170449943,"Dana_WT","Pf4","9"
"GAGAAATCAAATGAAC-1-1",5.85363508333073,"Dana_WT","Car1","6"
"GAGAAATCACACCGAC-1-1",16.9026761187872,"Dana_WT","Ltf","12"
"GAGAAATCATAGTCGT-1-1",0.00167652873489743,"Dana_WT","Gstm1/CD63","1"
"GAGAAATCATCTCAAG-1-1",3.40413112536263,"Dana_WT","Car1","5"
"GAGAAATGTGCCTTCT-1-1",0.0170432168252794,"Dana_WT","Pf4","9"
"GAGAAATTCCAAACCA-1-1",8.667000275113,"Dana_WT","Car1","6"
"GAGACCCAGAGTCGAC-1-1",0.303473903824201,"Dana_WT","Car1","5"
"GAGACCCAGCGCGTTC-1-1",0.047946268106891,"Dana_WT","CD34","0"
"GAGACCCAGGCTGAAC-1-1",0.00384216433064033,"Dana_WT","Prss34","10"
"GAGACCCCAGACCGCT-1-1",0.00654435173746837,"Dana_WT","Ly86","13"
"GAGACCCCATAGACTC-1-1",0.290271057029306,"Dana_WT","CD34","7"
"GAGACCCCATTCCTCG-1-1",0.289235181776885,"Dana_WT","Fcnb","1"
"GAGACCCGTTTGAAAG-1-1",0.177298378572291,"Dana_WT","Car1","5"
"GAGACCCGTTTGGAGG-1-1",3.72262272976122,"Dana_WT","Car1","5"
"GAGACCCTCCTTTAGT-1-1",4.04182165712335,"Dana_WT","Car1","5"
"GAGACCCTCGACGAGA-1-1",0.00867602637011899,"Dana_WT","Gstm1/Ly86","0"
"GAGACCCTCGAGATGG-1-1",1.77116798528901,"Dana_WT","Fcnb","1"
"GAGACCCTCGGTATGT-1-1",1.10240939106238,"Dana_WT","Car1","5"
"GAGACCCTCGTTCGCT-1-1",0.0170432632006159,"Dana_WT","Car1","9"
"GAGACCCTCTCTGGTC-1-1",0.807482286927118,"Dana_WT","CD34","1"
"GAGACTTAGTAGACAT-1-1",8.94207802210536,"Dana_WT","Hba-a2","6"
"GAGACTTGTATGGTAA-1-1",0.874504394920918,"Dana_WT","Car1","5"
"GAGACTTGTCCCTAAA-1-1",1.013178107075,"Dana_WT","Gstm1/CD63","1"
"GAGACTTGTGCGAGTA-1-1",0.105316554620088,"Dana_WT","Pf4","9"
"GAGACTTGTGGCTCTG-1-1",0.236952161830573,"Dana_WT","CD34","7"
"GAGACTTGTGGTTTGT-1-1",0.0761425009758454,"Dana_WT","CD34","7"
"GAGACTTGTGTTCGTA-1-1",0.0569370931834812,"Dana_WT","Car1","9"
"GAGACTTTCCATCCGT-1-1",0.410861531009519,"Dana_WT","Gstm1/Ly86","1"
"GAGACTTTCTTACTGT-1-1",0.00330006365491253,"Dana_WT","Car1","9"
"GAGAGGTAGAATCGAT-1-1",0.0247997205537318,"Dana_WT","Prss34","10"
"GAGAGGTAGCACCTGC-1-1",5.5250596062617,"Dana_WT","Car1","6"
"GAGAGGTAGGGCTTCC-1-1",0.420647601918558,"Dana_WT","Ly86","0"
"GAGAGGTAGTGCACTT-1-1",0.0857290749822284,"Dana_WT","Car1","3"
"GAGAGGTCACGCCAGT-1-1",0.703258872629771,"Dana_WT","CD34","7"
"GAGAGGTCAGACGCTC-1-1",0.24036569720128,"Dana_WT","Unannotated","7"
"GAGAGGTCATGTCAGT-1-1",0.0163628217441436,"Dana_WT","Ly86","0"
"GAGAGGTGTCGAGCAA-1-1",8.9420780684807,"Dana_WT","Hba-a2","6"
"GAGAGGTGTTCAGTAC-1-1",0.424176288429271,"Dana_WT","Ly86","0"
"GAGATGGAGGGTACGT-1-1",0.0426515388228357,"Dana_WT","Car1","5"
"GAGATGGAGGTGTGAC-1-1",0.0228150403760656,"Dana_WT","Gstm1/CD63","1"
"GAGATGGCAAGTCGTT-1-1",8.95501716927054,"Dana_WT","Hba-a2","6"
"GAGATGGCATCATTTC-1-1",0.00219517197325092,"Dana_WT","Ly86","13"
"GAGATGGGTTAGTTCG-1-1",0.263977425816645,"Dana_WT","CD34","7"
"GAGATGGTCACGGACC-1-1",0.344997703202113,"Dana_WT","Car1","5"
"GAGATGGTCAGGAAGC-1-1",0.0123071444366654,"Dana_WT","Ly86","0"
"GAGATGGTCTACGCGG-1-1",0.0043302674612683,"Dana_WT","Ly86","11"
"GAGATGGTCTAGCCAA-1-1",0.00433022108593184,"Dana_WT","Car1","6"
"GAGATGGTCTTCCAGC-1-1",1.20575874795747e-06,"Dana_WT","Gstm1/Ly86","0"
"GAGCCTGAGATCCTAC-1-1",0.0389283023303115,"Dana_WT","Ly86","13"
"GAGCCTGAGTGTTCCA-1-1",6.92615531728839,"Dana_WT","Car1","6"
"GAGCCTGGTTCTCCCA-1-1",0.0113445502794289,"Dana_WT","Prss34","10"
"GAGCCTGGTTTGAACC-1-1",2.72080717224476,"Dana_WT","Car1","5"
"GAGCCTGTCCCGAGTG-1-1",0.379696050037926,"Dana_WT","Ly86","0"
"GAGCCTGTCTGCCTCA-1-1",0.343547123834351,"Dana_WT","Ly86","0"
"GAGCTGCAGGGACCAT-1-1",2.74595735082106,"Dana_WT","Car1","5"
"GAGCTGCAGGTCATTC-1-1",0.197447594848029,"Dana_WT","CD34","10"
"GAGCTGCAGTGGCGAT-1-1",0.00433017471059538,"Dana_WT","CD34","11"
"GAGCTGCAGTTTAGGA-1-1",0.0149691980238347,"Dana_WT","CD34","0"
"GAGCTGCCAGTGCGCT-1-1",0.240591663386289,"Dana_WT","Ly86","7"
"GAGCTGCGTCAGCTTA-1-1",1.25826190706002,"Dana_WT","Gstm1/CD63","1"
"GAGGCAAAGTTAACGA-1-1",0.123817720635219,"Dana_WT","Car1","9"
"GAGGCAACAACGAGGT-1-1",0.119648504342988,"Dana_WT","Ly86","0"
"GAGGCAACACTGTTCC-1-1",0.066034850444636,"Dana_WT","Ly86","0"
"GAGGCAACATTGTGCA-1-1",8.71822245969638,"Dana_WT","Hba-a2","6"
"GAGGCAAGTGATCATC-1-1",0.34355539570765,"Dana_WT","Ly86","0"
"GAGGCAAGTTAAGTCC-1-1",1.09037687584942,"Dana_WT","Car1","9"
"GAGGCAATCTATGTGG-1-1",0.182077124769631,"Dana_WT","Car1","6"
"GAGGCCTAGATGCTGG-1-1",0.0995591334033517,"Dana_WT","Car1","5"
"GAGGCCTAGCATGTTC-1-1",0.00219512559791446,"Dana_WT","Ly86","13"
"GAGGCCTAGTTTGAGA-1-1",0.0325059915518642,"Dana_WT","CD34","3"
"GAGGCCTCAACACACT-1-1",2.56053539807884,"Dana_WT","Car1","5"
"GAGGCCTCACTTGTCC-1-1",0.112534561260948,"Dana_WT","Unannotated","7"
"GAGGCCTCATATGAAG-1-1",17.4306092107945,"Dana_WT","Ltf","12"
"GAGGCCTGTAGAATAC-1-1",0.500892776785091,"Dana_WT","Ly86","0"
"GAGGCCTTCAAACGTC-1-1",0.063789352179956,"Dana_WT","Ly86","0"
"GAGGCCTTCAACACCA-1-1",1.20158812273487,"Dana_WT","CD34","10"
"GAGGCCTTCTCTATGT-1-1",0.0526841885789834,"Dana_WT","Car1","9"
"GAGGGATAGTATTAGG-1-1",0.217191311467962,"Dana_WT","Gstm1/CD63","1"
"GAGGGATCACACAGCC-1-1",1.85501345839612e-07,"Dana_WT","Ly86","0"
"GAGGGATCAGGGAGAG-1-1",0.050773231156126,"Dana_WT","CD34","0"
"GAGGGATCATAGTCAC-1-1",0.331839696724102,"Dana_WT","Gstm1/CD63","1"
"GAGGGATGTCCACACG-1-1",1.14110916430781,"Dana_WT","CD34","10"
"GAGGGATTCCCTTCCC-1-1",0.251911014951877,"Dana_WT","Car1","9"
"GAGGGATTCCGCTGTT-1-1",1.36833000974023,"Dana_WT","Car1","5"
"GAGGGATTCGAATGCT-1-1",0.116027816179345,"Dana_WT","Car1","10"
"GAGGGTACAGACCAGA-1-1",0.0569370468081447,"Dana_WT","Car1","3"
"GAGGGTAGTACTAGCT-1-1",0.0892506604750121,"Dana_WT","Gstm1/CD63","1"
"GAGGGTAGTGCACATT-1-1",0.00433012833525892,"Dana_WT","Prg2","11"
"GAGGGTAGTGTAGTGG-1-1",2.78252018759417e-07,"Dana_WT","Gstm1/CD63","1"
"GAGGGTAGTTAGCTAC-1-1",0.204415006681649,"Dana_WT","CD34","7"
"GAGGGTATCGCTTTAT-1-1",17.5227647986292,"Dana_WT","Cd74","12"
"GAGGGTATCTACTTCA-1-1",0.00159047557297276,"Dana_WT","Ly86","0"
"GAGTCATAGTTTCGAC-1-1",0.0300978325804251,"Dana_WT","Ly86","7"
"GAGTCATCAATTCACG-1-1",0.0626250127000167,"Dana_WT","Ly86","7"
"GAGTCATCATTGTACG-1-1",8.99411412842006,"Dana_WT","Hba-a2","6"
"GAGTCATGTGATGGCA-1-1",0.0526842349543198,"Dana_WT","Car1","5"
"GAGTCTAAGTTCCATG-1-1",0.00433008195992246,"Dana_WT","Ly86","11"
"GAGTCTACAAGAGGTC-1-1",0.0440342078813102,"Dana_WT","CD34","7"
"GAGTCTACACGCGCTA-1-1",0.0178483515118697,"Dana_WT","Ly86","0"
"GAGTCTACAGAGTTCT-1-1",0.166101287291577,"Dana_WT","Car1","9"
"GAGTCTACAGCTGGTC-1-1",0.138733849361682,"Dana_WT","Ly86","1"
"GAGTCTACAGGAGGTT-1-1",2.43030928642027,"Dana_WT","Car1","5"
"GAGTCTAGTATTCCTT-1-1",0.538943516786395,"Dana_WT","Car1","10"
"GAGTCTAGTCGGTGTC-1-1",0.0726708863270948,"Dana_WT","CD34","7"
"GAGTCTAGTGTCTCCT-1-1",0.262772396583038,"Dana_WT","Prss34","10"
"GAGTCTATCTTGTTAC-1-1",0.000616011772663683,"Dana_WT","Ly86","13"
"GAGTGAGAGTGCCTCG-1-1",5.81546044127331,"Dana_WT","Car1","6"
"GAGTGAGCAACCGATT-1-1",0.0526842813296563,"Dana_WT","Car1","5"
"GAGTGAGCACGCCACA-1-1",0.00330011003024899,"Dana_WT","Car1","9"
"GAGTGAGCAGTATACC-1-1",0.292862374698869,"Dana_WT","Ly86","0"
"GAGTGAGGTATCGAAA-1-1",5.85363512970606,"Dana_WT","Car1","6"
"GAGTGAGGTTTACTTC-1-1",5.81546048764865,"Dana_WT","Car1","5"
"GAGTGAGTCACCTGTC-1-1",1.18312661477696,"Dana_WT","Gstm1/CD63","1"
"GAGTGAGTCGATCCCT-1-1",0.0106977666868207,"Dana_WT","Ly86","0"
"GAGTGTTCATCGCCTT-1-1",2.00881989402163,"Dana_WT","Car1","5"
"GAGTGTTGTCCAGTTA-1-1",0.0524010602467229,"Dana_WT","CD34","0"
"GAGTGTTTCAAGTGTC-1-1",0.0190971112187066,"Dana_WT","Ly86","0"
"GAGTGTTTCAGCCCAG-1-1",7.48779009558382,"Dana_WT","Car1","6"
"GAGTGTTTCCTCTAGC-1-1",7.97781310383508,"Dana_WT","Hba-a2","6"
"GAGTGTTTCGTGCGAC-1-1",0.269663516073444,"Dana_WT","Car1","3"
"GAGTTACCACACCTTC-1-1",0.0823104978420224,"Dana_WT","Car1","5"
"GAGTTACCAGCTACCG-1-1",2.15860623692698,"Dana_WT","Gstm1/CD63","1"
"GAGTTACGTAGTCACT-1-1",0.0507731847807895,"Dana_WT","CD34","0"
"GAGTTACTCCAGTACA-1-1",1.72969431836816,"Dana_WT","Gstm1/CD63","1"
"GAGTTACTCCTTCACG-1-1",3.2462735521932e-07,"Dana_WT","Gstm1/CD63","1"
"GAGTTACTCGATACGT-1-1",3.37341185665275,"Dana_WT","Car1","5"
"GAGTTACTCTGCTTAT-1-1",5.8536351760814,"Dana_WT","Car1","5"
"GAGTTGTAGAGAAGGT-1-1",0.764932995763537,"Dana_WT","Ly86","0"
"GAGTTGTAGGACAAGA-1-1",0.397333301689756,"Dana_WT","Ly86","0"
"GAGTTGTCATGGCCAC-1-1",0.0389282559549751,"Dana_WT","CD34","13"
"GAGTTTGAGACTCTAC-1-1",0.402240839550284,"Dana_WT","Gstm1/CD63","13"
"GAGTTTGAGCGTATGG-1-1",8.21791570521627,"Dana_WT","Hba-a2","6"
"GAGTTTGAGGACGGAG-1-1",0.260161537612906,"Dana_WT","Prss34","10"
"GAGTTTGAGGGAACAA-1-1",8.19876752530663,"Dana_WT","Car1","6"
"GAGTTTGCAAACACCT-1-1",0.0426514924474992,"Dana_WT","CD34","10"
"GAGTTTGCACCCATAA-1-1",7.49587785874122,"Dana_WT","Car1","6"
"GAGTTTGCACGTGAGA-1-1",7.21283359629369,"Dana_WT","Car1","6"
"GAGTTTGCATGGTACT-1-1",7.49587790511656,"Dana_WT","Car1","6"
"GAGTTTGGTCAACCAT-1-1",7.10634039617824,"Dana_WT","Car1","6"
"GAGTTTGGTCGATTCA-1-1",0.953986359511759,"Dana_WT","Ly86","0"
"GAGTTTGTCCATCGTC-1-1",7.4958779514919,"Dana_WT","Car1","6"
"GAGTTTGTCTCTCCGA-1-1",0.343433003185553,"Dana_WT","Car1","9"
"GATAGAAAGATGTTCC-1-1",2.31876682299514e-07,"Dana_WT","Ly86","0"
"GATAGAAAGCATTGAA-1-1",0.002195079222578,"Dana_WT","Gstm1/Ly86","13"
"GATAGAAAGTGAGGCT-1-1",0.0410638757455191,"Dana_WT","Gstm1/CD63","1"
"GATAGAAAGTGTTGTC-1-1",0.196344080080724,"Dana_WT","Ly86","0"
"GATAGAACACTTGAGT-1-1",0.163285417046286,"Dana_WT","Ly86","0"
"GATAGAAGTGTCCTAA-1-1",0.0566751548551794,"Dana_WT","Gstm1/CD63","1"
"GATAGCTAGTCTAGCT-1-1",0.0526843277049928,"Dana_WT","Car1","5"
"GATAGCTAGTTCTCTT-1-1",3.1998982157333e-06,"Dana_WT","Gstm1/Ly86","1"
"GATAGCTCACACAGCC-1-1",0.0888784293615603,"Dana_WT","Ly86","1"
"GATAGCTCAGCTTCGG-1-1",1.27114952087163,"Dana_WT","Gstm1/CD63","1"
"GATAGCTCATCGTGGC-1-1",0.0170433095759523,"Dana_WT","Pf4","9"
"GATAGCTGTAACAAGT-1-1",5.85363522245674,"Dana_WT","Car1","6"
"GATAGCTGTGCACAAG-1-1",1.43093470273999,"Dana_WT","Car1","5"
"GATAGCTTCCCAGTGG-1-1",0.0440342542566466,"Dana_WT","CD34","7"
"GATAGCTTCTGCCTGT-1-1",0.0204476338780406,"Dana_WT","CD34","0"
"GATAGCTTCTTCGTAT-1-1",0.144609168199399,"Dana_WT","CD34","7"
"GATCACACACCCTGTT-1-1",7.49587799786723,"Dana_WT","Car1","6"
"GATCACAGTACTGAGG-1-1",0.0170433559512888,"Dana_WT","Car1","9"
"GATCACAGTCACTCAA-1-1",0.142283503742029,"Dana_WT","CD34","7"
"GATCACAGTGATTGGG-1-1",0.0461563988716347,"Dana_WT","CD34","0"
"GATCACATCCGATAGT-1-1",0.340732954380887,"Dana_WT","Ly86","0"
"GATCAGTAGGGTAGCT-1-1",0.0204475875027041,"Dana_WT","CD34","0"
"GATCAGTAGTATGGAT-1-1",1.14867682494086,"Dana_WT","CD34","10"
"GATCAGTCAGACAAGC-1-1",0.00219503284724154,"Dana_WT","Ly86","13"
"GATCAGTCAGCTTTGA-1-1",10.3681903347399,"Dana_WT","Hba-a2","6"
"GATCAGTCAGGATCTT-1-1",0.246640462439177,"Dana_WT","CD34","7"
"GATCAGTGTCGTGATT-1-1",5.09523193246209,"Dana_WT","Car1","5"
"GATCAGTGTGCTATTG-1-1",1.02286173421906,"Dana_WT","Gstm1/CD63","1"
"GATCATGAGAACTCCT-1-1",0.85227267262501,"Dana_WT","Car1","9"
"GATCATGAGACCCTTA-1-1",0.172519266057292,"Dana_WT","Gstm1/Ly86","13"
"GATCATGAGGACAACC-1-1",1.09763214775868,"Dana_WT","Fcnb","1"
"GATCATGAGGACCCAA-1-1",3.1535228792734e-06,"Dana_WT","Ly86","0"
"GATCATGAGTCCCGGT-1-1",0.0389282095796386,"Dana_WT","CD34","7"
"GATCATGCAGAACATA-1-1",2.75272882829758,"Dana_WT","Car1","5"
"GATCATGCATAGCTGT-1-1",0.0190971575940431,"Dana_WT","Ly86","0"
"GATCATGGTAGTCGGA-1-1",3.71002691679223e-07,"Dana_WT","Gstm1/CD63","1"
"GATCATGTCGAGTCTA-1-1",0.00444256857662539,"Dana_WT","Unannotated","7"
"GATCATGTCTGCATAG-1-1",0.124955084111966,"Dana_WT","Gstm1/CD63","1"
"GATCCCTAGAGAGGGC-1-1",4.00202709550228,"Dana_WT","Car1","5"
"GATCCCTAGAGTGTGC-1-1",0.0569370004328082,"Dana_WT","Car1","3"
"GATCCCTAGTAGCAAT-1-1",0.0569369540574718,"Dana_WT","Pf4","9"
"GATCCCTAGTATTGCC-1-1",0.147790639307482,"Dana_WT","Fcnb","1"
"GATCCCTAGTTAACAG-1-1",0.0406141861583618,"Dana_WT","Gstm1/CD63","1"
"GATCCCTGTAACATCC-1-1",0.0316920276792442,"Dana_WT","Ly86","0"
"GATCCCTGTATCAAGA-1-1",7.98441329988125,"Dana_WT","Car1","6"
"GATCCCTGTCCAAATC-1-1",0.0178183010801994,"Dana_WT","Car1","6"
"GATCCCTGTCTGTTAG-1-1",0.055589111300439,"Dana_WT","CD34","7"
"GATCCCTGTGATTCTG-1-1",0.00219498647190508,"Dana_WT","CD34","7"
"GATCCCTTCAAACCCA-1-1",0.948560890887834,"Dana_WT","Gstm1/Ly86","0"
"GATCGTAAGATACATG-1-1",0.0256927247781853,"Dana_WT","Prss34","10"
"GATCGTAAGTGAGGCT-1-1",5.85363526883207,"Dana_WT","Car1","5"
"GATCGTACAATACGAA-1-1",1.15938341149757e-06,"Dana_WT","CD34","1"
"GATCGTACAGGCTATT-1-1",0.00219494009656862,"Dana_WT","CD34","13"
"GATCGTACATGGCTAT-1-1",0.34499774957745,"Dana_WT","Car1","5"
"GATCGTAGTCCGGATC-1-1",1.34294173999488,"Dana_WT","Car1","5"
"GATCGTAGTGCACGCT-1-1",0.349425696797272,"Dana_WT","Gstm1/CD63","1"
"GATGACTAGATCGCCC-1-1",5.85363531520741,"Dana_WT","Car1","5"
"GATGACTAGGGAGGGT-1-1",0.00219489372123216,"Dana_WT","Gstm1/Ly86","13"
"GATGACTAGGTTGGAC-1-1",17.378761564351,"Dana_WT","Ltf","12"
"GATGACTAGGTTGTTC-1-1",0.874504441296254,"Dana_WT","Car1","5"
"GATGACTCACAATGTC-1-1",16.3571602842381,"Dana_WT","Ltf","12"
"GATGACTTCCACACAA-1-1",0.000622800850370364,"Dana_WT","Prss34","10"
"GATGAGGAGACATAAC-1-1",0.0318281989160936,"Dana_WT","CD34","1"
"GATGAGGAGTGATCGG-1-1",7.95733957225778,"Dana_WT","Car1","6"
"GATGAGGGTACGAGCA-1-1",2.78252018759417e-07,"Dana_WT","CD34","0"
"GATGAGGGTAGTGTGG-1-1",0.249101508643116,"Dana_WT","CD34","0"
"GATGAGGGTGATTGGG-1-1",0.0507731384054531,"Dana_WT","Ly86","0"
"GATGATCAGCATGCAG-1-1",0.0569369076821353,"Dana_WT","Pf4","3"
"GATGATCAGGAACGCT-1-1",0.0204475411273677,"Dana_WT","CD34","0"
"GATGATCAGGTTCACT-1-1",5.85363536158275,"Dana_WT","Car1","6"
"GATGATCCAAAGGTTA-1-1",0.314779547952165,"Dana_WT","Car1","5"
"GATGATCCAGCGACAA-1-1",0.104581171413319,"Dana_WT","Car1","5"
"GATGATCCATCCAATG-1-1",0.149870488496171,"Dana_WT","Ly86","0"
"GATGATCTCCATTTGT-1-1",0.3560089834143,"Dana_WT","Car1","5"
"GATGATCTCGGTCTGG-1-1",0.440143093803011,"Dana_WT","Car1","5"
"GATGCTAAGATGCTAA-1-1",0.174672301628106,"Dana_WT","Gstm1/CD63","1"
"GATGCTACATACAGCT-1-1",0.0389281632043021,"Dana_WT","Gstm1/Ly86","13"
"GATGCTAGTTAGCGGA-1-1",0.817143719066028,"Dana_WT","Pf4","9"
"GATGCTATCTGCGATA-1-1",9.37334333351346,"Dana_WT","Hba-a2","6"
"GATGGAGAGGTGCTTT-1-1",10.3681903811152,"Dana_WT","Hba-a2","6"
"GATGGAGCACCACTGG-1-1",0.0461564452469712,"Dana_WT","Ly86","0"
"GATGGAGCACCTCAGG-1-1",0.702865250336206,"Dana_WT","Car1","5"
"GATGGAGCAGGGTTGA-1-1",0.234833455403769,"Dana_WT","CD34","7"
"GATGGAGGTTCTTGTT-1-1",0.00595751726260162,"Dana_WT","CD34","7"
"GATGGAGTCTTCCTAA-1-1",0.911384409190897,"Dana_WT","Fcnb","1"
"GATGTTGAGCAATAGT-1-1",0.592500528897501,"Dana_WT","CD34","7"
"GATGTTGCACAGTCGC-1-1",0.505446489518438,"Dana_WT","Prss34","10"
"GATGTTGGTCGATTTG-1-1",0.0857370792815129,"Dana_WT","CD34","10"
"GATGTTGGTTGGATCT-1-1",0.24716255875397,"Dana_WT","Gstm1/CD63","1"
"GATTCGAAGCACCTGC-1-1",0.0248080984539434,"Dana_WT","Car1","6"
"GATTCGACACTACCGG-1-1",0.00530846428683374,"Dana_WT","Ly86","0"
"GATTCGACAGTTGAAA-1-1",0.0675837554143413,"Dana_WT","Ly86","0"
"GATTCGACATTGCAAC-1-1",0.810348116647467,"Dana_WT","Car1","9"
"GATTCGAGTCACTTAG-1-1",3.10714754281349e-06,"Dana_WT","Ly86","0"
"GATTCGATCATCGTAG-1-1",0.0170434023266253,"Dana_WT","Pf4","9"
"GATTCGATCCCAAGTA-1-1",0.0535470900085276,"Dana_WT","Ly86","0"
"GATTCGATCTCCGAAA-1-1",0.0526843740803292,"Dana_WT","Car1","5"
"GATTCGATCTGAACGT-1-1",2.7208072186201,"Dana_WT","Car1","5"
"GATTCGATCTTAGCTT-1-1",0.0267099874637018,"Dana_WT","CD34","7"
"GATTCTTAGGACGCAT-1-1",0.362714780317674,"Dana_WT","CD34","10"
"GATTCTTAGGTCGTAG-1-1",0.92327827603657,"Dana_WT","Car1","10"
"GATTCTTCAACGGGTA-1-1",0.271970964714515,"Dana_WT","Ly86","13"
"GATTCTTGTCCCACGA-1-1",0.269113294460104,"Dana_WT","Car1","10"
"GATTCTTGTCTTTCTA-1-1",8.85874659828769,"Dana_WT","Car1","6"
"GATTCTTTCGCTAAAC-1-1",0.0389281168289657,"Dana_WT","Ly86","0"
"GATTCTTTCGGCTCTT-1-1",0.097877639354343,"Dana_WT","Prss34","10"
"GATTCTTTCGTAGGGA-1-1",0.214619019884437,"Dana_WT","Car1","10"
"GATTCTTTCTCATGGA-1-1",0.00101664393132772,"Dana_WT","Gstm1/Ly86","0"
"GATTGGTAGGCGTCCT-1-1",0.0569368613067989,"Dana_WT","Car1","3"
"GATTGGTAGTCTAGAA-1-1",8.19876757168197,"Dana_WT","Car1","6"
"GATTGGTCAGTTGAAA-1-1",0.0915929805532427,"Dana_WT","Ly86","1"
"GATTGGTGTCAAAGTA-1-1",0.0988777717258431,"Dana_WT","Prg2","10"
"GATTGGTGTTTGATCG-1-1",2.47943552625531,"Dana_WT","Fcnb","1"
"GATTGGTTCCCTCGAT-1-1",0.0860090211627482,"Dana_WT","Gstm1/CD63","1"
"GATTGGTTCCTCACGT-1-1",18.2785755946489,"Dana_WT","Ltf","12"
"GATTGGTTCTTAGCAG-1-1",0.0633182835667321,"Dana_WT","Gstm1/CD63","1"
"GATTTCTAGCATGAAT-1-1",0.339222742922034,"Dana_WT","CD34","7"
"GATTTCTAGGGACTGT-1-1",0.329690293807281,"Dana_WT","CD34","7"
"GATTTCTAGTCTGCGC-1-1",0.637203197111026,"Dana_WT","CD34","13"
"GATTTCTCATCTTTCA-1-1",0.557596766840331,"Dana_WT","Gstm1/CD63","1"
"GATTTCTGTCCATAGT-1-1",0.0331734231105263,"Dana_WT","Car1","9"
"GATTTCTTCAAAGGAT-1-1",9.39280640793411,"Dana_WT","Hba-a2","6"
"GATTTCTTCCGTAATG-1-1",0.0217857971797937,"Dana_WT","Ly86","0"
"GATTTCTTCCGTATGA-1-1",0.0598079896676602,"Dana_WT","Prss34","10"
"GATTTCTTCGTAATGC-1-1",3.06077220635359e-06,"Dana_WT","Ly86","0"
"GCAACATAGCTGAAGC-1-1",0.257937957701256,"Dana_WT","Ly86","1"
"GCAACATCACCAATTG-1-1",0.0874074999427676,"Dana_WT","Ly86","1"
"GCAACATCACTCTAGA-1-1",0.0461564916223076,"Dana_WT","Ly86","0"
"GCAACATGTCTGTGTA-1-1",7.21288001483757,"Dana_WT","Car1","6"
"GCAACATGTGATAGAT-1-1",0.0170434487019617,"Dana_WT","Pf4","9"
"GCAACATGTGGCAACA-1-1",0.0138578582649973,"Dana_WT","CD34","0"
"GCAACATGTTACGATC-1-1",5.81546053402398,"Dana_WT","Car1","5"
"GCAACATTCAGTGTGT-1-1",0.482577361657712,"Dana_WT","Gstm1/CD63","1"
"GCAACATTCTAGTCAG-1-1",0.00190841112746876,"Dana_WT","Ly86","13"
"GCAACCGCAACTGCTA-1-1",4.01884528052476,"Dana_WT","Car1","5"
"GCAACCGCATCGCTGG-1-1",0.0526844204556657,"Dana_WT","Car1","5"
"GCAACCGGTACTCGAT-1-1",1.42923679017789,"Dana_WT","Car1","5"
"GCAACCGGTCACGACC-1-1",0.0526844668310021,"Dana_WT","Car1","9"
"GCAACCGTCTTCACAT-1-1",0.344997795952786,"Dana_WT","Car1","5"
"GCACATAAGCATAGGC-1-1",0.004330035584586,"Dana_WT","Car1","11"
"GCACATACAGCTACCG-1-1",0.0526845132063386,"Dana_WT","Car1","5"
"GCACATAGTAACTGCT-1-1",0.076822029548469,"Dana_WT","CD34","7"
"GCACATAGTAATGCTC-1-1",0.0379680480434887,"Dana_WT","Ly86","0"
"GCACATAGTCACCCTT-1-1",0.0499707371649358,"Dana_WT","CD34","0"
"GCACATAGTCGACGCT-1-1",0.0204474947520312,"Dana_WT","Ly86","0"
"GCACATATCCTTCAGC-1-1",1.11300807503767e-06,"Dana_WT","Ly86","1"
"GCACATATCTAGTGTG-1-1",0.24443950620546,"Dana_WT","CD34","7"
"GCACGGTAGGATGGCT-1-1",0.0091490928306599,"Dana_WT","CD34","0"
"GCACGGTAGTAACGTA-1-1",0.869164126215816,"Dana_WT","Fcnb","1"
"GCACGGTAGTCCGTCG-1-1",0.00615047020351223,"Dana_WT","Ly86","7"
"GCACGGTGTAAGATAC-1-1",0.198880667177355,"Dana_WT","CD34","0"
"GCACGGTGTCCCTCAT-1-1",3.43548003358314,"Dana_WT","Car1","5"
"GCACGGTGTCCGGACT-1-1",1.81904411065998,"Dana_WT","Fcnb","1"
"GCACGTGAGACATCCT-1-1",0.554867186273066,"Dana_WT","Pf4","9"
"GCACGTGAGCAATTAG-1-1",5.81546058039932,"Dana_WT","Car1","5"
"GCACGTGCAACGGCCT-1-1",0.23175279999897,"Dana_WT","Ly86","7"
"GCACGTGCATAATCCG-1-1",2.52978054699554,"Dana_WT","Car1","5"
"GCACGTGCATGGGCAA-1-1",4.17378028139126e-07,"Dana_WT","Car1","3"
"GCACGTGGTACGATTC-1-1",0.0170434950772982,"Dana_WT","Pf4","9"
"GCACGTGGTCACAATC-1-1",0.49927524488044,"Dana_WT","Car1","5"
"GCACGTGTCCACGGAC-1-1",2.05444289306154,"Dana_WT","Fcnb","1"
"GCACGTGTCCCTCTTT-1-1",0.0021948473458957,"Dana_WT","Gstm1/CD63","7"
"GCACGTGTCGGCAGTC-1-1",0.203126866780283,"Dana_WT","Ly86","0"
"GCACGTGTCGTGGACC-1-1",0.946314827091686,"Dana_WT","Pf4","9"
"GCACTAAGTGGCTACC-1-1",0.158964789192,"Dana_WT","Car1","5"
"GCACTAAGTTGTTGTG-1-1",4.04690073644685,"Dana_WT","Car1","5"
"GCACTAATCAAGTTGC-1-1",0.0569368149314624,"Dana_WT","Car1","9"
"GCACTAATCAGACCCG-1-1",0.0978775929790066,"Dana_WT","Unannotated","10"
"GCACTAATCAGAGTTC-1-1",9.53980606401728,"Dana_WT","Hba-a2","6"
"GCACTAATCCTCACCA-1-1",0.271971011089851,"Dana_WT","Ly86","0"
"GCACTAATCTCATTGT-1-1",0.0120290065836209,"Dana_WT","Ly86","7"
"GCAGCCAAGACGGTCA-1-1",4.21487854188859,"Dana_WT","Car1","5"
"GCAGCCAAGAGCATCG-1-1",0.360152597700756,"Dana_WT","Car1","9"
"GCAGCCACATGAATAG-1-1",0.00219480097055924,"Dana_WT","Gstm1/Ly86","13"
"GCAGCCAGTTAGGCTT-1-1",0.0456390067598135,"Dana_WT","Car1","6"
"GCAGCCAGTTGCACGC-1-1",0.0307791094256604,"Dana_WT","Gstm1/Ly86","1"
"GCAGCCAGTTGGTACT-1-1",9.50404340935062,"Dana_WT","Hba-a2","6"
"GCAGCCATCCAGTACA-1-1",1.57574179901096,"Dana_WT","Gstm1/CD63","1"
"GCAGCCATCCCGTTGT-1-1",0.00667827403148724,"Dana_WT","Prss34","10"
"GCAGCCATCTGAGAAA-1-1",0.505446535893774,"Dana_WT","Unannotated","10"
"GCAGCTGAGCCATATC-1-1",0.375974657391528,"Dana_WT","CD34","0"
"GCAGCTGAGGTAGCCA-1-1",1.43548327462159,"Dana_WT","Ly86","1"
"GCAGCTGGTCGTGGAA-1-1",0.476082553908715,"Dana_WT","Ly86","0"
"GCAGCTGGTGGGCTTC-1-1",0.0526845595816751,"Dana_WT","Car1","5"
"GCAGGCTCACCCAATA-1-1",0.782088068528362,"Dana_WT","Unannotated","9"
"GCAGGCTCATTCACAG-1-1",3.72262277613656,"Dana_WT","Car1","5"
"GCAGGCTGTAGACAAT-1-1",1.27779102673935,"Dana_WT","Prss34","10"
"GCAGGCTGTGGTCCCA-1-1",1.11180822832664,"Dana_WT","Gstm1/Ly86","10"
"GCAGGCTGTTGCATTG-1-1",0.0168161956136545,"Dana_WT","CD34","0"
"GCAGTTAAGCGTTAGG-1-1",0.0123071908120018,"Dana_WT","Gstm1/Ly86","0"
"GCAGTTAAGGAGCTGT-1-1",6.92190089145921,"Dana_WT","Car1","6"
"GCAGTTAAGGTCGACA-1-1",1.31064153641941,"Dana_WT","Car1","5"
"GCAGTTACAAGTATAG-1-1",3.2462735521932e-07,"Dana_WT","Gstm1/CD63","1"
"GCAGTTACACTCCGGA-1-1",0.00904518263339438,"Dana_WT","Pf4","9"
"GCAGTTAGTATTGCCA-1-1",0.045810586501366,"Dana_WT","Ly86","0"
"GCATCGGAGCCAACCC-1-1",0.0867009882926346,"Dana_WT","Gstm1/CD63","1"
"GCATCGGAGGAAAGGT-1-1",0.00432998920924954,"Dana_WT","Car1","11"
"GCATCGGAGTATGACA-1-1",4.17378028139126e-07,"Dana_WT","Gstm1/CD63","1"
"GCATCGGCATCCGAAT-1-1",0.169269051115106,"Dana_WT","Car1","9"
"GCATCGGGTTCGTTCC-1-1",0.00904513625805792,"Dana_WT","CD34","9"
"GCATCGGTCAGTGTGT-1-1",1.08518287316173e-05,"Dana_WT","Cd74","7"
"GCATCTCCAAATAAGC-1-1",0.323426760691206,"Dana_WT","Gstm1/CD63","1"
"GCATCTCCAACGTATC-1-1",8.66869440111842,"Dana_WT","Hba-a2","6"
"GCATCTCCAGATACCT-1-1",0.0136170832251994,"Dana_WT","Ly86","0"
"GCATCTCGTATGCGTT-1-1",0.0123072371873383,"Dana_WT","Ly86","0"
"GCATCTCGTGGCTACC-1-1",1.481830927916,"Dana_WT","Gstm1/CD63","1"
"GCATCTCTCCTACTGC-1-1",4.63753364599029e-07,"Dana_WT","Gstm1/CD63","1"
"GCATCTCTCGCATTGA-1-1",0.0526846059570115,"Dana_WT","Car1","5"
"GCATGATAGCTGAGTG-1-1",0.733361196969031,"Dana_WT","Pf4","8"
"GCATGATAGGTACAGC-1-1",0.194729869543248,"Dana_WT","CD34","1"
"GCATGATCATAGTCGT-1-1",0.193357277535166,"Dana_WT","Car1","9"
"GCATGATCATGCTGCG-1-1",0.0148162442681222,"Dana_WT","Gstm1/Ly86","0"
"GCATGATGTACGATGG-1-1",0.0874023025826274,"Dana_WT","Car1","5"
"GCATTAGAGGTTGGAC-1-1",4.2837231905526,"Dana_WT","Car1","5"
"GCATTAGCAAGAGGTC-1-1",0.0696441265014838,"Dana_WT","CD34","0"
"GCATTAGTCGCCATAA-1-1",0.685889841361401,"Dana_WT","Car1","5"
"GCCAACGAGTTAACGA-1-1",9.44290766286483,"Dana_WT","Hba-a2","6"
"GCCAACGCACACGGTC-1-1",1.26956993746138,"Dana_WT","Gstm1/CD63","1"
"GCCAACGCACAGCTTA-1-1",0.0190972039693795,"Dana_WT","CD34","0"
"GCCAACGTCCAACTAG-1-1",0.0170435414526346,"Dana_WT","Car1","9"
"GCCAACGTCCTGGGTG-1-1",0.0513020619453104,"Dana_WT","Ly86","0"
"GCCAACGTCGACGACC-1-1",0.00634108882974216,"Dana_WT","Gstm1/Ly86","0"
"GCCAGCAAGGGAGGGT-1-1",0.0569367685561259,"Dana_WT","Car1","3"
"GCCAGCAAGTCACTAC-1-1",2.25008693632168,"Dana_WT","Fcnb","1"
"GCCAGCAGTTGGGACA-1-1",0.253720978545224,"Dana_WT","CD34","7"
"GCCAGCATCGCAGTCG-1-1",0.0440343006319831,"Dana_WT","CD34","7"
"GCCAGCATCGTTGTGA-1-1",6.9849077138899,"Dana_WT","Car1","6"
"GCCAGGTAGACGAGCT-1-1",0.0149691516484982,"Dana_WT","CD34","0"
"GCCAGGTAGGTCGTAG-1-1",0.00432994283391308,"Dana_WT","CD34","11"
"GCCAGGTCAAGAGATT-1-1",0.0873781709718691,"Dana_WT","Ly86","1"
"GCCAGGTCAGCAATTC-1-1",0.0675838017896777,"Dana_WT","Ly86","0"
"GCCAGGTCATCCTCAC-1-1",3.2462735521932e-07,"Dana_WT","CD34","0"
"GCCAGGTGTCTGATCA-1-1",1.63199978702924,"Dana_WT","Car1","5"
"GCCAGGTGTTAAGGAT-1-1",0.015472013742007,"Dana_WT","CD34","0"
"GCCAGTGTCCAGTGCG-1-1",0.00904508988272146,"Dana_WT","Pf4","9"
"GCCATGGAGATTGATG-1-1",0.0440294198914843,"Dana_WT","CD34","0"
"GCCATGGAGCTCTTCC-1-1",1.08054533951574e-05,"Dana_WT","Cd74","15"
"GCCATGGAGTATCTGC-1-1",0.463966869688788,"Dana_WT","Prss34","10"
"GCCATGGCAACAAAGT-1-1",3.01439686989369e-06,"Dana_WT","Ly86","0"
"GCCATGGCAGAGCTAG-1-1",0.0978775466036701,"Dana_WT","Car1","10"
"GCCATGGGTGAATGTA-1-1",0.0426691891079904,"Dana_WT","CD34","7"
"GCCATGGGTGACGCCT-1-1",1.06663273857777e-06,"Dana_WT","Ly86","1"
"GCCATGGTCGACGACC-1-1",0.052684652332348,"Dana_WT","Car1","9"
"GCCATGGTCTTTCCAA-1-1",5.81546062677466,"Dana_WT","Car1","5"
"GCCATTCAGAGTCAAT-1-1",0.00491257277623802,"Dana_WT","Ly86","0"
"GCCATTCGTAGAGACC-1-1",1.02838504289106,"Dana_WT","Car1","5"
"GCCATTCGTGATACTC-1-1",0.145814571232272,"Dana_WT","Car1","5"
"GCCATTCTCTCATGCC-1-1",5.14693962656066,"Dana_WT","Car1","6"
"GCCATTCTCTGGTGGC-1-1",1.32329569109074,"Dana_WT","Car1","5"
"GCCCAGAAGCGCTTCG-1-1",7.88188733806647,"Dana_WT","Car1","6"
"GCCCAGACAGACTCTA-1-1",0.092541541560908,"Dana_WT","Unannotated","7"
"GCCCAGAGTCACTAGT-1-1",1.59299941618066,"Dana_WT","Car1","5"
"GCCCAGAGTTGTAAAG-1-1",5.10128701058932e-07,"Dana_WT","Unannotated","9"
"GCCCAGAGTTGTCATG-1-1",0.0526846987076844,"Dana_WT","Car1","5"
"GCCCAGATCAGAGTTC-1-1",0.0104385518470975,"Dana_WT","CD34","0"
"GCCCAGATCATCGACA-1-1",6.91328705106744,"Dana_WT","Car1","6"
"GCCCGAAAGAACCCGA-1-1",0.702865296711542,"Dana_WT","Car1","5"
"GCCCGAAAGCATCAGG-1-1",0.0526847450830209,"Dana_WT","Car1","9"
"GCCCGAAAGCGGACAT-1-1",0,"Dana_WT","CD34","10"
"GCCCGAAAGTTAACGA-1-1",8.8446362523134,"Dana_WT","Hba-a2","6"
"GCCCGAACACGTAGAG-1-1",0.00432989645857662,"Dana_WT","CD34","11"
"GCCCGAACAGATCCAT-1-1",0.0367529957632011,"Dana_WT","Car1","9"
"GCCCGAACAGCTACCG-1-1",0.874504487671591,"Dana_WT","Car1","5"
"GCCCGAAGTGTTAAAG-1-1",0.00219475459522278,"Dana_WT","Ly86","13"
"GCCCGAAGTTGCCATA-1-1",0.151944081807697,"Dana_WT","Ly86","0"
"GCCCGAATCATTGCTT-1-1",0.566550306185414,"Dana_WT","CD34","0"
"GCCCGAATCATTTGGG-1-1",1.27779107311469,"Dana_WT","CD34","10"
"GCCGATGAGATGTTCC-1-1",0.289235228152222,"Dana_WT","Gstm1/CD63","1"
"GCCGATGAGCGTATGG-1-1",2.7490666954369,"Dana_WT","Car1","5"
"GCCGATGCAGACAATA-1-1",2.03073181629377,"Dana_WT","Fcnb","1"
"GCCGATGGTATACCTG-1-1",0.0170435878279711,"Dana_WT","Pf4","9"
"GCCGATGGTATGCAAA-1-1",0.0353566906588685,"Dana_WT","Car1","5"
"GCCGATGTCAAGGCTT-1-1",7.26703949016311,"Dana_WT","Car1","6"
"GCCGATGTCGGATTAC-1-1",0.0418810143608344,"Dana_WT","Gstm1/CD63","1"
"GCCGTGAAGTCCTGCG-1-1",1.41702859203222,"Dana_WT","Car1","5"
"GCCGTGAAGTGCGTCC-1-1",0.0507730920301166,"Dana_WT","CD34","0"
"GCCGTGACAATAGTCC-1-1",0.0148161978927858,"Dana_WT","Ly86","0"
"GCCGTGACACCGTGCA-1-1",0.0353088475387833,"Dana_WT","Gstm1/CD63","1"
"GCCGTGACAGAAATTG-1-1",0.341030569307429,"Dana_WT","Ly86","0"
"GCCGTGATCATAGAGA-1-1",4.63753364599029e-07,"Dana_WT","Car1","9"
"GCCGTGATCGAGGCAA-1-1",3.53246456199208,"Dana_WT","Car1","5"
"GCCGTGATCTGGACTA-1-1",7.91285645726338,"Dana_WT","Car1","6"
"GCCTGTTAGAAGATCT-1-1",0.213422745685665,"Dana_WT","CD34","7"
"GCCTGTTAGATTGAGT-1-1",0.00186151704538418,"Dana_WT","CD34","13"
"GCCTGTTCAGCTGTAT-1-1",0.264704584328848,"Dana_WT","Ly86","13"
"GCCTGTTGTGTCATCA-1-1",0.0426514460721628,"Dana_WT","Car1","5"
"GCCTGTTTCGCCTCTA-1-1",0.00432985008324016,"Dana_WT","Car1","11"
"GCGAGAAAGCATAGGC-1-1",0.130688386444227,"Dana_WT","Gstm1/CD63","1"
"GCGAGAAAGGGCGAGA-1-1",0.0479438403299629,"Dana_WT","CD34","7"
"GCGAGAACACAACGTT-1-1",1.02025740211786e-06,"Dana_WT","Ly86","0"
"GCGAGAACACCGAATT-1-1",3.71002691679223e-07,"Dana_WT","CD34","13"
"GCGAGAAGTTGTGTAC-1-1",8.94534188282174,"Dana_WT","Hba-a2","6"
"GCGAGAATCCGCGATG-1-1",0.00624470114165965,"Dana_WT","Ly86","7"
"GCGAGAATCTGGTGCG-1-1",0.0440343470073196,"Dana_WT","CD34","7"
"GCGAGAATCTTTGATC-1-1",0.0335530483704918,"Dana_WT","Ly86","0"
"GCGATCGAGACTCGAG-1-1",0.276641403579252,"Dana_WT","CD34","7"
"GCGATCGAGTGTTGTC-1-1",0.107750840205434,"Dana_WT","Ly86","0"
"GCGATCGCAAGTGCAG-1-1",0.132277604736283,"Dana_WT","Gstm1/CD63","10"
"GCGATCGCACTTTATC-1-1",0.0526847914583574,"Dana_WT","CD34","9"
"GCGATCGGTCCCGCAA-1-1",0,"Dana_WT","Ly86","0"
"GCGATCGGTGATACAA-1-1",0.0337600757872394,"Dana_WT","CD34","0"
"GCGGAAAAGCAGAAAG-1-1",0.19360861207264,"Dana_WT","Gstm1/Ly86","0"
"GCGGAAAGTCTACACA-1-1",1.07590780586975e-05,"Dana_WT","Car1","7"
"GCGGAAAGTCTGGTTA-1-1",0.0367530421385376,"Dana_WT","Car1","9"
"GCGGAAAGTTCCACGG-1-1",0.0218038331859129,"Dana_WT","Ly86","0"
"GCGGAAATCATTCCTA-1-1",0.902731561380939,"Dana_WT","Car1","5"
"GCGGAAATCCGACAGC-1-1",0.0123072835626747,"Dana_WT","Ly86","0"
"GCGGATCAGCGTATAA-1-1",1.40339895018142,"Dana_WT","Gstm1/CD63","1"
"GCGGATCAGCTGTCCG-1-1",0.352380616430127,"Dana_WT","Ly86","0"
"GCGGATCAGGATACCG-1-1",2.22463304150108,"Dana_WT","Gstm1/CD63","1"
"GCGGATCAGTTCAACC-1-1",3.72262282251189,"Dana_WT","Car1","5"
"GCGGATCCATCTCGTC-1-1",0.782088114903698,"Dana_WT","CD34","9"
"GCGGATCGTATACCCA-1-1",5.85363540795808,"Dana_WT","Car1","6"
"GCGTGCACAACCGATT-1-1",7.19102341931791,"Dana_WT","Car1","6"
"GCGTGCACAATTGCAC-1-1",0.811684232526327,"Dana_WT","CD34","7"
"GCGTGCACAGCGGTTC-1-1",0.219221434513763,"Dana_WT","CD34","7"
"GCGTGCAGTACGATTC-1-1",0.0118556099564886,"Dana_WT","Car1","3"
"GCGTGCAGTATCACCA-1-1",0.407917190613524,"Dana_WT","Car1","9"
"GCGTGCAGTTGGTAGG-1-1",0.0903509414945707,"Dana_WT","Gstm1/Ly86","1"
"GCGTGCAGTTTACCTT-1-1",0.0569367221807895,"Dana_WT","Car1","3"
"GCGTGCATCCGAAGGA-1-1",0.670892667207549,"Dana_WT","Car1","5"
"GCGTGCATCGAAATCC-1-1",0.250351228905282,"Dana_WT","Gstm1/Ly86","1"
"GCGTTTCAGACTCCGC-1-1",1.43487770869352,"Dana_WT","Car1","5"
"GCGTTTCAGCGTTACT-1-1",0.435514644135215,"Dana_WT","Ly86","0"
"GCGTTTCCAAATGCGG-1-1",0.0526848378336938,"Dana_WT","Car1","5"
"GCGTTTCCATGACAGG-1-1",0.110892142214827,"Dana_WT","Gstm1/Ly86","0"
"GCGTTTCGTTCCAGGC-1-1",0.0315398864534223,"Dana_WT","Car1","6"
"GCGTTTCGTTGCATCA-1-1",0.044034393382656,"Dana_WT","CD34","7"
"GCGTTTCTCTACGGTA-1-1",4.88521302799603,"Dana_WT","Car1","5"
"GCGTTTCTCTGTGCGG-1-1",0.073133582747119,"Dana_WT","Ly86","0"
"GCTACAAAGATTACCC-1-1",0.902731607756275,"Dana_WT","Car1","5"
"GCTACAACAATCCAGT-1-1",9.73882065657961e-07,"Dana_WT","Gstm1/Ly86","1"
"GCTACAAGTCACGCTG-1-1",0.0170436342033076,"Dana_WT","Car1","9"
"GCTACAAGTCCTTAAG-1-1",0.336908263626574,"Dana_WT","Ly86","0"
"GCTACAAGTTCAAACC-1-1",1.01255741140694,"Dana_WT","Gstm1/CD63","1"
"GCTACAATCAACCCGG-1-1",0,"Dana_WT","CD34","0"
"GCTACAATCACCACAA-1-1",0.118245996628389,"Dana_WT","Unannotated","7"
"GCTACAATCGAACCAT-1-1",0.312527711656963,"Dana_WT","Ly86","0"
"GCTACAATCTCCCTAG-1-1",0.0807991299578684,"Dana_WT","Ly86","7"
"GCTACAATCTCTAGGA-1-1",0.0886273723045639,"Dana_WT","Gstm1/CD63","1"
"GCTACCTAGACGCTCC-1-1",0.0265183591013809,"Dana_WT","Ly86","7"
"GCTACCTAGCAAACAT-1-1",8.95501721564588,"Dana_WT","Hba-a2","6"
"GCTACCTCAATGAGCG-1-1",0.0507730456547801,"Dana_WT","CD34","0"
"GCTACCTCACAAGCTT-1-1",0.00819945201197947,"Dana_WT","Ly86","0"
"GCTACCTCACGACCTG-1-1",7.90073166679757,"Dana_WT","Car1","6"
"GCTACCTGTAGTGTGG-1-1",0.00132268303363808,"Dana_WT","CD34","0"
"GCTACCTGTATCGCTA-1-1",0.137836494303836,"Dana_WT","Car1","10"
"GCTACCTGTATCTTCT-1-1",0.0526848842090303,"Dana_WT","Car1","5"
"GCTCAAAAGAAGCTCG-1-1",0.445525588523968,"Dana_WT","Gstm1/Ly86","1"
"GCTCAAACAAATAGCA-1-1",0.0526849305843667,"Dana_WT","Car1","9"
"GCTCAAACACAATGCT-1-1",7.49587804424257,"Dana_WT","Car1","6"
"GCTCAAACACGTAACT-1-1",0.443988531959956,"Dana_WT","Ly86","0"
"GCTCAAACAGACAAGC-1-1",5.10128701058932e-07,"Dana_WT","Gstm1/CD63","1"
"GCTCAAAGTCTAGTGT-1-1",2.18385734745397,"Dana_WT","Fcnb","1"
"GCTCAAAGTCTGATAC-1-1",0.564561167139508,"Dana_WT","Gstm1/CD63","1"
"GCTCAAAGTGACTCGC-1-1",9.27506729198058e-07,"Dana_WT","Ly86","1"
"GCTCAAAGTTTAGAGA-1-1",0.0526849769597032,"Dana_WT","Car1","5"
"GCTGAATAGCCGCTTG-1-1",2.15860628330231,"Dana_WT","Fcnb","1"
"GCTGAATAGGTCGACA-1-1",0.171812928670693,"Dana_WT","Unannotated","7"
"GCTGAATAGTCCTGCG-1-1",0.259444612230591,"Dana_WT","CD34","7"
"GCTGAATAGTTCCATG-1-1",0.062718979762739,"Dana_WT","Gstm1/CD63","1"
"GCTGAATCAACTAGAA-1-1",0.00166124958763497,"Dana_WT","Ly86","13"
"GCTGAATCACAGCGCT-1-1",0.0247997669290683,"Dana_WT","Prss34","10"
"GCTGAATGTATGCTAC-1-1",1.07127027222376e-05,"Dana_WT","Cd74","15"
"GCTGAATGTCCTATAG-1-1",0.00614055441846961,"Dana_WT","CD34","9"
"GCTGAATGTGGTTCTA-1-1",0.0154362852630806,"Dana_WT","Car1","10"
"GCTGAATGTTCGATTG-1-1",7.90778740847226,"Dana_WT","Hba-a2","6"
"GCTGAATTCCGGGACT-1-1",0.00634113520507862,"Dana_WT","Ly86","0"
"GCTGAATTCGAACCTA-1-1",0.0204474483766948,"Dana_WT","CD34","0"
"GCTGAATTCGGCAGTC-1-1",0.874504534046927,"Dana_WT","Car1","5"
"GCTGCAGAGATGAATC-1-1",0.398147135542743,"Dana_WT","Car1","9"
"GCTGCAGAGGTTGACG-1-1",0.017043680578644,"Dana_WT","Car1","9"
"GCTGCAGCACCCGTAG-1-1",0.223703309296122,"Dana_WT","CD34","7"
"GCTGCAGCAGAAGTTA-1-1",0.434551711360385,"Dana_WT","Gstm1/CD63","1"
"GCTGCAGCAGGAAGTC-1-1",1.56805721224733,"Dana_WT","Gstm1/Ly86","1"
"GCTGCAGGTCCAGCAC-1-1",0.0911831813301907,"Dana_WT","Car1","5"
"GCTGCAGGTGAATTAG-1-1",6.84873884673706,"Dana_WT","Car1","6"
"GCTGCAGTCAAAGCCT-1-1",0.184226365569425,"Dana_WT","Car1","9"
"GCTGGGTCAATTGCAC-1-1",0.239747083979194,"Dana_WT","Car1","5"
"GCTGGGTCATACTGAC-1-1",0.46710748413047,"Dana_WT","Gstm1/CD63","1"
"GCTGGGTGTTGAGAGC-1-1",0.505446582269111,"Dana_WT","Prss34","10"
"GCTGGGTTCGTAATGC-1-1",4.11351810759052,"Dana_WT","Car1","5"
"GCTGGGTTCTACTCAT-1-1",0.0440344397579925,"Dana_WT","CD34","7"
"GCTGGGTTCTTGGAAC-1-1",0.0230111092611393,"Dana_WT","Ly86","0"
"GCTTCACAGAAGCCTG-1-1",0.0331889040649205,"Dana_WT","CD34","0"
"GCTTCACAGCAAGCCA-1-1",0.336956430582436,"Dana_WT","Ly86","0"
"GCTTCACAGCATCGAG-1-1",0.114756531395586,"Dana_WT","Ly86","0"
"GCTTCACAGTATTGCC-1-1",0.0978775002283336,"Dana_WT","Prss34","10"
"GCTTCACAGTGGAATT-1-1",0.0512749720362746,"Dana_WT","CD34","0"
"GCTTCACCAGAGAGGG-1-1",2.46634676752397,"Dana_WT","Car1","5"
"GCTTCACCAGCGTGAA-1-1",1.1831266611523,"Dana_WT","Gstm1/CD63","1"
"GCTTCACTCTGAGGCC-1-1",0.0116644097436284,"Dana_WT","Ly86","7"
"GCTTGGGAGCGGTATG-1-1",0.0561179620951902,"Dana_WT","Ly86","0"
"GCTTGGGAGGATACGC-1-1",0.0890209216603971,"Dana_WT","Prss34","10"
"GCTTGGGAGGCTCTCG-1-1",2.96802153343378e-06,"Dana_WT","Ly86","0"
"GCTTGGGAGTATAACG-1-1",0.00219470821988632,"Dana_WT","Gstm1/Ly86","7"
"GCTTGGGCAAGCTGTT-1-1",9.71834136001841,"Dana_WT","Hba-a2","6"
"GCTTGGGCAATAAGGT-1-1",0.0389280704536292,"Dana_WT","Ly86","13"
"GCTTGGGCATAAGCAA-1-1",0.0183093234453415,"Dana_WT","CD34","0"
"GCTTGGGGTCGGCCTA-1-1",0.0526850233350397,"Dana_WT","Car1","9"
"GCTTGGGTCCTAGCTC-1-1",4.71641401058629,"Dana_WT","Car1","5"
"GCTTGGGTCGCCAGAC-1-1",0.336695997510262,"Dana_WT","Ly86","1"
"GCTTTCGAGAAACTGT-1-1",0.343162884455753,"Dana_WT","Prss34","10"
"GCTTTCGAGAAGGGAT-1-1",1.5629388311179,"Dana_WT","Car1","5"
"GCTTTCGAGCTTACGT-1-1",6.31015681432501,"Dana_WT","Car1","5"
"GCTTTCGCAGCACCCA-1-1",0.694408771618976,"Dana_WT","CD34","7"
"GCTTTCGCAGCTATAC-1-1",0.00304199621173673,"Dana_WT","Ly86","0"
"GCTTTCGGTACTTCCC-1-1",5.56504037518835e-07,"Dana_WT","Fcnb","1"
"GCTTTCGGTCTTAGTG-1-1",0.056936675805453,"Dana_WT","CD34","3"
"GCTTTCGTCATGACAC-1-1",6.17490983816583,"Dana_WT","Car1","5"
"GCTTTCGTCCCTCATG-1-1",0.669183418218924,"Dana_WT","Prg2","10"
"GCTTTCGTCTCTATAC-1-1",0.041573090229815,"Dana_WT","Gstm1/Ly86","13"
"GGAACCCAGTAATTGG-1-1",0.920271374509027,"Dana_WT","Prss34","10"
"GGAACCCCAGGACTAG-1-1",0.0043298037079037,"Dana_WT","Car1","11"
"GGAACCCCATATCTGG-1-1",0.0261192975276523,"Dana_WT","Ly86","0"
"GGAACCCGTCCTACAA-1-1",0.000264358344262527,"Dana_WT","Ly86","0"
"GGAACCCGTTGCCAAT-1-1",0.297277459210411,"Dana_WT","Ly86","1"
"GGAACCCTCACTGCTC-1-1",8.42745814607026,"Dana_WT","Car1","6"
"GGAACCCTCAGATGCT-1-1",3.72262286888723,"Dana_WT","Car1","5"
"GGAACCCTCTCCCAAC-1-1",0.362595981234894,"Dana_WT","Car1","10"
"GGAACCCTCTGAGAGG-1-1",0.398147181918079,"Dana_WT","Car1","9"
"GGAAGTGAGAGGTCGT-1-1",0.480564531459424,"Dana_WT","Ly86","13"
"GGAAGTGAGCCATCCG-1-1",0.361517028418825,"Dana_WT","Car1","3"
"GGAAGTGCATGACGTT-1-1",0.00638107869210702,"Dana_WT","Gstm1/Ly86","1"
"GGAAGTGGTACTGAGG-1-1",7.80428135514971,"Dana_WT","Car1","6"
"GGAAGTGGTGCGCTCA-1-1",1.14652309159845,"Dana_WT","Ly86","0"
"GGAATCTAGTGTACAA-1-1",0.0724206403501142,"Dana_WT","Unannotated","3"
"GGAATCTCAACGTTAC-1-1",0.524577102493289,"Dana_WT","Gstm1/CD63","1"
"GGAATCTCAATAGGGC-1-1",0.750134208586522,"Dana_WT","CD34","7"
"GGAATCTCACGTTCGG-1-1",0.0526850697103761,"Dana_WT","Car1","5"
"GGAATCTCATGCCGGT-1-1",0.236416836513852,"Dana_WT","Ly86","0"
"GGAATCTGTGTTGAGG-1-1",0.0426513996968263,"Dana_WT","Car1","5"
"GGAATCTGTTACCCAA-1-1",4.17378028139126e-07,"Dana_WT","Ly86","0"
"GGAATCTTCGGACAAG-1-1",4.63753364599029e-07,"Dana_WT","Ly86","0"
"GGAATCTTCGTCTCAC-1-1",0.0426513533214898,"Dana_WT","Car1","5"
"GGAATGGAGCAGATAT-1-1",0.000175812478135251,"Dana_WT","Ly86","7"
"GGAATGGGTGATTGGG-1-1",0.00219466184454986,"Dana_WT","CD34","7"
"GGAATGGTCGAACCAT-1-1",0.347458087488394,"Dana_WT","Gstm1/CD63","1"
"GGAATGGTCTTGTGCC-1-1",0.122524556250002,"Dana_WT","Prss34","10"
"GGACGTCAGACATAAC-1-1",0.0440344861333289,"Dana_WT","CD34","7"
"GGACGTCAGCCTCTTC-1-1",0.444314884054324,"Dana_WT","Ly86","0"
"GGACGTCGTCTAACGT-1-1",8.12375513084736,"Dana_WT","Car1","6"
"GGACGTCTCACTACGA-1-1",0.0978774538529972,"Dana_WT","Unannotated","10"
"GGACGTCTCGATCCCT-1-1",0.0196733793117936,"Dana_WT","CD34","0"
"GGACGTCTCGTCGACG-1-1",0.225221427747288,"Dana_WT","Ly86","0"
"GGACGTCTCTCGTTTA-1-1",0.426132614189715,"Dana_WT","Prss34","10"
"GGACGTCTCTCTATGT-1-1",0.0149691052731618,"Dana_WT","Unannotated","7"
"GGACGTCTCTGTTCAT-1-1",0.349425743172608,"Dana_WT","Gstm1/CD63","1"
"GGAGAACAGACCATAA-1-1",0.0526851160857126,"Dana_WT","Car1","5"
"GGAGAACCAAAGCTAA-1-1",0.00877049503779315,"Dana_WT","CD34","11"
"GGAGAACCAAGATGTA-1-1",6.02879373978737e-07,"Dana_WT","Gstm1/CD63","1"
"GGAGAACCAATACCCA-1-1",2.05953674878507,"Dana_WT","Gstm1/CD63","1"
"GGAGAACGTAGCGAGT-1-1",0.0570591564189655,"Dana_WT","Ly86","0"
"GGAGAACGTCGATGCC-1-1",0.505446628644447,"Dana_WT","Prss34","10"
"GGAGAACGTTTGACAC-1-1",3.54736131595114,"Dana_WT","Car1","5"
"GGAGATGAGGTTTACC-1-1",0.0279636370371211,"Dana_WT","Ly86","13"
"GGAGATGAGTTGCTCA-1-1",0.731939201734114,"Dana_WT","Gstm1/CD63","1"
"GGAGATGCAACACGTT-1-1",0.0021946154692134,"Dana_WT","CD34","7"
"GGAGATGCAACGACTT-1-1",0.036753088513874,"Dana_WT","Car1","9"
"GGAGATGCAGTCGGTC-1-1",10.1762158649671,"Dana_WT","Hba-a2","6"
"GGAGATGGTAGCCCTG-1-1",0.0170437269539805,"Dana_WT","Pf4","9"
"GGAGATGGTAGTGTGG-1-1",0.00432975733256724,"Dana_WT","Car1","11"
"GGAGATGGTCGAGCTC-1-1",8.07121648255909,"Dana_WT","Hba-a2","6"
"GGAGATGGTGAAGCTG-1-1",0.53910530194419,"Dana_WT","Pf4","9"
"GGAGATGGTGTCTTCC-1-1",7.49587809061791,"Dana_WT","Car1","6"
"GGAGATGTCCCTCTAG-1-1",0.0389280240782928,"Dana_WT","Ly86","13"
"GGAGATGTCGTAGTGT-1-1",0.098733995754565,"Dana_WT","Ly86","0"
"GGAGCAAAGGATCATA-1-1",0.36271482669301,"Dana_WT","CD34","10"
"GGAGCAAAGGCCTAAG-1-1",0.0308116005156804,"Dana_WT","Car1","9"
"GGAGCAACAGGTACGA-1-1",6.4925471043864e-07,"Dana_WT","Gstm1/CD63","1"
"GGAGCAACATGGGATG-1-1",0,"Dana_WT","CD34","10"
"GGAGCAATCGAACACT-1-1",0.0204474020013583,"Dana_WT","CD34","0"
"GGAGCAATCGAGCCAC-1-1",0.154375492563003,"Dana_WT","Ly86","0"
"GGAGCAATCTCCCATG-1-1",0.052685162461049,"Dana_WT","Car1","5"
"GGAGGATAGACCATGG-1-1",0.0333918594280909,"Dana_WT","Car1","5"
"GGAGGATGTGTCTTAG-1-1",8.50206264757649,"Dana_WT","Hba-a2","6"
"GGAGGATTCGGACCAC-1-1",0.780659839720722,"Dana_WT","Car1","9"
"GGAGGTAGTAAGCTCT-1-1",0.34745813386373,"Dana_WT","Gstm1/CD63","13"
"GGAGGTAGTTACGATC-1-1",0.637857629992081,"Dana_WT","Pf4","9"
"GGAGGTAGTTGGCTAT-1-1",0.354450787195989,"Dana_WT","Car1","5"
"GGAGGTATCCCGTTCA-1-1",5.56504037518835e-07,"Dana_WT","CD34","13"
"GGAGGTATCCGAGGCT-1-1",1.6020996311068,"Dana_WT","Gstm1/CD63","1"
"GGAGGTATCCGGCAAC-1-1",5.27604007324873,"Dana_WT","Car1","6"
"GGAGGTATCCGTTGAA-1-1",0.0507729992794437,"Dana_WT","Unannotated","0"
"GGAGGTATCTCTCCGA-1-1",0.0010187402048393,"Dana_WT","CD34","7"
"GGAGGTATCTGCAGCG-1-1",0.0569366294301166,"Dana_WT","Car1","3"
"GGATCTAAGGAGGCAG-1-1",0.0526852088363855,"Dana_WT","Car1","5"
"GGATCTACAGTCTACA-1-1",5.85363545433342,"Dana_WT","Car1","5"
"GGATCTACATCAGCAT-1-1",2.74247585390529,"Dana_WT","Car1","5"
"GGATCTAGTAGTATAG-1-1",0.052685255211722,"Dana_WT","Car1","5"
"GGATCTAGTTCGATTG-1-1",6.95630046898543e-07,"Dana_WT","Gstm1/CD63","1"
"GGATGTTAGACGGATC-1-1",8.07833546830793,"Dana_WT","Gstm1/CD63","6"
"GGATGTTAGTCCCTAA-1-1",0.0271975185628693,"Dana_WT","Ly86","0"
"GGATGTTAGTTATGGA-1-1",0.00444477924199016,"Dana_WT","CD34","0"
"GGATGTTAGTTGTCGT-1-1",0.231667798424592,"Dana_WT","Ly86","0"
"GGATGTTCAGACAAAT-1-1",0.241614806437856,"Dana_WT","Car1","5"
"GGATGTTCAGTTGGTT-1-1",0.161386806289939,"Dana_WT","Gstm1/Ly86","0"
"GGATGTTCATGTTACG-1-1",0.0100423819843529,"Dana_WT","Car1","9"
"GGATGTTGTCGAACGA-1-1",0.0367531348892105,"Dana_WT","Car1","9"
"GGATGTTTCAATGCAC-1-1",0.130603592275128,"Dana_WT","Car1","3"
"GGATGTTTCGATGCAT-1-1",3.71002691679223e-07,"Dana_WT","Car1","3"
"GGCACGTAGCTATCCA-1-1",7.1650349937932,"Dana_WT","Car1","6"
"GGCACGTAGTTAACGA-1-1",0.095336275569574,"Dana_WT","Car1","9"
"GGCACGTCAAGTATCC-1-1",0.0121468543006484,"Dana_WT","Prss34","10"
"GGCACGTGTAGAAACT-1-1",0.0569365830547801,"Dana_WT","Car1","3"
"GGCACGTTCAGAACCT-1-1",0.0978774074776607,"Dana_WT","Prss34","10"
"GGCACGTTCCTCGATC-1-1",0.00689676817607943,"Dana_WT","Fcnb","1"
"GGCAGTCAGCTAAATG-1-1",0.137182517960595,"Dana_WT","Unannotated","7"
"GGCAGTCAGGTCACTT-1-1",0.666694238267142,"Dana_WT","Prss34","10"
"GGCAGTCAGTCAATCC-1-1",0.0526853015870584,"Dana_WT","Car1","5"
"GGCAGTCCACATACTG-1-1",1.18312670752763,"Dana_WT","Gstm1/CD63","1"
"GGCAGTCCATCCCGTT-1-1",0.249460247622876,"Dana_WT","Car1","9"
"GGCAGTCGTTCTGACA-1-1",2.0013598725684,"Dana_WT","Car1","5"
"GGCAGTCGTTTCGTGA-1-1",0.369171059278243,"Dana_WT","Prss34","10"
"GGCAGTCTCTAACACG-1-1",0.00118930974309028,"Dana_WT","Gstm1/CD63","1"
"GGCGTCAAGAATTTGG-1-1",0.0868103856887602,"Dana_WT","Ly86","0"
"GGCGTCAAGCGGGTAT-1-1",0.622307108588912,"Dana_WT","Prss34","10"
"GGCGTCAAGTGCAACG-1-1",0.175662795253782,"Dana_WT","Car1","10"
"GGCGTCAGTGCAACGA-1-1",0.0273994112404345,"Dana_WT","Prss34","10"
"GGCTGTGAGACGGTCA-1-1",0.534549961156019,"Dana_WT","CD34","7"
"GGCTGTGAGGGAGGAC-1-1",0.241316906192936,"Dana_WT","Prss34","10"
"GGCTGTGCAGCTGGTC-1-1",0.524332982016828,"Dana_WT","Car1","9"
"GGCTGTGCATGTACGT-1-1",0.874504580422264,"Dana_WT","Car1","5"
"GGCTGTGTCTTTCCGG-1-1",0.5861408095123,"Dana_WT","Prss34","10"
"GGCTTGGAGCTGACAG-1-1",7.49587813699324,"Dana_WT","Hba-a2","6"
"GGCTTGGGTATGAGAT-1-1",2.1941789511342,"Dana_WT","Fcnb","1"
"GGCTTGGGTGAATTAG-1-1",0.248068472472447,"Dana_WT","Unannotated","7"
"GGCTTGGTCCCATAGA-1-1",0.0488959609537964,"Dana_WT","Ly86","0"
"GGCTTGGTCGTGGACC-1-1",0.0569365366794437,"Dana_WT","Car1","6"
"GGCTTGGTCTAACGCA-1-1",0.228121143295397,"Dana_WT","Prg2","10"
"GGCTTGGTCTCTAAGG-1-1",7.91285377582258,"Dana_WT","Car1","6"
"GGCTTTCAGACCATTC-1-1",0.00704574518242129,"Dana_WT","Gstm1/Ly86","0"
"GGCTTTCAGCACTGGA-1-1",2.55078799118495,"Dana_WT","Car1","5"
"GGCTTTCAGCTGGAGT-1-1",1.19056125342117,"Dana_WT","Car1","9"
"GGCTTTCAGGCGAACT-1-1",0.687818018747658,"Dana_WT","Ly86","0"
"GGCTTTCCAGTCTCTC-1-1",0.0230115095396339,"Dana_WT","Ly86","7"
"GGCTTTCGTATGAAAC-1-1",7.3278293375492,"Dana_WT","Car1","6"
"GGCTTTCTCGCCGAGT-1-1",0.949946884660975,"Dana_WT","Ly86","0"
"GGGAAGTAGAGAGCGG-1-1",1.97918476559539,"Dana_WT","Car1","5"
"GGGAAGTAGTATGATG-1-1",0.0747001813822252,"Dana_WT","Ly86","0"
"GGGAAGTAGTTCTCTT-1-1",0,"Dana_WT","Gstm1/CD63","1"
"GGGAAGTCACTGATTG-1-1",7.90065781712691,"Dana_WT","Car1","6"
"GGGAAGTCAGTAACCT-1-1",0.00432971095723078,"Dana_WT","CD34","11"
"GGGAAGTGTTAATGAG-1-1",6.22592333882824,"Dana_WT","Car1","5"
"GGGAAGTTCACGGTCG-1-1",1.99536076014263,"Dana_WT","Gstm1/CD63","1"
"GGGACAAAGCATTGTC-1-1",0.0813840369315975,"Dana_WT","Ly86","0"
"GGGACAAAGTTGGACG-1-1",0.0440345325086654,"Dana_WT","CD34","7"
"GGGACAACAACTCATG-1-1",0,"Dana_WT","Prg2","10"
"GGGACAACACACCTTC-1-1",0.31501926633869,"Dana_WT","Ly86","0"
"GGGACAACACTGAGGA-1-1",0.0507729529041072,"Dana_WT","Ly86","0"
"GGGACAATCACCTGGG-1-1",8.95501726202122,"Dana_WT","Hba-a2","6"
"GGGACCTAGTCCGCCA-1-1",0.0259138547387627,"Dana_WT","Ly86","0"
"GGGACCTAGTCTAACC-1-1",0.0863338841785909,"Dana_WT","Car1","5"
"GGGACCTCAAGAGATT-1-1",0.122470907495317,"Dana_WT","Car1","5"
"GGGACCTCAGGGAGAG-1-1",5.85363550070876,"Dana_WT","Car1","5"
"GGGACCTGTCCACTCT-1-1",0.000574843109724887,"Dana_WT","Gstm1/Ly86","1"
"GGGACCTGTCTTCAAG-1-1",0.0833952162557791,"Dana_WT","Ly86","0"
"GGGACCTTCCTCAGGG-1-1",0.0569364903041072,"Dana_WT","Car1","3"
"GGGACCTTCGTGGCGT-1-1",0.00219456909387694,"Dana_WT","CD34","1"
"GGGACCTTCGTTCTCG-1-1",0.00217187433932131,"Dana_WT","Gstm1/Ly86","0"
"GGGACCTTCTGGCCGA-1-1",0.0123430598844346,"Dana_WT","CD34","7"
"GGGACTCAGAAGCGAA-1-1",0.0426513069461534,"Dana_WT","Car1","5"
"GGGACTCAGACCCTTA-1-1",0.0169695177272052,"Dana_WT","Ly86","7"
"GGGACTCAGGAACGTC-1-1",0.00219452271854048,"Dana_WT","Gstm1/Ly86","7"
"GGGACTCAGGCTAACG-1-1",0.0395020599005805,"Dana_WT","Ly86","7"
"GGGACTCTCTCTGCCA-1-1",0,"Dana_WT","Gstm1/CD63","1"
"GGGAGATAGCTTCGTA-1-1",0.0526853479623949,"Dana_WT","Car1","5"
"GGGAGATCAAGGCTTT-1-1",3.58333546815012,"Dana_WT","Car1","5"
"GGGAGATCAATACCCA-1-1",0.0136170368498629,"Dana_WT","Ly86","0"
"GGGAGATCACCCTAGG-1-1",0.285639502666885,"Dana_WT","Prss34","10"
"GGGAGATCAGTCAACT-1-1",2.72080726499543,"Dana_WT","Car1","13"
"GGGAGATGTACTCCGG-1-1",0.0437293995449338,"Dana_WT","CD34","7"
"GGGAGATTCATTGGTG-1-1",0.289497530411354,"Dana_WT","Ly86","7"
"GGGAGATTCTATCCAT-1-1",0.027610641776119,"Dana_WT","Pf4","9"
"GGGAGTAAGAAGGCTC-1-1",0.00432966458189432,"Dana_WT","CD34","11"
"GGGAGTACACAGTACT-1-1",0.16418874138699,"Dana_WT","Gstm1/CD63","1"
"GGGAGTACAGTATTCG-1-1",0.0909189403528263,"Dana_WT","Ly86","1"
"GGGAGTATCTTCCGTG-1-1",1.26324578115448,"Dana_WT","Car1","10"
"GGGATCCAGCAGGCTA-1-1",0.0440345788840019,"Dana_WT","CD34","7"
"GGGATCCAGCGATCGA-1-1",0.00286581241043393,"Dana_WT","Prss34","10"
"GGGATCCAGCTGGTGA-1-1",0.43951587894437,"Dana_WT","Ly86","0"
"GGGATCCAGGCTTCCG-1-1",3.59854636579224,"Dana_WT","Car1","5"
"GGGATCCGTCCAGCAC-1-1",0.00298905626404,"Dana_WT","Ly86","0"
"GGGATCCGTCCTATAG-1-1",4.69664640258919,"Dana_WT","Car1","5"
"GGGATCCGTCGATTAC-1-1",0.0389279777029563,"Dana_WT","Ly86","13"
"GGGATCCGTGATGTAA-1-1",0.0526853943377313,"Dana_WT","Car1","9"
"GGGATCCGTGCTGATT-1-1",0.0413475625271129,"Dana_WT","CD34","11"
"GGGATCCGTGTTCGTA-1-1",2.92164619697388e-06,"Dana_WT","Ly86","0"
"GGGATCCTCGCGCTGA-1-1",0.0170437733293169,"Dana_WT","Car1","9"
"GGGATCCTCTCCGCAT-1-1",7.49587818336858,"Dana_WT","Car1","6"
"GGGATCCTCTCGCGTT-1-1",0.0223891982695306,"Dana_WT","Car1","6"
"GGGATGAAGAGGTATT-1-1",1.48183097429133,"Dana_WT","Gstm1/Ly86","1"
"GGGATGAAGCCACCGT-1-1",0.00595747088726516,"Dana_WT","CD34","7"
"GGGATGAAGCGCGTTC-1-1",7.27195305781294,"Dana_WT","Hba-a2","6"
"GGGATGACAGAGGAAA-1-1",0.798264223088729,"Dana_WT","Car1","5"
"GGGATGAGTTTCCCAC-1-1",7.42005383358446e-07,"Dana_WT","Gstm1/CD63","1"
"GGGATGATCATGCTAG-1-1",0.435514690510551,"Dana_WT","Ly86","0"
"GGGATGATCCAAGAGG-1-1",0.0123073299380112,"Dana_WT","Ly86","0"
"GGGATGATCCAATGCA-1-1",0.0675838481650142,"Dana_WT","Ly86","0"
"GGGATGATCCAGTGTA-1-1",1.01822214440081,"Dana_WT","Gstm1/CD63","1"
"GGGATGATCCGGACGT-1-1",1.22729310812084,"Dana_WT","Gstm1/CD63","1"
"GGGCCATAGCCTATTG-1-1",0.019097250344716,"Dana_WT","Ly86","0"
"GGGCCATAGGCCCAAA-1-1",0.505446675019784,"Dana_WT","Prss34","10"
"GGGCCATCAGCCCAGT-1-1",0.0297363670807895,"Dana_WT","Gstm1/CD63","13"
"GGGCCATCATACAGAA-1-1",0.0978773611023243,"Dana_WT","Prss34","10"
"GGGCCATCATCACAGT-1-1",0.126186301816858,"Dana_WT","Ly86","0"
"GGGCCATGTTACCCTC-1-1",2.74454783818651,"Dana_WT","Car1","5"
"GGGCCATGTTGACTGT-1-1",0.0115784108315269,"Dana_WT","Ly86","0"
"GGGCCATTCGCTAATG-1-1",0.454263478020375,"Dana_WT","Car1","9"
"GGGCGTTAGCCTTTCC-1-1",0.35401398199879,"Dana_WT","Fcnb","1"
"GGGCGTTAGCGCGTTC-1-1",0.465578797794471,"Dana_WT","Prss34","10"
"GGGCGTTAGTCGGCCT-1-1",0.398878617817549,"Dana_WT","CD34","0"
"GGGCGTTCACGATTCA-1-1",0.950562851585476,"Dana_WT","Ly86","0"
"GGGCGTTGTTACGCCG-1-1",0.37151979153795,"Dana_WT","Ly86","0"
"GGGCGTTTCCTCACCA-1-1",0.0602682801661056,"Dana_WT","CD34","7"
"GGGCGTTTCCTCTCGA-1-1",2.40219964876905,"Dana_WT","Fcnb","1"
"GGGCTACCAAATGATG-1-1",0.00167657511023389,"Dana_WT","Gstm1/CD63","1"
"GGGCTACCAAGTGATA-1-1",7.49587822974392,"Dana_WT","Car1","6"
"GGGCTACGTATCTCTT-1-1",0.00432961820655786,"Dana_WT","Car1","11"
"GGGCTACTCTCCTACG-1-1",0.0598449444987744,"Dana_WT","Ly86","0"
"GGGCTCAAGGTGCTTT-1-1",0.35830650253148,"Dana_WT","Ly86","0"
"GGGCTCACAAGTCGTT-1-1",1.32646064360827,"Dana_WT","Car1","5"
"GGGCTCACATCCTAAG-1-1",0.0043295718312214,"Dana_WT","Ly86","11"
"GGGCTCATCACCTGGG-1-1",1.06663273857777e-05,"Dana_WT","Vpreb1","7"
"GGGCTCATCTTCGATT-1-1",7.88380719818349e-07,"Dana_WT","Gstm1/CD63","1"
"GGGTAGAAGCAGCCCT-1-1",0.0204473556260218,"Dana_WT","CD34","0"
"GGGTAGAAGGATACGC-1-1",2.41268358870839,"Dana_WT","Car1","5"
"GGGTAGAAGGTGCATG-1-1",0.152736886004201,"Dana_WT","Ly86","7"
"GGGTAGACATAAGCAA-1-1",2.15860632967765,"Dana_WT","Fcnb","1"
"GGGTAGAGTACAGTAA-1-1",0.00432952545588494,"Dana_WT","CD34","11"
"GGGTAGAGTACCATAC-1-1",0.0499707835402723,"Dana_WT","CD34","0"
"GGGTATTAGCTGCCAC-1-1",0.0526854407130678,"Dana_WT","Car1","5"
"GGGTATTAGGGCAGAG-1-1",0.550761799371832,"Dana_WT","Car1","5"
"GGGTATTAGGTAGACC-1-1",0.0526854870884043,"Dana_WT","Car1","5"
"GGGTATTCAATAGTGA-1-1",5.85363554708409,"Dana_WT","Car1","6"
"GGGTATTCAGTTGTTG-1-1",0.000568630152387062,"Dana_WT","Ly86","0"
"GGGTATTCATCCGAAT-1-1",0.0808476864821888,"Dana_WT","Gstm1/Ly86","1"
"GGGTATTCATCGATAC-1-1",0.652884448234756,"Dana_WT","Car1","5"
"GGGTATTGTACCGTCG-1-1",1.18102888204138,"Dana_WT","CD34","10"
"GGGTATTGTATGTCAC-1-1",0.733361243344368,"Dana_WT","Pf4","11"
"GGGTATTGTCTTCATT-1-1",2.72080731137077,"Dana_WT","Car1","5"
"GGGTATTGTGCCAAGA-1-1",1.06199520493178e-05,"Dana_WT","CD34","7"
"GGGTATTGTGTACAGG-1-1",0.425737982129658,"Dana_WT","Unannotated","10"
"GGGTATTGTGTTCATG-1-1",0.0170438197046534,"Dana_WT","Car1","9"
"GGGTATTTCAAACGTC-1-1",5.88984039606559,"Dana_WT","Car1","13"
"GGGTATTTCAAGCGTT-1-1",10.3928672682552,"Dana_WT","Hba-a2","6"
"GGGTATTTCCTGGGTG-1-1",0.222387654891115,"Dana_WT","Gstm1/CD63","1"
"GGGTCACAGACTTCCA-1-1",7.19102346569324,"Dana_WT","Car1","6"
"GGGTCACCAGGTCAAG-1-1",0.00219447634320402,"Dana_WT","CD34","7"
"GGGTCACTCGAATGCT-1-1",0.00634118158041508,"Dana_WT","Ly86","0"
"GGGTCACTCGGATAAA-1-1",0.0360827782222319,"Dana_WT","Gstm1/Ly86","1"
"GGGTCTGAGTAATACG-1-1",0.00432947908054848,"Dana_WT","Hba-a2","11"
"GGGTCTGCAGATACCT-1-1",0.50544672139512,"Dana_WT","Prss34","10"
"GGGTCTGGTGCTGCAC-1-1",0.951892786069496,"Dana_WT","Gstm1/Ly86","0"
"GGGTCTGTCACAAGAA-1-1",0.0526855334637407,"Dana_WT","Car1","5"
"GGGTGAAAGCTATCCA-1-1",0.0482885369947269,"Dana_WT","CD34","7"
"GGGTGAAAGTGTGTTC-1-1",0.001292071933365,"Dana_WT","Ly86","13"
"GGGTGAACAGGGCTTC-1-1",0.408012241536182,"Dana_WT","Gstm1/CD63","1"
"GGGTGAACAGTCAACT-1-1",0.308028626158658,"Dana_WT","Car1","5"
"GGGTGAAGTCTCCTGT-1-1",0.043200222719349,"Dana_WT","Car1","5"
"GGGTGAATCTTCGGTC-1-1",0.505446767770457,"Dana_WT","CD34","10"
"GGGTGTCCAAATCCCA-1-1",0.0526855798390772,"Dana_WT","Car1","5"
"GGGTGTCCACGGTAGA-1-1",1.05735767128579e-05,"Dana_WT","Cd74","15"
"GGGTGTCCAGGCACAA-1-1",2.72080735774611,"Dana_WT","Car1","5"
"GGGTGTCCAGGTCTCG-1-1",0.319932996674336,"Dana_WT","CD34","7"
"GGGTGTCCATCGTGGC-1-1",0.00914904645532344,"Dana_WT","CD34","0"
"GGGTGTCGTCGCTTGG-1-1",0.391460860402117,"Dana_WT","Ly86","0"
"GGGTGTCGTCGTTTCC-1-1",0.33690831000191,"Dana_WT","Ly86","0"
"GGGTGTCGTTTCGTGA-1-1",0.359603204081559,"Dana_WT","Car1","5"
"GGGTGTCTCCATCTCG-1-1",0.196973504451757,"Dana_WT","Car1","5"
"GGGTTATAGAACTGAT-1-1",7.49587827611925,"Dana_WT","Car1","6"
"GGGTTATAGGTAATCA-1-1",0.0204473092506854,"Dana_WT","CD34","0"
"GGGTTATAGTAATACG-1-1",0.240206044084645,"Dana_WT","CD34","7"
"GGGTTATCAACTGATC-1-1",0.0622673271559859,"Dana_WT","Gstm1/Ly86","0"
"GGGTTATGTCCTATAG-1-1",0.262169793787453,"Dana_WT","Prss34","10"
"GGGTTATGTTGGTAGG-1-1",0.0526856262144136,"Dana_WT","Car1","5"
"GGGTTATGTTGTCCCT-1-1",0.0140239327020182,"Dana_WT","Ly86","0"
"GGGTTATTCAGGGTAG-1-1",0.00260419344815177,"Dana_WT","Prss34","10"
"GGGTTATTCTAGCCTC-1-1",8.93182751514635,"Dana_WT","Hba-a2","6"
"GGGTTTAAGCACGGAT-1-1",0.0156393173624289,"Dana_WT","Unannotated","7"
"GGGTTTAAGGTTTACC-1-1",0.0474809222290251,"Dana_WT","Gstm1/Ly86","1"
"GGGTTTAAGTGCCAGA-1-1",0.00307675859003542,"Dana_WT","Ly86","13"
"GGGTTTACACGATAGG-1-1",2.87527086051398e-06,"Dana_WT","Ly86","0"
"GGGTTTACACTTGACA-1-1",0.0684273292864456,"Dana_WT","Car1","3"
"GGGTTTAGTCCCGTGA-1-1",0.944799220218086,"Dana_WT","Pf4","9"
"GGGTTTAGTGCGGATA-1-1",0.376336276558712,"Dana_WT","Car1","3"
"GGGTTTAGTGGCCCAT-1-1",0.0526856725897501,"Dana_WT","Car1","5"
"GGGTTTATCGTGGAAG-1-1",8.38971778459767,"Dana_WT","Car1","6"
"GGGTTTATCTCAGAAC-1-1",0.0190972967200524,"Dana_WT","Ly86","0"
"GGTAACTAGAGGCGGA-1-1",0.128424128858604,"Dana_WT","Gstm1/Ly86","0"
"GGTAACTCACCTCGTT-1-1",0.00432943270521202,"Dana_WT","CD34","11"
"GGTAACTTCATGCCGG-1-1",2.82889552405408e-06,"Dana_WT","Ly86","0"
"GGTAACTTCCAATCTT-1-1",0.137595611988995,"Dana_WT","Car1","10"
"GGTAACTTCTTCTGTA-1-1",7.22884313311651,"Dana_WT","Hba-a2","6"
"GGTAATCAGCCTAACT-1-1",0.00494095479394187,"Dana_WT","Car1","10"
"GGTAATCAGGGCAGTT-1-1",0.0184332560112241,"Dana_WT","CD34","0"
"GGTAATCCAATGTCTG-1-1",1.00401567963335,"Dana_WT","Gstm1/CD63","1"
"GGTAATCCACACCTAA-1-1",0.0440346252593383,"Dana_WT","CD34","7"
"GGTAATCGTCTAACTG-1-1",0.0204472628753489,"Dana_WT","CD34","0"
"GGTAATCTCACTGCTC-1-1",1.27779111949003,"Dana_WT","CD34","10"
"GGTAATCTCATGGTAC-1-1",0.0494400162447242,"Dana_WT","Ly86","0"
"GGTAATCTCTGCTCTG-1-1",2.78252018759417e-07,"Dana_WT","Fcnb","13"
"GGTAGAGAGTGAGTTA-1-1",0.116676641324129,"Dana_WT","CD34","9"
"GGTAGAGCAACCGTAT-1-1",0.981810049133963,"Dana_WT","Fcnb","1"
"GGTAGAGTCGCTCTAC-1-1",0.730018002220979,"Dana_WT","Prss34","10"
"GGTAGAGTCGCTTTAT-1-1",0.179783534979796,"Dana_WT","Ly86","0"
"GGTCACGAGAGTGTGC-1-1",0.289235274527558,"Dana_WT","Gstm1/CD63","1"
"GGTCACGAGCTGAGCA-1-1",0.0561433578694777,"Dana_WT","CD34","9"
"GGTCACGCAGACTCTA-1-1",0.009045043507385,"Dana_WT","Pf4","9"
"GGTCACGGTCGCATGC-1-1",1.4152702395541,"Dana_WT","Gstm1/CD63","1"
"GGTCACGGTGAACGGT-1-1",0.0492292024511569,"Dana_WT","Ly86","0"
"GGTCACGTCCGTGTCT-1-1",1.15193547319072,"Dana_WT","Ly86","0"
"GGTCACGTCTCATTGT-1-1",0.441512722164074,"Dana_WT","Ly86","0"
"GGTCACGTCTCGGGAC-1-1",0.0156394372478306,"Dana_WT","Ly86","0"
"GGTCTGGAGCCATTGT-1-1",0.0569364439287707,"Dana_WT","Car1","3"
"GGTCTGGAGGAAAGAC-1-1",0.0353230247917625,"Dana_WT","Car1","5"
"GGTCTGGAGGCACGAT-1-1",0.171812975046029,"Dana_WT","Unannotated","7"
"GGTCTGGCAACGTAAA-1-1",1.18312675390297,"Dana_WT","Gstm1/CD63","1"
"GGTCTGGGTACTAAGA-1-1",0.981144494863376,"Dana_WT","Fcnb","1"
"GGTCTGGGTAGTGATA-1-1",5.4800752917936,"Dana_WT","Hba-a2","11"
"GGTCTGGGTGAGGAAA-1-1",0.00219442996786756,"Dana_WT","CD34","7"
"GGTCTGGTCCCGAGTG-1-1",0.0569363975534343,"Dana_WT","Car1","3"
"GGTGAAGAGACGACGT-1-1",7.99603316637454,"Dana_WT","Car1","6"
"GGTGAAGAGCTGACAG-1-1",0.88492569854805,"Dana_WT","Ly86","0"
"GGTGAAGAGGCAGTCA-1-1",8.18008008675946,"Dana_WT","Hba-a2","6"
"GGTGAAGCAAAGTATG-1-1",8.19697667914782,"Dana_WT","Car1","6"
"GGTGAAGCAGCGTTTA-1-1",0.0526857189650866,"Dana_WT","Car1","5"
"GGTGAAGGTAGAGTTA-1-1",3.93935659914654,"Dana_WT","Car1","9"
"GGTGAAGGTGTCTAAC-1-1",0.052685765340423,"Dana_WT","Car1","9"
"GGTGAAGGTTATTCCT-1-1",0.0499708299156087,"Dana_WT","CD34","0"
"GGTGAAGGTTCTCCCA-1-1",0.505446814145793,"Dana_WT","Car1","10"
"GGTGAAGTCACACCCT-1-1",0.11870556341431,"Dana_WT","CD34","10"
"GGTGAAGTCCACTGAA-1-1",9.57937101321516,"Dana_WT","Hba-a2","6"
"GGTGAAGTCGAGTCCG-1-1",0.1248626419879,"Dana_WT","CD34","0"
"GGTGAAGTCGCCTTGT-1-1",8.77944192233997,"Dana_WT","Hba-a2","6"
"GGTGATTAGTCAAGCG-1-1",0.0156441339640836,"Dana_WT","Ly86","0"
"GGTGATTCAATATCCG-1-1",0.648001070304041,"Dana_WT","Car1","5"
"GGTGATTCACAATCTG-1-1",0.0476219190102596,"Dana_WT","Car1","3"
"GGTGATTCAGTATACC-1-1",0.0501640040515681,"Dana_WT","CD34","0"
"GGTGATTCATGTGGCC-1-1",0.00457260439314333,"Dana_WT","Gstm1/Ly86","0"
"GGTGATTGTCAAAGTA-1-1",0.036753181264547,"Dana_WT","Car1","9"
"GGTGATTGTGACATCT-1-1",2.78252018759417e-06,"Dana_WT","Ly86","0"
"GGTGATTGTGCTCCGA-1-1",0.0170438660799899,"Dana_WT","Pf4","9"
"GGTGATTTCAGGAACG-1-1",0.0139749355032694,"Dana_WT","Ly86","0"
"GGTGATTTCATACGAC-1-1",0.0426512605708169,"Dana_WT","Car1","5"
"GGTGGCTAGCTAGAAT-1-1",0.00442760594427216,"Dana_WT","CD34","0"
"GGTGGCTAGTGCCCGT-1-1",1.23247238446466,"Dana_WT","Prss34","10"
"GGTGGCTCAATCAGCT-1-1",0.035485600704393,"Dana_WT","CD34","7"
"GGTGGCTCACAAGCAG-1-1",0.0526858117157595,"Dana_WT","Car1","5"
"GGTGGCTCAGGCACAA-1-1",0.0204472165000125,"Dana_WT","CD34","0"
"GGTGGCTGTAGCTAAA-1-1",2.73778178160255,"Dana_WT","Car1","5"
"GGTGGCTGTTACCTTT-1-1",0.0367532276398834,"Dana_WT","Car1","9"
"GGTGGCTTCAAGTCGT-1-1",0.414486588498053,"Dana_WT","Ly86","0"
"GGTGTCGAGCTTTGTG-1-1",1.01762619327155,"Dana_WT","CD34","10"
"GGTGTCGAGTATGGCG-1-1",0.155118218293388,"Dana_WT","Gstm1/CD63","1"
"GGTGTCGGTACCTGTA-1-1",8.11473163563393,"Dana_WT","Hba-a2","6"
"GGTGTCGGTGAGATTA-1-1",0.347458180239067,"Dana_WT","Gstm1/CD63","1"
"GGTGTCGTCGGTGAAG-1-1",0.199761221296282,"Dana_WT","Car1","9"
"GGTGTTAGTAGCTTTG-1-1",0.0169575696446576,"Dana_WT","Car1","3"
"GGTGTTATCAAATAGG-1-1",0.929627182983505,"Dana_WT","Gstm1/CD63","1"
"GGTGTTATCATCTCTA-1-1",0.0507729065287708,"Dana_WT","Ly86","0"
"GGTTAACCAAATGAGT-1-1",2.73954343077703,"Dana_WT","Car1","5"
"GGTTAACCAGGATTCT-1-1",0.0541932550143576,"Dana_WT","CD34","9"
"GGTTAACGTATCGTGT-1-1",0.310047095146426,"Dana_WT","Ly86","7"
"GGTTAACGTGTTTGCA-1-1",0.0170439124553263,"Dana_WT","Pf4","9"
"GGTTAACTCCAGGACC-1-1",0.0021943835925311,"Dana_WT","CD34","7"
"GGTTAACTCGAAACAA-1-1",0.285274407875812,"Dana_WT","Gstm1/CD63","1"
"GGTTCTCAGTCCCAGC-1-1",0.000770361129107971,"Dana_WT","Gstm1/CD63","1"
"GGTTCTCCAGTTCTAG-1-1",6.31015686070035,"Dana_WT","Car1","5"
"GGTTCTCCATCCGAGC-1-1",0.0166364026699819,"Dana_WT","Prss34","10"
"GGTTCTCTCCATTTAC-1-1",0.00904499713204854,"Dana_WT","Car1","9"
"GGTTCTCTCGCAGATT-1-1",15.0005831076018,"Dana_WT","Ltf","12"
"GGTTCTCTCTACACAG-1-1",1.45361947521731,"Dana_WT","Car1","5"
"GGTTCTCTCTGGCCGA-1-1",8.81131392738155e-07,"Dana_WT","Gstm1/CD63","1"
"GGTTGTAAGCTAAGTA-1-1",0.422603480570183,"Dana_WT","Car1","5"
"GGTTGTAAGTGCACCC-1-1",0.036942646084956,"Dana_WT","Car1","3"
"GGTTGTACAGATACTC-1-1",0.890730122241352,"Dana_WT","CD34","7"
"GGTTGTACAGGCAATG-1-1",5.85363559345943,"Dana_WT","Car1","6"
"GGTTGTACATGTGGTT-1-1",0.965287024307896,"Dana_WT","Ly86","0"
"GGTTGTAGTAGGAAAG-1-1",0.369452276302478,"Dana_WT","Ly86","1"
"GGTTGTATCAGGTGTT-1-1",0.0520007592113183,"Dana_WT","CD34","10"
"GGTTGTATCCCTTGTG-1-1",0.216534905266295,"Dana_WT","Fcnb","1"
"GTAACACAGAAGGATG-1-1",2.32249049794913,"Dana_WT","Gstm1/CD63","1"
"GTAACACAGCAGTAAT-1-1",3.72262291526257,"Dana_WT","Car1","5"
"GTAACACAGCATTTGC-1-1",7.83421521506977,"Dana_WT","Car1","6"
"GTAACACAGTTTGGCT-1-1",1.0527201376398e-05,"Dana_WT","Vpreb1","0"
"GTAACACCAATGAAAC-1-1",0.00432938632987556,"Dana_WT","Car1","11"
"GTAACACCACCAAAGG-1-1",1.42325484286433,"Dana_WT","Car1","5"
"GTAACACCAGCAGATG-1-1",9.38642794439123,"Dana_WT","Hba-a2","6"
"GTAACACGTAACACGG-1-1",0.0526858580910959,"Dana_WT","Car1","9"
"GTAACACGTGAGTCAG-1-1",0.271971057465188,"Dana_WT","Gstm1/Ly86","0"
"GTAACACTCCATAGGT-1-1",0.0526859044664324,"Dana_WT","Car1","5"
"GTAACCAAGATGCGAC-1-1",0.292324725865861,"Dana_WT","Gstm1/Ly86","0"
"GTAACCAAGGGCGAAG-1-1",0.0592155796745266,"Dana_WT","Gstm1/CD63","1"
"GTAACCACAAGTCCAT-1-1",0.0242277065236363,"Dana_WT","CD34","7"
"GTAACCACAATAAGGT-1-1",8.72063959637077,"Dana_WT","Hba-a2","6"
"GTAACCACAATTGGTC-1-1",0.020447170124676,"Dana_WT","CD34","0"
"GTAACCACAGCGGTCT-1-1",8.12033460718921,"Dana_WT","Car1","6"
"GTAACCACAGGTATGG-1-1",0.376097502290424,"Dana_WT","Gstm1/Ly86","13"
"GTAACCAGTGCATCTA-1-1",0.80923369328418,"Dana_WT","Ly86","0"
"GTAACCAGTTATTCCT-1-1",0.831707767281106,"Dana_WT","Fcnb","1"
"GTAACCAGTTTAGTCG-1-1",7.49587832249459,"Dana_WT","Car1","6"
"GTAAGTCAGAACGTGC-1-1",0.0983979941700913,"Dana_WT","CD34","7"
"GTAAGTCAGCATACTC-1-1",0.0348822825469344,"Dana_WT","Car1","5"
"GTAAGTCAGGAAGTCC-1-1",2.73614485113427e-06,"Dana_WT","Ly86","0"
"GTAAGTCAGTGTACAA-1-1",0.124246865438703,"Dana_WT","Ly86","1"
"GTAAGTCCAACCACAT-1-1",9.55606824851725,"Dana_WT","Hba-a2","6"
"GTAAGTCGTACGCGTC-1-1",0.343038724941245,"Dana_WT","Ly86","0"
"GTAAGTCGTACTCGCG-1-1",6.31015690707569,"Dana_WT","Car1","5"
"GTAAGTCGTAGGTGCA-1-1",0.0944582694114167,"Dana_WT","Gstm1/CD63","1"
"GTAAGTCTCATAGGCT-1-1",0.0190973430953889,"Dana_WT","Ly86","0"
"GTAAGTCTCTAGTTCT-1-1",1.81155702242486,"Dana_WT","Fcnb","1"
"GTAAGTCTCTTAGTTC-1-1",0.830457376633943,"Dana_WT","Pf4","9"
"GTAATCGAGAATCGTA-1-1",0.0119595623619033,"Dana_WT","Siglech","7"
"GTAATCGCACTGAGGA-1-1",1.26554352706554,"Dana_WT","Fcnb","1"
"GTAATCGGTCAACATC-1-1",9.37388374303278,"Dana_WT","Hba-a2","6"
"GTAATCGGTCTCACAA-1-1",0.395889677723095,"Dana_WT","Ly86","0"
"GTAATCGGTGCCTGCA-1-1",0.00914900007998698,"Dana_WT","CD34","0"
"GTAATCGGTTGTCAGT-1-1",3.06094740181941,"Dana_WT","Car1","5"
"GTAATGCAGACTTAAG-1-1",0.769592053134213,"Dana_WT","Car1","9"
"GTAATGCAGCACCGAA-1-1",9.50963370214925,"Dana_WT","Hba-a2","6"
"GTAATGCAGGACGCAT-1-1",0.250173335357031,"Dana_WT","CD34","7"
"GTAATGCAGTGAGGTC-1-1",6.91187149002493,"Dana_WT","Car1","9"
"GTAATGCCAACTGGTT-1-1",0.00821937777757142,"Dana_WT","Gstm1/CD63","1"
"GTAATGCCAGCTTTCC-1-1",0.381415082715367,"Dana_WT","Ly86","0"
"GTAATGCCATAGCACT-1-1",0.0059574245119287,"Dana_WT","CD34","13"
"GTAATGCGTGCGTGCT-1-1",0.16677752154242,"Dana_WT","Gstm1/CD63","1"
"GTAATGCTCATCGACA-1-1",0.3814386598652,"Dana_WT","Ly86","0"
"GTACAACAGACTTAAG-1-1",1.17917718267284,"Dana_WT","Gstm1/CD63","1"
"GTACAACAGCATGCAG-1-1",0,"Dana_WT","Gstm1/CD63","1"
"GTACAACCAACGGTAG-1-1",0.0526859508417689,"Dana_WT","Car1","5"
"GTACAACCATAACAGA-1-1",0.125107949073398,"Dana_WT","Prss34","10"
"GTACAACGTCAACATC-1-1",0.225221474122624,"Dana_WT","Ly86","0"
"GTACAACGTTACCCAA-1-1",0.0043293399545391,"Dana_WT","Fcnb","11"
"GTACAACTCCGCAGTG-1-1",8.25178211945962,"Dana_WT","Hba-a2","6"
"GTACAACTCGGCTGGT-1-1",0.0284937987165352,"Dana_WT","CD34","0"
"GTACAACTCGGTCAGC-1-1",0.630049337353252,"Dana_WT","Ly86","0"
"GTACAGTAGCGAGTAC-1-1",5.85363563983477,"Dana_WT","Car1","6"
"GTACAGTCACTTGAGT-1-1",0.077854446577286,"Dana_WT","Prss34","11"
"GTACAGTGTATGCTTG-1-1",0.344997842328123,"Dana_WT","Car1","5"
"GTAGAAAAGACTCGAG-1-1",0.0170439588306628,"Dana_WT","Car1","9"
"GTAGAAAAGAGGCGGA-1-1",0.240910065422557,"Dana_WT","Unannotated","7"
"GTAGAAAAGCACTAAA-1-1",3.2462735521932e-07,"Dana_WT","Car1","6"
"GTAGAAAAGGTAGACC-1-1",0.0173560132162721,"Dana_WT","CD34","7"
"GTAGAAACAAGCTCTA-1-1",0.0654570435453627,"Dana_WT","Fcnb","1"
"GTAGAAACACACCTGG-1-1",0.20179914025352,"Dana_WT","CD34","10"
"GTAGAAACACGGATCC-1-1",8.15329286605974,"Dana_WT","Car1","6"
"GTAGAAACATCTCGTC-1-1",0.0162347425448597,"Dana_WT","Ly86","0"
"GTAGAAAGTACAATAG-1-1",0.0577060148268365,"Dana_WT","Car1","5"
"GTAGAAATCCACGTGG-1-1",5.97650353336976,"Dana_WT","Car1","5"
"GTAGAAATCCCTTTGG-1-1",0.0160753629104387,"Dana_WT","Prg2","10"
"GTAGAAATCCTCACTG-1-1",0.171813021421366,"Dana_WT","Ly86","7"
"GTAGAGGAGGCCGCTT-1-1",0.131426968402881,"Dana_WT","Ly86","0"
"GTAGAGGAGTATCTGC-1-1",5.16042417909513,"Dana_WT","Car1","5"
"GTAGAGGCAAAGCTAA-1-1",0.902731654131612,"Dana_WT","Car1","9"
"GTAGAGGCACGGCCAT-1-1",0.00191638041233677,"Dana_WT","Gstm1/Ly86","10"
"GTAGAGGCATCCAACA-1-1",0.0937643830277197,"Dana_WT","Gstm1/CD63","1"
"GTAGAGGCATCCTGTC-1-1",0.0170440052059992,"Dana_WT","Pf4","9"
"GTAGAGGGTGAGGCAT-1-1",8.95501730839656,"Dana_WT","Hba-a2","6"
"GTAGAGGTCATGGGAG-1-1",7.26655833494693,"Dana_WT","Car1","6"
"GTAGAGGTCGGTCATA-1-1",1.29536021300922,"Dana_WT","Gstm1/CD63","1"
"GTAGATCAGAGTGTTA-1-1",0.293453368041298,"Dana_WT","CD34","7"
"GTAGATCGTCGTCATA-1-1",7.04114729937153,"Dana_WT","Car1","5"
"GTAGATCTCATAGAGA-1-1",0.110604151575271,"Dana_WT","Ly86","0"
"GTAGATCTCCGTGTAA-1-1",0.323308804367932,"Dana_WT","CD34","7"
"GTAGCTAAGCGTTAGG-1-1",0.124166730834488,"Dana_WT","Ly86","0"
"GTAGCTACAAATAGCA-1-1",2.94713664157715,"Dana_WT","Car1","5"
"GTAGCTACACGGCCAT-1-1",8.94207811485603,"Dana_WT","Hba-a2","6"
"GTAGCTACACTTACAG-1-1",0.902731700506948,"Dana_WT","Car1","9"
"GTAGCTACAGATCCAT-1-1",1.0366062832382,"Dana_WT","CD34","10"
"GTAGCTACAGCGACAA-1-1",2.74899652215448,"Dana_WT","Car1","5"
"GTAGCTACAGTGACCC-1-1",1.32966392679505,"Dana_WT","Car1","9"
"GTAGCTAGTTCGATTG-1-1",1.04808260399381e-05,"Dana_WT","Ly86","14"
"GTAGCTAGTTCTCCCA-1-1",1.86083007754043,"Dana_WT","Car1","5"
"GTAGCTAGTTGGTGTT-1-1",0.00222929723163012,"Dana_WT","Car1","5"
"GTAGCTATCAGTAGGG-1-1",0.0367532740152199,"Dana_WT","Car1","9"
"GTAGGAGAGCGTCTCG-1-1",0.0440346716346748,"Dana_WT","CD34","7"
"GTAGGAGAGGTCTACT-1-1",2.68976951467437e-06,"Dana_WT","Ly86","0"
"GTAGGAGAGTTACGAA-1-1",2.51061603798741,"Dana_WT","Car1","5"
"GTAGGAGCAAACTCTG-1-1",2.26075680059304,"Dana_WT","Gstm1/CD63","1"
"GTAGGAGCACAAAGTA-1-1",0.00432929357920264,"Dana_WT","Car1","11"
"GTAGGAGGTTTAGAGA-1-1",3.18273044491843,"Dana_WT","Car1","5"
"GTAGGAGTCGGACCAC-1-1",0.50544686052113,"Dana_WT","Prss34","10"
"GTAGGAGTCTAGGAAA-1-1",0.740489729009601,"Dana_WT","Car1","5"
"GTAGGTTAGATTCGCT-1-1",1.73386070467118,"Dana_WT","Fcnb","1"
"GTAGGTTAGTAGCATA-1-1",0.0978773147269878,"Dana_WT","Prss34","10"
"GTAGGTTAGTCGAATA-1-1",0.702865343086879,"Dana_WT","Car1","5"
"GTAGGTTCAGCAATTC-1-1",0.0717983762297079,"Dana_WT","Prss34","10"
"GTAGGTTCAGCTATAC-1-1",0.00330015640558545,"Dana_WT","Car1","9"
"GTAGGTTTCGTTGTGA-1-1",1.00011704696635,"Dana_WT","Gstm1/CD63","1"
"GTAGTACAGGGTGAAA-1-1",0.00904495075671208,"Dana_WT","Pf4","9"
"GTAGTACCAATTGTGC-1-1",0.0295965259359818,"Dana_WT","Prss34","10"
"GTAGTACGTGTTACAC-1-1",1.04276387962717,"Dana_WT","Gstm1/CD63","1"
"GTAGTACGTTGTGTTG-1-1",0.0105383039632008,"Dana_WT","Prss34","10"
"GTAGTACGTTTCCCAC-1-1",0.688391863446446,"Dana_WT","Car1","5"
"GTAGTACGTTTGCCGG-1-1",0.0170440515813357,"Dana_WT","Car1","9"
"GTAGTACTCCTGGGTG-1-1",0.0170440979566722,"Dana_WT","Pf4","9"
"GTATTGGAGCAATTAG-1-1",0.347458226614403,"Dana_WT","Gstm1/CD63","1"
"GTATTGGCATTCCTAT-1-1",0.0251840737492243,"Dana_WT","CD34","0"
"GTATTGGTCCTCTTTC-1-1",17.4152856640018,"Dana_WT","Ltf","12"
"GTATTGGTCGGTCGGT-1-1",0.016957616019994,"Dana_WT","Car1","3"
"GTATTGGTCGTGTTCC-1-1",0.304152409103249,"Dana_WT","Ly86","0"
"GTATTTCAGAAAGCGA-1-1",3.7226229616379,"Dana_WT","Car1","5"
"GTATTTCAGATAACAC-1-1",0.0477540385400146,"Dana_WT","CD34","0"
"GTATTTCGTCAGGTAG-1-1",5.14425307679977,"Dana_WT","Car1","6"
"GTATTTCGTCAGTTTG-1-1",0.460092443720905,"Dana_WT","Prss34","10"
"GTATTTCTCCGTAGTA-1-1",0.0321842382627875,"Dana_WT","CD34","3"
"GTCAAACAGTAGCAAT-1-1",0.00305926646673971,"Dana_WT","Prss34","10"
"GTCAAACAGTCATACC-1-1",0.8745046267976,"Dana_WT","Car1","5"
"GTCAAACCATTCAGCA-1-1",0.164218460864712,"Dana_WT","Gstm1/CD63","1"
"GTCAAACGTCGAGTGA-1-1",3.61447168582216,"Dana_WT","Car1","5"
"GTCAAACTCCTAGCTC-1-1",0.0123073763133477,"Dana_WT","CD34","0"
"GTCAAACTCTCGCAGG-1-1",0.34519182812515,"Dana_WT","Ly86","0"
"GTCAAGTCAAGACCGA-1-1",0.0858099675278536,"Dana_WT","Ly86","1"
"GTCAAGTCAATCGTCA-1-1",8.04756932181015,"Dana_WT","Hba-a2","6"
"GTCAAGTCAGTCAGCC-1-1",0.0458826226568476,"Dana_WT","Car1","9"
"GTCAAGTTCCACACCT-1-1",0.0326827382912167,"Dana_WT","Ly86","0"
"GTCAAGTTCCACGTAA-1-1",0.874504673172937,"Dana_WT","Car1","5"
"GTCAAGTTCGCCGTGA-1-1",0.766248261918206,"Dana_WT","Prg2","10"
"GTCAAGTTCTGAGGCC-1-1",0.166703180967045,"Dana_WT","CD34","7"
"GTCACGGAGAGCAGTC-1-1",0.00904490438137562,"Dana_WT","Pf4","9"
"GTCACGGCAAGTATAG-1-1",0.0150019298530618,"Dana_WT","Ly86","1"
"GTCACGGGTAGTGATA-1-1",0.0986530300603032,"Dana_WT","Prss34","10"
"GTCACGGGTCGAGATG-1-1",0.414945456297487,"Dana_WT","Ly86","0"
"GTCACGGGTGAATTAG-1-1",0.0526859972171053,"Dana_WT","Car1","5"
"GTCACGGGTGTCATTG-1-1",0.756019635585167,"Dana_WT","Car1","5"
"GTCACGGTCAGCTTCC-1-1",1.30248383523038,"Dana_WT","Gstm1/CD63","1"
"GTCACGGTCCGTGACG-1-1",0.422764851656426,"Dana_WT","Gstm1/Ly86","0"
"GTCACGGTCTGAGGCC-1-1",0.831392595038917,"Dana_WT","Car1","9"
"GTCACTCAGACTTCGT-1-1",2.72080740412144,"Dana_WT","Car1","5"
"GTCACTCAGCTGGCTC-1-1",0.117828301557418,"Dana_WT","CD34","7"
"GTCACTCAGTTCCAGT-1-1",2.72080745049678,"Dana_WT","Car1","5"
"GTCACTCGTCATCGGC-1-1",0.118322685582536,"Dana_WT","Ly86","0"
"GTCACTCGTGTTTACG-1-1",1.04344507034781e-05,"Dana_WT","Vpreb1","0"
"GTCACTCTCTATTGTC-1-1",0.0526860435924418,"Dana_WT","Car1","5"
"GTCAGCGCAAAGCTCT-1-1",0.00432924720386618,"Dana_WT","CD34","11"
"GTCAGCGCAATGAAAC-1-1",0.220681249062745,"Dana_WT","Ly86","13"
"GTCAGCGCACTATCCC-1-1",0.00330020278092191,"Dana_WT","Car1","9"
"GTCAGCGGTATCGGTT-1-1",5.10128701058932e-07,"Dana_WT","Ly86","13"
"GTCAGCGGTCCACAGC-1-1",0.0622292149239252,"Dana_WT","Prg2","0"
"GTCAGCGTCGCGGACT-1-1",0.562434172659542,"Dana_WT","Gstm1/Ly86","10"
"GTCAGCGTCTAGGAAA-1-1",7.81836968286161,"Dana_WT","Car1","6"
"GTCAGCGTCTGGTGGC-1-1",9.27506729198058e-08,"Dana_WT","Ly86","0"
"GTCATCCCATAAGATG-1-1",0.0220105052412622,"Dana_WT","CD34","0"
"GTCATCCGTAGATGTA-1-1",0.282400721686242,"Dana_WT","CD34","7"
"GTCATCCGTCCGGCAT-1-1",0.0123074226886841,"Dana_WT","Ly86","0"
"GTCATCCTCACGGGAA-1-1",0.0335341549651798,"Dana_WT","Gstm1/CD63","7"
"GTCATGAAGGGACACT-1-1",0.00432920082852972,"Dana_WT","Hba-a2","11"
"GTCATGACAACCCTAA-1-1",7.12131010680123,"Dana_WT","Car1","6"
"GTCATGACACATCATG-1-1",0.666896492743481,"Dana_WT","Car1","5"
"GTCATGACATGCGGTC-1-1",0.92647255307667,"Dana_WT","Fcnb","1"
"GTCATGACATTGGCAT-1-1",0.0647377697674636,"Dana_WT","Gstm1/Ly86","1"
"GTCATGAGTAATGATG-1-1",3.93935664552187,"Dana_WT","Car1","9"
"GTCATGAGTCCCTAAA-1-1",7.03526265868413,"Dana_WT","Car1","6"
"GTCATGAGTCTCAAGT-1-1",0.0569363511780978,"Dana_WT","Pf4","9"
"GTCATGAGTTGCCGCA-1-1",0,"Dana_WT","Pf4","11"
"GTCATGAGTTTCGTTT-1-1",2.78252018759417e-07,"Dana_WT","Car1","6"
"GTCATGATCCTCGATC-1-1",0.00760147234265673,"Dana_WT","Pf4","9"
"GTCATTTCACCCTAGG-1-1",8.37233746092736,"Dana_WT","Hba-a2","6"
"GTCATTTCATGGAATA-1-1",0.282705530655984,"Dana_WT","Fcnb","1"
"GTCATTTGTAAGGAGA-1-1",0.505446906896466,"Dana_WT","Prss34","10"
"GTCATTTGTCCACATA-1-1",1.00652310709845,"Dana_WT","Gstm1/CD63","1"
"GTCATTTTCACCATCC-1-1",0.0204471237493395,"Dana_WT","Unannotated","0"
"GTCCACTAGTCTCCTC-1-1",0.0263797988948486,"Dana_WT","CD34","7"
"GTCCACTCATCAGCTA-1-1",0.38974725892011,"Dana_WT","Ly86","0"
"GTCCACTGTCAGATTC-1-1",5.10128701058932e-07,"Dana_WT","Ly86","0"
"GTCCACTGTTGCCAAT-1-1",0.341176568927064,"Dana_WT","Prss34","10"
"GTCCACTTCACTTGTT-1-1",1.1831268002783,"Dana_WT","Gstm1/Ly86","1"
"GTCCACTTCCCTCGAT-1-1",0.914305574498626,"Dana_WT","Fcnb","1"
"GTCCACTTCGGAGTGA-1-1",0.00111916464906492,"Dana_WT","Ly86","0"
"GTCCCATAGCGTCAAG-1-1",0.0440347180100112,"Dana_WT","CD34","7"
"GTCCCATAGTTCCGGC-1-1",8.01207810121915,"Dana_WT","Car1","6"
"GTCCCATAGTTCTCTT-1-1",0.781608362739566,"Dana_WT","Ly86","0"
"GTCCCATCAGGAATCG-1-1",0.241244552543957,"Dana_WT","Car1","3"
"GTCCCATCATTCTCTA-1-1",5.8536356862101,"Dana_WT","Car1","5"
"GTCCCATGTTTGCCGG-1-1",0.0136169904745265,"Dana_WT","Gstm1/Ly86","0"
"GTCCCATTCGCCAGAC-1-1",0.902731746882285,"Dana_WT","Car1","9"
"GTCCCATTCGCCTCTA-1-1",0.808904982231163,"Dana_WT","Prss34","10"
"GTCCTCAAGAAGGGAT-1-1",0.435514736885888,"Dana_WT","Ly86","0"
"GTCCTCAAGCTCGACC-1-1",0.0204470773740031,"Dana_WT","CD34","0"
"GTCCTCACAACCGATT-1-1",0.138352534383378,"Dana_WT","Ly86","7"
"GTCCTCACAATTGGTC-1-1",1.00578540855702,"Dana_WT","Gstm1/CD63","1"
"GTCCTCACAGTAGGAC-1-1",0.517913968919382,"Dana_WT","Car1","5"
"GTCCTCAGTACGATTC-1-1",0.0507728601534343,"Dana_WT","CD34","0"
"GTCCTCATCAAGTGGG-1-1",0.00432915445319326,"Dana_WT","Hba-a2","11"
"GTCCTCATCGTGTGGC-1-1",0.160432153983132,"Dana_WT","Car1","10"
"GTCGAATAGAAGTCTA-1-1",0.111552960602867,"Dana_WT","Ly86","7"
"GTCGAATAGTACCCTA-1-1",0.493106194143797,"Dana_WT","Prss34","10"
"GTCGAATGTCGAGTTT-1-1",0.223050750508363,"Dana_WT","Gstm1/CD63","10"
"GTCGAATTCGACCAAT-1-1",0.00330024915625837,"Dana_WT","Unannotated","9"
"GTCGAATTCGCTAGCG-1-1",0.0195298273611144,"Dana_WT","CD34","7"
"GTCGAATTCGTACCTC-1-1",0.190748940008742,"Dana_WT","Fcnb","1"
"GTCGAATTCTTCCCGA-1-1",0.0247998133044047,"Dana_WT","Prss34","10"
"GTCGCGAAGAGAATCT-1-1",0.0311223595608895,"Dana_WT","Ly86","0"
"GTCGCGAAGGAAAGGT-1-1",0.271131614346543,"Dana_WT","Fcnb","1"
"GTCGCGAGTATAGCTC-1-1",8.34756056278252e-07,"Dana_WT","Gstm1/CD63","1"
"GTCGCGATCAGAGTGG-1-1",0.0170441443320086,"Dana_WT","Pf4","9"
"GTCGCGATCTCAACCC-1-1",0.13254168642252,"Dana_WT","CD34","7"
"GTCGCGATCTCCGATC-1-1",2.31876682299514e-07,"Dana_WT","Gstm1/CD63","13"
"GTCGTAAAGCTTGTGT-1-1",0.0123074690640206,"Dana_WT","Ly86","0"
"GTCGTAACAACAAAGT-1-1",0.240932669433082,"Dana_WT","CD34","0"
"GTCGTAACAACAGCCC-1-1",0.483462177626839,"Dana_WT","CD34","7"
"GTCGTAACAACAGTGG-1-1",0.00219433721719464,"Dana_WT","Gstm1/Ly86","13"
"GTCGTAACACGCACCA-1-1",0.028474625332913,"Dana_WT","Ly86","7"
"GTCGTAACACTGTCCT-1-1",0.701361884044642,"Dana_WT","Fcnb","1"
"GTCGTAAGTCTAGATC-1-1",0.395180164103859,"Dana_WT","Gstm1/Ly86","0"
"GTCGTAAGTCTGGTTA-1-1",0.285371908832093,"Dana_WT","Ly86","0"
"GTCGTAAGTTCGGCGT-1-1",0.874504719548273,"Dana_WT","Car1","5"
"GTCGTTCAGCTGTCCG-1-1",1.34339152290774,"Dana_WT","Gstm1/CD63","1"
"GTCGTTCAGGTAGGCT-1-1",0.690680574389755,"Dana_WT","Gstm1/CD63","1"
"GTCGTTCCAAACTAAG-1-1",0.0170441907073451,"Dana_WT","Pf4","9"
"GTCGTTCGTCGGCTAC-1-1",0.000458641225852263,"Dana_WT","Gstm1/Ly86","1"
"GTCGTTCGTTAGGCTT-1-1",2.73060506165593,"Dana_WT","Car1","5"
"GTCGTTCTCCGTGACG-1-1",0.049205225254167,"Dana_WT","Prg2","10"
"GTCGTTCTCGCTGACG-1-1",1.90249646417504,"Dana_WT","Gstm1/CD63","1"
"GTCTACCAGGAGCTGT-1-1",0.00521930938802129,"Dana_WT","Prss34","10"
"GTCTACCAGTGGTTGG-1-1",0.00219429084185818,"Dana_WT","Gstm1/Ly86","7"
"GTCTACCCAAGACCTT-1-1",0.0044275595689357,"Dana_WT","Unannotated","7"
"GTCTACCCAAGCAGGT-1-1",0.0555735528724548,"Dana_WT","Gstm1/CD63","1"
"GTCTACCGTTGAAGTA-1-1",2.54636173517563,"Dana_WT","Car1","5"
"GTCTACCTCCATTTCA-1-1",0.11291393631751,"Dana_WT","Ly86","0"
"GTCTAGAAGCCTCTCT-1-1",0.0367755920730919,"Dana_WT","Ly86","0"
"GTCTAGAAGCGTGTCC-1-1",3.19997816572393,"Dana_WT","Car1","5"
"GTCTAGACACACGTGC-1-1",0.277134108342006,"Dana_WT","Ly86","0"
"GTCTAGACACGGTGAA-1-1",0.165481034812868,"Dana_WT","Prss34","10"
"GTCTAGACAGAAATTG-1-1",2.31876682299514e-07,"Dana_WT","Car1","6"
"GTCTAGATCCCAGGAC-1-1",0.301876279821779,"Dana_WT","Ly86","0"
"GTCTAGATCGCCTAGG-1-1",3.72262300801324,"Dana_WT","Car1","5"
"GTCTCACAGGAACGTC-1-1",0.00778530620598983,"Dana_WT","CD34","0"
"GTCTCACAGGGACACT-1-1",3.20092214153753,"Dana_WT","Car1","5"
"GTCTCACCACCTCAGG-1-1",0.776813651997537,"Dana_WT","CD34","13"
"GTCTCACGTAGGTACG-1-1",0.00982951818469502,"Dana_WT","CD34","0"
"GTCTCACGTTAGGGTG-1-1",0.111788248126421,"Dana_WT","CD34","3"
"GTCTCACTCTATGTGG-1-1",8.95319762515339,"Dana_WT","Hba-a2","6"
"GTCTGTCCAGGAGGTT-1-1",0.0526860899677782,"Dana_WT","Car1","5"
"GTCTGTCGTGAGATAT-1-1",0.233017310516578,"Dana_WT","Gstm1/CD63","1"
"GTCTGTCTCACGAACT-1-1",0.0389279313276198,"Dana_WT","Car1","13"
"GTCTGTCTCTCGTTTA-1-1",0.0043291080778568,"Dana_WT","Car1","11"
"GTCTTTAAGCAGTCTT-1-1",0.373143567670668,"Dana_WT","Gstm1/CD63","1"
"GTCTTTAAGGCACCAA-1-1",0.01361694409919,"Dana_WT","Gstm1/Ly86","0"
"GTCTTTAAGTCATCCA-1-1",0.01103529804319,"Dana_WT","Gstm1/Ly86","0"
"GTCTTTACAACTACGT-1-1",0.11226482250113,"Dana_WT","Gstm1/CD63","10"
"GTCTTTACACAAATAG-1-1",0.0526861363431147,"Dana_WT","Car1","5"
"GTCTTTACACTGGCCA-1-1",0.00860256212912835,"Dana_WT","Ly86","0"
"GTCTTTAGTTTGTTGG-1-1",0.0724960729126692,"Dana_WT","CD34","7"
"GTGACGCAGGAGCAAA-1-1",0.00691931485512653,"Dana_WT","Unannotated","10"
"GTGACGCCAGCTTTCC-1-1",0.764128195224555,"Dana_WT","Fcnb","1"
"GTGACGCGTGAGACCA-1-1",7.19102351206858,"Dana_WT","Car1","6"
"GTGACGCGTGCGAACA-1-1",0,"Dana_WT","Prss34","10"
"GTGACGCTCGCAATGT-1-1",5.1173464091466,"Dana_WT","Car1","5"
"GTGACGCTCTCGTTTA-1-1",0.0461565379976441,"Dana_WT","Ly86","0"
"GTGAGCCAGGACATCG-1-1",0.0633183299420685,"Dana_WT","Gstm1/CD63","13"
"GTGAGCCCAGCGTGCT-1-1",0.472278604086557,"Dana_WT","Car1","5"
"GTGAGCCCAGTAGTGG-1-1",0.314333482228155,"Dana_WT","Ly86","0"
"GTGAGCCGTCCATCTC-1-1",0.00158412716266421,"Dana_WT","Car1","3"
"GTGAGCCGTCTAGGCC-1-1",2.43206230280732,"Dana_WT","Car1","5"
"GTGAGCCTCCCTGTTG-1-1",0.063318376317405,"Dana_WT","Gstm1/Ly86","1"
"GTGAGCCTCGAAGAAT-1-1",0.0578169048427979,"Dana_WT","CD34","0"
"GTGAGCCTCGGTCAGC-1-1",0.0655102277022641,"Dana_WT","Gstm1/CD63","1"
"GTGAGCCTCTATTGTC-1-1",0.0668563222515922,"Dana_WT","Ly86","0"
"GTGAGCCTCTTCTCAA-1-1",0.398878664192886,"Dana_WT","Ly86","0"
"GTGAGGAAGATGAAGG-1-1",5.85363573258544,"Dana_WT","Car1","5"
"GTGAGGAAGGTAGTCG-1-1",7.49587836886993,"Dana_WT","Car1","6"
"GTGAGGACAATAAGGT-1-1",0.733332202176383,"Dana_WT","CD34","7"
"GTGAGGAGTAGGATAT-1-1",0.675301331489891,"Dana_WT","Car1","5"
"GTGAGGAGTCTAACGT-1-1",0.0432549869740555,"Dana_WT","Ly86","0"
"GTGAGGATCGGCTGGT-1-1",0.0978772683516513,"Dana_WT","Prss34","10"
"GTGAGGATCTGTCTCG-1-1",8.61000173138749,"Dana_WT","Hba-a2","6"
"GTGAGTTCACGCTGAC-1-1",0.44957642454917,"Dana_WT","Gstm1/Ly86","0"
"GTGAGTTGTCCTTAAG-1-1",1.00625889903932,"Dana_WT","Ly86","7"
"GTGAGTTTCCCGATCT-1-1",0.0526861827184512,"Dana_WT","Car1","5"
"GTGATGTAGCTGAAGC-1-1",0.344997888703459,"Dana_WT","Car1","5"
"GTGATGTAGGGACCAT-1-1",4.05588294834736,"Dana_WT","Car1","5"
"GTGATGTAGTGGTTCT-1-1",0.0477631085543695,"Dana_WT","Ly86","7"
"GTGATGTCAGGTGTGA-1-1",0.0018738615605452,"Dana_WT","Prss34","10"
"GTGATGTGTATACCTG-1-1",8.29729992741047,"Dana_WT","Car1","6"
"GTGATGTGTTAAACAG-1-1",0.0526862290937876,"Dana_WT","Car1","9"
"GTGATGTGTTGGCTAT-1-1",0.00219424446652172,"Dana_WT","CD34","7"
"GTGATGTTCTCCTGAC-1-1",0.466247179598901,"Dana_WT","Ly86","1"
"GTGCACGAGAGCGACT-1-1",0.24637654708954,"Dana_WT","Prss34","10"
"GTGCACGAGGAATGTT-1-1",0.738184595133798,"Dana_WT","Unannotated","7"
"GTGCACGAGGGAACAA-1-1",0.20634908385454,"Dana_WT","Car1","5"
"GTGCACGCACCTGATA-1-1",0.0487170229789413,"Dana_WT","Gstm1/CD63","1"
"GTGCACGCACTGTTCC-1-1",0.0461565843729805,"Dana_WT","Ly86","0"
"GTGCACGCACTTCTCG-1-1",1.24920596464399,"Dana_WT","Gstm1/CD63","1"
"GTGCACGCATCAGTGT-1-1",7.49587841524526,"Dana_WT","Car1","6"
"GTGCACGCATGAGATA-1-1",0.809233739659517,"Dana_WT","Ly86","0"
"GTGCACGCATGCCGAC-1-1",0.0913853873678678,"Dana_WT","Pf4","9"
"GTGCACGGTTCTGACA-1-1",4.17378028139126e-07,"Dana_WT","Car1","9"
"GTGCACGTCCCTAGGG-1-1",7.4958784616206,"Dana_WT","Car1","6"
"GTGCACGTCTATTCGT-1-1",0.0526862754691241,"Dana_WT","Car1","5"
"GTGCACGTCTTTCAGT-1-1",0.0846726719853634,"Dana_WT","Gstm1/CD63","1"
"GTGCAGCAGACATAGT-1-1",0.400020215272554,"Dana_WT","Ly86","0"
"GTGCAGCAGCAGAAAG-1-1",0.0977306092727858,"Dana_WT","Ly86","7"
"GTGCAGCCAAATGCGG-1-1",0.0346014288431546,"Dana_WT","Gstm1/CD63","1"
"GTGCAGCGTGCAACAG-1-1",0,"Dana_WT","Car1","9"
"GTGCAGCTCAGAGCGA-1-1",0.00595737813659224,"Dana_WT","Car1","13"
"GTGCAGCTCATTGCGA-1-1",7.10979336324227,"Dana_WT","Car1","6"
"GTGCAGCTCGGTTAGT-1-1",0.00432906170252034,"Dana_WT","Ly86","11"
"GTGCAGCTCTCCCAAC-1-1",0.0143849691660489,"Dana_WT","Ly86","0"
"GTGCGTGAGACTCAAA-1-1",0.452011689202804,"Dana_WT","Ly86","0"
"GTGCGTGAGCAATAGT-1-1",0.0389278849522834,"Dana_WT","Ly86","13"
"GTGCGTGAGCGTGCCT-1-1",0.0640532139967025,"Dana_WT","Pf4","11"
"GTGCGTGAGGTGCTAG-1-1",0.0151816763772255,"Dana_WT","Car1","10"
"GTGCGTGCAACGATTC-1-1",0.0157359992466514,"Dana_WT","Ly86","0"
"GTGCGTGCAGCACAGA-1-1",0.721809910816328,"Dana_WT","Pf4","9"
"GTGCGTGCATCGCCTT-1-1",1.20743992586179,"Dana_WT","CD34","10"
"GTGCGTGCATTGGATC-1-1",0.0526863218444605,"Dana_WT","Car1","5"
"GTGCGTGGTAACAGGC-1-1",0.154290829915254,"Dana_WT","Gstm1/CD63","1"
"GTGCGTGGTGAACGGT-1-1",0.052686368219797,"Dana_WT","Car1","5"
"GTGCGTGTCGGCATCG-1-1",0.603843893873771,"Dana_WT","Car1","9"
"GTGCGTGTCTCCTACG-1-1",0.0505412708182589,"Dana_WT","Car1","9"
"GTGCTGGAGAGCGACT-1-1",0.957403901954912,"Dana_WT","Ly86","0"
"GTGCTGGCAATAGTAG-1-1",0.0526864145951335,"Dana_WT","Car1","5"
"GTGCTGGCAGACAATA-1-1",0.399511327676392,"Dana_WT","Car1","9"
"GTGCTGGCATCGGTTA-1-1",1.85501345839612e-07,"Dana_WT","CD34","3"
"GTGCTGGGTGGTCTCG-1-1",1.03880753670182e-05,"Dana_WT","Cd74","15"
"GTGCTGGTCAGTGCGC-1-1",0.00432577205295592,"Dana_WT","Ly86","0"
"GTGCTGGTCCCGATCT-1-1",0.0373494429641816,"Dana_WT","Gstm1/Ly86","13"
"GTGCTGGTCGGCCCAA-1-1",0.0581717449487786,"Dana_WT","Prss34","10"
"GTGCTTCAGGACGCAT-1-1",0.0974375400470742,"Dana_WT","Car1","5"
"GTGCTTCAGGTGCATG-1-1",1.03417000305583e-05,"Dana_WT","Siglech","7"
"GTGCTTCCACGTTGGC-1-1",0.0507655871004844,"Dana_WT","Ly86","7"
"GTGCTTCCATTCACCC-1-1",5.85363577896077,"Dana_WT","Car1","5"
"GTGCTTCGTGGATCGA-1-1",1.02953246940984e-05,"Dana_WT","CD34","7"
"GTGCTTCTCAACACGT-1-1",1.10240943743772,"Dana_WT","Car1","5"
"GTGCTTCTCCGGACTG-1-1",1.02489493576385e-05,"Dana_WT","Cd74","15"
"GTGGAAGAGCAACTCT-1-1",0.0526864609704699,"Dana_WT","Car1","9"
"GTGGAAGAGGTTTACC-1-1",8.75939837840059,"Dana_WT","Hba-a2","6"
"GTGGAAGGTAGTCCTA-1-1",0.074162014018571,"Dana_WT","Gstm1/CD63","1"
"GTGGAAGGTGCAGTGA-1-1",1.08581869599283,"Dana_WT","Fcnb","1"
"GTGGAAGTCTTACACT-1-1",4.69324069305787,"Dana_WT","Car1","5"
"GTGGAGAAGAGAGAAC-1-1",0.87450476592361,"Dana_WT","Car1","5"
"GTGGAGAAGCGTCTCG-1-1",0.162407993220513,"Dana_WT","Car1","3"
"GTGGAGAAGTAGATCA-1-1",0.344294762233019,"Dana_WT","Ly86","0"
"GTGGAGACAATAGTGA-1-1",0.013886300696569,"Dana_WT","Ly86","0"
"GTGGAGACACTACTTT-1-1",0.806490534904999,"Dana_WT","Car1","5"
"GTGGAGAGTATTGAGA-1-1",0.318330968844677,"Dana_WT","Gstm1/Ly86","0"
"GTGGAGAGTCCGGCAT-1-1",0.0204470309986666,"Dana_WT","CD34","0"
"GTGGAGATCCTACGGG-1-1",0.00219419809118526,"Dana_WT","Gstm1/Ly86","7"
"GTGGAGATCTGGTGGC-1-1",6.31015695345102,"Dana_WT","Car1","5"
"GTGGCGTAGTACAACA-1-1",0.0978772219763149,"Dana_WT","Prss34","10"
"GTGGCGTAGTCACTAC-1-1",1.05558552453596,"Dana_WT","Gstm1/CD63","1"
"GTGGCGTCATGTACGT-1-1",0.0204621535952627,"Dana_WT","Unannotated","7"
"GTGGCGTGTACCGGCT-1-1",4.16531420206885,"Dana_WT","Car1","5"
"GTGGCGTGTCAACGCC-1-1",0.0389278385769469,"Dana_WT","Gstm1/Ly86","13"
"GTGGCGTGTCAGGAGT-1-1",0.0526865073458064,"Dana_WT","Car1","5"
"GTGGCGTTCGGCCTTT-1-1",7.85747550005669,"Dana_WT","Hba-a2","6"
"GTGGGAAAGAGTGTTA-1-1",5.85363582533611,"Dana_WT","Car1","6"
"GTGGGAAAGTTGCATC-1-1",0.0204469846233302,"Dana_WT","CD34","0"
"GTGGGAAGTCGCTTAA-1-1",2.64339417821446e-06,"Dana_WT","Ly86","0"
"GTGGTTAAGAGCTGCA-1-1",0.00904485800603916,"Dana_WT","Pf4","9"
"GTGGTTAGTACACGTT-1-1",2.73083320160206,"Dana_WT","Car1","5"
"GTGGTTAGTACTCGCG-1-1",0.638352515453796,"Dana_WT","Prss34","10"
"GTGGTTAGTAGGTCAG-1-1",0.111811332030946,"Dana_WT","Car1","9"
"GTGGTTATCAGTGTGT-1-1",0.0040012010649989,"Dana_WT","Car1","3"
"GTGGTTATCTACTCAT-1-1",0.0103411198118142,"Dana_WT","Ly86","0"
"GTGTAACAGATACATG-1-1",0.00634122795575154,"Dana_WT","Gstm1/Ly86","0"
"GTGTAACAGCCGATAG-1-1",2.15860637605298,"Dana_WT","Fcnb","1"
"GTGTAACAGTTGTACC-1-1",0.368635794258861,"Dana_WT","Gstm1/CD63","1"
"GTGTAACCAACAAGTA-1-1",1.85501345839612e-07,"Dana_WT","Fcnb","1"
"GTGTAACGTCTGTAGT-1-1",0.0846727183606999,"Dana_WT","Ly86","0"
"GTGTAACTCATGGATC-1-1",0.0021941517158488,"Dana_WT","CD34","7"
"GTGTAACTCCAAGGGA-1-1",0.586140855887637,"Dana_WT","CD34","10"
"GTGTAACTCCGTATGA-1-1",0.702004695308884,"Dana_WT","Car1","5"
"GTGTCCTGTTCTCTAT-1-1",0.0526865537211428,"Dana_WT","Car1","5"
"GTGTGATCAACTAGAA-1-1",8.94357606371734,"Dana_WT","Hba-a2","6"
"GTGTGATCATCGATGT-1-1",0.0342181642652247,"Dana_WT","Car1","3"
"GTGTGATCATGACAAA-1-1",1.17884815735586,"Dana_WT","Fcnb","1"
"GTGTGATCATGTAACC-1-1",7.49587850799594,"Dana_WT","Car1","6"
"GTGTGATCATGTGCTA-1-1",0.0272893397024505,"Dana_WT","CD34","10"
"GTGTGATGTTCATCTT-1-1",0.413976836443474,"Dana_WT","Pf4","9"
"GTGTGATTCCTTTGAT-1-1",2.74909507725321,"Dana_WT","Car1","5"
"GTGTGATTCTTAGCTT-1-1",0.385992184084383,"Dana_WT","Ly86","0"
"GTGTGGCAGCGTTACT-1-1",2.37959543927466,"Dana_WT","Fcnb","1"
"GTGTGGCCACGTCGGT-1-1",0.357293180753657,"Dana_WT","CD34","0"
"GTGTGGCCACTCCTTG-1-1",0.0243034778783605,"Dana_WT","Car1","5"
"GTGTGGCGTGGAAATT-1-1",6.57269077252424,"Dana_WT","Car1","6"
"GTGTGGCGTGTAGCAG-1-1",0.0367533203905563,"Dana_WT","Car1","9"
"GTGTGGCTCACACCGG-1-1",0.136125230300129,"Dana_WT","Car1","5"
"GTGTGGCTCATCAGTG-1-1",0.133493068043127,"Dana_WT","Unannotated","13"
"GTGTGGCTCGATTTCT-1-1",0.116562560289464,"Dana_WT","Prss34","10"
"GTGTGGCTCGTCTAAG-1-1",0.469013317800021,"Dana_WT","Car1","5"
"GTGTTAGAGGTGCTAG-1-1",0.291613207914295,"Dana_WT","Prg2","10"
"GTGTTAGCAACTGCCG-1-1",1.18312684665364,"Dana_WT","Gstm1/CD63","1"
"GTGTTAGCAGCAGACA-1-1",0.0526866000964793,"Dana_WT","Car1","5"
"GTGTTAGCAGTTGTCA-1-1",0.362579388942917,"Dana_WT","Car1","9"
"GTGTTAGGTATGGTAA-1-1",0.0526866464718158,"Dana_WT","Car1","9"
"GTGTTAGGTTTACTGG-1-1",0.297205144802129,"Dana_WT","CD34","10"
"GTGTTAGTCGCACGAC-1-1",0.324793789606932,"Dana_WT","Gstm1/Ly86","0"
"GTGTTAGTCTCACTCG-1-1",0.0118368997311022,"Dana_WT","Gstm1/Ly86","0"
"GTGTTCCAGACAACTA-1-1",1.00263331059655,"Dana_WT","Gstm1/CD63","1"
"GTGTTCCAGAGATGCC-1-1",2.02042198983259,"Dana_WT","Car1","5"
"GTGTTCCCAACCGTGC-1-1",1.18312689302898,"Dana_WT","Gstm1/CD63","1"
"GTGTTCCCACCATTCC-1-1",0.00442751319359924,"Dana_WT","CD34","0"
"GTGTTCCCAGACATCT-1-1",0.0149690588978253,"Dana_WT","Ly86","7"
"GTGTTCCCAGCCCACA-1-1",8.55255465963493,"Dana_WT","Hba-a2","6"
"GTGTTCCCATGGCTGC-1-1",0.361404145832596,"Dana_WT","Gstm1/CD63","1"
"GTGTTCCGTGGATGAC-1-1",0,"Dana_WT","Ly86","0"
"GTGTTCCTCATGCATG-1-1",0.902731793257621,"Dana_WT","Car1","5"
"GTGTTCCTCGATCCCT-1-1",0.21262351495045,"Dana_WT","Fcnb","1"
"GTGTTCCTCGCTAGCG-1-1",0.0569363048027614,"Dana_WT","Car1","3"
"GTTACAGAGAAGCTGC-1-1",7.22717289495345,"Dana_WT","Car1","6"
"GTTACAGAGGCATCAG-1-1",0.300995125467738,"Dana_WT","Ly86","0"
"GTTACAGAGGTTGAGC-1-1",9.15613492761777,"Dana_WT","Hba-a2","6"
"GTTACAGGTCCCGGTA-1-1",0.0978771756009784,"Dana_WT","Prss34","10"
"GTTACAGGTTTACACG-1-1",5.85363587171145,"Dana_WT","Car1","6"
"GTTACAGTCCTGTACC-1-1",0.497106393081427,"Dana_WT","Prss34","10"
"GTTACCCCAAGCCATT-1-1",0.0090448116307027,"Dana_WT","Pf4","9"
"GTTACCCCATATGGCT-1-1",0.0324943995688296,"Dana_WT","CD34","10"
"GTTACCCGTATCGCGC-1-1",0.105290294016682,"Dana_WT","CD34","10"
"GTTACCCGTCTTGAGT-1-1",0.006341274331088,"Dana_WT","Ly86","0"
"GTTACCCGTGCGTTTA-1-1",0,"Dana_WT","Gstm1/Ly86","0"
"GTTACCCGTTGCAACT-1-1",8.34756056278252e-07,"Dana_WT","Gstm1/Ly86","1"
"GTTACCCTCGGCTTCT-1-1",0.0507728137780978,"Dana_WT","CD34","0"
"GTTACCCTCTGGTGGC-1-1",7.49587855437127,"Dana_WT","Car1","6"
"GTTACGAAGCATTGAA-1-1",0.000586548790275421,"Dana_WT","Ly86","0"
"GTTACGAAGTGCAACG-1-1",0.00449871458182827,"Dana_WT","Ly86","0"
"GTTACGACAGGAACCA-1-1",0.00219410534051234,"Dana_WT","CD34","1"
"GTTACGATCACGTAGT-1-1",4.8014845133843,"Dana_WT","Car1","5"
"GTTACGATCACTTTGT-1-1",0.0170442370826815,"Dana_WT","Pf4","9"
"GTTACGATCTAGACCA-1-1",0.133306345171172,"Dana_WT","Ly86","0"
"GTTAGACAGCTCCCTT-1-1",0.097877129225642,"Dana_WT","Prss34","10"
"GTTAGACAGGCACAAC-1-1",0.396417620287645,"Dana_WT","Car1","9"
"GTTAGACCAAGCCATT-1-1",0.00904476525536624,"Dana_WT","Pf4","9"
"GTTAGACCACGGCGTT-1-1",7.49587860074661,"Dana_WT","Car1","6"
"GTTAGACGTATTGCCA-1-1",0.338101217085918,"Dana_WT","Ly86","0"
"GTTAGACGTGTCTTGA-1-1",0.292862421074205,"Dana_WT","CD34","0"
"GTTAGACTCAGTCACA-1-1",18.2649577466598,"Dana_WT","Ltf","12"
"GTTAGACTCTGCCTCA-1-1",0.0866257120492998,"Dana_WT","Unannotated","7"
"GTTAGTGAGCTGTACT-1-1",0.208482611763398,"Dana_WT","Prss34","10"
"GTTAGTGAGCTGTCCG-1-1",0.64049874220081,"Dana_WT","Fcnb","1"
"GTTAGTGAGGCCTAGA-1-1",0.503909335083309,"Dana_WT","Ly86","0"
"GTTAGTGCAAGCAATA-1-1",0.153159459117288,"Dana_WT","CD34","13"
"GTTAGTGCACAGCGCT-1-1",0.00904471888002978,"Dana_WT","Pf4","9"
"GTTAGTGCACTAGGTT-1-1",0.0978770828503055,"Dana_WT","Prss34","10"
"GTTAGTGCACTGATTG-1-1",1.02025740211786e-05,"Dana_WT","Fcrla","0"
"GTTAGTGCAGGGAGAG-1-1",7.10707105209846,"Dana_WT","Car1","6"
"GTTAGTGGTCGACTGC-1-1",0.057618444575567,"Dana_WT","CD34","0"
"GTTAGTGGTTATAGCC-1-1",0.0526866928471522,"Dana_WT","Car1","5"
"GTTAGTGGTTATGACC-1-1",0.0204469382479937,"Dana_WT","CD34","0"
"GTTAGTGTCTGTGTGA-1-1",1.21650049543326,"Dana_WT","Gstm1/CD63","1"
"GTTATGGAGGAAAGGT-1-1",0.0585637458989163,"Dana_WT","CD34","7"
"GTTATGGAGGTCTTTG-1-1",0.117546432871734,"Dana_WT","Ly86","0"
"GTTATGGAGTCCCAGC-1-1",5.09854410049921,"Dana_WT","Car1","6"
"GTTATGGCAGTGGGTA-1-1",0.461873951860756,"Dana_WT","Ly86","0"
"GTTATGGGTGTTTCTT-1-1",0.920949494832949,"Dana_WT","Fcnb","1"
"GTTATGGGTTACGTAC-1-1",3.72262305438858,"Dana_WT","Car1","5"
"GTTATGGTCGCGAAGA-1-1",5.85363591808678,"Dana_WT","Car1","6"
"GTTATGGTCTTTCGAT-1-1",1.26927627488582,"Dana_WT","Fcnb","1"
"GTTCATTCATCGTGCG-1-1",0.0526867392224887,"Dana_WT","Car1","5"
"GTTCATTGTCTGATAC-1-1",0.0569362584274249,"Dana_WT","Car1","9"
"GTTCATTGTGGCGCTT-1-1",0.441148187450982,"Dana_WT","Car1","9"
"GTTCATTGTGGTTTGT-1-1",1.18312693940431,"Dana_WT","Gstm1/CD63","1"
"GTTCATTTCCGGCAGT-1-1",0.00330029553159483,"Dana_WT","Unannotated","9"
"GTTCATTTCCTTCAGC-1-1",0.00330034190693129,"Dana_WT","Car1","9"
"GTTCATTTCGCTCCTA-1-1",0.0526867855978251,"Dana_WT","Car1","9"
"GTTCATTTCGCTTGAA-1-1",0.106941369319477,"Dana_WT","Car1","5"
"GTTCCGTAGCATCAGG-1-1",0.0440347643853477,"Dana_WT","CD34","7"
"GTTCCGTAGGTCCCGT-1-1",0.0346137839172567,"Dana_WT","CD34","0"
"GTTCCGTAGGTGAGAA-1-1",6.15092462961642,"Dana_WT","Car1","5"
"GTTCCGTCAAGACCTT-1-1",0.0893826546279581,"Dana_WT","Ly86","0"
"GTTCGCTAGCGTTGTT-1-1",0.012307515439357,"Dana_WT","Ly86","0"
"GTTCGCTAGGTGCCTC-1-1",7.19102355844392,"Dana_WT","Hba-a2","6"
"GTTCGCTCACTAGAGG-1-1",0.743934211485173,"Dana_WT","Car1","9"
"GTTCGCTCAGCACAAG-1-1",0.00167662148557035,"Dana_WT","Gstm1/CD63","1"
"GTTCGCTGTAGCCAGA-1-1",0.048492296486806,"Dana_WT","CD34","0"
"GTTCGCTGTGAATTGA-1-1",0.00122993008702893,"Dana_WT","Gstm1/Ly86","0"
"GTTCGCTTCCTGTACC-1-1",0.398878710568222,"Dana_WT","Ly86","0"
"GTTCGCTTCGAGCTGC-1-1",0.00904467250469332,"Dana_WT","Pf4","9"
"GTTCGCTTCGGTGAAG-1-1",0.201066897764197,"Dana_WT","Ly86","7"
"GTTCGCTTCTAATTCC-1-1",0.500988448524089,"Dana_WT","Ly86","0"
"GTTCTATAGAACGCGT-1-1",0.00494090841860541,"Dana_WT","Car1","10"
"GTTCTATCAAGACCTT-1-1",1.01561986847187e-05,"Dana_WT","Vpreb1","0"
"GTTCTATCACGGGCTT-1-1",0.0526868319731616,"Dana_WT","Car1","5"
"GTTCTATCAGTTGTCA-1-1",18.2785756410242,"Dana_WT","Ltf","12"
"GTTCTATGTAGGATAT-1-1",0.903248388425034,"Dana_WT","Fcnb","1"
"GTTCTATGTCAGACGA-1-1",8.08134715092362,"Dana_WT","Hba-a2","6"
"GTTCTATGTCGTTGGC-1-1",0.00432901532718388,"Dana_WT","Car1","11"
"GTTCTATGTTCAAAGA-1-1",7.23937523385795,"Dana_WT","Car1","6"
"GTTCTATGTTGGACTT-1-1",0.0625800894800006,"Dana_WT","CD34","0"
"GTTCTATTCCCGAGTG-1-1",0.176508537087448,"Dana_WT","Car1","5"
"GTTCTATTCTTACGTT-1-1",0.902731839632958,"Dana_WT","Car1","9"
"GTTGAACCAACCACGC-1-1",0.00389108612187217,"Dana_WT","Gstm1/Ly86","0"
"GTTGAACCACCTATCC-1-1",1.35339014377353,"Dana_WT","Car1","5"
"GTTGAACCACGAGAAC-1-1",0.0581483967882033,"Dana_WT","Ly86","0"
"GTTGAACCACTTTAGG-1-1",0.0465403544294668,"Dana_WT","Car1","6"
"GTTGAACGTCTACAGT-1-1",0.0190973894707254,"Dana_WT","Ly86","0"
"GTTGCGGCAACCGATT-1-1",0.0109249467024415,"Dana_WT","Ly86","0"
"GTTGCGGCACCAAATC-1-1",0.697482570051676,"Dana_WT","Prss34","10"
"GTTGCGGCATCCGGTG-1-1",1.26139063538029,"Dana_WT","Gstm1/CD63","1"
"GTTGCGGTCATTCGTT-1-1",0.0135546793151902,"Dana_WT","Ly86","13"
"GTTGCGGTCTCATTTG-1-1",0.0468352844517391,"Dana_WT","Ly86","0"
"GTTGCTCCAATGCTCA-1-1",0.170388120007672,"Dana_WT","CD34","7"
"GTTGCTCCAGGTACGA-1-1",0.157945190278688,"Dana_WT","Pf4","9"
"GTTGCTCCAGTCTTCC-1-1",0.0526868783484981,"Dana_WT","Car1","5"
"GTTGCTCCATGACGTT-1-1",0.0569362120520884,"Dana_WT","Car1","3"
"GTTGCTCCATTAGGAA-1-1",1.27779116586536,"Dana_WT","Gstm1/Ly86","10"
"GTTGCTCCATTCGGGC-1-1",0.0204468918726572,"Dana_WT","CD34","0"
"GTTGCTCGTTCTAAGC-1-1",3.72262310076391,"Dana_WT","Car1","5"
"GTTGCTCTCATTCATC-1-1",0.00219405896517588,"Dana_WT","CD34","7"
"GTTGTAGAGAAACTGT-1-1",0.762568978913277,"Dana_WT","Ly86","0"
"GTTGTAGAGAGTCACG-1-1",1.57243216897612,"Dana_WT","Gstm1/CD63","1"
"GTTGTAGAGGTATTGA-1-1",0.201033931056774,"Dana_WT","Gstm1/Ly86","0"
"GTTGTCCCAGCAGGAT-1-1",0.0526869247238345,"Dana_WT","Car1","5"
"GTTGTCCCAGTACTAC-1-1",1.32966411582197,"Dana_WT","Car1","5"
"GTTGTCCGTACAGTCT-1-1",8.95782341945644,"Dana_WT","Hba-a2","6"
"GTTGTCCGTTATGGTC-1-1",0.332595259597977,"Dana_WT","Ly86","0"
"GTTGTCCTCAAGCCGC-1-1",0.245932003647107,"Dana_WT","Car1","5"
"GTTGTCCTCGGAAACG-1-1",1.01098233482588e-05,"Dana_WT","Cd74","15"
"GTTGTGACAACTCGAT-1-1",0.505446953271802,"Dana_WT","Prss34","10"
"GTTGTGACATGAATAG-1-1",6.64648670187593,"Dana_WT","Car1","5"
"GTTGTGAGTCTTTATC-1-1",0.0162495024961459,"Dana_WT","Ly86","0"
"GTTGTGATCAACCCGG-1-1",7.49587864712194,"Dana_WT","Car1","6"
"GTTGTGATCAGAGCAG-1-1",0.0011208136472724,"Dana_WT","Ly86","13"
"GTTGTGATCGAAGCCC-1-1",0.0621315926931281,"Dana_WT","Ly86","0"
"GTTGTGATCGGACCAC-1-1",3.72262314713925,"Dana_WT","Car1","5"
"GTTGTGATCTAGATCG-1-1",1.00634480117989e-05,"Dana_WT","Cd74","15"
"GTTGTGATCTTCTCAA-1-1",0.0846727647360364,"Dana_WT","Ly86","0"
"GTTTACTAGAACGCGT-1-1",0.052686971099171,"Dana_WT","Unannotated","5"
"GTTTACTAGGACGCTA-1-1",0.106743334859996,"Dana_WT","Ly86","0"
"GTTTACTAGGAGTCTG-1-1",2.19492510004794,"Dana_WT","Gstm1/CD63","1"
"GTTTACTCAACCGTAT-1-1",2.59701884175456e-06,"Dana_WT","Ly86","0"
"GTTTACTCAATACCTG-1-1",0.0318117818304726,"Dana_WT","CD34","3"
"GTTTACTCACGACCTG-1-1",0.892868413609606,"Dana_WT","Ly86","0"
"GTTTACTCAGCACACC-1-1",0.689301859481555,"Dana_WT","Ly86","0"
"GTTTACTCATCGCTGG-1-1",2.57490754538385,"Dana_WT","Car1","5"
"GTTTACTTCCTACAAG-1-1",7.01561533574261,"Dana_WT","Car1","6"
"GTTTACTTCTTACCAT-1-1",0.379770443572732,"Dana_WT","Ly86","0"
"GTTTGGAAGCATGATA-1-1",8.81131392738155e-07,"Dana_WT","Gstm1/CD63","1"
"GTTTGGAAGGTTCATC-1-1",0.0148161515174493,"Dana_WT","Gstm1/CD63","0"
"GTTTGGACAAATGATG-1-1",0.0700415835377829,"Dana_WT","Ly86","7"
"GTTTGGACAATTGAAG-1-1",0.000497005560722852,"Dana_WT","Ly86","0"
"GTTTGGACACTACGGC-1-1",3.72262319351459,"Dana_WT","Car1","5"
"GTTTGGACATAGACTC-1-1",0.867831250513466,"Dana_WT","Ly86","0"
"GTTTGGAGTTCCCAAA-1-1",2.31552637689053,"Dana_WT","Gstm1/CD63","1"
"GTTTGGATCCAAGCTA-1-1",0.0519549761054556,"Dana_WT","Gstm1/CD63","1"
"TAACACGAGAAACTCA-1-1",3.72262323988992,"Dana_WT","Car1","5"
"TAACACGAGATGAACT-1-1",0.047458914207207,"Dana_WT","Pf4","9"
"TAACACGTCAAGCCCG-1-1",5.85363596446212,"Dana_WT","Car1","6"
"TAACACGTCCATCTAT-1-1",0.056936165676752,"Dana_WT","Car1","3"
"TAACACGTCGCTGTCT-1-1",0.0273917523870507,"Dana_WT","Ly86","7"
"TAACACGTCTCCACTG-1-1",1.39126009379709e-07,"Dana_WT","CD34","3"
"TAACCAGAGCTAGCCC-1-1",0.0426512141954805,"Dana_WT","Car1","5"
"TAACCAGAGTGCACAG-1-1",0.0258172741573877,"Dana_WT","CD34","0"
"TAACCAGCAACCGATT-1-1",0.00219401258983942,"Dana_WT","Gstm1/Ly86","7"
"TAACCAGGTGCTCTCT-1-1",0.00111921102440138,"Dana_WT","Car1","0"
"TAACCAGTCTAGTGAC-1-1",0.14320124337351,"Dana_WT","Ly86","1"
"TAACCAGTCTGCCTCA-1-1",1.32417996711141,"Dana_WT","Car1","5"
"TAACGACCATACACCA-1-1",0.20607151366476,"Dana_WT","Gstm1/CD63","1"
"TAACGACGTATAGGGC-1-1",0.677017331251943,"Dana_WT","Car1","5"
"TAACGACGTCACCTTC-1-1",0.339024471693919,"Dana_WT","Ly86","0"
"TAACGACGTCGTTCAA-1-1",0.132501167833815,"Dana_WT","Car1","9"
"TAACGACTCACGGGAA-1-1",0.595572476643794,"Dana_WT","Car1","9"
"TAACGACTCCATTGCC-1-1",0.0526870174745074,"Dana_WT","Car1","5"
"TAACTTCAGAAGCTGC-1-1",0.0715768989340839,"Dana_WT","CD34","10"
"TAACTTCAGGATGAGA-1-1",0.00595733176125578,"Dana_WT","CD34","7"
"TAACTTCCACGACCTG-1-1",0.0526309517008745,"Dana_WT","Ly86","0"
"TAACTTCCACTTGGGC-1-1",0.0739970530648605,"Dana_WT","Ly86","0"
"TAACTTCGTCACTCGG-1-1",7.49587869349728,"Dana_WT","Car1","6"
"TAACTTCGTCTTCGAA-1-1",0.00204799488000296,"Dana_WT","CD34","9"
"TAACTTCGTGGGCTTC-1-1",0.148989288136538,"Dana_WT","CD34","7"
"TAACTTCGTTCTCACC-1-1",0.217722835191331,"Dana_WT","CD34","7"
"TAACTTCTCGGAATGG-1-1",0.042651167820144,"Dana_WT","Car1","5"
"TAAGCACAGCAACAAT-1-1",0.131224981966998,"Dana_WT","CD34","0"
"TAAGCACCACAACGTT-1-1",0.0123075618146935,"Dana_WT","Ly86","13"
"TAAGCACCATCTCGTC-1-1",0.00218918738591389,"Dana_WT","Ly86","0"
"TAAGCACGTAATGCTC-1-1",0.278060486258044,"Dana_WT","Pf4","9"
"TAAGCACGTCTGCCTT-1-1",6.69703050124762,"Dana_WT","Car1","6"
"TAAGCACGTTGACGGA-1-1",9.5793710595905,"Dana_WT","Hba-a2","6"
"TAAGCACGTTGGGAAC-1-1",0.600153425013726,"Dana_WT","Prg2","10"
"TAAGCACTCACCCTCA-1-1",0.0889671763847596,"Dana_WT","CD34","7"
"TAAGCACTCACGATCA-1-1",0.366036736311187,"Dana_WT","Gstm1/Ly86","0"
"TAAGCACTCAGAGTTC-1-1",0.0526870638498439,"Dana_WT","Car1","5"
"TAAGCACTCATGCAGT-1-1",0.453165512913094,"Dana_WT","Gstm1/Ly86","0"
"TAAGCACTCTAGTTCT-1-1",2.72080749687212,"Dana_WT","Car1","5"
"TAAGCACTCTGTCGCT-1-1",0.116420161675332,"Dana_WT","Ly86","0"
"TAAGCCAAGCTAAACA-1-1",0.0218109899934089,"Dana_WT","Gstm1/CD63","1"
"TAAGCCAAGTACGTCT-1-1",0.0136168977238535,"Dana_WT","Ly86","0"
"TAAGCCACAGGTTCCG-1-1",0.151861319915347,"Dana_WT","Ly86","0"
"TAAGCCAGTGAGTGAC-1-1",0.0367533667658928,"Dana_WT","CD34","9"
"TAAGCCAGTTGTGTTG-1-1",0.0931120540584811,"Dana_WT","Prss34","10"
"TAAGCCATCCCATACC-1-1",0.0150348814622729,"Dana_WT","Car1","9"
"TAAGCCATCCGAAATC-1-1",0.0432205858661476,"Dana_WT","Gstm1/Ly86","0"
"TAAGCGTCATCATTTC-1-1",0.118770690513885,"Dana_WT","Ly86","0"
"TAAGCGTGTATCCCAA-1-1",2.23217670025144,"Dana_WT","Gstm1/CD63","1"
"TAAGCGTGTTCGTAAC-1-1",7.05423801971558,"Dana_WT","Car1","6"
"TAAGCGTGTTTGGGTT-1-1",2.74295797278887,"Dana_WT","Car1","5"
"TAAGCGTTCACACCCT-1-1",0.84187667088686,"Dana_WT","Car1","5"
"TAAGCGTTCCTTCGAC-1-1",0.160433742835406,"Dana_WT","Ly86","0"
"TAAGTCGAGCGATGAC-1-1",0.874535314201898,"Dana_WT","Fcnb","1"
"TAAGTCGAGTTGCATC-1-1",0.0749104229651595,"Dana_WT","Ly86","0"
"TAAGTCGGTCGCATCG-1-1",0.097877036474969,"Dana_WT","CD34","10"
"TAAGTCGGTCTTTCTA-1-1",1.0017072675339e-05,"Dana_WT","Cd74","15"
"TAAGTCGGTGAGGCAT-1-1",0.95007262152526,"Dana_WT","Ly86","0"
"TAAGTCGGTGGCGCTT-1-1",0.0440348107606842,"Dana_WT","CD34","7"
"TAAGTCGGTTCCTACC-1-1",9.97069733887912e-06,"Dana_WT","Ly86","14"
"TAAGTCGTCGCCATAA-1-1",9.27506729198058e-07,"Dana_WT","Gstm1/CD63","1"
"TAAGTCGTCTTCACGC-1-1",1.03190686338264,"Dana_WT","CD34","7"
"TAATCTCAGACTTCAC-1-1",0.171813067796702,"Dana_WT","Ly86","7"
"TAATCTCCAGATTTCG-1-1",0.0880231393314934,"Dana_WT","Car1","5"
"TAATCTCCAGGAGGTT-1-1",0.00167202363796529,"Dana_WT","Ly86","13"
"TAATCTCGTAGTTAGA-1-1",0.160519850642276,"Dana_WT","CD34","0"
"TAATCTCGTTCGGTTA-1-1",0.0569361193014155,"Dana_WT","Car1","3"
"TAATTCCAGAAGGGAT-1-1",0.902731886008294,"Dana_WT","Car1","5"
"TAATTCCAGTACTGGG-1-1",0.0131856769981129,"Dana_WT","Ly86","0"
"TAATTCCAGTGGGAAA-1-1",0.0585637922742528,"Dana_WT","CD34","7"
"TAATTCCCACGCAAAG-1-1",0.809233786034853,"Dana_WT","Ly86","0"
"TAATTCCCACTTCAGA-1-1",0.0557118839883403,"Dana_WT","CD34","7"
"TAATTCCGTATACGGG-1-1",0.00116786547266723,"Dana_WT","Pf4","11"
"TAATTCCTCCATACTT-1-1",0.0217044305559976,"Dana_WT","Ly86","0"
"TAATTCCTCGAGTGAG-1-1",0.55396248505551,"Dana_WT","Car1","9"
"TACAACGAGCCTAGGA-1-1",0.152960012305664,"Dana_WT","Gstm1/CD63","1"
"TACAACGAGCTAGAAT-1-1",0.177108396928721,"Dana_WT","Ly86","0"
"TACAACGCACAGTATC-1-1",9.73882065657961e-07,"Dana_WT","Gstm1/CD63","1"
"TACAACGCACTACAGT-1-1",0.119269218044869,"Dana_WT","Prss34","10"
"TACAACGGTTAGAGTA-1-1",0.0160794891776666,"Dana_WT","Prss34","10"
"TACAACGGTTTCGATG-1-1",2.55064350529466e-06,"Dana_WT","Gstm1/Ly86","0"
"TACAACGTCAGACCGC-1-1",0.00726108043370433,"Dana_WT","CD34","0"
"TACACCCTCAGCGGAA-1-1",0.0526871102251804,"Dana_WT","Car1","5"
"TACACCCTCATAAGGA-1-1",8.19876761805731,"Dana_WT","Car1","6"
"TACACCCTCCACCCTA-1-1",0.0526871566005168,"Dana_WT","Car1","5"
"TACAGGTAGCTACTGT-1-1",0.052289680964655,"Dana_WT","Ly86","0"
"TACAGGTGTCGCGTTG-1-1",9.44974189919903,"Dana_WT","Hba-a2","6"
"TACAGGTGTTATTCCT-1-1",0.0446985565217426,"Dana_WT","Unannotated","11"
"TACAGGTTCACGGTCG-1-1",0.225221520497961,"Dana_WT","Ly86","0"
"TACAGGTTCATGGCCG-1-1",10.3938604268772,"Dana_WT","Hba-a2","6"
"TACAGGTTCCATTTGT-1-1",0.0926060202959724,"Dana_WT","Gstm1/CD63","1"
"TACAGGTTCCCAAGCG-1-1",5.85363601083746,"Dana_WT","Car1","6"
"TACATTCAGACCGCCT-1-1",0.0238104669045167,"Dana_WT","CD34","7"
"TACATTCAGGCTCAAG-1-1",0.650772458931319,"Dana_WT","Ly86","0"
"TACATTCTCACAGTGT-1-1",0.0113356046979252,"Dana_WT","Car1","3"
"TACCCACAGTTAGAAC-1-1",0.065021011508001,"Dana_WT","CD34","0"
"TACCCACCACTTCTCG-1-1",0.77778371729568,"Dana_WT","Fcnb","1"
"TACCCACCAGAGATTA-1-1",7.87928604607964,"Dana_WT","Car1","6"
"TACCCACCATATCGGT-1-1",2.50426816883476e-06,"Dana_WT","Gstm1/Ly86","0"
"TACCCACGTAACGATA-1-1",0.194977473986799,"Dana_WT","Gstm1/Ly86","7"
"TACCCACGTCGTAATC-1-1",0.0633184226927415,"Dana_WT","Gstm1/CD63","1"
"TACCCACGTGAGCCAA-1-1",0.017044283458018,"Dana_WT","Car1","9"
"TACCCACGTGTAGGAC-1-1",0.0169576623953305,"Dana_WT","Car1","3"
"TACCCACGTTGCATGT-1-1",0.00330038828226775,"Dana_WT","Car1","9"
"TACCCACTCACTTGGA-1-1",0.255543484682735,"Dana_WT","Gstm1/Ly86","10"
"TACCCACTCGGCTCTT-1-1",0.115842018533589,"Dana_WT","Ly86","0"
"TACCCACTCTGCTTTA-1-1",12.497917387359,"Dana_WT","Ltf","12"
"TACCCGTCAATAGGGC-1-1",0.586140902262973,"Dana_WT","Car1","10"
"TACCCGTCACTGGAAG-1-1",8.76902538355253,"Dana_WT","Hba-a2","6"
"TACCCGTCATCCGGTG-1-1",4.63753364599029e-08,"Dana_WT","Car1","9"
"TACCCGTTCGATGCAT-1-1",3.18768114864947,"Dana_WT","Car1","5"
"TACCCGTTCGGTGTAT-1-1",0.0341600422500759,"Dana_WT","Car1","3"
"TACCCGTTCTACCAGA-1-1",15.7275436761728,"Dana_WT","Ltf","12"
"TACCGAACACGCACCA-1-1",1.33555246888245,"Dana_WT","Fcnb","1"
"TACCGAAGTCGAGCAA-1-1",0.598281223691414,"Dana_WT","Prss34","10"
"TACCGGGAGAAGAACG-1-1",0.00219396621450296,"Dana_WT","Gstm1/Ly86","13"
"TACCGGGAGACCTTTG-1-1",0.0733463704750343,"Dana_WT","Gstm1/CD63","1"
"TACCGGGAGGGAGGAC-1-1",0.00904462612935686,"Dana_WT","CD34","9"
"TACCGGGCACGACGCT-1-1",0.472605713567371,"Dana_WT","Car1","5"
"TACCGGGCAGGACGAT-1-1",0.0526872029758533,"Dana_WT","Car1","5"
"TACCGGGCATCCAACA-1-1",0.382488841232119,"Dana_WT","Ly86","0"
"TACCGGGTCCTCTGCA-1-1",2.72080754324745,"Dana_WT","Car1","5"
"TACCGGGTCTTCTGTA-1-1",1.10240948381306,"Dana_WT","Car1","13"
"TACCTCGAGTGGCGAT-1-1",7.49587873987262,"Dana_WT","Car1","6"
"TACCTCGCAAACGAGC-1-1",0.00614060079380607,"Dana_WT","CD34","9"
"TACCTCGCAAGGTCAG-1-1",0.0367534131412293,"Dana_WT","Car1","9"
"TACCTCGGTAGGGTAC-1-1",0.0154094685183677,"Dana_WT","Car1","10"
"TACCTCGGTGTCGCTG-1-1",1.44039370978549,"Dana_WT","Gstm1/Ly86","1"
"TACCTCGGTGTTGAGG-1-1",0.217204417538363,"Dana_WT","Car1","9"
"TACCTCGTCGATTCCC-1-1",0.254488793051348,"Dana_WT","Gstm1/Ly86","0"
"TACCTGCAGTTAACAG-1-1",0.00913036340012274,"Dana_WT","Ly86","0"
"TACCTGCCAAGAAATC-1-1",0.0456656814612033,"Dana_WT","Ly86","7"
"TACCTGCCAATAACCC-1-1",0.0192310486538561,"Dana_WT","CD34","10"
"TACCTGCCAGAGACTG-1-1",2.51865397560294,"Dana_WT","Fcnb","1"
"TACCTGCCAGTCGGTC-1-1",0.454436556557265,"Dana_WT","Gstm1/CD63","1"
"TACCTGCTCATGTCAG-1-1",0.0794107533744379,"Dana_WT","Pf4","2"
"TACGCTCCAGGTACGA-1-1",0.0021939198391665,"Dana_WT","Gstm1/Ly86","7"
"TACGCTCTCCACCTCA-1-1",0.0367534595165657,"Dana_WT","Car1","9"
"TACGCTCTCCGTGTCT-1-1",0.902731932383631,"Dana_WT","Car1","5"
"TACGCTCTCTTAATCC-1-1",0.0526872493511897,"Dana_WT","Car1","5"
"TACGGGCAGACGAAGA-1-1",8.08433953718662,"Dana_WT","Hba-a2","6"
"TACGGGCAGCGCCGTT-1-1",0.00219387346383004,"Dana_WT","CD34","7"
"TACGGGCCAACGACTT-1-1",0.0978769900996326,"Dana_WT","Unannotated","10"
"TACGGGCCAAGCCCAC-1-1",7.98731544228852,"Dana_WT","Car1","6"
"TACGGGCCAGATTAAG-1-1",0.880570260642242,"Dana_WT","Fcnb","1"
"TACGGGCGTATTGGCT-1-1",0.0507727674027614,"Dana_WT","CD34","0"
"TACGGGCGTCACGTGC-1-1",0.496820106926952,"Dana_WT","Fcnb","1"
"TACGGGCGTCTGTGTA-1-1",0.0170443298333545,"Dana_WT","Pf4","9"
"TACGGGCGTTTACACG-1-1",6.29153336129833,"Dana_WT","Car1","5"
"TACGGGCTCCTTCTTC-1-1",9.42094615322214,"Dana_WT","Hba-a2","6"
"TACGGGCTCCTTGGAA-1-1",0.952037396248448,"Dana_WT","CD34","7"
"TACGGTAAGCCGTTAT-1-1",8.94207816123137,"Dana_WT","Hba-a2","6"
"TACGGTAAGGATGCGT-1-1",0.960099939484789,"Dana_WT","Gstm1/CD63","1"
"TACGGTAAGTCTACCA-1-1",0.0526872957265262,"Dana_WT","Car1","5"
"TACGGTAAGTTTCGGT-1-1",0.141109631452715,"Dana_WT","Gstm1/CD63","1"
"TACGGTACAACTTGGT-1-1",9.46014310464869,"Dana_WT","Hba-a2","6"
"TACGGTAGTGAAAGTT-1-1",0.0569360729260791,"Dana_WT","Car1","6"
"TACGGTAGTGAAGCTG-1-1",0.0641429330145267,"Dana_WT","Gstm1/CD63","1"
"TACGGTATCACCGGTG-1-1",0.249353848370421,"Dana_WT","Gstm1/CD63","1"
"TACGGTATCATGGATC-1-1",0.0978769437242961,"Dana_WT","Prss34","10"
"TACGGTATCGTGCATA-1-1",0.462211269771169,"Dana_WT","Ly86","0"
"TACGTCCAGACCGCCT-1-1",0.511805607139251,"Dana_WT","CD34","0"
"TACGTCCAGGACAGTC-1-1",7.16698468539976,"Dana_WT","Car1","6"
"TACGTCCCACAGCTTA-1-1",7.49587878624795,"Dana_WT","Car1","6"
"TACGTCCCACGTCTCT-1-1",0.175084498068064,"Dana_WT","Gstm1/CD63","1"
"TACGTCCGTCTCGACG-1-1",0.00219382708849358,"Dana_WT","Gstm1/Ly86","13"
"TACGTCCGTGGCCCAT-1-1",0.169295382199179,"Dana_WT","CD34","9"
"TACGTCCTCTAAGGAA-1-1",4.01436576181759,"Dana_WT","Car1","5"
"TACTGCCAGAGCACTG-1-1",8.9614052107314,"Dana_WT","Hba-a2","6"
"TACTGCCAGGTTCATC-1-1",1.39126009379709e-07,"Dana_WT","Fcnb","1"
"TACTGCCCAGACGGAT-1-1",0.00330043465760421,"Dana_WT","Car1","9"
"TACTGCCCATCTTAGG-1-1",0.0170443762086909,"Dana_WT","Car1","9"
"TACTGCCGTCAAGCCC-1-1",9.27506729198058e-08,"Dana_WT","Car1","3"
"TACTGCCTCATTCATC-1-1",2.72080758962279,"Dana_WT","Car1","5"
"TACTGCCTCTTACGTT-1-1",0.364314574610871,"Dana_WT","Car1","5"
"TACTTACAGGCATCGA-1-1",0.0439307456697987,"Dana_WT","Ly86","0"
"TACTTACAGTCGAAGC-1-1",0.0090445797540204,"Dana_WT","Car1","9"
"TACTTACGTAAGGCCA-1-1",0.00432896895184742,"Dana_WT","Ly86","11"
"TACTTACTCATGGTAC-1-1",0.00069938867995345,"Dana_WT","CD34","7"
"TACTTACTCTGCGATA-1-1",0.191045978784824,"Dana_WT","Unannotated","3"
"TACTTCAAGTGTAGTA-1-1",0.949033029043418,"Dana_WT","Ly86","0"
"TACTTCAGTGCGACAA-1-1",0.0360316442537885,"Dana_WT","Unannotated","0"
"TACTTCAGTGGGTCAA-1-1",8.95501735477189,"Dana_WT","Hba-a2","6"
"TACTTCAGTGTCTTCC-1-1",0.00904453337868394,"Dana_WT","Pf4","9"
"TACTTCATCTACTCAT-1-1",0.00904448700334748,"Dana_WT","Pf4","9"
"TACTTCATCTCCTACG-1-1",0.0507727210274249,"Dana_WT","Ly86","0"
"TACTTGTAGGATATAC-1-1",0.0932578018856978,"Dana_WT","Gstm1/CD63","1"
"TACTTGTAGGGTAGCT-1-1",0.789844770111696,"Dana_WT","Gstm1/Ly86","0"
"TACTTGTCATGCCGGT-1-1",7.99889767874223,"Dana_WT","Hba-a2","6"
"TACTTGTGTAAGACCG-1-1",6.3639770408781,"Dana_WT","Car1","9"
"TACTTGTGTAGTACGG-1-1",0.450813660293809,"Dana_WT","CD34","10"
"TACTTGTGTCATCACA-1-1",0.373686684796507,"Dana_WT","Ly86","0"
"TAGACCACATTAAAGG-1-1",0.285218398864365,"Dana_WT","CD34","7"
"TAGACCAGTCATCCGG-1-1",0,"Dana_WT","Prss34","10"
"TAGACCATCCCATAAG-1-1",0.0569360265507426,"Dana_WT","Car1","3"
"TAGACCATCCCTTTGG-1-1",8.14463355765426,"Dana_WT","Car1","6"
"TAGACTGAGGCATCTT-1-1",0.0765590340357674,"Dana_WT","Gstm1/Ly86","0"
"TAGACTGAGTATGGCG-1-1",0.0440348571360206,"Dana_WT","CD34","7"
"TAGACTGCAAAGGAGA-1-1",0.0526873421018627,"Dana_WT","Car1","5"
"TAGACTGCACAGACGA-1-1",1.29403526752231,"Dana_WT","Fcnb","1"
"TAGACTGGTAGCGCTC-1-1",2.26836186047851,"Dana_WT","Gstm1/CD63","1"
"TAGACTGGTCACAGTT-1-1",9.57937110596584,"Dana_WT","Hba-a2","6"
"TAGACTGGTTATCCAG-1-1",0.01230760819003,"Dana_WT","Ly86","0"
"TAGACTGTCAGTGCGC-1-1",1.21989597226943,"Dana_WT","Gstm1/CD63","1"
"TAGACTGTCCCTTCCC-1-1",1.18087623231416,"Dana_WT","Fcnb","1"
"TAGACTGTCGACACTA-1-1",0.00394658344986254,"Dana_WT","Ly86","7"
"TAGACTGTCGATGCTA-1-1",0.348751490768465,"Dana_WT","Car1","9"
"TAGACTGTCTAGTTCT-1-1",0.234896862654421,"Dana_WT","Prss34","10"
"TAGACTGTCTCACTCG-1-1",3.72262328626526,"Dana_WT","Car1","5"
"TAGAGTCCAACCCGCA-1-1",0.00101687645634263,"Dana_WT","Ly86","1"
"TAGAGTCCACCTTCGT-1-1",2.72838034962005,"Dana_WT","Car1","5"
"TAGAGTCCATAATGCC-1-1",7.19102360481925,"Dana_WT","Hba-a2","6"
"TAGAGTCGTACGAGCA-1-1",7.49587883262329,"Dana_WT","Car1","6"
"TAGAGTCGTCAAGTTC-1-1",0.0440349035113571,"Dana_WT","CD34","7"
"TAGAGTCGTGTGAGCA-1-1",0.0123076545653664,"Dana_WT","CD34","0"
"TAGAGTCTCGTAACCA-1-1",0.469857695911433,"Dana_WT","Prss34","10"
"TAGATCGAGCACGTCC-1-1",0.539524349201164,"Dana_WT","Car1","5"
"TAGATCGAGGTGCATG-1-1",0.58614094863831,"Dana_WT","CD34","10"
"TAGATCGAGTATTAGG-1-1",0.17587832394116,"Dana_WT","Prss34","10"
"TAGATCGCATGTTACG-1-1",0.00432892257651096,"Dana_WT","Car1","11"
"TAGATCGGTATGCTAC-1-1",0.129701312255564,"Dana_WT","Ly86","0"
"TAGATCGGTTTATGCG-1-1",10.1762159113425,"Dana_WT","Hba-a2","6"
"TAGATCGGTTTCCATT-1-1",0.0978768973489597,"Dana_WT","Prss34","10"
"TAGATCGTCGAAGTGG-1-1",8.12595136743938,"Dana_WT","Hba-a2","6"
"TAGATCGTCTGGTGGC-1-1",0.0648830354409398,"Dana_WT","Ly86","0"
"TAGCACAAGGACAACC-1-1",9.92432200241922e-06,"Dana_WT","Vpreb1","0"
"TAGCACAAGGTCATTC-1-1",0,"Dana_WT","CD34","0"
"TAGCACACATCGCCTT-1-1",0.0170444225840274,"Dana_WT","Pf4","9"
"TAGCACAGTAGATCCT-1-1",0.158946298760491,"Dana_WT","Fcnb","1"
"TAGCACAGTGCCGTAC-1-1",0.0526873884771991,"Dana_WT","Car1","9"
"TAGCACAGTGCGTTTA-1-1",1.85871435594993,"Dana_WT","Car1","5"
"TAGCACAGTTAGCGGA-1-1",3.71002691679223e-07,"Dana_WT","Car1","5"
"TAGGAGGAGCGTCTCG-1-1",0.00904444062801102,"Dana_WT","Car1","9"
"TAGGAGGCAGCCTATA-1-1",0.0955717220207045,"Dana_WT","Ly86","7"
"TAGGAGGGTGGCTACC-1-1",9.56429180310818,"Dana_WT","Hba-a2","6"
"TAGGAGGTCGTAACCA-1-1",0.451064237275359,"Dana_WT","Gstm1/CD63","1"
"TAGGGTTAGGCCGCTT-1-1",0.474497371627057,"Dana_WT","Car1","5"
"TAGGGTTCAAGGACAC-1-1",0.0526874348525356,"Dana_WT","Car1","9"
"TAGGGTTGTCGGATTT-1-1",0.0043288762011745,"Dana_WT","Unannotated","11"
"TAGGGTTGTGGTGATG-1-1",0.0170444689593638,"Dana_WT","Car1","9"
"TAGGGTTTCCACGTAA-1-1",0.09647586745571,"Dana_WT","Ly86","0"
"TAGGTACAGGCACTAG-1-1",0.0860187825606185,"Dana_WT","Ly86","0"
"TAGGTACAGTCGAAGC-1-1",0.062123916284972,"Dana_WT","Ly86","0"
"TAGGTACGTCGCTTAA-1-1",0.189925637806639,"Dana_WT","Ly86","0"
"TAGGTTGAGAGTCTTC-1-1",1.15106751705332,"Dana_WT","Gstm1/CD63","1"
"TAGGTTGAGGCTAAAT-1-1",2.79316515090261,"Dana_WT","Car1","5"
"TAGGTTGAGTTAACGA-1-1",0.0118385344455928,"Dana_WT","Ly86","0"
"TAGGTTGGTCTCTCTG-1-1",5.8584268921817,"Dana_WT","Car1","5"
"TAGGTTGTCTGGGCCA-1-1",0.00219378071315712,"Dana_WT","CD34","7"
"TAGTGCAAGACGAGCT-1-1",0.16528442043055,"Dana_WT","Car1","5"
"TAGTGCAAGCCAGACA-1-1",0.00219373433782066,"Dana_WT","CD34","7"
"TAGTGCAAGCCTGAGA-1-1",0.0295049787307183,"Dana_WT","Unannotated","10"
"TAGTGCAAGGCTTAGG-1-1",0.00920622026610929,"Dana_WT","Pf4","11"
"TAGTGCAAGTATGACA-1-1",1.04276392600251,"Dana_WT","Gstm1/CD63","1"
"TAGTGCAAGTTGAAGT-1-1",0.0420642534513096,"Dana_WT","Gstm1/CD63","1"
"TAGTGCAGTATGACAA-1-1",7.90779209475583,"Dana_WT","Hba-a2","6"
"TAGTGCATCGAGATGG-1-1",0.00923933906960944,"Dana_WT","Prss34","10"
"TATACCTAGGCTCAAG-1-1",4.63753364599029e-08,"Dana_WT","CD34","3"
"TATACCTAGTAGGGTC-1-1",3.93935669189721,"Dana_WT","Car1","9"
"TATACCTCAGCTACTA-1-1",0.450649781370003,"Dana_WT","Gstm1/CD63","1"
"TATACCTGTACACTCA-1-1",0.408872788447305,"Dana_WT","Gstm1/CD63","1"
"TATACCTGTTGCCTAA-1-1",5.85189641239745,"Dana_WT","Car1","5"
"TATACCTTCCGGTAGC-1-1",0.121032551621281,"Dana_WT","CD34","7"
"TATACCTTCCTGTAAG-1-1",7.88419101400793,"Dana_WT","Car1","6"
"TATATCCAGATCGACG-1-1",0,"Dana_WT","Ly86","0"
"TATATCCAGCTTAAGA-1-1",0.052687481227872,"Dana_WT","Car1","5"
"TATATCCAGTATTAGG-1-1",0.119281375984314,"Dana_WT","Car1","5"
"TATATCCAGTCATACC-1-1",0.0499708762909452,"Dana_WT","CD34","0"
"TATATCCAGTCATAGA-1-1",0.0894474563889742,"Dana_WT","Ly86","0"
"TATATCCCAAATTAGG-1-1",0.0221622390177583,"Dana_WT","Prss34","10"
"TATATCCCACCGTCTT-1-1",0.60089843075152,"Dana_WT","Ly86","0"
"TATATCCCATCTAGAC-1-1",3.72262333264059,"Dana_WT","Car1","5"
"TATATCCGTGGGAGAG-1-1",0.0845249298060051,"Dana_WT","Unannotated","10"
"TATATCCGTTAGGCTT-1-1",0.0550333393379787,"Dana_WT","CD34","0"
"TATATCCGTTATGTCG-1-1",0.944799266593422,"Dana_WT","Car1","3"
"TATATCCGTTCAAGTC-1-1",17.4771418812333,"Dana_WT","Ltf","12"
"TATATCCTCGACATCA-1-1",0.0705602531816183,"Dana_WT","Ly86","0"
"TATCAGGAGTATTGCC-1-1",1.26927632126116,"Dana_WT","Gstm1/CD63","1"
"TATCAGGAGTTTGCTG-1-1",0,"Dana_WT","CD34","7"
"TATCAGGCAAAGGGCT-1-1",0.053008164841394,"Dana_WT","Prg2","10"
"TATCAGGCACTATCCC-1-1",4.03052920208655,"Dana_WT","Car1","5"
"TATCAGGGTTTGGAAA-1-1",0.532613157842854,"Dana_WT","Car1","5"
"TATCCTAAGCAATAAC-1-1",0.089542823138834,"Dana_WT","Ly86","7"
"TATCCTAAGCCTAGGA-1-1",0.951384838681436,"Dana_WT","Ly86","0"
"TATCCTAAGGTGTGAC-1-1",0.383215814690872,"Dana_WT","Ly86","0"
"TATCCTACAACCCTCT-1-1",0.0367535058919022,"Dana_WT","Car1","9"
"TATCCTACAGCAGTGA-1-1",0.0526875276032085,"Dana_WT","Car1","5"
"TATCCTACATGTACGT-1-1",0.0340638158637067,"Dana_WT","Car1","5"
"TATCCTAGTCGGTAAG-1-1",0.344997935078796,"Dana_WT","Car1","13"
"TATCCTAGTGCCCAGT-1-1",1.9967031752413,"Dana_WT","Car1","5"
"TATCCTAGTGCTTCAA-1-1",0.223274360045265,"Dana_WT","CD34","7"
"TATCCTAGTTGTGCCG-1-1",0.701361930419978,"Dana_WT","Fcnb","1"
"TATCCTATCCGAAGGA-1-1",0.880463688709987,"Dana_WT","Car1","9"
"TATCCTATCGTGCGAC-1-1",2.45789283237485e-06,"Dana_WT","CD34","1"
"TATCGCCAGCTCTATG-1-1",0.508396526724802,"Dana_WT","Ly86","0"
"TATCGCCAGGTACAGC-1-1",0.168557113083849,"Dana_WT","Gstm1/CD63","1"
"TATCGCCGTAGTCGGA-1-1",0.167618417866518,"Dana_WT","CD34","7"
"TATCGCCGTGGACCTC-1-1",0.316137679854802,"Dana_WT","Gstm1/Ly86","1"
"TATCGCCGTTCCTAAG-1-1",0.0102002074954415,"Dana_WT","Prss34","10"
"TATCGCCTCATGGATC-1-1",2.15860642242832,"Dana_WT","Gstm1/CD63","1"
"TATCTGTAGAAACCCG-1-1",9.87794666595931e-06,"Dana_WT","Ly86","7"
"TATCTGTCAAAGCACG-1-1",0,"Dana_WT","Gstm1/Ly86","1"
"TATCTGTCAACACAAA-1-1",0.0123077009407029,"Dana_WT","Gstm1/Ly86","13"
"TATCTGTTCTTGGTGA-1-1",0.0613451090815109,"Dana_WT","Ly86","0"
"TATCTTGAGAGTAACT-1-1",0.0386923840260802,"Dana_WT","Ly86","0"
"TATCTTGAGGAGCAAA-1-1",0.119609264969932,"Dana_WT","Ly86","0"
"TATCTTGCAATTCTCT-1-1",0.0247998596797412,"Dana_WT","Unannotated","10"
"TATCTTGCACAAGCTT-1-1",0.560823262131499,"Dana_WT","Gstm1/CD63","1"
"TATCTTGGTCAACACT-1-1",0.0812539642602688,"Dana_WT","Gstm1/Ly86","0"
"TATCTTGGTCACGCTG-1-1",3.36754273148334,"Dana_WT","Car1","5"
"TATCTTGGTTCTTGTT-1-1",0.000305725139750357,"Dana_WT","Ly86","1"
"TATCTTGTCAAGAGGC-1-1",0.106988646288269,"Dana_WT","Gstm1/CD63","1"
"TATCTTGTCATAGCAC-1-1",0.269887503096907,"Dana_WT","CD34","5"
"TATCTTGTCGAGTGAG-1-1",7.81760882377043,"Dana_WT","Hba-a2","6"
"TATCTTGTCGAGTGGA-1-1",0.902731978758967,"Dana_WT","Car1","13"
"TATGTTCAGTAGTCCT-1-1",0.0491757775217767,"Dana_WT","CD34","0"
"TATGTTCCAAGCGGAT-1-1",0.0014378473379475,"Dana_WT","Gstm1/Ly86","1"
"TATGTTCCATGGAATA-1-1",0.0170445153347003,"Dana_WT","Unannotated","9"
"TATGTTCGTATTGCCA-1-1",2.72080763599813,"Dana_WT","Car1","5"
"TATTCCAAGTATGAAC-1-1",0.148605317470592,"Dana_WT","Gstm1/CD63","1"
"TATTCCACACAGCATT-1-1",1.2777912122407,"Dana_WT","CD34","10"
"TATTCCAGTAAGAACT-1-1",0.247649374260362,"Dana_WT","Prss34","10"
"TATTCCAGTGGTAACG-1-1",0.981144541238712,"Dana_WT","Gstm1/CD63","1"
"TATTCCATCCCATACC-1-1",0.34745827298974,"Dana_WT","Gstm1/CD63","1"
"TATTCCATCGCATTAG-1-1",9.83157132949941e-06,"Dana_WT","Ccl5","7"
"TATTCCATCTTACGTT-1-1",0.0300978789557616,"Dana_WT","Ly86","7"
"TATTGCTAGGAGTATT-1-1",0.0424595826023499,"Dana_WT","Gstm1/Ly86","13"
"TATTGCTAGGCATCAG-1-1",0.100245883540118,"Dana_WT","Car1","6"
"TATTGCTCAGAATTCC-1-1",0.272720593459394,"Dana_WT","CD34","7"
"TATTGCTCAGACCTAT-1-1",0.19543609064283,"Dana_WT","CD34","7"
"TATTGCTCAGCACACC-1-1",0.902732025134304,"Dana_WT","Car1","5"
"TATTGCTGTAGCCAGA-1-1",0.0021936879624842,"Dana_WT","Ly86","13"
"TATTGCTGTAGCTTTG-1-1",1.31087460025179,"Dana_WT","Gstm1/CD63","1"
"TATTGCTGTGAATAAC-1-1",0.00904439425267456,"Dana_WT","Pf4","9"
"TATTGCTTCGGTAGGA-1-1",7.88380719818349e-07,"Dana_WT","Ly86","1"
"TATTGGGAGACAGCGT-1-1",0.0197666191243264,"Dana_WT","Ly86","7"
"TATTGGGAGCTGTGCC-1-1",3.72262337901593,"Dana_WT","Car1","5"
"TATTGGGCAGCACACC-1-1",1.02589388852472,"Dana_WT","Fcnb","1"
"TATTGGGCATCGCCTT-1-1",0.625773585499027,"Dana_WT","Ly86","0"
"TATTGGGCATTGAAAG-1-1",4.22549243331362,"Dana_WT","Car1","5"
"TATTGGGGTAGTCTTG-1-1",0.0878526705819573,"Dana_WT","Ly86","1"
"TATTGGGGTGGCTACC-1-1",0.604756463327352,"Dana_WT","Gstm1/CD63","1"
"TATTGGGGTGTGCTTA-1-1",0.052687573978545,"Dana_WT","Car1","5"
"TATTGGGTCATTATCC-1-1",0.874504812298946,"Dana_WT","Car1","5"
"TATTTCGAGCATATGA-1-1",0.0526876203538814,"Dana_WT","Car1","9"
"TATTTCGAGTGGCCTC-1-1",0.0526876667292179,"Dana_WT","Car1","5"
"TATTTCGCATGACTAC-1-1",0.0846728111113728,"Dana_WT","Gstm1/Ly86","1"
"TATTTCGGTACTGCCG-1-1",0.292218370385025,"Dana_WT","CD34","7"
"TATTTCGGTCATCCCT-1-1",0.0289745064504539,"Dana_WT","CD34","0"
"TATTTCGTCAAGAGGC-1-1",0.0637162253055442,"Dana_WT","Ly86","0"
"TATTTCGTCCACGAAT-1-1",8.19982352971977,"Dana_WT","Hba-a2","6"
"TATTTCGTCGCCCAGA-1-1",0.00330048103294067,"Dana_WT","Car1","9"
"TCAAGACAGAATTGCA-1-1",5.84024300325951,"Dana_WT","Car1","6"
"TCAAGACAGCACACAG-1-1",8.95378257692436,"Dana_WT","Hba-a2","6"
"TCAAGACAGTGCCCGT-1-1",0.90273207150964,"Dana_WT","Car1","9"
"TCAAGACCAAGGTACG-1-1",0.046156630748317,"Dana_WT","Gstm1/Ly86","0"
"TCAAGACCAAGGTCGA-1-1",0.00164600583961449,"Dana_WT","CD34","1"
"TCAAGACCAATCAGCT-1-1",0.560257156188132,"Dana_WT","Ly86","0"
"TCAAGACCACGATTCA-1-1",0.0904873632069241,"Dana_WT","Gstm1/CD63","1"
"TCAAGACCACGTAACT-1-1",0.00219364158714774,"Dana_WT","CD34","7"
"TCAAGACGTACACTCA-1-1",0.00317333397060882,"Dana_WT","Gstm1/Ly86","0"
"TCAAGACGTATGTCCA-1-1",2.52175817354612,"Dana_WT","Car1","5"
"TCAAGACGTTGTCCCT-1-1",1.00441830382741,"Dana_WT","Car1","5"
"TCAAGACTCCCATACC-1-1",0.00167666786090681,"Dana_WT","Gstm1/Ly86","1"
"TCAAGACTCCCGTGAG-1-1",0.0245385811216708,"Dana_WT","CD34","7"
"TCAAGACTCGGAGCAA-1-1",1.67109710321079,"Dana_WT","Car1","5"
"TCAAGCAAGAAGCCTG-1-1",0.283847279147682,"Dana_WT","Ly86","0"
"TCAAGCAGTCGTCTCT-1-1",2.41151749591495e-06,"Dana_WT","Ly86","0"
"TCAAGCAGTGTGACCC-1-1",0.0204468454973208,"Dana_WT","CD34","0"
"TCAAGCATCTAGATCG-1-1",0.00914895370465052,"Dana_WT","CD34","0"
"TCAAGTGAGACCATGG-1-1",0.0507726746520885,"Dana_WT","Unannotated","0"
"TCAAGTGAGTCCCGGT-1-1",0.0955810362532856,"Dana_WT","Ly86","1"
"TCAAGTGCAGTGTATC-1-1",0.295909876757541,"Dana_WT","Ly86","0"
"TCAAGTGGTATTCCTT-1-1",0.00432882982583804,"Dana_WT","CD34","11"
"TCAAGTGTCAAGTCGT-1-1",0.629497827987121,"Dana_WT","Gstm1/CD63","1"
"TCAAGTGTCCCATAGA-1-1",0.0357837936398266,"Dana_WT","CD34","0"
"TCAAGTGTCCGACATA-1-1",9.78519599303951e-06,"Dana_WT","Cd74","15"
"TCAATCTAGAAGAACG-1-1",0.0123088757639059,"Dana_WT","Gstm1/CD63","1"
"TCAATCTCACAGACGA-1-1",5.81546067314999,"Dana_WT","Car1","5"
"TCAATCTGTAGTGCGA-1-1",0.0526877131045543,"Dana_WT","CD34","9"
"TCAATCTGTTTACTGG-1-1",0.956864429681577,"Dana_WT","Fcnb","1"
"TCAATCTTCCCGTTCA-1-1",0.76233127491777,"Dana_WT","Car1","9"
"TCAATTCAGACATATG-1-1",0.902732117884976,"Dana_WT","Car1","5"
"TCAATTCAGCACTAGG-1-1",4.72236268885938,"Dana_WT","Car1","5"
"TCAATTCGTAGTAAGT-1-1",4.63753364599029e-07,"Dana_WT","CD34","13"
"TCAATTCGTGGTCCCA-1-1",0.0978768509736232,"Dana_WT","Prss34","10"
"TCAATTCTCACTGGGC-1-1",0.107298964864089,"Dana_WT","CD34","7"
"TCAATTCTCAGAGTTC-1-1",0.00219359521181128,"Dana_WT","CD34","7"
"TCAATTCTCCTTCTTC-1-1",0.328277840413311,"Dana_WT","CD34","13"
"TCAATTCTCGCTGTCT-1-1",0.00218804359348468,"Dana_WT","Ly86","0"
"TCAATTCTCTCACTCG-1-1",0.0137898292489118,"Dana_WT","Ly86","0"
"TCAATTCTCTCTGCCA-1-1",0.0204467991219843,"Dana_WT","CD34","0"
"TCAATTCTCTTTCCAA-1-1",0.0526877594798908,"Dana_WT","Car1","5"
"TCACAAGAGGTCACTT-1-1",0.874504858674283,"Dana_WT","Car1","5"
"TCACAAGCAACCACGC-1-1",0.929627229358841,"Dana_WT","Fcnb","1"
"TCACAAGCACGGAAGT-1-1",1.75314755993408,"Dana_WT","Gstm1/CD63","1"
"TCACAAGCAGAGTTCT-1-1",1.02025740211786e-06,"Dana_WT","Gstm1/CD63","1"
"TCACAAGCATTGTGCA-1-1",7.49587887899863,"Dana_WT","Car1","6"
"TCACAAGGTAAGGCCA-1-1",0.032184191887451,"Dana_WT","Car1","9"
"TCACAAGGTGTCACAT-1-1",0.346642268763475,"Dana_WT","Car1","3"
"TCACAAGGTTCAAACC-1-1",1.63199983340458,"Dana_WT","Car1","5"
"TCACAAGTCTGATTCT-1-1",0.0389277922016105,"Dana_WT","Ly86","13"
"TCACAAGTCTGTTCAT-1-1",0.181577749781668,"Dana_WT","Ly86","7"
"TCACAAGTCTTCTTCC-1-1",0.0526878058552273,"Dana_WT","Car1","5"
"TCACACCAGCTGACAG-1-1",0.0526878522305637,"Dana_WT","Car1","5"
"TCACACCCAGCAGTTT-1-1",0.163068434882476,"Dana_WT","Car1","3"
"TCACACCGTCGGAACA-1-1",0.765030503956197,"Dana_WT","Fcnb","1"
"TCACACCTCACCTGTC-1-1",0.201266473129879,"Dana_WT","Prss34","10"
"TCACACCTCGAGTCCG-1-1",1.25612854818619,"Dana_WT","Gstm1/CD63","1"
"TCACATTAGAAGGATG-1-1",0.126603147871526,"Dana_WT","Car1","5"
"TCACATTAGGTCATCT-1-1",6.8860282557471,"Dana_WT","Car1","6"
"TCACATTAGTTGCCTA-1-1",0.263383429771408,"Dana_WT","CD34","13"
"TCACATTCAAGAGGTC-1-1",0.505446999647139,"Dana_WT","Prss34","10"
"TCACATTCACGTCATA-1-1",0.106028202257127,"Dana_WT","Car1","3"
"TCACATTCAGTAGGAC-1-1",5.85363605721279,"Dana_WT","Car1","6"
"TCACATTTCAACTGAC-1-1",9.57937115234117,"Dana_WT","Hba-a2","6"
"TCACATTTCGGAAGGT-1-1",0.143871104905654,"Dana_WT","CD34","7"
"TCACATTTCTGCGATA-1-1",7.30191483098102,"Dana_WT","Car1","6"
"TCACGCTAGCTATCCA-1-1",0.0212661648350326,"Dana_WT","Gstm1/Ly86","0"
"TCACGCTAGTTTCTTC-1-1",0.324420602074468,"Dana_WT","Ly86","0"
"TCACGCTGTGGTGATG-1-1",0.00330052740827713,"Dana_WT","Pf4","9"
"TCACGCTGTGTCGATT-1-1",0.702865389462215,"Dana_WT","Car1","5"
"TCACGCTGTTGCTCAA-1-1",0.171813114172039,"Dana_WT","CD34","7"
"TCACGCTGTTGTCATG-1-1",7.43452020458095,"Dana_WT","Car1","6"
"TCACGGGAGCAACAGC-1-1",0.0485742292067881,"Dana_WT","Gstm1/CD63","1"
"TCACGGGCACGCACCA-1-1",0.0553996041072835,"Dana_WT","Car1","3"
"TCACGGGCAGAGAATT-1-1",0.027289386077787,"Dana_WT","CD34","10"
"TCACGGGCAGGAGGTT-1-1",0.00547052150794691,"Dana_WT","Gstm1/CD63","1"
"TCACGGGGTCAAAGCG-1-1",0.0367532499329948,"Dana_WT","Prss34","10"
"TCACGGGGTCCTTGTC-1-1",9.73882065657961e-06,"Dana_WT","Cd74","15"
"TCACGGGGTGATGGCA-1-1",2.15860646880366,"Dana_WT","Gstm1/CD63","1"
"TCACGGGGTGCCTATA-1-1",3.36754277785867,"Dana_WT","Car1","5"
"TCACGGGGTTCCTAAG-1-1",0,"Dana_WT","Car1","3"
"TCACTATAGATGAATC-1-1",1.06663273857777e-06,"Dana_WT","Gstm1/CD63","1"
"TCACTATCAACCGTAT-1-1",0.0530545036278791,"Dana_WT","Car1","6"
"TCACTATGTTGTGCAT-1-1",0.0925993274412021,"Dana_WT","CD34","7"
"TCACTATTCTTGGAAC-1-1",4.18404330705333,"Dana_WT","Car1","5"
"TCACTCGAGGGTTGCA-1-1",0.537569387709505,"Dana_WT","Car1","9"
"TCACTCGCACGTACTA-1-1",0.280635333307998,"Dana_WT","Gstm1/Ly86","1"
"TCACTCGGTCCAGCCA-1-1",0.821873741042897,"Dana_WT","Gstm1/Ly86","0"
"TCACTCGTCAGGAAAT-1-1",0.0526878986059002,"Dana_WT","Car1","5"
"TCACTCGTCCGAGCTG-1-1",0.258560425155596,"Dana_WT","Ly86","0"
"TCACTCGTCGGAGATG-1-1",8.37485649954308,"Dana_WT","Car1","6"
"TCACTCGTCTTTGATC-1-1",7.24992817317242,"Dana_WT","Car1","6"
"TCAGCAAGTACGGCAA-1-1",0.0170445617100368,"Dana_WT","Car1","9"
"TCAGCCTCAAGCTACT-1-1",0.567516580232861,"Dana_WT","Gstm1/Ly86","13"
"TCAGCCTCATCCGATA-1-1",1.11300807503767e-06,"Dana_WT","Gstm1/CD63","1"
"TCAGCCTGTTAGGACG-1-1",0.344997981454132,"Dana_WT","Car1","5"
"TCAGCCTGTTCTCTAT-1-1",0,"Dana_WT","Ly86","0"
"TCAGCCTGTTTGAAAG-1-1",18.2785756873996,"Dana_WT","Ltf","12"
"TCAGCCTTCACCTCGT-1-1",0.320115817025841,"Dana_WT","Car1","5"
"TCAGCCTTCCTCTCTT-1-1",0.0200122740724975,"Dana_WT","Gstm1/Ly86","0"
"TCAGCCTTCGAACTCA-1-1",0.938662098734521,"Dana_WT","Fcnb","1"
"TCAGGGCCAAGTGGTG-1-1",0.991185668233373,"Dana_WT","Car1","5"
"TCAGGGCCAGCTGGTC-1-1",0.182779943763296,"Dana_WT","CD34","7"
"TCAGGGCCAGGGACTA-1-1",0.0929428923614553,"Dana_WT","Ly86","0"
"TCAGGGCGTACCAGAG-1-1",0.00219354883647482,"Dana_WT","CD34","7"
"TCAGGGCGTCTCGACG-1-1",0.38848480624163,"Dana_WT","Ly86","0"
"TCAGGGCGTGGTCCGT-1-1",7.88247347001264,"Dana_WT","Hba-a2","6"
"TCAGGGCTCCATTGGA-1-1",0.00566031109531506,"Dana_WT","Prss34","10"
"TCAGGGCTCCCGTGTT-1-1",0.085976813971957,"Dana_WT","CD34","0"
"TCAGGGCTCGCTAGCG-1-1",0.0216118199743267,"Dana_WT","CD34","10"
"TCAGGTAAGTCGCTAT-1-1",0.520726736579917,"Dana_WT","Car1","5"
"TCAGGTAAGTGCCTCG-1-1",0.488015775811078,"Dana_WT","Ly86","0"
"TCAGGTAGTCACCTTC-1-1",0.0159626928290818,"Dana_WT","CD34","7"
"TCAGGTATCGACGACC-1-1",1.41515418294656,"Dana_WT","Gstm1/CD63","1"
"TCAGTCCAGGTAGCAC-1-1",9.6924453201197e-06,"Dana_WT","Cd74","15"
"TCAGTCCCAGCACCCA-1-1",0.254924240429169,"Dana_WT","Car1","10"
"TCAGTCCCATGAAGCG-1-1",9.6460699836598e-06,"Dana_WT","Vpreb1","0"
"TCAGTCCCATGAGGGT-1-1",0.00592269873307538,"Dana_WT","Prss34","10"
"TCAGTCCGTACTAAGA-1-1",9.5996946471999e-06,"Dana_WT","Cd74","15"
"TCAGTCCGTAGGGAGG-1-1",0.159974676174183,"Dana_WT","Ly86","0"
"TCAGTCCGTGATAGTA-1-1",0.692170342835605,"Dana_WT","Fcnb","1"
"TCAGTCCGTGTCTTCC-1-1",1.30836846699838,"Dana_WT","Gstm1/CD63","1"
"TCAGTCCGTTCTCAGA-1-1",0.444288396184674,"Dana_WT","Ly86","0"
"TCAGTCCTCATTCTTG-1-1",1.65744938889841,"Dana_WT","Car1","5"
"TCAGTCCTCCAGGACC-1-1",0.0136168513485171,"Dana_WT","Gstm1/Ly86","0"
"TCAGTCCTCCCAATAG-1-1",1.15938341149757e-06,"Dana_WT","Gstm1/CD63","1"
"TCAGTCCTCGAAGGAC-1-1",0.00219350246113836,"Dana_WT","Gstm1/Ly86","13"
"TCAGTGAAGGTAATCA-1-1",0.377061597379035,"Dana_WT","Prss34","10"
"TCAGTGACAGACCATT-1-1",2.36514215945505e-06,"Dana_WT","Ly86","0"
"TCAGTGACAGCAAGAC-1-1",0.00432878345050158,"Dana_WT","CD34","11"
"TCAGTGACATCGATGT-1-1",0.0978768045982867,"Dana_WT","Unannotated","10"
"TCAGTGACATCGGTTA-1-1",0.162454147858967,"Dana_WT","Ly86","0"
"TCAGTTTAGATTGTGA-1-1",0.208484566281025,"Dana_WT","Gstm1/Ly86","0"
"TCAGTTTAGGATTTGA-1-1",0.0170446080853732,"Dana_WT","Pf4","9"
"TCAGTTTAGTAACCTC-1-1",0.0710395863234156,"Dana_WT","Car1","10"
"TCAGTTTCATAACTCG-1-1",0.0123077473160393,"Dana_WT","Ly86","0"
"TCAGTTTCATGCCGAC-1-1",0.114193994219822,"Dana_WT","Prss34","10"
"TCAGTTTGTAGCGATG-1-1",1.20575874795747e-06,"Dana_WT","Gstm1/CD63","1"
"TCAGTTTGTGCATTTG-1-1",0.41139202947104,"Dana_WT","CD34","5"
"TCAGTTTTCATGCATG-1-1",0.247278576656615,"Dana_WT","Ly86","7"
"TCAGTTTTCCAAGGGA-1-1",0.141828441870269,"Dana_WT","Ly86","0"
"TCAGTTTTCTGGAAGG-1-1",0.449844629133231,"Dana_WT","Ly86","0"
"TCATACTCATGGATCT-1-1",0.600898477126857,"Dana_WT","Ly86","0"
"TCATACTGTACGGGAT-1-1",0.505447046022475,"Dana_WT","Prss34","10"
"TCATACTGTATCGTTG-1-1",0.524594287333371,"Dana_WT","Gstm1/CD63","1"
"TCATACTTCTCATTGT-1-1",0.0526879449812366,"Dana_WT","Car1","5"
"TCATATCAGACTACCT-1-1",0.307098713839268,"Dana_WT","CD34","7"
"TCATATCCAGTAACCT-1-1",0.809233832410189,"Dana_WT","Ly86","0"
"TCATATCCATATGGCT-1-1",0.00442746681826278,"Dana_WT","Unannotated","7"
"TCATATCCATGTGACT-1-1",0.000137208097165553,"Dana_WT","Ly86","13"
"TCATATCGTTCGCGTG-1-1",0.0440349498866935,"Dana_WT","CD34","7"
"TCATATCGTTGCTCAA-1-1",0.873085233881681,"Dana_WT","CD34","0"
"TCATATCTCATGGCCG-1-1",0.105320982136422,"Dana_WT","CD34","0"
"TCATCATAGCTGAAGC-1-1",0.782088161279034,"Dana_WT","CD34","9"
"TCATCATGTATCATGC-1-1",0.0204467527466479,"Dana_WT","CD34","0"
"TCATCATGTGGTAATA-1-1",0.0625992048465398,"Dana_WT","Ly86","0"
"TCATCATGTTAAACAG-1-1",0.225221566873297,"Dana_WT","Ly86","0"
"TCATCATGTTGTATGC-1-1",0.235670287900912,"Dana_WT","CD34","10"
"TCATCATTCGCCAATA-1-1",1.11602457121357,"Dana_WT","Prg2","10"
"TCATCCGAGTACAGAT-1-1",7.10634044255357,"Dana_WT","Car1","6"
"TCATCCGTCCCAAGTA-1-1",1.11970460723514,"Dana_WT","Ly86","0"
"TCATCCGTCGTTCTGC-1-1",8.95223912680282,"Dana_WT","Hba-a2","6"
"TCATGAGCAATCCTAG-1-1",5.56504037518835e-07,"Dana_WT","Gstm1/Ly86","0"
"TCATGAGCACCTAAAC-1-1",0.43572886930204,"Dana_WT","Fcnb","1"
"TCATGAGCACTGCGAC-1-1",8.39792114773095,"Dana_WT","Hba-a2","6"
"TCATGAGGTCCACAGC-1-1",0.744571980763217,"Dana_WT","Fcnb","1"
"TCATGAGGTTTGATCG-1-1",8.19876766443264,"Dana_WT","Car1","6"
"TCATGAGTCAGCACCG-1-1",0.0522945410146198,"Dana_WT","Car1","5"
"TCATGAGTCTACGCGG-1-1",0.0147527529903653,"Dana_WT","CD34","0"
"TCATGCCGTTTCACAG-1-1",0.782088207654371,"Dana_WT","CD34","9"
"TCATGCCTCATGTCAG-1-1",0.141286993691388,"Dana_WT","Ly86","0"
"TCATGCCTCTAAACGC-1-1",0.124259842772773,"Dana_WT","Gstm1/CD63","1"
"TCATGGAAGTAACCTC-1-1",0.0136168049731806,"Dana_WT","Ly86","0"
"TCATGGAAGTCTAACC-1-1",1.18312698577965,"Dana_WT","Gstm1/CD63","1"
"TCATGGACATACCGTA-1-1",0.0814367722929183,"Dana_WT","Car1","3"
"TCATGGACATATAGCC-1-1",9.37334337988879,"Dana_WT","Hba-a2","6"
"TCATGGAGTAGGCAAC-1-1",0.0021934560858019,"Dana_WT","CD34","1"
"TCATGGAGTCGTACTA-1-1",0.0719590636445155,"Dana_WT","Unannotated","7"
"TCATGGAGTTCTTAGG-1-1",0.115578747883142,"Dana_WT","Gstm1/CD63","1"
"TCATGGATCGAGTCCG-1-1",0.0526879913565731,"Dana_WT","Car1","5"
"TCATGTTAGAGCTGCA-1-1",1.25035999343109,"Dana_WT","Gstm1/CD63","1"
"TCATGTTAGCTGCGAA-1-1",0.155188057565448,"Dana_WT","Gstm1/Ly86","7"
"TCATGTTGTAGGAGGG-1-1",0.798895955286491,"Dana_WT","CD34","7"
"TCATGTTGTCTAGGCC-1-1",0.104884188115487,"Dana_WT","Ly86","7"
"TCATGTTTCCCTCTTT-1-1",0.00330057378361359,"Dana_WT","Car1","9"
"TCATGTTTCCTACAAG-1-1",0.00219340971046544,"Dana_WT","CD34","13"
"TCATGTTTCGTGTGGC-1-1",0.0526880377319096,"Dana_WT","Car1","5"
"TCATTACAGAGCATTA-1-1",0.0251582875028116,"Dana_WT","Gstm1/CD63","1"
"TCATTACCACATACTG-1-1",2.72080768237346,"Dana_WT","Car1","5"
"TCATTACTCCCGAAAT-1-1",0.00432873707516512,"Dana_WT","Prss34","11"
"TCATTACTCGAACCAT-1-1",1.09863761797119,"Dana_WT","Fcnb","1"
"TCATTCAAGATCGGTG-1-1",0.453061976554764,"Dana_WT","Ly86","0"
"TCATTCACACAAGCTT-1-1",0.0163859610239149,"Dana_WT","CD34","0"
"TCATTCATCTACCCAC-1-1",4.17378028139126e-07,"Dana_WT","CD34","13"
"TCATTGTAGACCACGA-1-1",0.050772628276752,"Dana_WT","CD34","0"
"TCATTGTAGAGTAACT-1-1",0.365522748417826,"Dana_WT","CD34","0"
"TCATTGTAGTCCCTAA-1-1",0.0464796234123668,"Dana_WT","Gstm1/CD63","1"
"TCATTGTCAGAGGTTG-1-1",7.41442840715096,"Dana_WT","Hba-a2","6"
"TCATTGTCATGCCGCA-1-1",1.10240953018839,"Dana_WT","Car1","5"
"TCATTGTGTAAGAACT-1-1",0.156644946954053,"Dana_WT","CD34","0"
"TCATTGTGTATCATGC-1-1",0.356009029789636,"Dana_WT","Car1","5"
"TCATTGTGTGCCGGTT-1-1",0.0172228816393198,"Dana_WT","Car1","6"
"TCATTGTTCCATTTCA-1-1",0.0461566771236535,"Dana_WT","Ly86","0"
"TCATTGTTCCTAAGTG-1-1",0.00896081872971646,"Dana_WT","Ly86","0"
"TCATTGTTCGCAGAGA-1-1",3.71002691679223e-07,"Dana_WT","CD34","7"
"TCATTTGAGAAGTCTA-1-1",2.31876682299514e-06,"Dana_WT","Ly86","0"
"TCATTTGAGCATTTCG-1-1",9.55331931073999e-06,"Dana_WT","Vpreb1","7"
"TCATTTGAGTTGTACC-1-1",0.62576488546164,"Dana_WT","Ly86","0"
"TCATTTGCACGGTGAA-1-1",0.902732164260313,"Dana_WT","Car1","5"
"TCATTTGCATGAAGCG-1-1",7.31984724854729,"Dana_WT","Car1","6"
"TCATTTGGTATTAAGG-1-1",8.53706472415309,"Dana_WT","Car1","6"
"TCATTTGGTCTCGGAC-1-1",0.505447092397812,"Dana_WT","Prss34","10"
"TCATTTGTCGAGAGAC-1-1",0.136690444379976,"Dana_WT","Pf4","9"
"TCCACCAAGAAGGCTC-1-1",0.052688084107246,"Dana_WT","Car1","5"
"TCCACCAAGCGCGTTC-1-1",0.533985313375859,"Dana_WT","CD34","0"
"TCCACCACACAATGTC-1-1",0.502051586449344,"Dana_WT","Gstm1/CD63","1"
"TCCACCACATGATGCT-1-1",0.211944670594898,"Dana_WT","Unannotated","13"
"TCCACCATCTTACGGA-1-1",0.0585638386495893,"Dana_WT","CD34","7"
"TCCACGTAGAATCGTA-1-1",1.05745724036797,"Dana_WT","Gstm1/CD63","1"
"TCCACGTAGCCTTTCC-1-1",0.0526881304825825,"Dana_WT","Car1","5"
"TCCACGTAGCTAGAGC-1-1",5.85363610358813,"Dana_WT","Car1","5"
"TCCACGTAGGCATCAG-1-1",0.0871201969465331,"Dana_WT","Car1","9"
"TCCACGTCAAAGGTTA-1-1",7.87837362900916,"Dana_WT","Car1","6"
"TCCACGTCAAGACAAT-1-1",0.0345674583327333,"Dana_WT","CD34","0"
"TCCACGTCATGGAATA-1-1",0.0289651814172553,"Dana_WT","Ly86","0"
"TCCACGTGTGGTTTGT-1-1",0.59468982825179,"Dana_WT","Prss34","10"
"TCCACGTGTTTCGACA-1-1",1.18689818548968,"Dana_WT","CD34","10"
"TCCACGTTCCTACCGT-1-1",0.0297101702291678,"Dana_WT","CD34","10"
"TCCACGTTCCTCTAGC-1-1",0.0753212379633577,"Dana_WT","Ly86","7"
"TCCACGTTCGGTAGGA-1-1",0.0526881768579189,"Dana_WT","Car1","5"
"TCCAGAAAGTGGTTAA-1-1",0.0978767582229503,"Dana_WT","Prss34","10"
"TCCAGAAAGTTGTAGA-1-1",0.0169577087706669,"Dana_WT","Car1","9"
"TCCAGAACAACGGGTA-1-1",0.0367535522672386,"Dana_WT","Car1","9"
"TCCAGAATCACAGAGG-1-1",0.00914890732931406,"Dana_WT","CD34","0"
"TCCAGAATCAGTGGGA-1-1",0.0879497480652158,"Dana_WT","CD34","9"
"TCCAGAATCGGCCTTT-1-1",0.00908487023021032,"Dana_WT","CD34","7"
"TCCATCGAGCAGTACG-1-1",0.0210206455399155,"Dana_WT","Ly86","0"
"TCCATCGAGGGAGTTC-1-1",0.00432869069982866,"Dana_WT","Car1","11"
"TCCATCGCAATGAAAC-1-1",7.21332801969449,"Dana_WT","Car1","6"
"TCCATCGCAGACTGCC-1-1",0.451913946549458,"Dana_WT","Car1","5"
"TCCATCGCATTGCCGG-1-1",4.63753364599029e-08,"Dana_WT","Car1","3"
"TCCATCGGTAGCGTAG-1-1",9.53709084160023,"Dana_WT","Hba-a2","6"
"TCCATCGGTAGGCTCC-1-1",0.47915651934045,"Dana_WT","CD34","0"
"TCCATCGTCAAGCCAT-1-1",0.0526882232332554,"Dana_WT","Car1","5"
"TCCATCGTCACTGTCC-1-1",0.0204467063713114,"Dana_WT","CD34","0"
"TCCATCGTCGCATTGA-1-1",0.486600122907571,"Dana_WT","Ly86","0"
"TCCATGCAGTGCCGAA-1-1",5.85363614996347,"Dana_WT","Car1","6"
"TCCATGCTCTACTATC-1-1",0.0569359801754061,"Dana_WT","Pf4","9"
"TCCCACAAGGGAGTTC-1-1",0.0391918173393219,"Dana_WT","Ly86","7"
"TCCCACAGTACGACAG-1-1",0.171813160547375,"Dana_WT","CD34","7"
"TCCCACATCATGAAAG-1-1",6.02879373978737e-07,"Dana_WT","Ly86","0"
"TCCCAGTAGATGATTG-1-1",0.0526882696085919,"Dana_WT","Car1","5"
"TCCCAGTCACACGTGC-1-1",0.0204466599959749,"Dana_WT","CD34","0"
"TCCCAGTCACTGAGGA-1-1",1.28333310481542,"Dana_WT","Car1","5"
"TCCCAGTCAGATTAAG-1-1",0.0815941411685341,"Dana_WT","Ly86","0"
"TCCCAGTCAGTTCACA-1-1",0.580247472763782,"Dana_WT","Ly86","0"
"TCCCAGTCATAGAATG-1-1",6.86733647518017,"Dana_WT","Hba-a2","6"
"TCCCAGTGTCTTACTT-1-1",0.847161017216462,"Dana_WT","CD34","7"
"TCCCAGTTCCGCCTAT-1-1",0.0569359338000697,"Dana_WT","Car1","9"
"TCCCAGTTCGCTAGCG-1-1",0.782088254029707,"Dana_WT","CD34","7"
"TCCCAGTTCTTGTGCC-1-1",1.05188049277728,"Dana_WT","Car1","5"
"TCCCATGAGACACACG-1-1",0.347458319365076,"Dana_WT","Ly86","1"
"TCCCATGAGCTACGTT-1-1",0.485467284481967,"Dana_WT","Gstm1/Ly86","0"
"TCCCATGCAAGCCTGC-1-1",0.0321841455121146,"Dana_WT","Car1","3"
"TCCCATGCAATTCACG-1-1",2.74287491659539,"Dana_WT","Car1","5"
"TCCCATGCATTGACCA-1-1",5.82784862601017,"Dana_WT","Car1","5"
"TCCCATGGTACTGCCG-1-1",0.178517682435235,"Dana_WT","CD34","7"
"TCCCATGGTATGCTTG-1-1",8.94207820760671,"Dana_WT","Hba-a2","6"
"TCCCATGGTTCAGTAC-1-1",0.0090443478773381,"Dana_WT","Pf4","9"
"TCCCATGTCGCAACAT-1-1",0.947375627885743,"Dana_WT","Ly86","0"
"TCCCATGTCGCCACTT-1-1",0.00276248206527896,"Dana_WT","Ly86","0"
"TCCGAAACAAGAGTTA-1-1",0.724429576868094,"Dana_WT","Gstm1/Ly86","0"
"TCCGAAACAAGGCTTT-1-1",7.88535767970389,"Dana_WT","Hba-a2","6"
"TCCGAAACACAGAGCA-1-1",0,"Dana_WT","Car1","5"
"TCCGAAAGTAACCCTA-1-1",0.0190974358460618,"Dana_WT","Ly86","0"
"TCCGAAAGTCCCTAAA-1-1",0.130867085706711,"Dana_WT","Prss34","10"
"TCCGAAAGTGTCCTAA-1-1",0.0945277053713536,"Dana_WT","Gstm1/Ly86","13"
"TCCGAAATCAGGAAGC-1-1",0.0526883159839283,"Dana_WT","Car1","9"
"TCCGAAATCCTACGAA-1-1",7.23024800487211,"Dana_WT","Car1","6"
"TCCGAAATCTAGAGCT-1-1",0.693967913434247,"Dana_WT","Car1","5"
"TCCGAAATCTTGGTCC-1-1",0.0406833867935509,"Dana_WT","Car1","3"
"TCCGATCCACCTTCCA-1-1",0.0111202967169857,"Dana_WT","CD34","0"
"TCCGATCCAGCCTATA-1-1",7.92931950363791,"Dana_WT","Car1","6"
"TCCGATCGTTTGTTGG-1-1",0.257221426965109,"Dana_WT","Gstm1/CD63","1"
"TCCGATCTCCGATTAG-1-1",0.0403547048013044,"Dana_WT","Car1","3"
"TCCGATCTCTTCACAT-1-1",0.230566781109358,"Dana_WT","Prss34","10"
"TCCGGGACAGCTACCG-1-1",0.0627790976867138,"Dana_WT","CD34","7"
"TCCGGGACATCGTGCG-1-1",0.327532626886856,"Dana_WT","Ly86","1"
"TCCGGGAGTGCAATAA-1-1",0.13671589525614,"Dana_WT","Gstm1/CD63","1"
"TCCGGGAGTGGATACG-1-1",0.0170446544607097,"Dana_WT","Car1","9"
"TCCGGGAGTGTCCGGT-1-1",0.48898130832383,"Dana_WT","Ly86","0"
"TCCGGGAGTTTGTGGT-1-1",3.2462735521932e-07,"Dana_WT","CD34","7"
"TCCGGGATCAATCTCT-1-1",0.00494086204326895,"Dana_WT","Car1","10"
"TCCGGGATCCTACGAA-1-1",0.00330062015895005,"Dana_WT","Car1","9"
"TCCGTGTCAATAGAGT-1-1",0.497022825933218,"Dana_WT","Car1","4"
"TCCGTGTGTATAGGGC-1-1",0.195972468503547,"Dana_WT","Ly86","0"
"TCCGTGTTCAACGTGT-1-1",2.27239148653524e-06,"Dana_WT","Gstm1/Ly86","0"
"TCCGTGTTCGTTCTGC-1-1",0.369222992849526,"Dana_WT","CD34","10"
"TCCTAATAGGCATCGA-1-1",0.0543134878153941,"Dana_WT","Ly86","0"
"TCCTAATAGTGGTGAC-1-1",0.0170447008360461,"Dana_WT","Car1","9"
"TCCTAATCAAGTGATA-1-1",0.00321965909325028,"Dana_WT","CD34","9"
"TCCTAATGTTTACGAC-1-1",0.0382722501774142,"Dana_WT","CD34","0"
"TCCTAATTCAAGTCTG-1-1",5.90221387989338,"Dana_WT","Car1","5"
"TCCTAATTCCACTGAA-1-1",0.982710027908036,"Dana_WT","Gstm1/CD63","1"
"TCCTCCCAGCCTGGAA-1-1",0.503804401343971,"Dana_WT","Car1","5"
"TCCTCCCAGGTGTGAC-1-1",0.00106897808492357,"Dana_WT","Ly86","13"
"TCCTCCCCACTCTGCT-1-1",7.42005383358446e-07,"Dana_WT","Ly86","1"
"TCCTCCCCATCTGTTT-1-1",0.152897699412117,"Dana_WT","Fcnb","1"
"TCCTCCCGTCGTCTCT-1-1",9.40440582477695,"Dana_WT","Hba-a2","6"
"TCCTCCCTCACAGTGT-1-1",0.252700964847126,"Dana_WT","CD34","7"
"TCCTCCCTCGTGGTAT-1-1",0.0257923516515124,"Dana_WT","Prss34","10"
"TCCTCCCTCTTCCTAA-1-1",0.29320864645165,"Dana_WT","Gstm1/CD63","1"
"TCCTCGAAGCGTGTTT-1-1",0.923877341443583,"Dana_WT","Fcnb","1"
"TCCTCGACAACCCTAA-1-1",0.343356001832518,"Dana_WT","CD34","0"
"TCCTCGACATCATTGG-1-1",7.981205319679,"Dana_WT","Hba-a2","6"
"TCCTCGAGTCCAAGAG-1-1",2.22601615007534e-06,"Dana_WT","Gstm1/Ly86","0"
"TCCTCGAGTTCGAACT-1-1",0.0617528880642844,"Dana_WT","CD34","7"
"TCCTCGATCAGCTAGT-1-1",0.473047690699823,"Dana_WT","Car1","9"
"TCCTCGATCAGCTGTA-1-1",9.27506729198058e-08,"Dana_WT","Ly86","14"
"TCCTCGATCCAAGCCG-1-1",0.48658969098398,"Dana_WT","Ly86","0"
"TCCTCGATCTCCCATG-1-1",0.061923448724547,"Dana_WT","Ly86","0"
"TCCTCGATCTTGAGCA-1-1",0.232158867707761,"Dana_WT","Car1","9"
"TCCTCTTAGAGTCGAC-1-1",8.19876771080798,"Dana_WT","Car1","6"
"TCCTCTTAGCACTAAA-1-1",8.95501740114723,"Dana_WT","Hba-a2","6"
"TCCTCTTAGGCTTCCG-1-1",5.8536361963388,"Dana_WT","Car1","6"
"TCCTCTTAGGTTCACT-1-1",4.6540464929393,"Dana_WT","Car1","5"
"TCCTCTTTCCACTGGG-1-1",0.0426511214448075,"Dana_WT","Car1","5"
"TCCTGCAAGAGTATAC-1-1",6.55802530891921,"Dana_WT","Car1","6"
"TCCTGCAAGGCTGTAG-1-1",0.329452285789666,"Dana_WT","CD34","7"
"TCCTGCAGTATGATCC-1-1",0.0569358874247332,"Dana_WT","Car1","3"
"TCCTGCAGTCCGACGT-1-1",0.0043286443244922,"Dana_WT","Car1","11"
"TCCTGCAGTCCTACAA-1-1",0.0526883623592648,"Dana_WT","Car1","5"
"TCCTGCAGTGGTATGG-1-1",0.373864502255521,"Dana_WT","Gstm1/CD63","1"
"TCCTGCAGTTGTGGCC-1-1",0.0978767118476138,"Dana_WT","Unannotated","10"
"TCCTGCATCAACTGGT-1-1",0.0235502817278981,"Dana_WT","CD34","10"
"TCCTTCTCAGCTCTGG-1-1",0.00219336333512898,"Dana_WT","Gstm1/Ly86","13"
"TCCTTCTCATCAGTGT-1-1",6.18242363491292,"Dana_WT","Car1","5"
"TCCTTCTGTACCACGC-1-1",5.85363624271414,"Dana_WT","Car1","6"
"TCCTTCTGTGTCGCTG-1-1",3.72262342539127,"Dana_WT","Car1","5"
"TCCTTTCAGAACTCCT-1-1",0.0569358410493968,"Dana_WT","Car1","3"
"TCCTTTCAGCCACAAG-1-1",0.654115410478211,"Dana_WT","Fcnb","1"
"TCCTTTCAGTGCTCGC-1-1",7.49587892537396,"Dana_WT","Car1","6"
"TCCTTTCCAACAAGTA-1-1",0.0190974822213983,"Dana_WT","Ly86","0"
"TCCTTTCCACTTGGCG-1-1",0.177072953082025,"Dana_WT","Car1","5"
"TCCTTTCCAGAGGCTA-1-1",0.83839426859202,"Dana_WT","Car1","5"
"TCCTTTCGTATTTCTC-1-1",0.00219331695979252,"Dana_WT","Ly86","13"
"TCCTTTCGTCAAGGCA-1-1",0.0426510750694711,"Dana_WT","Car1","5"
"TCCTTTCGTCCCTCAT-1-1",1.28402211291757,"Dana_WT","Fcnb","1"
"TCCTTTCTCCCTTGTG-1-1",9.50694397428009e-06,"Dana_WT","Vpreb1","7"
"TCGAACACAAGTCGTT-1-1",0.344998027829469,"Dana_WT","Car1","5"
"TCGAACACAATTGCTG-1-1",0.081250460777506,"Dana_WT","Prss34","10"
"TCGAACAGTTGCGGCT-1-1",0.00442742044292632,"Dana_WT","CD34","0"
"TCGAACATCACTCTTA-1-1",0.0432286230316121,"Dana_WT","Pf4","9"
"TCGAACATCACTTTGT-1-1",0.244311488384477,"Dana_WT","Car1","3"
"TCGAACATCAGAACCT-1-1",0.0367535986425751,"Dana_WT","Car1","9"
"TCGAACATCAGGAGAC-1-1",1.25213408441738e-06,"Dana_WT","Gstm1/CD63","1"
"TCGAACATCCGTGACG-1-1",0.04403499626203,"Dana_WT","CD34","7"
"TCGAAGTAGATTCGCT-1-1",2.44175419838603,"Dana_WT","Car1","5"
"TCGAAGTAGTCTAGCT-1-1",6.95630046898543e-07,"Dana_WT","Gstm1/CD63","1"
"TCGAAGTAGTGCTAGG-1-1",0.0788232488298317,"Dana_WT","Gstm1/CD63","1"
"TCGAAGTCAGCGGTTC-1-1",9.57937119871651,"Dana_WT","Hba-a2","6"
"TCGAAGTGTCACCACG-1-1",2.72771055883331,"Dana_WT","Car1","5"
"TCGAAGTGTCTAGTGT-1-1",0.306107541876296,"Dana_WT","Car1","5"
"TCGAAGTTCGAGTACT-1-1",1.81412310992948,"Dana_WT","Gstm1/CD63","1"
"TCGAAGTTCTCAGGCG-1-1",0.136323655763439,"Dana_WT","Car1","5"
"TCGACCTAGGATACAT-1-1",0.0440350426373665,"Dana_WT","CD34","7"
"TCGACCTCAAATGATG-1-1",9.46056863782019e-06,"Dana_WT","Cd74","15"
"TCGACCTGTGTGTTTG-1-1",0.255361915741959,"Dana_WT","Gstm1/CD63","1"
"TCGACCTGTTTCAGAC-1-1",0.0779136413907777,"Dana_WT","Prss34","10"
"TCGACCTTCCAGGACC-1-1",0.0526884087346012,"Dana_WT","Car1","9"
"TCGACCTTCTACCACC-1-1",0.451849241706792,"Dana_WT","Car1","5"
"TCGACCTTCTCGTTTA-1-1",6.95177542208318,"Dana_WT","Car1","6"
"TCGACGGAGGATTACA-1-1",7.30237548538995,"Dana_WT","Car1","6"
"TCGACGGCAATGAAAC-1-1",0.00695927379264338,"Dana_WT","Ly86","0"
"TCGACGGCAGATTCGT-1-1",2.81915576777367,"Dana_WT","Car1","5"
"TCGACGGGTAGACACG-1-1",0.0972185823414059,"Dana_WT","Unannotated","7"
"TCGACGGGTGATTAGA-1-1",0.0352587651030432,"Dana_WT","CD34","1"
"TCGACGGTCCTCTTTC-1-1",0.00384211795530387,"Dana_WT","Prss34","10"
"TCGATTTAGCTAGTTC-1-1",0.999142123424697,"Dana_WT","Car1","9"
"TCGATTTAGGTGATAT-1-1",0.447088469541852,"Dana_WT","Ly86","0"
"TCGATTTCAAATGATG-1-1",7.4958789717493,"Dana_WT","Car1","6"
"TCGATTTCACCTATCC-1-1",0.0250865183003427,"Dana_WT","Car1","5"
"TCGATTTGTGACTATC-1-1",6.58529777730621e-06,"Dana_WT","Pf4","9"
"TCGATTTTCTAGCAAC-1-1",6.1322783524523,"Dana_WT","Car1","5"
"TCGATTTTCTTCACAT-1-1",0.171813206922712,"Dana_WT","Car1","7"
"TCGCACTCAACCAGAG-1-1",1.30395533241039,"Dana_WT","Car1","5"
"TCGCACTCATCTAACG-1-1",0.217574066420965,"Dana_WT","CD34","7"
"TCGCACTCATTCAGGT-1-1",0.0915385405731279,"Dana_WT","CD34","1"
"TCGCACTGTGGCTACC-1-1",0.00219327058445606,"Dana_WT","Gstm1/Ly86","13"
"TCGCACTTCCACACCT-1-1",0.0906677194599292,"Dana_WT","Ly86","7"
"TCGCACTTCTCACCCA-1-1",7.49587901812464,"Dana_WT","Car1","6"
"TCGCACTTCTCCCTAG-1-1",0.0879956543478104,"Dana_WT","Ly86","1"
"TCGCAGGAGAGGTCAC-1-1",0.00605611167201126,"Dana_WT","Prg2","10"
"TCGCAGGAGGTTGGTG-1-1",0,"Dana_WT","Prss34","10"
"TCGCAGGCAGACCTGC-1-1",0.90636711847751,"Dana_WT","Gstm1/CD63","10"
"TCGCAGGCAGGGCTTC-1-1",0.0322507366187777,"Dana_WT","Gstm1/Ly86","0"
"TCGCAGGGTGCATGTT-1-1",0.0526884551099377,"Dana_WT","Car1","5"
"TCGCAGGGTGCCCGTA-1-1",0.0123077936913758,"Dana_WT","Ly86","0"
"TCGCAGGGTGTCGATT-1-1",0.0185248480045077,"Dana_WT","Gstm1/CD63","1"
"TCGCAGGTCAAAGACA-1-1",0.0472134392166592,"Dana_WT","CD34","7"
"TCGCTCAAGTAACCGG-1-1",0.929826238992175,"Dana_WT","Ly86","0"
"TCGCTCACAACGTATC-1-1",0.61993160427944,"Dana_WT","Ly86","0"
"TCGCTCACACTATGTG-1-1",0.044016821721383,"Dana_WT","Gstm1/CD63","1"
"TCGCTCAGTACTGAGG-1-1",0.0507725819014155,"Dana_WT","CD34","0"
"TCGCTCAGTGATCATC-1-1",1.06744145328147,"Dana_WT","Ly86","0"
"TCGCTCAGTGCAATGG-1-1",0.351065225970751,"Dana_WT","CD34","0"
"TCGCTCATCGAACGGA-1-1",0.000408867582402772,"Dana_WT","Ly86","0"
"TCGCTCATCGATGCTA-1-1",0.0499913261800918,"Dana_WT","Car1","5"
"TCGCTCATCGCATTAG-1-1",0.214685690389056,"Dana_WT","Prss34","10"
"TCGCTCATCTACGGTA-1-1",0.380008965923961,"Dana_WT","Ly86","1"
"TCGCTCATCTTTCAGT-1-1",0.00589138319910942,"Dana_WT","Ly86","0"
"TCGCTTGAGCTGACAG-1-1",5.85189645877279,"Dana_WT","Car1","5"
"TCGCTTGCACTGTGAT-1-1",1.02577556842529,"Dana_WT","Gstm1/CD63","1"
"TCGCTTGGTCAGACTT-1-1",2.7208077287488,"Dana_WT","Car1","5"
"TCGCTTGGTGACCTGC-1-1",8.95190641577655,"Dana_WT","Hba-a2","6"
"TCGCTTGGTTTCGGCG-1-1",0.216566084402159,"Dana_WT","CD34","7"
"TCGCTTGTCCCTTTGG-1-1",0.809233878785526,"Dana_WT","Ly86","0"
"TCGCTTGTCCGTCCTA-1-1",0.0551232859840856,"Dana_WT","Car1","3"
"TCGGATACAGACAAGC-1-1",0.0722063178783408,"Dana_WT","Car1","5"
"TCGGATAGTGCAACGA-1-1",1.34485130699507,"Dana_WT","Unannotated","9"
"TCGGATAGTTGATGTC-1-1",2.27455864295279,"Dana_WT","Gstm1/CD63","1"
"TCGGATAGTTTCGGCG-1-1",8.72600898138253,"Dana_WT","Hba-a2","6"
"TCGGATATCCAGTTCC-1-1",0.636701069215797,"Dana_WT","CD34","7"
"TCGGATATCTCCAAGA-1-1",0.0422111244593718,"Dana_WT","Ly86","0"
"TCGGATATCTCCGAGG-1-1",2.17964081361544e-06,"Dana_WT","Ly86","0"
"TCGGATATCTGGCTGG-1-1",0.0526885014852742,"Dana_WT","Car1","5"
"TCGGGACAGAATCGAT-1-1",0.0953672480865497,"Dana_WT","Car1","9"
"TCGGGACAGCTCAGAG-1-1",0.452482704716825,"Dana_WT","Ly86","0"
"TCGGGACCAAGGATGC-1-1",3.7226234717666,"Dana_WT","Car1","5"
"TCGGGACCACCAAAGG-1-1",0.0604673923561809,"Dana_WT","Ly86","0"
"TCGGGACCAGCAGGAT-1-1",0.0190975285967347,"Dana_WT","Ly86","0"
"TCGGGACCAGCAGTAG-1-1",0.134767778268381,"Dana_WT","CD34","0"
"TCGGGACCATCCTAAG-1-1",0.0123078400667123,"Dana_WT","CD34","0"
"TCGGGACGTCTATGAC-1-1",1.27779125861604,"Dana_WT","CD34","10"
"TCGGGACGTTTGAACC-1-1",0.179289270669672,"Dana_WT","Prss34","10"
"TCGGGACTCCATCAGA-1-1",0.091020144415991,"Dana_WT","Gstm1/CD63","1"
"TCGGGACTCCATGAGT-1-1",0.437074623358058,"Dana_WT","Car1","3"
"TCGGGCAAGAAAGCGA-1-1",5.85363628908948,"Dana_WT","Car1","6"
"TCGGGCACACGGTGCT-1-1",0.0269921360202647,"Dana_WT","Car1","6"
"TCGGGCACAGCGAGTA-1-1",0.0526885478606106,"Dana_WT","Car1","5"
"TCGGGCACAGGTTTAC-1-1",0.902732210635649,"Dana_WT","Car1","5"
"TCGGGCACAGTGCGCT-1-1",0.398878756943559,"Dana_WT","CD34","0"
"TCGGGCAGTCTCTCTG-1-1",0.0204466136206385,"Dana_WT","CD34","0"
"TCGGGCAGTTGCTCAA-1-1",1.03754788833545,"Dana_WT","Gstm1/CD63","1"
"TCGGGCATCAGGGATG-1-1",0.0647340582902998,"Dana_WT","Prss34","10"
"TCGGGCATCGGACGTC-1-1",0.902732257010986,"Dana_WT","Car1","9"
"TCGGGCATCGTTTACT-1-1",0.0526885942359471,"Dana_WT","Car1","5"
"TCGGGCATCTTCCCGA-1-1",8.83544838891848,"Dana_WT","Hba-a2","6"
"TCGGGTGAGAACTTCC-1-1",0.0367536450179116,"Dana_WT","Car1","9"
"TCGGGTGAGCAGGCTA-1-1",0.987738613834499,"Dana_WT","CD34","10"
"TCGGGTGAGTATTCCG-1-1",1.02335431470435,"Dana_WT","Gstm1/CD63","1"
"TCGGGTGCAGTCGGTC-1-1",0.0526886406112835,"Dana_WT","Car1","5"
"TCGGGTGCATTCTTCA-1-1",8.94207825398205,"Dana_WT","Hba-a2","6"
"TCGGGTGGTATGGGAC-1-1",0.200830777516042,"Dana_WT","Gstm1/CD63","1"
"TCGGGTGGTCACTTAG-1-1",9.41419330136029e-06,"Dana_WT","Cd74","15"
"TCGGGTGGTGGTAACG-1-1",0.00190835566361142,"Dana_WT","Gstm1/Ly86","13"
"TCGGGTGGTTATTCTC-1-1",0.0996339575305363,"Dana_WT","Gstm1/CD63","1"
"TCGGGTGTCTGGCCAG-1-1",0.685761862609482,"Dana_WT","Car1","5"
"TCGGTCTAGAATCGAT-1-1",0.0021932242091196,"Dana_WT","Ly86","13"
"TCGGTCTAGACATGCG-1-1",0.902732303386322,"Dana_WT","Car1","5"
"TCGGTCTCAGCAGTCC-1-1",0.0281618417219338,"Dana_WT","Fcnb","1"
"TCGGTCTCATAATGAG-1-1",0.157506606910666,"Dana_WT","CD34","7"
"TCGGTCTGTGGACTGA-1-1",2.18626455203788,"Dana_WT","Gstm1/CD63","1"
"TCGGTCTTCGACGACC-1-1",0.038927745826274,"Dana_WT","Ly86","13"
"TCGGTCTTCTTGCAAG-1-1",0.127030464429633,"Dana_WT","Car1","3"
"TCGTAGAAGCCTATCA-1-1",0.324553813117069,"Dana_WT","Pf4","3"
"TCGTAGAAGCGCCGTT-1-1",7.9015145491184,"Dana_WT","Hba-a2","6"
"TCGTAGAAGGTCTACT-1-1",0.344998074204805,"Dana_WT","Car1","5"
"TCGTAGACAGTATTCG-1-1",7.27229232347283,"Dana_WT","Hba-a2","6"
"TCGTAGAGTAACCAGG-1-1",0.00160636179468399,"Dana_WT","Ly86","0"
"TCGTAGAGTCACTAGT-1-1",0.29397856728757,"Dana_WT","Ly86","0"
"TCGTAGATCGGCTGGT-1-1",2.29038288822901,"Dana_WT","Gstm1/CD63","1"
"TCGTAGATCTCCCATG-1-1",0.362552350680636,"Dana_WT","Car1","5"
"TCGTCCAAGTAAGACT-1-1",0.902732349761659,"Dana_WT","Car1","5"
"TCGTCCACAACACTAC-1-1",10.1762159577178,"Dana_WT","Hba-a2","6"
"TCGTCCAGTAGCGCTC-1-1",0.0307933609893553,"Dana_WT","Ly86","0"
"TCGTCCAGTAGGACCA-1-1",0.55861718552912,"Dana_WT","Fcnb","1"
"TCGTCCATCGGTCATA-1-1",5.85363633546481,"Dana_WT","Car1","6"
"TCGTGCTGTACTTCCC-1-1",3.2462735521932e-07,"Dana_WT","CD34","9"
"TCGTGCTGTCTTTCTA-1-1",0.0568875249809198,"Dana_WT","Ly86","7"
"TCGTGCTGTGCCCGTA-1-1",0.00330066653428651,"Dana_WT","Car1","9"
"TCGTGCTGTGGAACCA-1-1",10.3681904274906,"Dana_WT","Hba-a2","6"
"TCGTGCTGTTGAGGAC-1-1",0.0235841728708077,"Dana_WT","Ly86","0"
"TCGTGCTTCGAGAAAT-1-1",0.527785681426636,"Dana_WT","Ly86","0"
"TCGTGCTTCGCCAATA-1-1",0.484541769732106,"Dana_WT","Ly86","0"
"TCGTGGGAGCAATAAC-1-1",0.0149690125224888,"Dana_WT","Ly86","7"
"TCGTGGGAGCACTCAT-1-1",0.38926094936563,"Dana_WT","Gstm1/Ly86","0"
"TCGTGGGAGCATGAAT-1-1",8.19876775718332,"Dana_WT","Car1","6"
"TCGTGGGCAAGATGGC-1-1",7.84222456487387,"Dana_WT","Car1","6"
"TCGTGGGCACGGTGCT-1-1",17.5887573141694,"Dana_WT","Ltf","12"
"TCGTGGGCAGCTGTAT-1-1",0.05268868698662,"Dana_WT","Car1","5"
"TCGTGGGCATCTATCT-1-1",0.388827579965586,"Dana_WT","Prss34","10"
"TCGTGGGGTGTTACAC-1-1",0.0526887333619565,"Dana_WT","Car1","5"
"TCGTGGGGTTCGTAAC-1-1",0.257082370294681,"Dana_WT","CD34","7"
"TCGTGGGGTTGCATTG-1-1",7.49587906449997,"Dana_WT","Car1","6"
"TCGTGGGTCATTCTTG-1-1",0.0526887797372929,"Dana_WT","Car1","5"
"TCGTGGGTCCTCACCA-1-1",0.347458365740413,"Dana_WT","Gstm1/CD63","1"
"TCGTGGGTCGCAATGT-1-1",0.586140995013646,"Dana_WT","Prss34","10"
"TCGTGGGTCGGTTGTA-1-1",0.0123078864420487,"Dana_WT","Ly86","0"
"TCTAACTAGCAAATGT-1-1",0.0559745326760508,"Dana_WT","Ly86","0"
"TCTAACTAGTGCGTCC-1-1",0.0389276994509375,"Dana_WT","CD34","7"
"TCTAACTGTAGCTAAA-1-1",0.342650758724108,"Dana_WT","Ly86","0"
"TCTAACTGTCGTAATC-1-1",0.798320943313856,"Dana_WT","Ly86","0"
"TCTAACTGTGGACTGA-1-1",5.11071880079265,"Dana_WT","Car1","6"
"TCTAACTTCACGAACT-1-1",0.41941827243658,"Dana_WT","Gstm1/CD63","1"
"TCTAACTTCGTACCTC-1-1",0.154507071158991,"Dana_WT","Ly86","0"
"TCTACATAGATCCCGC-1-1",0.0332509938099363,"Dana_WT","Car1","11"
"TCTACATAGTGGACTG-1-1",0.419455776556182,"Dana_WT","CD34","9"
"TCTACATGTCCGACGT-1-1",9.36781796490038e-06,"Dana_WT","Cd74","13"
"TCTACATTCATGAAAG-1-1",9.32144262844048e-06,"Dana_WT","Vpreb1","0"
"TCTACCGAGAAGGTAG-1-1",0.0170447472113826,"Dana_WT","Pf4","9"
"TCTACCGCACACCTGG-1-1",0.361806348394996,"Dana_WT","Ly86","0"
"TCTACCGCAGGGAATC-1-1",0.487317484678156,"Dana_WT","Gstm1/CD63","1"
"TCTACCGCAGTTAGAA-1-1",0.0507725355260791,"Dana_WT","Ly86","0"
"TCTACCGCATACCAGT-1-1",2.13326547715553e-06,"Dana_WT","Gstm1/Ly86","0"
"TCTACCGCATGTTTGG-1-1",0.000630388268631377,"Dana_WT","Ly86","0"
"TCTACCGTCTTGGTCC-1-1",0.0959639423432153,"Dana_WT","Ly86","0"
"TCTATACAGCCTTCTC-1-1",0.00432859794915574,"Dana_WT","Car1","11"
"TCTATACAGTCATGAA-1-1",0.00318468922295978,"Dana_WT","CD34","3"
"TCTATACAGTCTTCCC-1-1",9.91542120522999,"Dana_WT","Hba-a2","6"
"TCTATACAGTTATGGA-1-1",0.0220549572705138,"Dana_WT","Ly86","0"
"TCTATACCACAAATCC-1-1",0.166709671926444,"Dana_WT","Car1","5"
"TCTATACCACGTGAGA-1-1",0.0526888261126294,"Dana_WT","Car1","5"
"TCTATACCACTCGATA-1-1",8.64570081281549,"Dana_WT","Car1","6"
"TCTATACCAGGACTAG-1-1",0.00868608393469916,"Dana_WT","Prss34","10"
"TCTATACGTACTGACT-1-1",0.116586053035804,"Dana_WT","Gstm1/CD63","1"
"TCTATACTCATTTGCT-1-1",0.574266636118282,"Dana_WT","Ly86","0"
"TCTATACTCCGACGGT-1-1",2.5287708515782,"Dana_WT","Car1","5"
"TCTATACTCTTTCTAG-1-1",2.08689014069563e-06,"Dana_WT","Ly86","0"
"TCTATCAAGCGTGTTT-1-1",0.0170447935867191,"Dana_WT","Pf4","9"
"TCTATCACAGACCAAG-1-1",9.27506729198058e-06,"Dana_WT","Cd74","15"
"TCTATCACAGCCGTCA-1-1",0.171813253298048,"Dana_WT","Unannotated","7"
"TCTATCATCATTGCGA-1-1",8.14463070727132,"Dana_WT","Car1","6"
"TCTATCATCTCCCAAC-1-1",0.113912154924838,"Dana_WT","Gstm1/Ly86","0"
"TCTCACGAGGTAGATT-1-1",1.29850942087728e-06,"Dana_WT","Gstm1/CD63","1"
"TCTCACGAGGTTCATC-1-1",4.63753364599029e-08,"Dana_WT","Gstm1/CD63","1"
"TCTCACGCAATTTCCT-1-1",0.0846728574867093,"Dana_WT","Gstm1/CD63","1"
"TCTCACGCACACCTTC-1-1",0.0285566040487644,"Dana_WT","Ly86","0"
"TCTCACGCAGACCTAT-1-1",6.4925471043864e-07,"Dana_WT","Gstm1/CD63","1"
"TCTCACGCAGCCCAGT-1-1",0.00167671423624327,"Dana_WT","Gstm1/CD63","1"
"TCTCACGCAGGACATG-1-1",0.0559645456270288,"Dana_WT","Gstm1/CD63","1"
"TCTCACGCAGGTGAGT-1-1",0.435514783261224,"Dana_WT","Ly86","0"
"TCTCACGTCGGCTATA-1-1",0.0681543384700123,"Dana_WT","Car1","6"
"TCTCAGCAGCATGATA-1-1",0.0675838945403506,"Dana_WT","CD34","0"
"TCTCAGCCAGAGGCAT-1-1",0.238023615538538,"Dana_WT","CD34","0"
"TCTCAGCCATCGAGCC-1-1",0.0813008060918521,"Dana_WT","Ly86","0"
"TCTCAGCGTGCCAAGA-1-1",0.0533698014969975,"Dana_WT","Ly86","7"
"TCTCAGCTCAATGTCG-1-1",0.292875476688234,"Dana_WT","Car1","5"
"TCTCAGCTCCATTTAC-1-1",0.702865435837552,"Dana_WT","Car1","5"
"TCTCAGCTCGACTCCT-1-1",0.0426510286941346,"Dana_WT","Car1","5"
"TCTCCGAAGAATCTAG-1-1",0.435514829636561,"Dana_WT","Ly86","0"
"TCTCCGAAGACACACG-1-1",8.34917575678151,"Dana_WT","Car1","6"
"TCTCCGAAGCAATAGT-1-1",0.0250492627341278,"Dana_WT","Pf4","11"
"TCTCCGACATCCCACT-1-1",0.235352815280609,"Dana_WT","Gstm1/CD63","1"
"TCTCCGAGTAAGATAC-1-1",0.0169873282090488,"Dana_WT","Car1","5"
"TCTCCGAGTTGAAGTA-1-1",6.4925471043864e-07,"Dana_WT","CD34","0"
"TCTCCGAGTTTGGAGG-1-1",6.71728815928315,"Dana_WT","Car1","11"
"TCTCCGATCACTCTTA-1-1",2.04051480423573e-06,"Dana_WT","Ly86","0"
"TCTCTGGAGTTTGTCG-1-1",1.18272520039269,"Dana_WT","Gstm1/Ly86","0"
"TCTCTGGGTCATGACT-1-1",0.112885776854692,"Dana_WT","Car1","5"
"TCTCTGGGTTCACGAT-1-1",9.27506729198058e-08,"Dana_WT","Car1","3"
"TCTCTGGTCAACGCTA-1-1",1.34488475733718e-06,"Dana_WT","Gstm1/CD63","1"
"TCTCTGGTCCTGGCTT-1-1",2.78252018759417e-07,"Dana_WT","Ly86","7"
"TCTCTGGTCTCTTAAC-1-1",1.56944999636366e-05,"Dana_WT","Ly86","0"
"TCTGCCACAATGGCCC-1-1",0.020446567245302,"Dana_WT","CD34","0"
"TCTGCCACACCAGGTC-1-1",1.39126009379709e-06,"Dana_WT","Gstm1/CD63","1"
"TCTGCCAGTAACACGG-1-1",0.505447138773148,"Dana_WT","Car1","10"
"TCTGCCATCAAGTCTG-1-1",1.02208434199492,"Dana_WT","Fcnb","1"
"TCTGCCATCAGGAAAT-1-1",0.0312637524463646,"Dana_WT","Prss34","10"
"TCTGCCATCATTTGCT-1-1",1.43763543025699e-06,"Dana_WT","Gstm1/CD63","1"
"TCTGCCATCTGCGGCA-1-1",0.00122611839458492,"Dana_WT","CD34","7"
"TCTGGCTAGGCACTCC-1-1",2.15860651517899,"Dana_WT","Gstm1/CD63","1"
"TCTGGCTAGTAGTCCT-1-1",0.119268654735688,"Dana_WT","Pf4","9"
"TCTGGCTGTCTAGGTT-1-1",0.103446752071304,"Dana_WT","Prss34","10"
"TCTGGCTGTGAATGTA-1-1",0.14877811043283,"Dana_WT","CD34","0"
"TCTGGCTGTTGCCGAC-1-1",1.20894451909805,"Dana_WT","Ly86","0"
"TCTGGCTTCAACTCTT-1-1",0.0204465208699656,"Dana_WT","CD34","0"
"TCTGGCTTCACTGGGC-1-1",2.72080777512413,"Dana_WT","Car1","5"
"TCTGGCTTCAGCTAGT-1-1",5.91936809760319,"Dana_WT","Car1","5"
"TCTGGCTTCCATAAGC-1-1",0.99316067005786,"Dana_WT","Gstm1/CD63","1"
"TCTGGCTTCTCGACGG-1-1",0.00219317783378314,"Dana_WT","Gstm1/Ly86","13"
"TCTGTCGAGAGATGCC-1-1",1.57243221535146,"Dana_WT","Ly86","1"
"TCTGTCGAGCACACAG-1-1",0.0526888724879658,"Dana_WT","Car1","9"
"TCTGTCGAGCTAGAAT-1-1",7.49587911087531,"Dana_WT","Car1","6"
"TCTGTCGCAACCGTAT-1-1",0.000611315452809597,"Dana_WT","Gstm1/Ly86","7"
"TCTGTCGCACATGACT-1-1",8.95501744752257,"Dana_WT","Hba-a2","6"
"TCTGTCGCAGTCGGTC-1-1",1.48401076671689e-06,"Dana_WT","Gstm1/CD63","1"
"TCTGTCGCATTGAAAG-1-1",8.21428407888924,"Dana_WT","Hba-a2","6"
"TCTGTCGTCGCTACAA-1-1",0.310128157952171,"Dana_WT","Car1","5"
"TCTTAGTAGATGATTG-1-1",0.457253142084393,"Dana_WT","Ly86","1"
"TCTTAGTCAATGTCTG-1-1",0.357439128845502,"Dana_WT","Car1","5"
"TCTTAGTGTACAGTCT-1-1",2.45747501657105,"Dana_WT","Car1","5"
"TCTTAGTGTCAATGGG-1-1",1.63677727950063,"Dana_WT","Car1","5"
"TCTTAGTGTGGCAGAT-1-1",0.947375674261079,"Dana_WT","Ly86","0"
"TCTTAGTTCAAGGCTT-1-1",0.0901222024835133,"Dana_WT","Car1","5"
"TCTTAGTTCCCAGGAC-1-1",4.27029068407839,"Dana_WT","Car1","5"
"TCTTCCTCAACCAATC-1-1",0.832070425736148,"Dana_WT","Car1","9"
"TCTTCCTCACACAGCC-1-1",0.0526889188633023,"Dana_WT","Car1","5"
"TCTTCCTGTTCCCAAA-1-1",2.72658372702875,"Dana_WT","Car1","5"
"TCTTGCGAGCGTCGAA-1-1",7.89250704820593,"Dana_WT","Car1","6"
"TCTTGCGAGCTAGCCC-1-1",0.874504905049619,"Dana_WT","Car1","5"
"TCTTGCGAGGGAGGAC-1-1",0.0526889652386388,"Dana_WT","Car1","5"
"TCTTGCGCAAATTAGG-1-1",0.0460879781095651,"Dana_WT","Prss34","10"
"TCTTGCGCAGACCTGC-1-1",0.0112784210721429,"Dana_WT","Ly86","0"
"TCTTGCGCAGCACCCA-1-1",0.0526890116139752,"Dana_WT","Car1","5"
"TCTTGCGGTACTGACT-1-1",0,"Dana_WT","Gstm1/CD63","1"
"TCTTGCGGTATCAGGG-1-1",0.0229697636060386,"Dana_WT","Gstm1/CD63","1"
"TCTTGCGGTATCTTCT-1-1",0.00432855157381928,"Dana_WT","Car1","11"
"TCTTGCGGTGATTGGG-1-1",0.116014277549421,"Dana_WT","CD34","0"
"TCTTGCGTCAACACCA-1-1",9.27506729198058e-08,"Dana_WT","Car1","9"
"TCTTGCGTCCTTATGT-1-1",7.49587915725065,"Dana_WT","Car1","6"
"TCTTTGAAGATTGACA-1-1",0,"Dana_WT","Ly86","0"
"TCTTTGACAATCGTCA-1-1",0.0753102858473378,"Dana_WT","Car1","10"
"TCTTTGAGTATTCCTT-1-1",0.00904430150200164,"Dana_WT","Pf4","9"
"TCTTTGAGTGAGTAAT-1-1",0.0973601106942107,"Dana_WT","Gstm1/Ly86","0"
"TCTTTGATCACCCTCA-1-1",3.93935673827255,"Dana_WT","Car1","9"
"TCTTTGATCATAGACC-1-1",0.463942335073072,"Dana_WT","Pf4","9"
"TGAACGTAGAGCAGCT-1-1",0.902732396136995,"Dana_WT","Car1","5"
"TGAACGTAGAGGACTC-1-1",0.100827435645011,"Dana_WT","Ly86","0"
"TGAACGTAGAGTCTTC-1-1",0.435514876011897,"Dana_WT","Gstm1/Ly86","0"
"TGAACGTAGCTAGATA-1-1",0.0526890579893117,"Dana_WT","Car1","9"
"TGAACGTAGTGCCAGA-1-1",0.0440350890127029,"Dana_WT","CD34","7"
"TGAACGTTCGTAGTGT-1-1",2.73288424117135,"Dana_WT","Car1","5"
"TGAACGTTCTAACGCA-1-1",0.0047137927741201,"Dana_WT","Ly86","0"
"TGAATCGAGCATCAAA-1-1",0.0159482471076547,"Dana_WT","Ly86","0"
"TGAATCGCAGTAGAGC-1-1",0.0526891043646481,"Dana_WT","Car1","5"
"TGAATCGGTAATTAGG-1-1",0.344998120580142,"Dana_WT","Car1","5"
"TGAATCGGTAGGGAGG-1-1",7.19102365119459,"Dana_WT","Hba-a2","6"
"TGAATCGGTTAGGCCC-1-1",0.00219313145844668,"Dana_WT","CD34","7"
"TGAATGCAGGGAGATA-1-1",0.148563695429094,"Dana_WT","Ly86","7"
"TGAATGCCACCCAAGC-1-1",0.349425789547945,"Dana_WT","Gstm1/CD63","1"
"TGAATGCCATGGGATG-1-1",0.0155359535345665,"Dana_WT","Ly86","13"
"TGAATGCGTACTTGTG-1-1",0.455465158527133,"Dana_WT","Prss34","10"
"TGAATGCTCCCATTCG-1-1",1.99413946777582e-06,"Dana_WT","Ly86","0"
"TGAATGCTCTGCTCTG-1-1",0.00734151853622533,"Dana_WT","Ly86","7"
"TGACAGTAGGAAAGAC-1-1",0.0569357946740603,"Dana_WT","Car1","3"
"TGACAGTCAGCTTTGA-1-1",0.157438148214145,"Dana_WT","Gstm1/CD63","1"
"TGACAGTCATGGTACT-1-1",0.00491630709013968,"Dana_WT","Ly86","0"
"TGACAGTGTCCCGTGA-1-1",4.05442945631621,"Dana_WT","Car1","5"
"TGACAGTGTGCCCACA-1-1",1.14686382800509,"Dana_WT","Prg2","10"
"TGACAGTTCCACATAG-1-1",0.00432850519848282,"Dana_WT","Gstm1/Ly86","11"
"TGACAGTTCGAGTCTA-1-1",0.0569357482987238,"Dana_WT","Car1","6"
"TGACAGTTCGGTTAGT-1-1",0.0526891507399846,"Dana_WT","Car1","9"
"TGACCCTCAAGGTCAG-1-1",0.172190242182319,"Dana_WT","Gstm1/CD63","1"
"TGACCCTCACTTTATC-1-1",0.413003663463926,"Dana_WT","Ly86","0"
"TGACCCTGTATGGTTC-1-1",0.0277659627539526,"Dana_WT","Car1","5"
"TGACCCTGTCGTTGCG-1-1",0.0380327742024638,"Dana_WT","Ly86","0"
"TGACCCTGTGCGGATA-1-1",0.944799312968759,"Dana_WT","Pf4","9"
"TGACCCTTCATCACCC-1-1",0.275133088930006,"Dana_WT","CD34","7"
"TGACCCTTCCGATGCG-1-1",0.104179690884477,"Dana_WT","Prss34","10"
"TGACGCGAGGAATGTT-1-1",0.457804647418109,"Dana_WT","Prss34","10"
"TGACGCGAGGGATGTC-1-1",0.00747679671834356,"Dana_WT","Car1","9"
"TGACGCGGTACTTCCC-1-1",0.0526891971153211,"Dana_WT","Car1","9"
"TGACGCGGTGAGCTCC-1-1",0.111764918975248,"Dana_WT","Ly86","0"
"TGACTCCAGAATAACC-1-1",0.00330071290962297,"Dana_WT","CD34","9"
"TGACTCCAGATAGCAT-1-1",4.1157866979892,"Dana_WT","Car1","5"
"TGACTCCAGGTGATAT-1-1",7.20019379763697,"Dana_WT","Car1","6"
"TGACTCCGTCAGCTTA-1-1",0.3125277580323,"Dana_WT","Ly86","0"
"TGACTCCGTGTCCCTT-1-1",0.00589142957444588,"Dana_WT","Gstm1/Ly86","0"
"TGACTCCTCAATCGGT-1-1",0.0874849002658178,"Dana_WT","CD34","0"
"TGACTCCTCCATACTT-1-1",0.0978766654722774,"Dana_WT","Unannotated","10"
"TGACTCCTCCTACAAG-1-1",0.0473689749710509,"Dana_WT","Ly86","0"
"TGACTCCTCGCCATAA-1-1",1.5303861031768e-06,"Dana_WT","Gstm1/CD63","1"
"TGAGACTAGTCATGGG-1-1",9.22869195552067e-06,"Dana_WT","Cd74","15"
"TGAGACTCACTGCATA-1-1",0.233482355393018,"Dana_WT","CD34","7"
"TGAGACTCAGCATTGT-1-1",5.85363638184015,"Dana_WT","Car1","6"
"TGAGACTGTAGGTCAG-1-1",0.186781036100899,"Dana_WT","Ly86","7"
"TGAGACTTCCCTCTTT-1-1",0.874504951424956,"Dana_WT","Car1","5"
"TGAGACTTCTTCCACG-1-1",2.31876682299514e-07,"Dana_WT","CD34","7"
"TGAGCATAGATACAGT-1-1",0.176355207187807,"Dana_WT","Pf4","9"
"TGAGCATAGGAAACGA-1-1",8.8951587854729,"Dana_WT","Hba-a2","6"
"TGAGCATCAGTCTCTC-1-1",0.229149022792468,"Dana_WT","Prss34","10"
"TGAGCATGTACGGGAT-1-1",8.84110635508104,"Dana_WT","Hba-a2","6"
"TGAGCATGTGGCTTGC-1-1",0.0708409049761,"Dana_WT","CD34","9"
"TGAGCATGTTGTGCAT-1-1",0.0695698454140543,"Dana_WT","Car1","6"
"TGAGCATTCACACCGG-1-1",0.0170448399620555,"Dana_WT","Pf4","9"
"TGAGCATTCCTTATAC-1-1",0.613168067943153,"Dana_WT","Pf4","9"
"TGAGCATTCGGAATGG-1-1",0.0544501333151463,"Dana_WT","Gstm1/Ly86","0"
"TGAGCGCAGAGTTGAT-1-1",0.00432845882314636,"Dana_WT","Ly86","11"
"TGAGCGCAGCTACGTT-1-1",0.00234160739923439,"Dana_WT","Prss34","10"
"TGAGCGCCAAGGAGTC-1-1",0.0247999060550776,"Dana_WT","Prss34","10"
"TGAGCGCCAGAATGTA-1-1",0.953986405887096,"Dana_WT","Ly86","0"
"TGAGCGCCAGTGGGTA-1-1",0.00106277471064689,"Dana_WT","Ly86","0"
"TGAGCGCCATTGTACG-1-1",0.0526892434906575,"Dana_WT","Car1","5"
"TGAGCGCGTTGCGGCT-1-1",0.0204464744946291,"Dana_WT","CD34","0"
"TGAGCGCTCACCTGTC-1-1",0.00135506259537477,"Dana_WT","Ly86","13"
"TGAGGAGCAAGCGCTC-1-1",0.132670441276805,"Dana_WT","Prss34","10"
"TGAGGAGCATAATCCG-1-1",0.017044886337392,"Dana_WT","Pf4","9"
"TGAGGAGGTAACTTCG-1-1",0.505447185148485,"Dana_WT","Prss34","10"
"TGAGGAGGTAGCCCTG-1-1",1.34008058625804,"Dana_WT","Gstm1/CD63","1"
"TGAGGAGGTGAGGAAA-1-1",2.41676740100566,"Dana_WT","Car1","5"
"TGAGGAGGTTCATCTT-1-1",3.11621418512476,"Dana_WT","Car1","5"
"TGAGGAGTCGTGCAGC-1-1",18.0929553777611,"Dana_WT","Ltf","12"
"TGAGGAGTCTAGACCA-1-1",0.772031317114207,"Dana_WT","Car1","5"
"TGAGGGACACACGGAA-1-1",1.79956456987206,"Dana_WT","Car1","5"
"TGAGGGAGTAGTAAGT-1-1",0.052689289865994,"Dana_WT","Car1","5"
"TGAGGGAGTGCCTTCT-1-1",16.749175635454,"Dana_WT","Ltf","12"
"TGAGGGAGTTTCGGCG-1-1",0.0170578094549378,"Dana_WT","Ly86","7"
"TGAGGGATCCGCAAAT-1-1",0.362725105164629,"Dana_WT","Pf4","9"
"TGAGGGATCGGCCAAC-1-1",9.4295255682853,"Dana_WT","Hba-a2","6"
"TGAGGGATCTCCAAGA-1-1",0.0942004098079268,"Dana_WT","Gstm1/Ly86","1"
"TGAGGTTAGACCCGCT-1-1",0.00111925739973784,"Dana_WT","Gstm1/Ly86","0"
"TGAGGTTAGGCCTAGA-1-1",0.260835798574059,"Dana_WT","Fcnb","1"
"TGAGGTTCAAGGTACG-1-1",0.137319826114803,"Dana_WT","Car1","5"
"TGAGGTTCACGCACCA-1-1",8.6812212259004,"Dana_WT","Hba-a2","6"
"TGAGGTTCATCCCACT-1-1",0.412698716796151,"Dana_WT","Ly86","0"
"TGAGGTTTCAGGTAAA-1-1",6.01586310763679,"Dana_WT","Car1","5"
"TGAGGTTTCCGATGCG-1-1",1.10240957656373,"Dana_WT","Car1","5"
"TGAGGTTTCCTTCTAA-1-1",3.37125959707068,"Dana_WT","Car1","5"
"TGAGGTTTCTCCTGCA-1-1",0.375474339433042,"Dana_WT","Car1","5"
"TGAGTCAAGAGGATCC-1-1",0.0268687621244435,"Dana_WT","Ly86","0"
"TGAGTCAAGATCCTAC-1-1",9.18231661906077e-06,"Dana_WT","C1qb","7"
"TGAGTCAAGGTACAGC-1-1",0.0526893362413304,"Dana_WT","Car1","9"
"TGAGTCAAGGTAGTCG-1-1",7.06784850675291,"Dana_WT","Car1","6"
"TGAGTCAAGTAGGAAG-1-1",0.0389276530756011,"Dana_WT","CD34","7"
"TGAGTCACACCTGAAT-1-1",0.00266534698526089,"Dana_WT","CD34","10"
"TGAGTCACATGTTTGG-1-1",0.0512356772594602,"Dana_WT","CD34","10"
"TGAGTCAGTATTGCCA-1-1",1.08806071380339,"Dana_WT","CD34","7"
"TGAGTCAGTGCGCTCA-1-1",0.690769706178277,"Dana_WT","CD34","7"
"TGAGTCAGTTTGTGGT-1-1",0.874504997800292,"Dana_WT","Car1","5"
"TGAGTCATCATTGGTG-1-1",0.00986100069422324,"Dana_WT","CD34","0"
"TGAGTCATCCCTCGAT-1-1",0.0440351353880394,"Dana_WT","CD34","7"
"TGAGTCATCTCTCAAT-1-1",9.27506729198058e-08,"Dana_WT","CD34","1"
"TGATCAGAGATGCTGG-1-1",0.0005739437469785,"Dana_WT","Ly86","13"
"TGATCAGAGGTATAGT-1-1",0.0242115052529109,"Dana_WT","Car1","10"
"TGATCAGAGGTCCCGT-1-1",0.672085430645182,"Dana_WT","Ly86","0"
"TGATCAGAGGTTCTTG-1-1",0.0507724891507426,"Dana_WT","Ly86","0"
"TGATCAGCACGGCTAC-1-1",0.0966703333670915,"Dana_WT","Car1","9"
"TGATCAGGTAACGTTC-1-1",0.036753691393248,"Dana_WT","Car1","9"
"TGATCAGGTGGTCTAT-1-1",0.0426509823187982,"Dana_WT","Car1","5"
"TGATCAGTCCGATGTA-1-1",0.0526716844300438,"Dana_WT","CD34","7"
"TGATCAGTCGGCTCTT-1-1",0.00411647980067298,"Dana_WT","Ly86","0"
"TGATCTTAGCCGAACA-1-1",0.00219308508311022,"Dana_WT","CD34","7"
"TGATCTTAGCTCACTA-1-1",2.78252018759417e-07,"Dana_WT","Car1","9"
"TGATCTTCAACTGAAA-1-1",0.0489475097805725,"Dana_WT","Fcnb","1"
"TGATCTTCAAGGTCGA-1-1",2.72849696166394,"Dana_WT","Car1","5"
"TGATCTTCAATTGCTG-1-1",0.0426509359434617,"Dana_WT","Car1","5"
"TGATCTTCACAACCGC-1-1",0.00910796796952518,"Dana_WT","Prss34","10"
"TGATCTTTCAAACTGC-1-1",0.902732442512332,"Dana_WT","Car1","5"
"TGATCTTTCATAGAGA-1-1",4.63753364599029e-08,"Dana_WT","Ly86","0"
"TGATCTTTCCACGAAT-1-1",0.0204464281192926,"Dana_WT","Gstm1/Ly86","0"
"TGATGCAAGGTGGTTG-1-1",0.97176007395362,"Dana_WT","CD34","13"
"TGATGCAAGTTGCCCG-1-1",0.202197576132132,"Dana_WT","Unannotated","7"
"TGATGCACAACTTGGT-1-1",1.27779130499137,"Dana_WT","CD34","10"
"TGATGCACACCGGTCA-1-1",0.597758939400903,"Dana_WT","Car1","3"
"TGATGCATCCATTTAC-1-1",0.327548589753343,"Dana_WT","CD34","7"
"TGATGGTCACTCCTTG-1-1",0.344998166955478,"Dana_WT","Car1","5"
"TGATGGTTCAGGAGAC-1-1",0.0389276067002646,"Dana_WT","Ly86","0"
"TGATGGTTCCACTTTA-1-1",0.0170449327127284,"Dana_WT","Pf4","9"
"TGATTCTAGAATACAC-1-1",1.33066134139354,"Dana_WT","Gstm1/CD63","1"
"TGATTCTAGGAGTATT-1-1",2.27239148653524e-06,"Dana_WT","Car1","4"
"TGATTCTAGGCATCGA-1-1",5.92818957537878,"Dana_WT","Car1","5"
"TGATTCTCAGCCCAGT-1-1",0.0204463817439562,"Dana_WT","CD34","0"
"TGATTTCCACGTAGTT-1-1",9.13594128260087e-06,"Dana_WT","Cd74","15"
"TGATTTCGTCTGGTTA-1-1",0.00904425512666518,"Dana_WT","Pf4","9"
"TGATTTCTCAACCTCC-1-1",0.0428884340617175,"Dana_WT","CD34","0"
"TGATTTCTCAGTCATG-1-1",0.143849138836573,"Dana_WT","Prss34","10"
"TGATTTCTCGCCCAGA-1-1",6.02879373978737e-07,"Dana_WT","Ly86","1"
"TGCACGGCAAATCAAG-1-1",0.355229348659673,"Dana_WT","Car1","5"
"TGCACGGCAATTCTCT-1-1",0.000145160359823815,"Dana_WT","Gstm1/CD63","1"
"TGCACGGCACAAGCAG-1-1",0.0043284124478099,"Dana_WT","Car1","11"
"TGCACGGCAGTCAGAG-1-1",0.0299321798796888,"Dana_WT","CD34","0"
"TGCACGGGTTCGTGCG-1-1",0.164679737913688,"Dana_WT","Gstm1/Ly86","1"
"TGCACGGTCTCTGCCA-1-1",0.0247999524304141,"Dana_WT","Prss34","10"
"TGCAGATAGCAGGCAT-1-1",6.1591715792572,"Dana_WT","Car1","5"
"TGCAGATCATTGTCGA-1-1",7.49587920362598,"Dana_WT","Car1","6"
"TGCAGATGTCCTGTTC-1-1",1.5767614396367e-06,"Dana_WT","Gstm1/CD63","1"
"TGCAGATTCTACGGTA-1-1",4.8786917617034,"Dana_WT","Car1","5"
"TGCAGGCCACCAGACC-1-1",9.08956594614097e-06,"Dana_WT","Cd74","15"
"TGCAGGCCAGGTTCGC-1-1",0.297548278554026,"Dana_WT","Car1","9"
"TGCAGGCCAGTGTGGA-1-1",0.0569357019233874,"Dana_WT","Car1","9"
"TGCAGTAAGCAGCCCT-1-1",5.93731010739727,"Dana_WT","Car1","5"
"TGCAGTACATCCTGTC-1-1",0.0569356555480509,"Dana_WT","Car1","3"
"TGCAGTAGTAAGCGGT-1-1",1.10240962293907,"Dana_WT","Car1","9"
"TGCAGTAGTGGCCCAT-1-1",0.00219303870777376,"Dana_WT","CD34","7"
"TGCAGTATCAAGAGTA-1-1",3.19627745147713,"Dana_WT","Car1","5"
"TGCAGTATCAGCGCGT-1-1",0.446096018478064,"Dana_WT","Prss34","10"
"TGCAGTATCCCGATCT-1-1",2.29842454194119,"Dana_WT","Gstm1/CD63","1"
"TGCAGTATCTTCACAT-1-1",0.0254304260728558,"Dana_WT","Unannotated","10"
"TGCAGTATCTTCCCAG-1-1",0.0252468423858891,"Dana_WT","Fcnb","1"
"TGCATCCAGGGTCAAC-1-1",0.000434453587492944,"Dana_WT","Gstm1/CD63","1"
"TGCATCCCAACAGCTT-1-1",2.31876682299514e-07,"Dana_WT","Car1","9"
"TGCATCCCACTTGGGC-1-1",0.347458412115749,"Dana_WT","Gstm1/CD63","1"
"TGCATCCCAGGCTACC-1-1",0.303288893299069,"Dana_WT","CD34","10"
"TGCATCCGTGTCTTGA-1-1",4.7010788331199,"Dana_WT","Car1","5"
"TGCATCCTCAAGCCAT-1-1",0.122727188203795,"Dana_WT","CD34","0"
"TGCATCCTCACTGTTT-1-1",0.0283788508615408,"Dana_WT","Gstm1/CD63","10"
"TGCATGACACATATCG-1-1",0.0716765225272875,"Dana_WT","Ly86","0"
"TGCATGACAGAACTAA-1-1",0.166687460423338,"Dana_WT","CD34","0"
"TGCATGACAGGTATGG-1-1",0.345104721262091,"Dana_WT","Gstm1/CD63","1"
"TGCATGACAGTCGAGA-1-1",0.0526893826166669,"Dana_WT","Car1","5"
"TGCATGAGTCCACTTC-1-1",0.268315502206094,"Dana_WT","Ly86","0"
"TGCATGAGTGTTATCG-1-1",0.000971955801251867,"Dana_WT","Ly86","0"
"TGCATGATCAGCAGAG-1-1",0.435514922387233,"Dana_WT","Ly86","0"
"TGCCGAGAGACCTGGA-1-1",0.902732488887668,"Dana_WT","Car1","9"
"TGCCGAGAGCCATGCC-1-1",0.561837516392003,"Dana_WT","Ly86","0"
"TGCCGAGAGTCACGCC-1-1",0.631888905737794,"Dana_WT","Car1","5"
"TGCCGAGCAAACCATC-1-1",0.79605553865772,"Dana_WT","Car1","5"
"TGCCGAGCAGGAACCA-1-1",0.0300979253310981,"Dana_WT","CD34","7"
"TGCCGAGGTTGCTTGA-1-1",0.591923723817196,"Dana_WT","Car1","9"
"TGCCGAGTCATGGCCG-1-1",1.6231367760966e-06,"Dana_WT","Gstm1/CD63","1"
"TGCCGAGTCGAGTGGA-1-1",0.0978766190969409,"Dana_WT","Unannotated","10"
"TGCGACGAGGTTATAG-1-1",0.0675839409156871,"Dana_WT","Gstm1/Ly86","13"
"TGCGACGAGTACGTCT-1-1",0.132703722171464,"Dana_WT","Ly86","7"
"TGCGACGCAAGCCCAC-1-1",3.72262351814194,"Dana_WT","Car1","5"
"TGCGACGGTAGGCTGA-1-1",6.91187153640027,"Dana_WT","Car1","9"
"TGCGACGGTCGTCGGT-1-1",0.0367537377685845,"Dana_WT","Car1","9"
"TGCGACGGTCTCCTGT-1-1",0.314325856451562,"Dana_WT","CD34","7"
"TGCGACGGTGAATATG-1-1",4.87276716111816,"Dana_WT","Car1","5"
"TGCGATACACAGTCGC-1-1",5.62036578609093e-05,"Dana_WT","CD34","9"
"TGCGATACAGACCTAT-1-1",6.17598941441805,"Dana_WT","Car1","5"
"TGCGATATCCCTGTTG-1-1",1.85501345839612e-07,"Dana_WT","CD34","13"
"TGCGATATCGGATACT-1-1",0.809233925160862,"Dana_WT","Ly86","0"
"TGCGGCACAATACGCT-1-1",0.83077659195194,"Dana_WT","Prss34","10"
"TGCGGCACAGAAGTGC-1-1",0.0675839872910236,"Dana_WT","CD34","13"
"TGCGGCAGTACGGCAA-1-1",0.348549818734668,"Dana_WT","Gstm1/CD63","1"
"TGCGGCAGTCGCTCGA-1-1",0.0122054525864045,"Dana_WT","CD34","7"
"TGCGGCAGTGCAAGAC-1-1",0.0633184690680779,"Dana_WT","Ly86","1"
"TGCGGCATCCGTCAAA-1-1",0.0526894289920034,"Dana_WT","Car1","5"
"TGCGGGTAGCCTCATA-1-1",8.67482213834318,"Dana_WT","Hba-a2","6"
"TGCGGGTAGTCGCCCA-1-1",0.0204463353686197,"Dana_WT","Unannotated","0"
"TGCGGGTCATCCTATT-1-1",0.215984336650064,"Dana_WT","CD34","7"
"TGCGGGTGTAGCTTAC-1-1",6.90648762310617,"Dana_WT","Car1","6"
"TGCGGGTTCCGTGTGG-1-1",0.290340254962399,"Dana_WT","Car1","5"
"TGCGGGTTCGATAACC-1-1",0.0507724427754062,"Dana_WT","CD34","0"
"TGCGGGTTCTAGACAC-1-1",0.0021929923324373,"Dana_WT","CD34","7"
"TGCGGGTTCTGACAGT-1-1",0.0846729038620457,"Dana_WT","Gstm1/Ly86","13"
"TGCGGGTTCTTCCGTG-1-1",0.0136167585978442,"Dana_WT","Ly86","0"
"TGCGGGTTCTTCTGGC-1-1",0.000548021379347396,"Dana_WT","Ly86","0"
"TGCTCCAAGACAAGCC-1-1",8.84463629868874,"Dana_WT","Hba-a2","6"
"TGCTCCAAGACGCATG-1-1",0.0507723964000697,"Dana_WT","Ly86","0"
"TGCTCCAAGCGTGTTT-1-1",3.01079366076534,"Dana_WT","Car1","5"
"TGCTCCACACGCGTGT-1-1",0.0575254102135998,"Dana_WT","Gstm1/CD63","1"
"TGCTCCACACTGTCCT-1-1",0.340865909990939,"Dana_WT","Ly86","0"
"TGCTCCAGTCCACAGC-1-1",0.0166479323848718,"Dana_WT","Prss34","10"
"TGCTCCAGTGCCAAGA-1-1",0.292862467449541,"Dana_WT","CD34","0"
"TGCTCCATCAGTCATG-1-1",1.27779135136671,"Dana_WT","CD34","10"
"TGCTCCATCGCGGTAC-1-1",0.00792614064965735,"Dana_WT","Car1","9"
"TGCTCCATCTTAGCCC-1-1",0.0718129519409394,"Dana_WT","Ly86","0"
"TGCTCGTAGTCAGCGA-1-1",0.39728914773632,"Dana_WT","Car1","5"
"TGCTCGTCAACTGGTT-1-1",0.0569356091727145,"Dana_WT","Car1","3"
"TGCTCGTCACGCTGTG-1-1",0.0526894753673398,"Dana_WT","Car1","5"
"TGCTCGTCATGGAACG-1-1",0.0426508895681252,"Dana_WT","Car1","5"
"TGCTCGTGTCTTAGTG-1-1",1.6695121125565e-06,"Dana_WT","Gstm1/CD63","1"
"TGCTCGTTCAAAGACA-1-1",9.04319060968106e-06,"Dana_WT","CD34","7"
"TGCTGAAAGAAACTGT-1-1",0.199366062081972,"Dana_WT","Ly86","7"
"TGCTGAAAGCTAAGTA-1-1",0.123832419199113,"Dana_WT","Gstm1/CD63","10"
"TGCTGAAAGCTCCACG-1-1",0.298074924800427,"Dana_WT","Prss34","10"
"TGCTGAAAGGCCCGTT-1-1",9.26266430735643,"Dana_WT","Hba-a2","6"
"TGCTGAACACAATTCG-1-1",8.01266082578184,"Dana_WT","Car1","6"
"TGCTGAACACGCTTAA-1-1",0.206268839733485,"Dana_WT","Siglech","7"
"TGCTGAACAGCATACT-1-1",0.0978765727216044,"Dana_WT","Unannotated","10"
"TGCTGAACATCTCATT-1-1",0.729247861847776,"Dana_WT","Car1","5"
"TGCTGAAGTTGAAGTA-1-1",7.85712593993261,"Dana_WT","Car1","6"
"TGCTGAATCTCGAACA-1-1",15.6922702119476,"Dana_WT","Ltf","12"
"TGCTGAATCTTCTGTA-1-1",3.72262356451728,"Dana_WT","Car1","5"
"TGCTTCGCACAAATAG-1-1",7.07110415698753,"Dana_WT","Car1","6"
"TGCTTCGCACCTGCAG-1-1",0.559231564521532,"Dana_WT","CD34","0"
"TGCTTCGGTGGCTGCT-1-1",6.46916386465205,"Dana_WT","Car1","9"
"TGCTTCGTCCATGAGT-1-1",2.74448054195249,"Dana_WT","Car1","5"
"TGCTTCGTCGACTCCT-1-1",0.0872642536348416,"Dana_WT","Gstm1/Ly86","13"
"TGCTTGCAGAAATCCA-1-1",0.874505044175628,"Dana_WT","Car1","5"
"TGCTTGCAGTCAACAA-1-1",0.322478558546491,"Dana_WT","Car1","9"
"TGCTTGCGTACTAACC-1-1",0,"Dana_WT","CD34","10"
"TGCTTGCGTGACAGCA-1-1",0.00432836607247344,"Dana_WT","Ly86","11"
"TGCTTGCGTGTGAGCA-1-1",0.947375720636416,"Dana_WT","Ly86","0"
"TGCTTGCGTGTTTGCA-1-1",0.343624809055751,"Dana_WT","Gstm1/CD63","13"
"TGCTTGCGTTATGGTC-1-1",2.72080782149947,"Dana_WT","Car1","5"
"TGCTTGCTCAACCGAT-1-1",0.0097926221711353,"Dana_WT","Car1","3"
"TGCTTGCTCGCCTCTA-1-1",0.0648355487669523,"Dana_WT","Car1","5"
"TGGAACTAGAGTCCGA-1-1",0.0175514853799683,"Dana_WT","Prg2","10"
"TGGAACTAGATCACCT-1-1",0.0939446741551233,"Dana_WT","Gstm1/CD63","1"
"TGGAACTAGCACTCGC-1-1",0.056935562797378,"Dana_WT","Car1","3"
"TGGAACTCACCCTGAG-1-1",1.97427714540659,"Dana_WT","Car1","5"
"TGGAACTCAGATTTCG-1-1",4.01534427328891,"Dana_WT","Car1","5"
"TGGAACTGTAGGCAGT-1-1",1.03251856829343,"Dana_WT","Ly86","0"
"TGGAACTGTAGGTACG-1-1",0.097876526346268,"Dana_WT","Prss34","10"
"TGGAGAGAGCCAAGTG-1-1",0.362714873068346,"Dana_WT","Prss34","9"
"TGGAGAGAGCCATGCC-1-1",8.99681527322116e-06,"Dana_WT","C1qb","7"
"TGGAGAGAGCTGAAAT-1-1",0.150736918765312,"Dana_WT","Ly86","0"
"TGGAGAGAGCTTAAGA-1-1",0.0621037625788858,"Dana_WT","Ly86","0"
"TGGAGAGAGGAATGTT-1-1",1.39126009379709e-07,"Dana_WT","Car1","3"
"TGGAGAGCACGCGCTA-1-1",0.144188810825482,"Dana_WT","CD34","7"
"TGGAGGAAGAGTACCG-1-1",0.0526895217426763,"Dana_WT","Car1","5"
"TGGAGGACAAACACCT-1-1",2.46071747672331,"Dana_WT","Car1","5"
"TGGAGGAGTTAAGTCC-1-1",4.67313086006766,"Dana_WT","Car1","5"
"TGGAGGATCTAGTTCT-1-1",0.0360714409159169,"Dana_WT","Fcnb","1"
"TGGAGGATCTGGGATT-1-1",1.90636477084935,"Dana_WT","Car1","5"
"TGGATCAAGATCGCTT-1-1",5.85189650514812,"Dana_WT","Car1","5"
"TGGATCAAGCGGCTCT-1-1",0.0423632592246638,"Dana_WT","Ly86","0"
"TGGATCAAGCTGTCCG-1-1",1.89595187403596,"Dana_WT","Car1","5"
"TGGATCAAGGCACGAT-1-1",0.00734924929802405,"Dana_WT","Ly86","0"
"TGGATCACAAGCAATA-1-1",8.95043993676126e-06,"Dana_WT","Ccl5","7"
"TGGATCACATATGGCT-1-1",2.7967346209516,"Dana_WT","Car1","5"
"TGGATCAGTGTTACTG-1-1",0.0123360814671174,"Dana_WT","CD34","0"
"TGGATCAGTGTTGACT-1-1",0.193717722534945,"Dana_WT","Ly86","13"
"TGGATGTAGCAAACAT-1-1",0.440529772326888,"Dana_WT","Car1","5"
"TGGATGTCAATGTCAC-1-1",0.0179023543798077,"Dana_WT","Pf4","11"
"TGGATGTCATCGTTCC-1-1",1.39126009379709e-07,"Dana_WT","Car1","13"
"TGGATGTCATGAAGCG-1-1",0.00136050347544692,"Dana_WT","Car1","5"
"TGGATGTGTAGTGATA-1-1",2.52065162268766,"Dana_WT","Car1","5"
"TGGATGTGTATCGTAC-1-1",0.00118588394726071,"Dana_WT","Gstm1/Ly86","1"
"TGGATGTGTTCTGAGT-1-1",0.471913585240945,"Dana_WT","Car1","5"
"TGGATGTTCTTCGGTC-1-1",0.00432831969713698,"Dana_WT","Car1","11"
"TGGCGTGAGACGACTG-1-1",0.000787897069943866,"Dana_WT","Gstm1/Ly86","1"
"TGGCGTGAGACGGAAA-1-1",0.00167676061157973,"Dana_WT","Gstm1/CD63","1"
"TGGCGTGAGCCAGAGT-1-1",0.00162897587910604,"Dana_WT","Ly86","0"
"TGGCGTGGTATCTCTT-1-1",0.274829182210903,"Dana_WT","Prss34","10"
"TGGCGTGGTCCACGCA-1-1",0,"Dana_WT","Ly86","0"
"TGGCGTGTCTTAAGGC-1-1",0.0793927418593325,"Dana_WT","Unannotated","0"
"TGGGAAGAGAGAGGTA-1-1",0.0263337769279701,"Dana_WT","CD34","3"
"TGGGAAGCAACCAATC-1-1",16.9401954813678,"Dana_WT","C1qb","13"
"TGGGAAGCAGATTTCG-1-1",0.0477878079587818,"Dana_WT","Car1","9"
"TGGGAAGCAGCTCATA-1-1",0.022885894507467,"Dana_WT","Car1","3"
"TGGGAAGCATTGCCGG-1-1",0.384525693204665,"Dana_WT","Ly86","0"
"TGGGAAGGTGGCTAGA-1-1",0.0123079328173852,"Dana_WT","Ly86","0"
"TGGGAAGTCGAGATAA-1-1",0.0941647135807662,"Dana_WT","Ly86","0"
"TGGGAAGTCGATGCAT-1-1",0.0336008754734366,"Dana_WT","Car1","5"
"TGGGAAGTCTCGGCTT-1-1",0.953986452262432,"Dana_WT","Ly86","0"
"TGGGAGACAACCGCCA-1-1",9.56429184948351,"Dana_WT","Hba-a2","6"
"TGGGAGAGTACAGGTG-1-1",0.19041714093798,"Dana_WT","Gstm1/CD63","10"
"TGGGAGATCTATTTCG-1-1",0.0461567234989899,"Dana_WT","Ly86","0"
"TGGGATTAGAACTCCT-1-1",0.165747826186019,"Dana_WT","Ly86","0"
"TGGGATTCACAAAGTA-1-1",0.0978764799709315,"Dana_WT","Prss34","10"
"TGGGATTCATACAGCT-1-1",0.0740665823940513,"Dana_WT","Car1","5"
"TGGGATTGTAACATAG-1-1",9.09481896766692,"Dana_WT","Hba-a2","6"
"TGGGATTGTCCGGTGT-1-1",0.00666532778984186,"Dana_WT","Prss34","10"
"TGGGATTGTGGCTAGA-1-1",0.0658419718630014,"Dana_WT","CD34","0"
"TGGGATTTCGCGTGCA-1-1",0.0190975749720712,"Dana_WT","CD34","0"
"TGGGCGTAGACATGCG-1-1",0.194911140578179,"Dana_WT","CD34","7"
"TGGGCGTAGCCTCACG-1-1",18.2640060250632,"Dana_WT","Ltf","12"
"TGGGCGTAGTTCCTGA-1-1",0.151740503191467,"Dana_WT","Car1","5"
"TGGGCGTCAAGCGGAT-1-1",16.1320841617474,"Dana_WT","Ltf","12"
"TGGGCGTCACTGGCGT-1-1",0.0170449790880649,"Dana_WT","Pf4","9"
"TGGGCGTCATTGTAGC-1-1",0.0526895681180127,"Dana_WT","Car1","5"
"TGGGCGTGTTGTGTAC-1-1",0.10592245855671,"Dana_WT","CD34","7"
"TGGGCTGAGACCGCCT-1-1",8.11513911190549,"Dana_WT","Car1","6"
"TGGGCTGAGCACTAGG-1-1",8.18585405860905,"Dana_WT","Car1","6"
"TGGGCTGAGGATTACA-1-1",8.90406460030135e-06,"Dana_WT","Cd74","7"
"TGGGCTGCAACACAAA-1-1",0.152674979661914,"Dana_WT","Gstm1/Ly86","13"
"TGGGCTGCAAGTAGTA-1-1",0.318667832944707,"Dana_WT","CD34","7"
"TGGGCTGCAATTGCAC-1-1",9.991075685766,"Dana_WT","Hba-a2","6"
"TGGGCTGGTTTGACAC-1-1",0.944799359344095,"Dana_WT","Pf4","9"
"TGGGCTGTCGGTATGT-1-1",17.537651396015,"Dana_WT","Ltf","12"
"TGGGCTGTCGGTCACG-1-1",0.0263265828537985,"Dana_WT","Ly86","0"
"TGGGCTGTCTCGGCTT-1-1",6.03213284159731,"Dana_WT","Car1","5"
"TGGGTTAAGAAACTAC-1-1",0.0526896144933492,"Dana_WT","Car1","5"
"TGGGTTAAGGCGACAT-1-1",0.448529180214423,"Dana_WT","CD34","0"
"TGGGTTAAGTCCCAGC-1-1",7.13783063155663,"Dana_WT","Car1","6"
"TGGGTTACAGCGCGTT-1-1",0.146602639043576,"Dana_WT","Car1","5"
"TGGGTTAGTAAGCAAT-1-1",0.0527042984805968,"Dana_WT","Car1","3"
"TGGGTTATCCTTCAGC-1-1",0.236383204416345,"Dana_WT","Pf4","9"
"TGGGTTATCGCCAATA-1-1",0.359717616001421,"Dana_WT","Car1","5"
"TGGTACAAGCGTCTCG-1-1",0.0769221664700043,"Dana_WT","Ly86","0"
"TGGTACACAATTGCGT-1-1",5.85363642821549,"Dana_WT","Car1","6"
"TGGTACACACACGGTC-1-1",0.0367537841439209,"Dana_WT","Pf4","9"
"TGGTACACACGTAACT-1-1",0.874505090550965,"Dana_WT","Car1","5"
"TGGTACACAGGACAGT-1-1",0.262835473320576,"Dana_WT","Gstm1/CD63","13"
"TGGTACACAGGGAGAG-1-1",0.0140642634442729,"Dana_WT","Gstm1/Ly86","0"
"TGGTACACATTGCCTC-1-1",0.874505136926301,"Dana_WT","Car1","5"
"TGGTACAGTACCCGCA-1-1",0.0548120578736591,"Dana_WT","Gstm1/CD63","1"
"TGGTACAGTACTGTTG-1-1",0.0170450254634014,"Dana_WT","Pf4","9"
"TGGTACAGTCTTAGTG-1-1",0.902732535263005,"Dana_WT","Car1","9"
"TGGTACATCACCGGTG-1-1",0.00494081566793249,"Dana_WT","Car1","10"
"TGGTACATCCACCCTA-1-1",0.902732581638341,"Dana_WT","Car1","9"
"TGGTAGTAGTATGGAT-1-1",0.0204462889932833,"Dana_WT","CD34","0"
"TGGTAGTCAAACACCT-1-1",0.181448612894414,"Dana_WT","Gstm1/Ly86","1"
"TGGTAGTCAGAGCTAG-1-1",0.898376969055469,"Dana_WT","Prss34","10"
"TGGTAGTCAGCTAACT-1-1",0.0501079469076777,"Dana_WT","Gstm1/CD63","1"
"TGGTAGTGTCCTCCAT-1-1",0.383082184581823,"Dana_WT","Pf4","9"
"TGGTAGTTCCACCTCA-1-1",1.10883935081051,"Dana_WT","Gstm1/CD63","1"
"TGGTAGTTCGATTCCC-1-1",0.948092300575449,"Dana_WT","Ly86","0"
"TGGTGATCAGAAGCTG-1-1",0,"Dana_WT","Car1","5"
"TGGTGATCATGATGCT-1-1",4.03380374900153,"Dana_WT","Car1","5"
"TGGTGATGTCACCCTT-1-1",0.0306973303030417,"Dana_WT","Prss34","10"
"TGGTGATGTGCGGCTT-1-1",0.696200726875536,"Dana_WT","Car1","5"
"TGGTGATTCCTGTACC-1-1",3.16639078454994,"Dana_WT","Car1","5"
"TGGTGATTCGTACCTC-1-1",0.0569355164220415,"Dana_WT","Car1","3"
"TGGTTAGAGCAGAAAG-1-1",0.129198246224506,"Dana_WT","Pf4","9"
"TGGTTAGAGCTCTTCC-1-1",0.415036255599276,"Dana_WT","Prss34","10"
"TGGTTAGAGGCCTGAA-1-1",5.85363647459082,"Dana_WT","Car1","13"
"TGGTTAGCAAGAATGT-1-1",0.902732628013677,"Dana_WT","Car1","5"
"TGGTTAGCAGCTGTAT-1-1",0,"Dana_WT","Ly86","0"
"TGGTTAGCAGTCTTCC-1-1",8.64570085919083,"Dana_WT","Hba-a2","6"
"TGGTTAGCATTGAAAG-1-1",0.292862513824878,"Dana_WT","CD34","0"
"TGGTTAGGTAAGATCA-1-1",0.0526896608686857,"Dana_WT","Car1","5"
"TGGTTAGGTACCACGC-1-1",0.0123079791927216,"Dana_WT","Ly86","0"
"TGGTTAGGTCATCGCG-1-1",0.271971103840524,"Dana_WT","Gstm1/Ly86","0"
"TGGTTAGGTCTGTGCG-1-1",0.125268369263812,"Dana_WT","Ly86","7"
"TGGTTAGGTGGCTTAT-1-1",0.0687831950071021,"Dana_WT","Ly86","7"
"TGGTTAGGTGTCCGTG-1-1",3.99785491402944,"Dana_WT","Car1","5"
"TGGTTAGGTGTCTAAC-1-1",0.0526897072440221,"Dana_WT","Car1","5"
"TGGTTAGTCATCGACA-1-1",0.0328662540563495,"Dana_WT","Ly86","0"
"TGGTTAGTCATGCCCT-1-1",0.702865482212888,"Dana_WT","Car1","5"
"TGGTTAGTCTACGGTA-1-1",0.0526897536193586,"Dana_WT","Car1","5"
"TGTAACGGTAATGTGA-1-1",0.052689799994695,"Dana_WT","Car1","9"
"TGTAACGGTATGAAAC-1-1",7.90100244301692,"Dana_WT","Hba-a2","6"
"TGTAACGGTATGATCC-1-1",0.00219294595710084,"Dana_WT","Ly86","7"
"TGTAACGGTCGCGTCA-1-1",0.43516268400908,"Dana_WT","Gstm1/CD63","1"
"TGTAACGGTTACGATC-1-1",0.0996415886374978,"Dana_WT","Car1","5"
"TGTAACGGTTCGGTCG-1-1",0.518671045225606,"Dana_WT","Gstm1/CD63","1"
"TGTAACGGTTGCATTG-1-1",0.0978764335955951,"Dana_WT","Car1","10"
"TGTAACGTCGGATAAA-1-1",2.74501073860016,"Dana_WT","Car1","5"
"TGTAAGCGTCCACGCA-1-1",0.156192335947963,"Dana_WT","Prss34","10"
"TGTAAGCGTGCTGTCG-1-1",8.36178141790754,"Dana_WT","Hba-a2","6"
"TGTACAGAGTCAAGCG-1-1",0.00904420875132872,"Dana_WT","Pf4","9"
"TGTACAGAGTTGGAGC-1-1",2.44562583856822,"Dana_WT","Gstm1/CD63","1"
"TGTACAGCAATAACGA-1-1",0.0569354700467051,"Dana_WT","Car1","3"
"TGTACAGGTACTGTTG-1-1",0.06758403366636,"Dana_WT","CD34","7"
"TGTACAGGTCACCGCA-1-1",1.48183102066667,"Dana_WT","Gstm1/CD63","1"
"TGTACAGGTCCCGGTA-1-1",0.287378059346963,"Dana_WT","Fcnb","1"
"TGTACAGTCAGGACGA-1-1",0.355186746459602,"Dana_WT","Car1","5"
"TGTACAGTCGATGCAT-1-1",0.0556122045631763,"Dana_WT","Car1","5"
"TGTAGACAGACCCGCT-1-1",0.505447231523821,"Dana_WT","Prss34","10"
"TGTAGACAGCTCTTCC-1-1",0.952574933678065,"Dana_WT","Gstm1/Ly86","0"
"TGTAGACCAATTGCCA-1-1",0.265553400223417,"Dana_WT","Gstm1/CD63","1"
"TGTAGACCAGGCATGA-1-1",0.181625497882458,"Dana_WT","Gstm1/CD63","1"
"TGTAGACGTCCTTAAG-1-1",0.00432827332180052,"Dana_WT","Hba-a2","11"
"TGTAGACGTGTCATGT-1-1",0.0495684290026051,"Dana_WT","Car1","5"
"TGTAGACTCAACTCTT-1-1",0.0170450718387378,"Dana_WT","Pf4","9"
"TGTAGACTCGAGAGCA-1-1",8.85768926384145e-06,"Dana_WT","Cd74","15"
"TGTCAGAAGTAAATGC-1-1",0.0440351817633758,"Dana_WT","CD34","7"
"TGTCAGACATACCAGT-1-1",7.23209057157343,"Dana_WT","Car1","6"
"TGTCAGAGTACTGCCG-1-1",0.215117203223112,"Dana_WT","CD34","0"
"TGTCAGAGTGGCCTCA-1-1",0.113467234790431,"Dana_WT","CD34","0"
"TGTCAGAGTGGTTTAC-1-1",0.596561929568076,"Dana_WT","Prss34","10"
"TGTCAGAGTGTTACTG-1-1",0.0270084841778266,"Dana_WT","Ly86","0"
"TGTCAGAGTTAAGCAA-1-1",0.412082279919325,"Dana_WT","Ly86","0"
"TGTCAGAGTTCTTGCC-1-1",0.095088936040715,"Dana_WT","CD34","1"
"TGTCAGATCAGACCCG-1-1",0.225221613248634,"Dana_WT","Ly86","0"
"TGTCAGATCGGAATGG-1-1",7.91707681766081,"Dana_WT","Car1","6"
"TGTCAGATCGGCTTCT-1-1",7.87278254883379,"Dana_WT","Hba-a2","6"
"TGTCCACAGCCGATTT-1-1",3.07527750251683,"Dana_WT","Car1","5"
"TGTCCACAGTCTACCA-1-1",3.72262361089261,"Dana_WT","Car1","5"
"TGTCCACCAAATCGGG-1-1",8.94207830035738,"Dana_WT","Hba-a2","6"
"TGTCCACCAACAACAA-1-1",0.098658255295214,"Dana_WT","Gstm1/CD63","1"
"TGTCCACCAGCTGTCG-1-1",0.192595885241828,"Dana_WT","CD34","7"
"TGTCCACCATAATCCG-1-1",0.0553749223848272,"Dana_WT","Car1","5"
"TGTCCACGTCTCAGGC-1-1",0.947375767011752,"Dana_WT","Ly86","0"
"TGTCCACGTGATGGCA-1-1",0.0867103640891489,"Dana_WT","Gstm1/Ly86","1"
"TGTCCACGTTCTATCT-1-1",1.26927636763649,"Dana_WT","Gstm1/CD63","1"
"TGTCCACTCAGCTGAT-1-1",1.26927641401183,"Dana_WT","Gstm1/CD63","1"
"TGTCCACTCTTGAGCA-1-1",0.378286553249728,"Dana_WT","Ly86","0"
"TGTCCCAAGAATAACC-1-1",0.0367538305192574,"Dana_WT","Car1","9"
"TGTCCCAAGACGCAGT-1-1",8.14794965419687,"Dana_WT","Hba-a2","6"
"TGTCCCAAGCGTGAGT-1-1",0.0867423851073545,"Dana_WT","Ly86","0"
"TGTCCCACAATTCTTC-1-1",0.922228734770899,"Dana_WT","CD34","10"
"TGTCCCACAGCGACCT-1-1",0.953096094420393,"Dana_WT","Ly86","0"
"TGTCCCATCCCAGGCA-1-1",0.0846729502373822,"Dana_WT","Ly86","1"
"TGTCCCATCGTGCAGC-1-1",1.46654622315568,"Dana_WT","Gstm1/CD63","1"
"TGTCCTGAGCTGCGAA-1-1",1.71046391078479,"Dana_WT","Car1","5"
"TGTCCTGAGGCGCTCT-1-1",0.000376060381390875,"Dana_WT","Gstm1/Ly86","13"
"TGTCCTGAGGGTAGCT-1-1",0.0142130329074373,"Dana_WT","Ly86","0"
"TGTCCTGAGTTGGCTT-1-1",0.0526898463700315,"Dana_WT","Car1","5"
"TGTCCTGGTAATACCC-1-1",0.0947407458958538,"Dana_WT","Car1","6"
"TGTCCTGGTGTCCGTG-1-1",0.291138619305459,"Dana_WT","CD34","5"
"TGTCCTGGTTTCAGAC-1-1",0.00924642968581635,"Dana_WT","Ly86","1"
"TGTGAGTGTAAGAACT-1-1",0.686368416240313,"Dana_WT","Car1","5"
"TGTGAGTGTCTTTCTA-1-1",0.897445165453941,"Dana_WT","Ly86","0"
"TGTGAGTGTGTTTGCA-1-1",0.00219289958176438,"Dana_WT","Gstm1/CD63","13"
"TGTGAGTTCGAGTTGT-1-1",0.0507723500247332,"Dana_WT","Ly86","0"
"TGTGAGTTCGCTAAAC-1-1",0.492206499933872,"Dana_WT","Car1","5"
"TGTGATGAGAAGATCT-1-1",0.343735917040925,"Dana_WT","Prss34","10"
"TGTGATGAGAGTATAC-1-1",0.474402607362979,"Dana_WT","Ly86","0"
"TGTGATGAGTGATAGT-1-1",0.285163601007477,"Dana_WT","CD34","0"
"TGTGATGCAGAACTAA-1-1",0.0327121251142803,"Dana_WT","CD34","0"
"TGTGATGCAGCAGATG-1-1",0.343976798066424,"Dana_WT","Ly86","0"
"TGTGATGCAGTAGATA-1-1",0.0526898927453679,"Dana_WT","Car1","5"
"TGTGATGGTCGTAATC-1-1",0.00219285320642792,"Dana_WT","Gstm1/Ly86","7"
"TGTGATGGTGCAGATG-1-1",0.0978763872202586,"Dana_WT","Unannotated","10"
"TGTGATGTCACAATGC-1-1",1.055223229206,"Dana_WT","Prss34","10"
"TGTGATGTCCGACGGT-1-1",8.81716453388663,"Dana_WT","Hba-a2","6"
"TGTGCGGAGAGTACCG-1-1",0.162397618752266,"Dana_WT","Ly86","0"
"TGTGCGGAGAGTGTTA-1-1",0.660853051868347,"Dana_WT","CD34","10"
"TGTGCGGAGCTGAGTG-1-1",0.0846729966127187,"Dana_WT","Ly86","0"
"TGTGCGGAGGCCTAGA-1-1",0.0978763408449221,"Dana_WT","Unannotated","10"
"TGTGCGGCAAATCAAG-1-1",0.140148331748963,"Dana_WT","CD34","7"
"TGTGCGGCAAGGTCGA-1-1",0.10522371634743,"Dana_WT","Gstm1/Ly86","0"
"TGTGCGGGTACTGGGA-1-1",0.22107381465595,"Dana_WT","CD34","0"
"TGTGCGGGTGACTGAG-1-1",0.878129198679297,"Dana_WT","Car1","9"
"TGTGCGGTCGAGTCCG-1-1",0.255277550515835,"Dana_WT","Ly86","0"
"TGTGCGGTCTGAACGT-1-1",6.25773165979337,"Dana_WT","Car1","5"
"TGTGCGGTCTTGTTAC-1-1",0.00432822694646406,"Dana_WT","Gstm1/Ly86","11"
"TGTGGCGCAACAGAGC-1-1",0.203700788837279,"Dana_WT","Prss34","10"
"TGTGGCGCATACGCAT-1-1",0.0569354236713686,"Dana_WT","Pf4","9"
"TGTGGCGTCATGAGAA-1-1",0,"Dana_WT","CD34","0"
"TGTGGCGTCGTTGTGA-1-1",0.344998213330815,"Dana_WT","Car1","5"
"TGTGGCGTCTACCAGA-1-1",0.687818065122995,"Dana_WT","Ly86","0"
"TGTGGCGTCTCAACGA-1-1",0.158785914237051,"Dana_WT","CD34","0"
"TGTGTGAAGTGAACAT-1-1",0.00595728538591932,"Dana_WT","CD34","7"
"TGTGTGAGTATCGCGC-1-1",3.10534467642317,"Dana_WT","Car1","5"
"TGTGTGAGTGCGGTAA-1-1",0.15446866610286,"Dana_WT","Ly86","0"
"TGTGTGATCAACCTTT-1-1",0.0298633846646232,"Dana_WT","Prss34","10"
"TGTGTGATCCATTCAT-1-1",0.202731077008613,"Dana_WT","Ly86","0"
"TGTTACTAGGTCCGAA-1-1",8.94207834673272,"Dana_WT","Hba-a2","6"
"TGTTACTCACACGCCA-1-1",0.0347542752176246,"Dana_WT","Car1","9"
"TGTTACTGTTCTCTAT-1-1",0.0544369275406238,"Dana_WT","Ly86","0"
"TGTTACTTCACGATCA-1-1",0.176923311750153,"Dana_WT","Gstm1/Ly86","0"
"TGTTACTTCGTTCGCT-1-1",0.130368624906675,"Dana_WT","Ly86","0"
"TGTTCATAGCGAACTG-1-1",0.0945278407560194,"Dana_WT","Car1","5"
"TGTTCATAGCTCGACC-1-1",0.145311841821673,"Dana_WT","CD34","9"
"TGTTCATAGGAATTAC-1-1",1.18312703215499,"Dana_WT","Gstm1/CD63","1"
"TGTTCATCAAGGGCAT-1-1",1.26253474942696,"Dana_WT","Gstm1/CD63","1"
"TGTTCATCACGGCTAC-1-1",0.00225497344473813,"Dana_WT","Car1","5"
"TGTTCATGTACGGCAA-1-1",0.0170451182140743,"Dana_WT","Pf4","9"
"TGTTCATTCCGAGCTG-1-1",0.16231790436151,"Dana_WT","Car1","9"
"TGTTCATTCTATCGCC-1-1",0.0189109273755972,"Dana_WT","CD34","0"
"TGTTCATTCTCTGCCA-1-1",0.286410956166557,"Dana_WT","Ly86","0"
"TGTTCCGAGAGCCCAA-1-1",0.0149689661471524,"Dana_WT","Ly86","7"
"TGTTCCGAGATGGCAC-1-1",0.0170451645894107,"Dana_WT","Car1","9"
"TGTTCCGAGCCTCCAG-1-1",0.0418815779403467,"Dana_WT","Ly86","0"
"TGTTCCGAGCCTCTTC-1-1",0.807944874086607,"Dana_WT","CD34","7"
"TGTTCCGAGGTGCTGA-1-1",0.358910063788338,"Dana_WT","Prss34","10"
"TGTTCTACAACCGTAT-1-1",5.85363652096616,"Dana_WT","Car1","6"
"TGTTCTACACACGTGC-1-1",0.305716127362474,"Dana_WT","Ly86","0"
"TGTTCTACACGGGTAA-1-1",9.57937124509185,"Dana_WT","Hba-a2","6"
"TGTTCTACAGGACTAG-1-1",0.375193102604336,"Dana_WT","Car1","9"
"TGTTCTACATATGCGT-1-1",0.0598296979403479,"Dana_WT","Ly86","0"
"TGTTCTAGTCGTGTTA-1-1",1.53719110948613,"Dana_WT","Car1","5"
"TGTTCTATCTGAGGTT-1-1",0.121252006928251,"Dana_WT","Ly86","0"
"TGTTGAGAGATTACCC-1-1",2.74049476531978,"Dana_WT","Car1","5"
"TGTTGAGCACGTCATA-1-1",1.07053515759818,"Dana_WT","Ly86","0"
"TGTTGAGCAGCTGAAG-1-1",0.0526899391207044,"Dana_WT","Car1","5"
"TGTTGAGCATACATCG-1-1",0.0389275603249282,"Dana_WT","CD34","13"
"TGTTGAGCATCCTCAC-1-1",5.81546071952533,"Dana_WT","Car1","5"
"TGTTGAGGTCGCTTAA-1-1",0.978307951305476,"Dana_WT","Car1","4"
"TGTTGAGTCCTCAGAA-1-1",0.782088300405044,"Dana_WT","CD34","10"
"TGTTGAGTCGACGACC-1-1",0.00294184628080818,"Dana_WT","Ly86","0"
"TGTTGAGTCTGCATAG-1-1",0.816947558497353,"Dana_WT","Car1","9"
"TGTTGGAAGGCCCAAA-1-1",16.8771586148911,"Dana_WT","Ltf","12"
"TGTTGGACACCCTAGG-1-1",0.0450291876529565,"Dana_WT","Pf4","11"
"TGTTGGACAGGTGACA-1-1",1.94776413131592e-06,"Dana_WT","Ly86","0"
"TGTTGGAGTACAGTCT-1-1",2.72624694161743,"Dana_WT","Car1","5"
"TGTTGGAGTACGGGAT-1-1",0.00219280683109147,"Dana_WT","CD34","7"
"TGTTGGAGTTATCTGG-1-1",0.163192563032899,"Dana_WT","Ly86","7"
"TGTTGGATCACACCCT-1-1",0.0426508431927888,"Dana_WT","Car1","5"
"TGTTGGATCTCTGCCA-1-1",1.20509070133838,"Dana_WT","Prss34","10"
"TGTTTGTAGCGTTGTT-1-1",0.0389275139495917,"Dana_WT","Ly86","13"
"TGTTTGTAGTGGTTGG-1-1",0.188115196398803,"Dana_WT","Ly86","7"
"TGTTTGTCACTTCCTG-1-1",0.04734665873082,"Dana_WT","CD34","0"
"TGTTTGTGTGCCTGCA-1-1",0.00330075928495943,"Dana_WT","Unannotated","9"
"TGTTTGTGTTCAAGGG-1-1",0.687818111498331,"Dana_WT","Ly86","0"
"TGTTTGTTCAACCCGG-1-1",1.27779139774205,"Dana_WT","CD34","10"
"TGTTTGTTCAGTCTTT-1-1",0.00167680698691619,"Dana_WT","Gstm1/CD63","1"
"TGTTTGTTCCTGTACC-1-1",0.0867330064542364,"Dana_WT","Gstm1/CD63","1"
"TTAATCCAGACAGTCG-1-1",0.0440352281387123,"Dana_WT","CD34","7"
"TTAATCCGTTAGAGAT-1-1",1.38226213160303,"Dana_WT","Gstm1/CD63","1"
"TTAATCCGTTGGTACT-1-1",0.0440352745140488,"Dana_WT","CD34","7"
"TTAATCCTCAGCATTG-1-1",3.72262365726795,"Dana_WT","Car1","5"
"TTAATCCTCCTCTTTC-1-1",0.114889080971932,"Dana_WT","Car1","5"
"TTACAGGCAAACCGGA-1-1",0.809233971536199,"Dana_WT","Gstm1/Ly86","0"
"TTACAGGGTGAATGTA-1-1",0.103520976032534,"Dana_WT","CD34","9"
"TTACAGGGTGGCTTAT-1-1",2.7920951120392,"Dana_WT","Car1","5"
"TTACCATAGAGTGAAG-1-1",0.427425455710203,"Dana_WT","CD34","10"
"TTACCATAGGACATCG-1-1",3.4876114515666,"Dana_WT","Car1","5"
"TTACCATCAACTCCCT-1-1",0.0978762944695857,"Dana_WT","Prss34","10"
"TTACCATCACAATCTG-1-1",0.0440353208893852,"Dana_WT","CD34","7"
"TTACCATGTAGAATAC-1-1",1.36400081423528,"Dana_WT","Car1","5"
"TTACCATGTTCGGGTC-1-1",0.0361259722941424,"Dana_WT","CD34","0"
"TTACCATTCCAAAGGG-1-1",1.00877363284438,"Dana_WT","Gstm1/CD63","1"
"TTACCGCAGGACTTCT-1-1",0.00400438515737767,"Dana_WT","Ly86","0"
"TTACCGCAGTCTGGTT-1-1",0.134388040041075,"Dana_WT","CD34","0"
"TTACCGCCAAATCGTC-1-1",0.0911619294249519,"Dana_WT","Unannotated","7"
"TTACCGCGTACGACTT-1-1",0.115458188451831,"Dana_WT","Ly86","0"
"TTACCGCTCAGTCAGT-1-1",0.0137366180295007,"Dana_WT","CD34","10"
"TTACCGCTCTTCCCGA-1-1",9.52616089304649,"Dana_WT","Hba-a2","6"
"TTACCGCTCTTTGCAT-1-1",1.71588744901641e-06,"Dana_WT","Gstm1/CD63","1"
"TTACGCCAGAACAGGA-1-1",9.27506729198058e-08,"Dana_WT","CD34","7"
"TTACGCCAGTAACAGT-1-1",1.18312707853032,"Dana_WT","Gstm1/CD63","1"
"TTACGCCAGTCCCGGT-1-1",5.15798051981106,"Dana_WT","Car1","5"
"TTACGCCCAAAGGAGA-1-1",0.00269918105357947,"Dana_WT","Gstm1/Ly86","0"
"TTACGCCGTCTACTGA-1-1",0.237954240859163,"Dana_WT","Ly86","7"
"TTACGCCGTTAATCGC-1-1",0.0526899854960409,"Dana_WT","Car1","9"
"TTACGCCTCTTACGGA-1-1",0.0170452109647472,"Dana_WT","Car1","9"
"TTACGCCTCTTCACGC-1-1",0.0826844081556072,"Dana_WT","Car1","5"
"TTACGTTAGCTACTAC-1-1",1.85501345839612e-07,"Dana_WT","CD34","3"
"TTACGTTCAACTGTGT-1-1",0.0247999988057506,"Dana_WT","Prss34","10"
"TTACGTTGTCTCAGGC-1-1",5.85363656734149,"Dana_WT","Car1","6"
"TTACGTTGTGAGACGT-1-1",0.0870157778877848,"Dana_WT","CD34","7"
"TTACGTTGTTCGTTCC-1-1",8.81131392738155e-06,"Dana_WT","Ly86","11"
"TTACGTTGTTTAAGGA-1-1",0.0156771951067847,"Dana_WT","Pf4","9"
"TTACGTTTCCACTAGA-1-1",0.0008084170116478,"Dana_WT","Gstm1/CD63","1"
"TTACGTTTCGACCCAG-1-1",0.00294779542220869,"Dana_WT","CD34","10"
"TTACGTTTCGAGAGAC-1-1",0.11085342688815,"Dana_WT","Gstm1/CD63","1"
"TTACTGTAGCTACTAC-1-1",0.283362461515635,"Dana_WT","Ly86","0"
"TTACTGTCAGCAGTAG-1-1",0.0043281805711276,"Dana_WT","Gstm1/CD63","11"
"TTACTGTCAGTTCACA-1-1",0.198977885609548,"Dana_WT","CD34","7"
"TTACTGTCATAGCACT-1-1",0.0204462426179468,"Dana_WT","Prg2","0"
"TTACTGTGTTACTCAG-1-1",0.289235320902895,"Dana_WT","Fcnb","1"
"TTAGGCACAGCCATTA-1-1",0.0426507968174523,"Dana_WT","Car1","5"
"TTAGGCACATCCCACT-1-1",0.301984046143391,"Dana_WT","Gstm1/CD63","1"
"TTAGGCACATTCTGTT-1-1",0.809234017911535,"Dana_WT","Ly86","0"
"TTAGGCAGTATTTCCT-1-1",5.85363661371683,"Dana_WT","Car1","6"
"TTAGGCAGTGTGAGCA-1-1",1.41063291274679,"Dana_WT","Car1","5"
"TTAGGGTAGAATGTTG-1-1",0.0255711927224623,"Dana_WT","Car1","6"
"TTAGGGTAGGATATGT-1-1",0.217559605899672,"Dana_WT","Ly86","1"
"TTAGGGTCATGGGTTT-1-1",0.337067369022441,"Dana_WT","Ly86","0"
"TTAGGGTGTTGATGTC-1-1",0.770009048531717,"Dana_WT","Gstm1/CD63","1"
"TTAGGGTGTTGTCATG-1-1",0.0461567698743264,"Dana_WT","Ly86","0"
"TTAGGGTTCCTAAGTG-1-1",0.228817168638838,"Dana_WT","Ly86","7"
"TTAGGGTTCTGAGTCA-1-1",0.122782857720175,"Dana_WT","Gstm1/CD63","1"
"TTAGTCTAGATGGTCG-1-1",10.3681904738659,"Dana_WT","Hba-a2","6"
"TTAGTCTAGGCTCTAT-1-1",2.72080786787481,"Dana_WT","Car1","5"
"TTAGTCTAGTAAATGC-1-1",0.194283540926028,"Dana_WT","CD34","7"
"TTAGTCTCATCCAATG-1-1",1.27779144411738,"Dana_WT","CD34","10"
"TTAGTCTTCAAGCCGC-1-1",0.240329838687071,"Dana_WT","Car1","9"
"TTATTGCAGCATACTC-1-1",0.0882546683126886,"Dana_WT","Car1","9"
"TTATTGCCAGACGCTC-1-1",0.0311547952969672,"Dana_WT","CD34","0"
"TTATTGCGTTAACCTG-1-1",8.84463634506408,"Dana_WT","Car1","6"
"TTCAATCAGAGGTGCT-1-1",0.0526900318713773,"Dana_WT","Car1","5"
"TTCAATCAGCATGAAT-1-1",5.85363666009217,"Dana_WT","Car1","6"
"TTCAATCAGTATGGAT-1-1",0.0426507504421159,"Dana_WT","Car1","5"
"TTCAATCCAATGGCAG-1-1",0.393680120450812,"Dana_WT","Ly86","0"
"TTCAATCCACATGACT-1-1",0.00904416237599226,"Dana_WT","Car1","9"
"TTCAATCGTACCTAGT-1-1",0.356009076164973,"Dana_WT","Car1","5"
"TTCAATCGTTGTGTAC-1-1",0.0526900782467138,"Dana_WT","Car1","9"
"TTCAATCTCGCTGATA-1-1",0.0296153767748173,"Dana_WT","Ly86","0"
"TTCACCGAGAACAAGG-1-1",0.126938971128521,"Dana_WT","Car1","5"
"TTCACCGAGCGGCTCT-1-1",8.76493859092164e-06,"Dana_WT","Cd74","15"
"TTCACCGGTGTTCGTA-1-1",0.00732636479131632,"Dana_WT","Unannotated","7"
"TTCACCGTCACCCATC-1-1",0.079092398099085,"Dana_WT","Gstm1/Ly86","1"
"TTCACCGTCCACGAAT-1-1",7.22106231489313,"Dana_WT","Hba-a2","6"
"TTCACCGTCTATTGTC-1-1",0.0123080255680581,"Dana_WT","CD34","0"
"TTCACGCAGCCACAAG-1-1",0.130739492317334,"Dana_WT","Ly86","0"
"TTCACGCCAGACCCGT-1-1",0.335774081659982,"Dana_WT","Prss34","10"
"TTCACGCCATGACTTG-1-1",0.254501719043296,"Dana_WT","Fcnb","1"
"TTCACGCGTTGCCATA-1-1",0.205683961887943,"Dana_WT","Gstm1/CD63","1"
"TTCACGCGTTTCGGCG-1-1",0.0609297793836139,"Dana_WT","CD34","0"
"TTCAGGAAGACGGATC-1-1",7.49587925000132,"Dana_WT","Car1","6"
"TTCAGGACAAGCAATA-1-1",1.90138879485602e-06,"Dana_WT","CD34","1"
"TTCAGGACAGCTATAC-1-1",0.05847846007407,"Dana_WT","CD34","0"
"TTCAGGACATACCACA-1-1",0.0744783711037937,"Dana_WT","CD34","7"
"TTCAGGACATGACTGT-1-1",0.0312075953795281,"Dana_WT","Car1","3"
"TTCAGGAGTGCCCTTT-1-1",8.71856325446174e-06,"Dana_WT","Cd74","15"
"TTCATGTAGATCACTC-1-1",5.8536367064675,"Dana_WT","Car1","5"
"TTCATGTAGCCAGTAG-1-1",0.014127219757348,"Dana_WT","Gstm1/Ly86","0"
"TTCATGTAGGCGTCCT-1-1",0.0542347486322816,"Dana_WT","Gstm1/Ly86","0"
"TTCATGTGTAACACGG-1-1",0.171336253886721,"Dana_WT","CD34","7"
"TTCATGTGTCGGCCTA-1-1",1.36131232361762,"Dana_WT","Gstm1/CD63","1"
"TTCATGTTCAGGTGTT-1-1",0.230846845577192,"Dana_WT","CD34","9"
"TTCATGTTCATACGAC-1-1",0.0170452573400837,"Dana_WT","Car1","9"
"TTCATGTTCGCACGAC-1-1",0.0904361627356016,"Dana_WT","Ly86","1"
"TTCATGTTCTCGTCGT-1-1",0.0569353772960322,"Dana_WT","Car1","3"
"TTCATTGAGTCAGAGC-1-1",0.0294687077987845,"Dana_WT","Gstm1/CD63","1"
"TTCATTGCAGGAGGAG-1-1",1.22563335761026,"Dana_WT","Gstm1/CD63","1"
"TTCATTGCAGTCGGAA-1-1",0.378807854518508,"Dana_WT","Ly86","0"
"TTCATTGCAGTTCACA-1-1",0.0426507040667794,"Dana_WT","Car1","5"
"TTCATTGTCAGTGGGA-1-1",3.11322963962759,"Dana_WT","Car1","5"
"TTCATTGTCGAACTCA-1-1",0.34340129736784,"Dana_WT","Gstm1/Ly86","0"
"TTCATTGTCTGGAGAG-1-1",0.00249154203562285,"Dana_WT","CD34","0"
"TTCCAATAGCTTAGTC-1-1",0.00167685336225265,"Dana_WT","Gstm1/Ly86","1"
"TTCCAATAGTGCCTCG-1-1",0.785061052639986,"Dana_WT","Fcnb","1"
"TTCCAATCACTGTCCT-1-1",0.0440353672647217,"Dana_WT","CD34","7"
"TTCCAATCAGACAAGC-1-1",2.49528506634281,"Dana_WT","Car1","5"
"TTCCAATTCTGAGGTT-1-1",0.789500339472859,"Dana_WT","Car1","5"
"TTCCACGAGACTCGAG-1-1",0.0978762480942492,"Dana_WT","Car1","10"
"TTCCACGAGCCTTTCC-1-1",5.85363675284284,"Dana_WT","Car1","13"
"TTCCACGAGCTCCGAC-1-1",4.63753364599029e-08,"Dana_WT","CD34","7"
"TTCCACGAGGGAGTGG-1-1",1.2236214479373,"Dana_WT","Gstm1/CD63","1"
"TTCCACGAGGTTCAGG-1-1",0.024800045181087,"Dana_WT","Prss34","10"
"TTCCACGCAAAGGCAC-1-1",3.72262370364329,"Dana_WT","Car1","5"
"TTCCACGCAAGGGTCA-1-1",0.00595723901058286,"Dana_WT","CD34","7"
"TTCCACGCAATGACCT-1-1",0.0368755931980176,"Dana_WT","Unannotated","9"
"TTCCACGGTCGATTTG-1-1",0.312527804407636,"Dana_WT","Ly86","0"
"TTCCACGGTTTAAGGA-1-1",0.0939987944508118,"Dana_WT","Gstm1/CD63","1"
"TTCCACGTCAGTCACA-1-1",0.0457211332748668,"Dana_WT","Prss34","10"
"TTCCACGTCCTAGCCT-1-1",0.0400616035912975,"Dana_WT","CD34","0"
"TTCCGGTAGGCAATGC-1-1",8.19257358445525,"Dana_WT","Car1","6"
"TTCCGGTCAATAGAGT-1-1",0.00442737406758986,"Dana_WT","CD34","0"
"TTCCGGTCACGACGAA-1-1",0.160291168705835,"Dana_WT","Car1","10"
"TTCCGGTGTCCAAATC-1-1",1.06091043565886,"Dana_WT","Gstm1/CD63","1"
"TTCCGTGAGGTTAAAC-1-1",0.0440354136400581,"Dana_WT","CD34","7"
"TTCCGTGCAGTTCTAG-1-1",0.0362172662832956,"Dana_WT","Car1","6"
"TTCCGTGCATGACGAG-1-1",5.85363679921818,"Dana_WT","Car1","6"
"TTCCGTGCATTGCCTC-1-1",0.16688711448239,"Dana_WT","CD34","7"
"TTCCGTGGTCCGGCAT-1-1",0.0679099029021966,"Dana_WT","Ly86","0"
"TTCCGTGGTTCATCTT-1-1",0.318194709458017,"Dana_WT","Car1","5"
"TTCCGTGTCCTCAGGG-1-1",0.719881993427219,"Dana_WT","Prss34","10"
"TTCCTAAAGCGCTGCT-1-1",0.343365240581534,"Dana_WT","Ly86","0"
"TTCCTAAAGTGTTCAC-1-1",0.015939670263092,"Dana_WT","CD34","7"
"TTCCTAACAGCAGTTT-1-1",0.000991544585783988,"Dana_WT","Gstm1/Ly86","10"
"TTCCTAAGTAATCAAG-1-1",0.00167689973758911,"Dana_WT","Gstm1/CD63","1"
"TTCCTAATCCGATCGG-1-1",0.404799192071329,"Dana_WT","Prss34","10"
"TTCCTAATCGATCCCT-1-1",0.118092379414552,"Dana_WT","Prg2","10"
"TTCCTAATCGCGTCGA-1-1",0.016860111993074,"Dana_WT","Ly86","0"
"TTCCTAATCGCTTACC-1-1",0.0397772961193381,"Dana_WT","CD34","0"
"TTCCTAATCGTTACCC-1-1",0.0523346641706728,"Dana_WT","Ly86","0"
"TTCCTAATCTGACCCT-1-1",5.85363684559351,"Dana_WT","Car1","6"
"TTCCTCTAGGTAGACC-1-1",7.83180002123266,"Dana_WT","Car1","6"
"TTCCTCTAGTTTGTCG-1-1",0.505447277899158,"Dana_WT","Prss34","10"
"TTCCTCTCAACACAAA-1-1",7.03071190652809,"Dana_WT","Car1","6"
"TTCCTCTCAACCGATT-1-1",0.360993605814518,"Dana_WT","Prss34","10"
"TTCCTCTCACCCTGTT-1-1",0.278547902454354,"Dana_WT","Ly86","7"
"TTCCTCTCATTACGGT-1-1",0.0204461962426103,"Dana_WT","CD34","0"
"TTCCTCTTCATTGTGG-1-1",0.676290190003718,"Dana_WT","Car1","5"
"TTCCTTCCAAACAGGC-1-1",0.00504848119314805,"Dana_WT","Car1","6"
"TTCCTTCGTGTATTGC-1-1",0.542547265766294,"Dana_WT","Car1","5"
"TTCCTTCTCAATCCAG-1-1",0.0526901246220502,"Dana_WT","Car1","5"
"TTCCTTCTCACCATCC-1-1",1.55107272546294,"Dana_WT","Gstm1/CD63","1"
"TTCCTTCTCCCATTTA-1-1",0.0389274675742552,"Dana_WT","Ly86","13"
"TTCGATTAGGAATGTT-1-1",0,"Dana_WT","CD34","7"
"TTCGATTAGGCGCTTC-1-1",0.000731685343728694,"Dana_WT","Ly86","0"
"TTCGATTGTACCCGCA-1-1",7.88121804707533,"Dana_WT","Car1","6"
"TTCGATTGTATCGTGT-1-1",0.170043675573766,"Dana_WT","Car1","5"
"TTCGCTGAGACTCTTG-1-1",0.226099661774295,"Dana_WT","Pf4","9"
"TTCGCTGAGGATCACG-1-1",3.72262375001862,"Dana_WT","Car1","5"
"TTCGCTGCAAAGGCGT-1-1",0.0190976213474077,"Dana_WT","Ly86","0"
"TTCGCTGCAGAAGCTG-1-1",0.0011193037750743,"Dana_WT","Ly86","0"
"TTCGCTGTCAACTGAC-1-1",0.874505183301638,"Dana_WT","Car1","5"
"TTCGCTGTCCTTCTGG-1-1",8.30060544415056,"Dana_WT","Hba-a2","6"
"TTCGGTCAGAGGGCGA-1-1",0.00219276045575501,"Dana_WT","CD34","7"
"TTCGGTCAGGTAAGAG-1-1",0.125527556160685,"Dana_WT","Car1","5"
"TTCGGTCAGTACTGTC-1-1",0.396067898223859,"Dana_WT","Gstm1/CD63","1"
"TTCGGTCCATGTGACT-1-1",3.64540495033388,"Dana_WT","Car1","5"
"TTCGGTCGTCTTACAG-1-1",0.0396823899048214,"Dana_WT","CD34","0"
"TTCGGTCTCAGCGTCG-1-1",0.873085280257018,"Dana_WT","Ly86","0"
"TTCTAACAGAGCAACC-1-1",0.667520721352178,"Dana_WT","Ly86","0"
"TTCTAACCACATTACG-1-1",1.76226278547631e-06,"Dana_WT","Gstm1/CD63","13"
"TTCTAACCAGGGAATC-1-1",1.85501345839612e-07,"Dana_WT","Car1","9"
"TTCTAACCATGGTACT-1-1",0.602988678421598,"Dana_WT","CD34","10"
"TTCTAACGTCCTGGTG-1-1",0.357119622455904,"Dana_WT","Ly86","0"
"TTCTAACGTGCATTAC-1-1",0.0396337553182555,"Dana_WT","Car1","3"
"TTCTAACGTGTATTCG-1-1",1.20332849481073,"Dana_WT","Prss34","10"
"TTCTAACTCAGGAACG-1-1",0.049710425828362,"Dana_WT","Gstm1/CD63","1"
"TTCTAACTCCACTTCG-1-1",16.6554497732145,"Dana_WT","Fcnb","12"
"TTCTAACTCTGCTTAT-1-1",1.07829626599886,"Dana_WT","Ly86","7"
"TTCTAACTCTGGCCTT-1-1",6.56247594690524,"Dana_WT","Car1","5"
"TTCTAGTCAAATCGTC-1-1",0.0526901709973867,"Dana_WT","Car1","5"
"TTCTAGTCACACTGGC-1-1",7.81357140977691,"Dana_WT","Hba-a2","6"
"TTCTAGTCACTGTCGG-1-1",0.295679340280158,"Dana_WT","CD34","7"
"TTCTAGTGTGAAAGTT-1-1",0.00219271408041855,"Dana_WT","Gstm1/Ly86","13"
"TTCTAGTGTGCATTAC-1-1",0.00330080566029589,"Dana_WT","Unannotated","9"
"TTCTAGTTCACTTCTA-1-1",0.0170453037154201,"Dana_WT","Car1","9"
"TTCTCTCAGGTGAGAA-1-1",0.0367538768945939,"Dana_WT","Car1","9"
"TTCTCTCAGTTGCCCG-1-1",6.88500478441425,"Dana_WT","Hba-a2","6"
"TTCTCTCCACACCGAC-1-1",0.0170453500907566,"Dana_WT","Pf4","9"
"TTCTCTCCAGCATCTA-1-1",1.25170942068795,"Dana_WT","Gstm1/CD63","1"
"TTCTCTCGTGAATGTA-1-1",0.0978762017189128,"Dana_WT","CD34","10"
"TTCTCTCTCAGCTGAT-1-1",2.74707300834676,"Dana_WT","Car1","5"
"TTCTCTCTCCCGAGTG-1-1",0.511277261652391,"Dana_WT","CD34","0"
"TTCTCTCTCCGTGCGA-1-1",4.02241937960803,"Dana_WT","Car1","5"
"TTCTGTACATAGGAGC-1-1",5.56504037518835e-07,"Dana_WT","Gstm1/CD63","1"
"TTCTGTAGTGATGTAA-1-1",5.85363689196885,"Dana_WT","Car1","6"
"TTCTGTAGTGCCTTTC-1-1",8.95501749389791,"Dana_WT","Hba-a2","6"
"TTCTGTATCCCGTAAA-1-1",0.00164391929650332,"Dana_WT","Gstm1/CD63","1"
"TTCTTCCAGCATAGGC-1-1",1.80863812193621e-06,"Dana_WT","Fcnb","1"
"TTCTTCCAGTGATCGG-1-1",0.0190976677227441,"Dana_WT","Ly86","0"
"TTCTTCCGTGGAATGC-1-1",0.0846730429880551,"Dana_WT","Gstm1/Ly86","1"
"TTCTTCCTCTCTTGCG-1-1",4.63753364599029e-08,"Dana_WT","Gstm1/CD63","1"
"TTCTTGAAGATGCTTC-1-1",0.136527471934994,"Dana_WT","CD34","7"
"TTCTTGAAGCGCTTCG-1-1",16.4216749169696,"Dana_WT","Ltf","12"
"TTCTTGAGTACTGACT-1-1",5.85189655152346,"Dana_WT","Car1","6"
"TTCTTGAGTGTGCCTG-1-1",0.164162356357961,"Dana_WT","Car1","5"
"TTCTTGAGTTCCACAA-1-1",0.114564577722764,"Dana_WT","CD34","0"
"TTCTTGATCGCTCTCA-1-1",1.85501345839612e-06,"Dana_WT","Ly86","0"
"TTGAACGGTTAAACAG-1-1",8.67218791800184e-06,"Dana_WT","Cd74","15"
"TTGAACGTCAGACCCG-1-1",0.902732674389014,"Dana_WT","Car1","5"
"TTGAACGTCCACATAG-1-1",0.289235367278231,"Dana_WT","Fcnb","1"
"TTGACCCAGTGAACAT-1-1",0.874505229676974,"Dana_WT","Car1","5"
"TTGACCCCAATAGTAG-1-1",1.82027290641912,"Dana_WT","Gstm1/CD63","1"
"TTGACCCCACCACATA-1-1",0.120976291455448,"Dana_WT","Ly86","0"
"TTGACCCGTATTGACC-1-1",0.556930336463722,"Dana_WT","Gstm1/CD63","1"
"TTGACCCTCCTAGCGG-1-1",2.73940415938414,"Dana_WT","Car1","5"
"TTGACCCTCTTCGATT-1-1",0.372758113495122,"Dana_WT","CD34","0"
"TTGAGTGAGACATATG-1-1",2.74121324065025,"Dana_WT","Car1","5"
"TTGAGTGAGGTTCCAT-1-1",0.245037716631479,"Dana_WT","Car1","9"
"TTGAGTGCAAGCGAGT-1-1",0.0204461498672739,"Dana_WT","CD34","0"
"TTGAGTGCAGCACACC-1-1",0.0440354600153946,"Dana_WT","CD34","7"
"TTGAGTGCATTGAAGA-1-1",0.0274776939237491,"Dana_WT","Ly86","0"
"TTGAGTGGTACGAGTG-1-1",8.19876780355866,"Dana_WT","Car1","6"
"TTGAGTGTCAGGAAGC-1-1",0.00842451816006529,"Dana_WT","Ly86","0"
"TTGAGTGTCTAATTCC-1-1",0.00219266770508209,"Dana_WT","CD34","7"
"TTGAGTGTCTCTTGCG-1-1",0.398147228293416,"Dana_WT","Car1","9"
"TTGATGGAGAATCGCG-1-1",0.874505276052311,"Dana_WT","Car1","5"
"TTGATGGAGGTCGTAG-1-1",0.0818739091165973,"Dana_WT","Pf4","9"
"TTGATGGGTAGCTTAC-1-1",2.22538931479481,"Dana_WT","Gstm1/CD63","1"
"TTGATGGGTCACATTG-1-1",1.7327195028739,"Dana_WT","Gstm1/CD63","1"
"TTGATGGGTGCGAGTA-1-1",0.947375813387089,"Dana_WT","Ly86","0"
"TTGATGGGTGGATACG-1-1",0.0569353309206957,"Dana_WT","Car1","3"
"TTGATGGGTTGGACTT-1-1",0.017045396466093,"Dana_WT","Pf4","9"
"TTGATGGTCAAGCCCG-1-1",0.0440355063907311,"Dana_WT","CD34","7"
"TTGATGGTCATTCGTT-1-1",1.80863812193621e-06,"Dana_WT","Ly86","0"
"TTGATGGTCCTGTTAT-1-1",0.000732067329115377,"Dana_WT","Ly86","0"
"TTGCATTAGACAGCTG-1-1",0.00589147594978234,"Dana_WT","Ly86","0"
"TTGCATTCACAATTCG-1-1",0,"Dana_WT","CD34","0"
"TTGCATTCAGTGACCC-1-1",0.0170454428414295,"Dana_WT","Pf4","9"
"TTGCATTCATGCCGGT-1-1",7.92591357047907,"Dana_WT","Car1","6"
"TTGCATTTCGTTTACT-1-1",7.49587929637666,"Dana_WT","Car1","6"
"TTGCCTGAGACATGCG-1-1",6.88412294323381,"Dana_WT","Car1","6"
"TTGCCTGAGTGGTTCT-1-1",0.953986498637769,"Dana_WT","Ly86","0"
"TTGCCTGCAAGTGACG-1-1",0.416397062345188,"Dana_WT","Gstm1/CD63","1"
"TTGCCTGGTATACCCA-1-1",0.0569352845453592,"Dana_WT","Car1","3"
"TTGCCTGGTCTACAGT-1-1",0.290114000182242,"Dana_WT","CD34","7"
"TTGCCTGGTTGCAACT-1-1",0,"Dana_WT","CD34","9"
"TTGCCTGTCCCGTAAA-1-1",0.586141041388983,"Dana_WT","Prss34","10"
"TTGCCTGTCCCGTGAG-1-1",0.0157545140224031,"Dana_WT","CD34","0"
"TTGCCTGTCCTCTGCA-1-1",2.72080791425014,"Dana_WT","Car1","5"
"TTGCGTCAGAGATTCA-1-1",0.141935760126992,"Dana_WT","CD34","0"
"TTGCGTCAGATCGGTG-1-1",1.85501345839612e-06,"Dana_WT","Gstm1/CD63","1"
"TTGCGTCAGCATCAGG-1-1",2.15860656155433,"Dana_WT","Fcnb","1"
"TTGCGTCCAACACAAA-1-1",9.57937129146719,"Dana_WT","Hba-a2","6"
"TTGCGTCCAAGTGGCA-1-1",0.0426506576914429,"Dana_WT","Car1","5"
"TTGCGTCCAGGTATGG-1-1",0.393154599481556,"Dana_WT","Unannotated","10"
"TTGCGTCCATGAGAAT-1-1",0.0270785907169309,"Dana_WT","Car1","9"
"TTGCGTCGTTGTCTAG-1-1",4.8539528845865,"Dana_WT","Car1","5"
"TTGCGTCTCAGGAACG-1-1",3.04740140453535,"Dana_WT","Car1","5"
"TTGCGTCTCTACCACC-1-1",3.13488929749322,"Dana_WT","Car1","5"
"TTGCTGCAGAGATGCC-1-1",8.93742515849446,"Dana_WT","Hba-a2","6"
"TTGCTGCGTCAGTCCG-1-1",0.171813299673385,"Dana_WT","CD34","7"
"TTGCTGCGTTATGGTC-1-1",0.14307147328783,"Dana_WT","Unannotated","7"
"TTGCTGCTCATGCGGC-1-1",0.0203008499406983,"Dana_WT","Ly86","0"
"TTGGATGCACTTACAG-1-1",0.0526902173727232,"Dana_WT","Car1","5"
"TTGGATGTCCTACCAC-1-1",0.179282884192756,"Dana_WT","Ly86","0"
"TTGGGATAGCCATGCC-1-1",1.60251111722631,"Dana_WT","Car1","5"
"TTGGGATAGGCCATAG-1-1",1.39126009379709e-07,"Dana_WT","Car1","9"
"TTGGGATCAGTCTCTC-1-1",0.017045489216766,"Dana_WT","Car1","9"
"TTGGGATCATTCAGGT-1-1",7.23846449260018,"Dana_WT","Car1","6"
"TTGGGATTCATTACCT-1-1",0.0898864336390797,"Dana_WT","Gstm1/CD63","1"
"TTGGGATTCGAAGGAC-1-1",0.46116100345402,"Dana_WT","Ly86","0"
"TTGGGCGCAGACTGCC-1-1",0.0287012213643087,"Dana_WT","Unannotated","10"
"TTGGGCGGTAAGACCG-1-1",0.254488839426684,"Dana_WT","Ly86","0"
"TTGGGCGTCGACATCA-1-1",0.821910201357713,"Dana_WT","Car1","5"
"TTGGGTAAGTAACAGT-1-1",0.0426506113161065,"Dana_WT","Car1","5"
"TTGGGTACACGGGCTT-1-1",10.3681905202413,"Dana_WT","Hba-a2","6"
"TTGGGTACAGGGAATC-1-1",0.0526902637480596,"Dana_WT","Car1","5"
"TTGGGTACAGTCCGTG-1-1",0.412485366999459,"Dana_WT","Car1","5"
"TTGGGTAGTGTCTTCC-1-1",0.0526903101233961,"Dana_WT","Car1","9"
"TTGGGTATCAAGGTGG-1-1",0.0169577551460034,"Dana_WT","Car1","6"
"TTGGGTATCACTGTTT-1-1",0.107234227269236,"Dana_WT","Gstm1/Ly86","1"
"TTGGGTATCGCACGAC-1-1",0.00353549319310087,"Dana_WT","Ly86","0"
"TTGGTTTAGTTAACAG-1-1",0.0962111348076817,"Dana_WT","CD34","0"
"TTGGTTTCACAATGCT-1-1",4.74272203477686,"Dana_WT","Car1","5"
"TTGGTTTCACATGACT-1-1",0.681516850644661,"Dana_WT","Car1","5"
"TTGGTTTCAGAGGCTA-1-1",0.0526903564987325,"Dana_WT","Car1","5"
"TTGGTTTCATCACGGC-1-1",3.10131013322356,"Dana_WT","Car1","5"
"TTGGTTTCATGTGCTA-1-1",0.149762682982495,"Dana_WT","Unannotated","7"
"TTGGTTTGTGTGTGGA-1-1",0.171813346048721,"Dana_WT","Unannotated","7"
"TTGTGGAAGGAAACGA-1-1",0.302926772323457,"Dana_WT","Gstm1/Ly86","13"
"TTGTGGACATTAAGCC-1-1",0.315519633329424,"Dana_WT","Ly86","0"
"TTGTGGAGTAATTGGA-1-1",0.0440355527660675,"Dana_WT","CD34","7"
"TTGTGGAGTCGAGCAA-1-1",0.437120258032962,"Dana_WT","Car1","5"
"TTGTGTTAGAGTCCGA-1-1",0.108827967683999,"Dana_WT","Car1","5"
"TTGTGTTAGCATGCAG-1-1",0.0540795236132228,"Dana_WT","CD34","0"
"TTGTGTTCATGCCATA-1-1",6.95630046898543e-07,"Dana_WT","CD34","0"
"TTGTGTTGTCGCATGC-1-1",0.946114936933217,"Dana_WT","Car1","5"
"TTGTGTTGTCGTGGTC-1-1",0.00219262132974563,"Dana_WT","Gstm1/Ly86","13"
"TTGTGTTGTGACAGCA-1-1",0.0633185154434144,"Dana_WT","Gstm1/CD63","1"
"TTGTGTTGTGTCCCTT-1-1",0.0265615802502959,"Dana_WT","Gstm1/CD63","1"
"TTGTGTTTCAGGTAAA-1-1",0.262158693669872,"Dana_WT","Prss34","10"
"TTGTGTTTCATCGGGC-1-1",8.64454918247005,"Dana_WT","Car1","6"
"TTGTGTTTCCCGAGTG-1-1",0.0233423489647264,"Dana_WT","CD34","0"
"TTGTGTTTCCTGCTAC-1-1",0.286883148550105,"Dana_WT","Car1","5"
"TTGTGTTTCGAGCCAC-1-1",7.42005383358446e-07,"Dana_WT","Ly86","0"
"TTGTGTTTCTCAGGCG-1-1",0.120027458165505,"Dana_WT","Gstm1/CD63","1"
"TTGTTCAAGCGACCCT-1-1",0.0376323621701312,"Dana_WT","CD34","0"
"TTGTTCAAGTTCCGTA-1-1",0.874505322427647,"Dana_WT","Car1","5"
"TTGTTCACAAGAGGTC-1-1",7.19380631806057,"Dana_WT","Car1","6"
"TTGTTCACAAGTAGTA-1-1",0.134043895610739,"Dana_WT","CD34","13"
"TTGTTCACATTCTGTT-1-1",0.502267995636171,"Dana_WT","Fcnb","1"
"TTGTTCAGTATCGTTG-1-1",0.949790666198712,"Dana_WT","Gstm1/Ly86","0"
"TTGTTCAGTGCGGTAA-1-1",1.03661211524136,"Dana_WT","Fcnb","1"
"TTGTTCATCATCCTAT-1-1",1.18312712490566,"Dana_WT","Gstm1/CD63","1"
"TTGTTCATCGAGCCAC-1-1",0.203925245891428,"Dana_WT","Prss34","10"
"TTGTTCATCTTAGTTC-1-1",0.0385664951068342,"Dana_WT","Ly86","0"
"TTGTTCATCTTCTTCC-1-1",0.585610395430787,"Dana_WT","Gstm1/CD63","1"
"TTGTTGTAGATGCAGC-1-1",0.06625852651223,"Dana_WT","Gstm1/Ly86","0"
"TTGTTGTAGCATATGA-1-1",0.0204461034919374,"Dana_WT","CD34","0"
"TTGTTGTGTACAGAGC-1-1",0.00790203285340313,"Dana_WT","Car1","9"
"TTGTTGTGTACAGTCT-1-1",0.0179618821866235,"Dana_WT","Ly86","0"
"TTGTTGTGTAGCGTCC-1-1",0.213535421031085,"Dana_WT","Car1","5"
"TTGTTGTTCAAAGAAC-1-1",0.0611781081016436,"Dana_WT","CD34","0"
"TTGTTGTTCCTGTACC-1-1",0.0882985872778317,"Dana_WT","Gstm1/Ly86","1"
"TTGTTTGCATATGCGT-1-1",0.169320763030173,"Dana_WT","Pf4","9"
"TTGTTTGGTACACTCA-1-1",0.00432813419579114,"Dana_WT","Car1","11"
"TTGTTTGGTCCCACGA-1-1",0.691914519817859,"Dana_WT","Car1","5"
"TTGTTTGGTGGAAATT-1-1",8.62581258154194e-06,"Dana_WT","Cd74","7"
"TTGTTTGGTTACCTTT-1-1",0.0675840800416965,"Dana_WT","Ly86","13"
"TTGTTTGTCTTGTTAC-1-1",1.56162996190223,"Dana_WT","Car1","5"
"TTTACCAAGAACAAGG-1-1",8.41622225394253,"Dana_WT","Car1","6"
"TTTACCAAGCAGCAGT-1-1",0.0148161051421128,"Dana_WT","Ly86","0"
"TTTACCAAGGTTCATC-1-1",0.252822677683083,"Dana_WT","CD34","7"
"TTTACCACAACGATTC-1-1",7.89526449485626,"Dana_WT","Car1","6"
"TTTACCACAGACACCC-1-1",0.0397757091520656,"Dana_WT","Gstm1/CD63","1"
"TTTACCACAGCACAGA-1-1",0.0240453429155147,"Dana_WT","Ly86","7"
"TTTACCACAGGTCTCG-1-1",0.216429410345888,"Dana_WT","Ly86","7"
"TTTACCACATGAGGGT-1-1",5.10128701058932e-07,"Dana_WT","Gstm1/Ly86","1"
"TTTACCAGTAACCCGC-1-1",8.57943724508203e-06,"Dana_WT","Fcrla","7"
"TTTACCAGTAACGTTC-1-1",0.0461568162496628,"Dana_WT","Ly86","0"
"TTTACCAGTAGTGTGG-1-1",1.90138879485602e-06,"Dana_WT","Gstm1/CD63","1"
"TTTACCAGTATGGAGC-1-1",1.45291094219018,"Dana_WT","Fcnb","1"
"TTTACCAGTTCTCGCT-1-1",1.1024096693144,"Dana_WT","Car1","9"
"TTTACCATCAAGAGTA-1-1",0.317714651674405,"Dana_WT","Gstm1/CD63","1"
"TTTACCATCCTCTTTC-1-1",0.223423481576475,"Dana_WT","Prss34","10"
"TTTACCATCTTGCAGA-1-1",0.0630751459730838,"Dana_WT","Gstm1/Ly86","0"
"TTTACGTAGAATCGCG-1-1",2.31876682299514e-07,"Dana_WT","Car1","3"
"TTTACGTAGTATGGAT-1-1",0.0594384428363951,"Dana_WT","Car1","5"
"TTTACGTAGTCTCCTC-1-1",0.00432808782045468,"Dana_WT","Car1","11"
"TTTACGTCAATTGCAC-1-1",0.241191443503321,"Dana_WT","CD34","13"
"TTTACTGAGACGCATG-1-1",2.15860660792967,"Dana_WT","Gstm1/CD63","1"
"TTTACTGAGCCGCTTG-1-1",7.11287067240034,"Dana_WT","Car1","6"
"TTTACTGAGGCGTCCT-1-1",0.0170455355921024,"Dana_WT","Pf4","9"
"TTTACTGAGTAAGCAT-1-1",1.26081350757005,"Dana_WT","Gstm1/CD63","1"
"TTTACTGCAACCGTGC-1-1",0.121654499486468,"Dana_WT","Prss34","10"
"TTTACTGCAAGGGCAT-1-1",0.052690402874069,"Dana_WT","Car1","9"
"TTTACTGGTTAATGAG-1-1",0.0526904492494055,"Dana_WT","Car1","9"
"TTTACTGTCTCGTTTA-1-1",1.01647705492284,"Dana_WT","Gstm1/CD63","1"
"TTTAGTCAGATCGCTT-1-1",0.0377369697502619,"Dana_WT","CD34","0"
"TTTAGTCCAAAGGGTC-1-1",0.0248909424869104,"Dana_WT","CD34","0"
"TTTAGTCCAACCACAT-1-1",0.0308599189191795,"Dana_WT","Pf4","3"
"TTTAGTCCAACGGTAG-1-1",6.99088149191827,"Dana_WT","Car1","6"
"TTTAGTCGTAGGCTGA-1-1",1.61648328065708,"Dana_WT","Car1","5"
"TTTAGTCGTCTAGATC-1-1",8.84969487970054,"Dana_WT","Hba-a2","6"
"TTTAGTCTCTACCACC-1-1",0.265825252269229,"Dana_WT","CD34","10"
"TTTAGTCTCTTGGAAC-1-1",0.0846730893633916,"Dana_WT","Ly86","1"
"TTTATGCAGCCATATC-1-1",2.72080796062548,"Dana_WT","Car1","5"
"TTTATGCAGTGAGCCA-1-1",0.0226632063533665,"Dana_WT","CD34","0"
"TTTCACAAGACGGAAA-1-1",0.0157399994602891,"Dana_WT","CD34","7"
"TTTCACAAGGAAGTCC-1-1",0.0149689197718159,"Dana_WT","Ly86","7"
"TTTCACACAAAGGTTA-1-1",0.215227009473743,"Dana_WT","Gstm1/Ly86","1"
"TTTCACACAAATGAAC-1-1",0.0111431612450816,"Dana_WT","Ly86","0"
"TTTCACACAACGGCTC-1-1",0.0170455819674389,"Dana_WT","Pf4","9"
"TTTCACACAGGTAGTG-1-1",0.150843128260519,"Dana_WT","Car1","9"
"TTTCACAGTAACTAAG-1-1",0.00432804144511822,"Dana_WT","Pf4","11"
"TTTCACAGTAGGTAGC-1-1",0.874505368802984,"Dana_WT","Car1","5"
"TTTCACATCAATGCAC-1-1",0.020446057116601,"Dana_WT","CD34","0"
"TTTCACATCGACATCA-1-1",0.951377467758153,"Dana_WT","Ly86","0"
"TTTCAGTAGAATCCCT-1-1",0.344998259706151,"Dana_WT","Car1","5"
"TTTCAGTAGTTCTACG-1-1",0.0569352381700228,"Dana_WT","Pf4","9"
"TTTCAGTCAAGGCTTT-1-1",6.22643173877945,"Dana_WT","Car1","5"
"TTTCAGTCACAGCTGC-1-1",0.105632258281089,"Dana_WT","CD34","7"
"TTTCAGTCAGATTAAG-1-1",1.07606405157481,"Dana_WT","Gstm1/CD63","1"
"TTTCAGTCATATCGGT-1-1",0.332246895693772,"Dana_WT","Ly86","0"
"TTTCAGTGTCTTCCGT-1-1",0.0569351917946863,"Dana_WT","Car1","9"
"TTTCAGTTCGTCTACC-1-1",0.0258090425852745,"Dana_WT","Car1","6"
"TTTCATGAGACCTCAT-1-1",0.0192573945786154,"Dana_WT","Ly86","0"
"TTTCATGAGACGAGCT-1-1",0.0507723036493968,"Dana_WT","CD34","0"
"TTTCATGAGGATACGC-1-1",9.66161089760161,"Dana_WT","Hba-a2","6"
"TTTCATGCACGACGTC-1-1",4.65404653931463,"Dana_WT","Car1","5"
"TTTCATGCAGAGCTAG-1-1",0.044035599141404,"Dana_WT","CD34","7"
"TTTCATGGTAGTGGCA-1-1",8.15676471560798,"Dana_WT","Car1","6"
"TTTCATGGTGGACTGA-1-1",0.135223063766453,"Dana_WT","Car1","10"
"TTTCATGTCCGCATAA-1-1",0.0978761553435763,"Dana_WT","Car1","10"
"TTTCATGTCGATACTG-1-1",0.0526904956247419,"Dana_WT","Car1","5"
"TTTCATGTCGGCTATA-1-1",0.408986563641755,"Dana_WT","Pf4","9"
"TTTCCTCCAAAGGCTG-1-1",0.0884520567301448,"Dana_WT","CD34","0"
"TTTCCTCCATGACGAG-1-1",0.0798237081589863,"Dana_WT","Ly86","13"
"TTTCCTCGTTCCTACC-1-1",4.04626490834057,"Dana_WT","Car1","5"
"TTTCGATCAACGTAAA-1-1",2.43203151847849,"Dana_WT","Fcnb","1"
"TTTCGATCAGGACATG-1-1",1.41583852953292,"Dana_WT","Car1","5"
"TTTCGATTCACCACAA-1-1",1.17084606554186,"Dana_WT","Gstm1/CD63","1"
"TTTCGATTCATTGCGA-1-1",10.1350270270555,"Dana_WT","Hba-a2","6"
"TTTCGATTCGCTACAA-1-1",0.0170456283427753,"Dana_WT","Pf4","9"
"TTTGACTAGCTAGAGC-1-1",7.09823537496234,"Dana_WT","Hba-a2","6"
"TTTGACTAGGGAGGTG-1-1",0.0192933763109087,"Dana_WT","Ly86","0"
"TTTGACTCACAATGCT-1-1",0.644809585224635,"Dana_WT","Car1","5"
"TTTGACTCACTGCATA-1-1",1.10208743148293,"Dana_WT","Prss34","10"
"TTTGACTCAGGATCTT-1-1",0.0569351454193499,"Dana_WT","Car1","3"
"TTTGACTCAGGATGAC-1-1",0.0667993320989915,"Dana_WT","Prg2","10"
"TTTGACTGTCTTGTCC-1-1",9.27506729198058e-08,"Dana_WT","Gstm1/CD63","1"
"TTTGACTGTTCTCTAT-1-1",0.069324720498988,"Dana_WT","CD34","7"
"TTTGACTGTTGAAGTA-1-1",2.72080800700082,"Dana_WT","Car1","5"
"TTTGACTGTTGTTGAC-1-1",0.117260528204667,"Dana_WT","Gstm1/Ly86","1"
"TTTGACTTCGCGGACT-1-1",0.158629282265284,"Dana_WT","CD34","9"
"TTTGATCAGAATACAC-1-1",0.554307527863235,"Dana_WT","CD34","0"
"TTTGATCAGGATACGC-1-1",1.79234904414743,"Dana_WT","Fcnb","1"
"TTTGATCCAAGCGCTC-1-1",0.459979027353097,"Dana_WT","Ly86","0"
"TTTGATCCACTTACAG-1-1",0.0112101478820614,"Dana_WT","CD34","0"
"TTTGATCCAGGAGACT-1-1",0.111161484645711,"Dana_WT","Ly86","0"
"TTTGATCCATCCGTTC-1-1",0.165556571354653,"Dana_WT","Pf4","3"
"TTTGATCGTCTTCAAG-1-1",8.0572073419618,"Dana_WT","Car1","6"
"TTTGATCGTTAAGAAC-1-1",0.000300912100686279,"Dana_WT","Gstm1/CD63","1"
"TTTGATCGTTCCAGGC-1-1",0.065414786957794,"Dana_WT","CD34","13"
"TTTGATCTCTGAGGTT-1-1",0.132225864233651,"Dana_WT","CD34","10"
"TTTGGAGAGCTGCGAA-1-1",0.0282944552268694,"Dana_WT","Gstm1/Ly86","13"
"TTTGGAGCATCACGGC-1-1",4.01423861574123,"Dana_WT","Car1","5"
"TTTGGAGGTCGAGCAA-1-1",9.57937133784252,"Dana_WT","Hba-a2","6"
"TTTGGAGGTGCTGCAC-1-1",2.95578405937887,"Dana_WT","Car1","5"
"TTTGGAGTCCTTCTTC-1-1",0.0170456747181118,"Dana_WT","Pf4","9"
"TTTGGAGTCGACCATA-1-1",9.56429189585885,"Dana_WT","Hba-a2","6"
"TTTGGAGTCGCTTGCT-1-1",5.20478570932348,"Dana_WT","Car1","5"
"TTTGGTTAGTAAATGC-1-1",0.155166382018873,"Dana_WT","Unannotated","10"
"TTTGGTTGTCAACATC-1-1",3.72262379639396,"Dana_WT","Car1","5"
"TTTGGTTGTCTACGAT-1-1",0.289235413653568,"Dana_WT","Fcnb","1"
"TTTGGTTTCGAACACT-1-1",0.182222321385617,"Dana_WT","Ly86","0"
"TTTGGTTTCGCGATCG-1-1",0.771570156588742,"Dana_WT","Ly86","7"
"TTTGTTGAGGTTAAAC-1-1",1.09008553987713,"Dana_WT","Car1","5"
"TTTGTTGCAACTGAAA-1-1",0.0509756927450515,"Dana_WT","Gstm1/CD63","1"
"TTTGTTGCAATTCTCT-1-1",1.1766717593127,"Dana_WT","CD34","9"
"TTTGTTGCAGCGACCT-1-1",0.702865528588225,"Dana_WT","Car1","5"
"TTTGTTGCATTCACAG-1-1",0.209854354774541,"Dana_WT","Ly86","0"
"TTTGTTGGTGACAACG-1-1",1.03302264936533,"Dana_WT","Gstm1/Ly86","0"
"TTTGTTGGTGATTGGG-1-1",0.372713634126874,"Dana_WT","Ly86","0"
"TTTGTTGGTGCAAGAC-1-1",0.313005121335486,"Dana_WT","Ly86","0"
"TTTGTTGTCACCTCGT-1-1",0.0577376748153665,"Dana_WT","Car1","5"
"TTTGTTGTCGACGTCG-1-1",8.15978511599286,"Dana_WT","Car1","6"
"TTTGTTGTCGGAACTT-1-1",0.586141087764319,"Dana_WT","Prss34","10"
"AAACCCAAGCTCGACC-1-2",0.00167694611292557,"Dana_KO","Gstm1/CD63","1"
"AAACCCAAGTATTAGG-1-2",0.00371444573470869,"Dana_KO","Car1","3"
"AAACCCACAAAGCGTG-1-2",0.0478388427621588,"Dana_KO","Fcnb","1"
"AAACCCACATGGAATA-1-2",1.16493599158339,"Dana_KO","Prg2","10"
"AAACCCAGTCACTTAG-1-2",9.57937138421786,"Dana_KO","Hba-a2","6"
"AAACCCAGTCTCAGAT-1-2",1.09402527739177,"Dana_KO","Car1","3"
"AAACCCAGTTACACTG-1-2",0.417840188161622,"Dana_KO","Pf4","3"
"AAACCCAGTTGCTTGA-1-2",0.0569350990440134,"Dana_KO","Car1","3"
"AAACCCATCCACGTGG-1-2",0.72972470419555,"Dana_KO","Pf4","8"
"AAACCCATCGGCTATA-1-2",0.948373137609967,"Dana_KO","Gstm1/Ly86","0"
"AAACGAAAGATGGGCT-1-2",0.084673135738728,"Dana_KO","Ly86","0"
"AAACGAAAGCAAGGAA-1-2",0.728619695749877,"Dana_KO","Pf4","8"
"AAACGAAAGTGTAGTA-1-2",0.0569350526686769,"Dana_KO","Car1","3"
"AAACGAACAAATGAAC-1-2",0.344955147054323,"Dana_KO","Car1","4"
"AAACGAACAAGGAGTC-1-2",1.73486440909736,"Dana_KO","Fcnb","1"
"AAACGAACACATTGTG-1-2",5.48007533816894,"Dana_KO","Hba-a2","11"
"AAACGAACAGTGCGCT-1-2",0.0605840296108808,"Dana_KO","CD34","4"
"AAACGAAGTACATACC-1-2",0.00202981005516989,"Dana_KO","Car1","2"
"AAACGAAGTACTAGCT-1-2",0.52993242552684,"Dana_KO","Pf4","8"
"AAACGAAGTTGTCTAG-1-2",16.5717094966597,"Dana_KO","Ltf","12"
"AAACGAATCGGTTGTA-1-2",0.32492481095757,"Dana_KO","Car1","3"
"AAACGCTAGAAGGGAT-1-2",0.733361289719704,"Dana_KO","Pf4","8"
"AAACGCTAGCAACTCT-1-2",0.00695466563327496,"Dana_KO","Ly86","0"
"AAACGCTAGCGGTAAC-1-2",2.59539782480556,"Dana_KO","Car1","2"
"AAACGCTAGGCCTAAG-1-2",0.391801130262012,"Dana_KO","Pf4","8"
"AAACGCTAGGGAGGGT-1-2",0.0569350062933405,"Dana_KO","Car1","3"
"AAACGCTCAAAGACGC-1-2",12.4979174337343,"Dana_KO","Ly86","12"
"AAACGCTCAGATCCTA-1-2",0.185998399588282,"Dana_KO","Unannotated","2"
"AAACGCTCAGCTTCCT-1-2",0.616373150455865,"Dana_KO","Ly86","0"
"AAACGCTCATTCGATG-1-2",0.0661562946740305,"Dana_KO","Ly86","0"
"AAACGCTGTAGCGAGT-1-2",0.00108150675360208,"Dana_KO","Car1","3"
"AAACGCTGTTACACAC-1-2",0.00108146037826562,"Dana_KO","Pf4","3"
"AAACGCTGTTGCTCGG-1-2",6.53892244084631e-06,"Dana_KO","Pf4","8"
"AAACGCTTCCAACCAA-1-2",0.729849044446953,"Dana_KO","Pf4","8"
"AAACGCTTCCATGCAA-1-2",0.056934959918004,"Dana_KO","Car1","3"
"AAACGCTTCGGAGCAA-1-2",0.728601043494449,"Dana_KO","Pf4","8"
"AAAGAACGTAGTAAGT-1-2",2.33506415665306,"Dana_KO","Fcnb","1"
"AAAGAACGTTTAAGGA-1-2",0.212483322913092,"Dana_KO","Car1","4"
"AAAGAACTCAAGATAG-1-2",6.28334691210223,"Dana_KO","Car1","2"
"AAAGAACTCTTCCAGC-1-2",0.0654914049533928,"Dana_KO","Pf4","4"
"AAAGGATAGGTTCATC-1-2",1.96015703088404,"Dana_KO","Car1","2"
"AAAGGATCAAATTAGG-1-2",0.098845789022318,"Dana_KO","Unannotated","8"
"AAAGGATCACCCTGTT-1-2",0.01499006798521,"Dana_KO","Gstm1/CD63","1"
"AAAGGATCACGGCGTT-1-2",6.4925471043864e-06,"Dana_KO","Pf4","8"
"AAAGGATGTACCCGCA-1-2",0.0569349135426676,"Dana_KO","Car1","3"
"AAAGGATTCCGTTGAA-1-2",2.158606654305,"Dana_KO","Fcnb","1"
"AAAGGATTCGAGAGCA-1-2",10.3681905666166,"Dana_KO","Hba-a2","6"
"AAAGGGCAGAATGTTG-1-2",0.0409406779399313,"Dana_KO","CD34","3"
"AAAGGGCAGAGGGTCT-1-2",2.73083877336324,"Dana_KO","Car1","2"
"AAAGGGCAGCATTTGC-1-2",0.0569348671673311,"Dana_KO","Car1","3"
"AAAGGGCAGGTCATAA-1-2",6.4461717679265e-06,"Dana_KO","Pf4","8"
"AAAGGGCCACACGTGC-1-2",3.93935678464788,"Dana_KO","Car1","4"
"AAAGGGCCACTCTGCT-1-2",10.3681906129919,"Dana_KO","Hba-a2","6"
"AAAGGGCCAGATTTCG-1-2",0,"Dana_KO","Gstm1/Ly86","0"
"AAAGGGCCAGCTACTA-1-2",2.22601615007534e-06,"Dana_KO","Car1","4"
"AAAGGGCGTCATCCGG-1-2",6.06220458942482,"Dana_KO","Car1","6"
"AAAGGGCGTCATTCCC-1-2",0.0409407243152677,"Dana_KO","Pf4","4"
"AAAGGGCGTCCTGGTG-1-2",0.0113672796798505,"Dana_KO","Ly86","0"
"AAAGGGCTCCAGCTCT-1-2",7.19102369756993,"Dana_KO","Car1","6"
"AAAGGGCTCCGCTTAC-1-2",6.3997964314666e-06,"Dana_KO","Pf4","8"
"AAAGGGCTCTTTGCTA-1-2",0.0204460107412645,"Dana_KO","CD34","0"
"AAAGGTAAGGATTCCT-1-2",0.107495286354316,"Dana_KO","Ly86","0"
"AAAGGTAAGGCAGTCA-1-2",0.678014338690455,"Dana_KO","Car1","2"
"AAAGGTACACCAGTTA-1-2",0.00108141400292916,"Dana_KO","Pf4","3"
"AAAGGTACACTCCGAG-1-2",1.04276397237785,"Dana_KO","Fcnb","1"
"AAAGGTACAGATTTCG-1-2",0.0409407706906042,"Dana_KO","Car1","4"
"AAAGGTACAGGTTTAC-1-2",2.18611669439831,"Dana_KO","Car1","2"
"AAAGGTACATGTTCGA-1-2",8.53306190862213e-06,"Dana_KO","CD34","7"
"AAAGGTAGTTCATCTT-1-2",6.35342109500669e-06,"Dana_KO","Pf4","4"
"AAAGGTATCATTGGTG-1-2",0.177100184297606,"Dana_KO","CD34","4"
"AAAGGTATCGACGAGA-1-2",6.30704575854679e-06,"Dana_KO","Pf4","8"
"AAAGGTATCTAGTGTG-1-2",0.0337178528620465,"Dana_KO","Pf4","8"
"AAAGTCCAGCAGCACA-1-2",0.529932471902177,"Dana_KO","Pf4","8"
"AAAGTCCAGCAGGCAT-1-2",5.48007538454427,"Dana_KO","Hba-a2","11"
"AAAGTCCAGCTAAATG-1-2",1.92216614964983,"Dana_KO","Fcnb","1"
"AAAGTCCAGCTCGTGC-1-2",0.574848210303317,"Dana_KO","Unannotated","3"
"AAAGTCCCACCCTATC-1-2",0.0461568626249993,"Dana_KO","Ly86","0"
"AAAGTCCCAGGTACGA-1-2",5.56813851259447,"Dana_KO","Car1","3"
"AAAGTCCGTACGTACT-1-2",10.3681906593673,"Dana_KO","Hba-a2","6"
"AAAGTCCGTGCGCTCA-1-2",2.22601615007534e-06,"Dana_KO","Pf4","4"
"AAAGTCCGTGTTCCTC-1-2",0.753565842733573,"Dana_KO","Car1","2"
"AAAGTCCTCTTAGGAC-1-2",2.75067443781111,"Dana_KO","Car1","2"
"AAAGTGAAGCAAATCA-1-2",6.26067042208689e-06,"Dana_KO","Pf4","8"
"AAAGTGAAGGACAACC-1-2",1.04550591134282,"Dana_KO","Ly86","0"
"AAAGTGAAGGCTCACC-1-2",0.0325060379272006,"Dana_KO","Car1","4"
"AAAGTGACACAGAGCA-1-2",5.47228970226854e-06,"Dana_KO","Car1","3"
"AAAGTGACACCGGCTA-1-2",18.2650600566154,"Dana_KO","Ltf","12"
"AAAGTGACACTTGGCG-1-2",0.0329062567081575,"Dana_KO","Ly86","0"
"AAAGTGACAGGTATGG-1-2",5.21440235525949,"Dana_KO","Car1","2"
"AAAGTGAGTAGCTTTG-1-2",4.12526165333603,"Dana_KO","Car1","2"
"AAAGTGATCATCGCTC-1-2",6.21429508562699e-06,"Dana_KO","Pf4","8"
"AAAGTGATCATGAGAA-1-2",2.92920256362757,"Dana_KO","Car1","2"
"AAATGGAAGGTAAGTT-1-2",6.16791974916708e-06,"Dana_KO","Pf4","8"
"AAATGGAAGTGATCGG-1-2",4.12675986054598,"Dana_KO","Car1","2"
"AAATGGACACTCATAG-1-2",2.17964081361544e-06,"Dana_KO","Car1","4"
"AAATGGAGTCGTATGT-1-2",0.0799152280321751,"Dana_KO","Gstm1/Ly86","1"
"AAATGGAGTTTAGACC-1-2",4.47916073440619,"Dana_KO","Car1","2"
"AAATGGATCCACCCTA-1-2",0.00432799506978176,"Dana_KO","Car1","11"
"AAATGGATCCCTCGTA-1-2",0.421458755300032,"Dana_KO","Car1","3"
"AAATGGATCCCTTGGT-1-2",0.171354022574786,"Dana_KO","Pf4","8"
"AAATGGATCCGCTAGG-1-2",0.0993296681473597,"Dana_KO","Car1","8"
"AAATGGATCTGGTGGC-1-2",0.0569348207919946,"Dana_KO","Car1","3"
"AACAAAGAGTTGTAGA-1-2",10.3681907057426,"Dana_KO","Hba-a2","6"
"AACAAAGCAGCTGAGA-1-2",0.0409408170659407,"Dana_KO","Pf4","3"
"AACAAAGCAGTCCCGA-1-2",2.66374405026659,"Dana_KO","Car1","2"
"AACAAAGCATATCGGT-1-2",0.0043279486944453,"Dana_KO","Pf4","11"
"AACAAAGGTCGATGCC-1-2",0.0028380945834845,"Dana_KO","CD34","7"
"AACAAAGGTGGTCTCG-1-2",1.90382442421001,"Dana_KO","Fcnb","1"
"AACAAAGGTTAAACAG-1-2",7.19102374394526,"Dana_KO","Hba-a2","6"
"AACAAAGGTTGTTGTG-1-2",2.51865402197827,"Dana_KO","Fcnb","1"
"AACAAAGGTTTCGCTC-1-2",0.34495519342966,"Dana_KO","Car1","4"
"AACAAAGTCAAATGCC-1-2",0.0922030785208898,"Dana_KO","Pf4","8"
"AACAAAGTCAATGTCG-1-2",15.3124210440356,"Dana_KO","Ltf","12"
"AACAAAGTCTTGCAGA-1-2",1.39126009379709e-07,"Dana_KO","Gstm1/CD63","1"
"AACAACCAGCGAGTCA-1-2",0.759512248916223,"Dana_KO","Pf4","2"
"AACAACCAGGGTTAGC-1-2",0.028977635734742,"Dana_KO","Car1","2"
"AACAACCCACTGTGTA-1-2",2.64721257913477,"Dana_KO","Car1","2"
"AACAACCGTCCTATAG-1-2",0.682646732839558,"Dana_KO","Pf4","8"
"AACAACCGTGGTGATG-1-2",6.12154441270718e-06,"Dana_KO","Pf4","8"
"AACAACCTCAAAGCCT-1-2",5.44080927404321,"Dana_KO","Car1","2"
"AACAACCTCTATTTCG-1-2",0.767077050124828,"Dana_KO","Car1","2"
"AACAAGAAGGATTCCT-1-2",0.0975827047029634,"Dana_KO","Ly86","0"
"AACAAGAAGTGCCAGA-1-2",0.0569347744166582,"Dana_KO","Car1","3"
"AACAAGAAGTTTCTTC-1-2",0.217346782145253,"Dana_KO","Gstm1/CD63","1"
"AACAAGACATTGCTTT-1-2",6.07516907624728e-06,"Dana_KO","Pf4","8"
"AACAAGAGTACAAAGT-1-2",0.251981059104359,"Dana_KO","Gstm1/Ly86","13"
"AACAAGATCCACAAGT-1-2",0.0010813676275927,"Dana_KO","Car1","3"
"AACACACAGACCGTTT-1-2",0.0589278418417263,"Dana_KO","Gstm1/Ly86","0"
"AACACACAGGCCTGAA-1-2",0.860615623542773,"Dana_KO","CD34","4"
"AACACACCAAGTCGTT-1-2",7.1910237903206,"Dana_KO","Hba-a2","6"
"AACACACGTGCCCACA-1-2",4.63753364599029e-08,"Dana_KO","Gstm1/CD63","10"
"AACACACGTTATGGTC-1-2",0.0943848498682205,"Dana_KO","Gstm1/CD63","10"
"AACACACTCACGATCA-1-2",0.134027232907005,"Dana_KO","Ly86","0"
"AACACACTCAGTAGGG-1-2",5.84663805501092,"Dana_KO","Car1","2"
"AACAGGGAGGTTCAGG-1-2",0.922729223874303,"Dana_KO","Unannotated","2"
"AACAGGGTCATGCCAA-1-2",0.767151247235049,"Dana_KO","Car1","4"
"AACCAACAGACCGTTT-1-2",10.3681907521179,"Dana_KO","Hba-a2","6"
"AACCAACAGAGGGTAA-1-2",0.729079344122499,"Dana_KO","Pf4","8"
"AACCAACAGGAAGTAG-1-2",1.85501345839612e-07,"Dana_KO","Gstm1/CD63","1"
"AACCAACCACCTCGTT-1-2",6.02879373978737e-06,"Dana_KO","Pf4","4"
"AACCAACCAGCATACT-1-2",6.57677150160508,"Dana_KO","Hba-a2","6"
"AACCAACTCTGTCCCA-1-2",0.0325060843025371,"Dana_KO","Pf4","4"
"AACCACAAGCATCAAA-1-2",0.556930382839058,"Dana_KO","Gstm1/CD63","0"
"AACCACAAGTTTCTTC-1-2",18.2785757337749,"Dana_KO","Ltf","12"
"AACCACACATTGAAGA-1-2",5.98241840332747e-06,"Dana_KO","Pf4","8"
"AACCACAGTACCGTCG-1-2",0.0735097712432884,"Dana_KO","Unannotated","4"
"AACCACAGTAGGTTTC-1-2",15.8769902338229,"Dana_KO","Ltf","12"
"AACCACATCAGCATTG-1-2",0.344955239804996,"Dana_KO","Car1","4"
"AACCACATCCATTCGC-1-2",0.0559908276140773,"Dana_KO","Car1","4"
"AACCACATCGTTCAGA-1-2",6.53753964782037,"Dana_KO","Car1","6"
"AACCACATCTGTAACG-1-2",4.04663976289105,"Dana_KO","Car1","2"
"AACCATGAGGTAAGGA-1-2",0.57825602154335,"Dana_KO","Gstm1/CD63","1"
"AACCATGCAATATCCG-1-2",0.0580717894989613,"Dana_KO","Pf4","8"
"AACCATGGTAAGGAGA-1-2",1.76226278547631e-06,"Dana_KO","Ly86","0"
"AACCATGGTCACCACG-1-2",0.00432790231910885,"Dana_KO","Fcnb","11"
"AACCATGGTGTCTTCC-1-2",0.0418810607361708,"Dana_KO","Gstm1/CD63","1"
"AACCATGTCTAGAACC-1-2",2.31876682299514e-07,"Dana_KO","Gstm1/CD63","1"
"AACCATGTCTCTCAAT-1-2",0.0569347280413217,"Dana_KO","Car1","3"
"AACCCAAAGACCGCCT-1-2",5.2862225588088,"Dana_KO","Car1","6"
"AACCCAAAGCACTAAA-1-2",0.0479568704431177,"Dana_KO","Car1","4"
"AACCCAAAGCCTGAGA-1-2",0.116969981317085,"Dana_KO","Gstm1/CD63","0"
"AACCCAAAGTTACGGG-1-2",0.950416822503015,"Dana_KO","Pf4","2"
"AACCCAACAACTGGTT-1-2",0.0569346816659853,"Dana_KO","Pf4","3"
"AACCCAACAATTAGGA-1-2",5.93604306686757e-06,"Dana_KO","Pf4","8"
"AACCCAACACAACCGC-1-2",7.19102383669594,"Dana_KO","Hba-a2","6"
"AACCCAACATCAGTGT-1-2",0.00560058396936247,"Dana_KO","Pf4","3"
"AACCCAACATTGCTGA-1-2",2.78252018759417e-07,"Dana_KO","Ly86","14"
"AACCCAAGTCTTCATT-1-2",5.42591436580864e-06,"Dana_KO","Car1","3"
"AACCCAAGTGGCTAGA-1-2",1.5724322617268,"Dana_KO","Gstm1/Ly86","1"
"AACCCAATCAATCAGC-1-2",5.29754889512448,"Dana_KO","Car1","6"
"AACCTGACAACTCCAA-1-2",0.0217614677045517,"Dana_KO","Pf4","8"
"AACCTGACAATTCTTC-1-2",3.2462735521932e-07,"Dana_KO","Ly86","14"
"AACCTGACACCAGGTC-1-2",18.2709188818915,"Dana_KO","Ltf","12"
"AACCTGAGTCACTCTC-1-2",4.20094844592483,"Dana_KO","Car1","2"
"AACCTGAGTCTGTGCG-1-2",1.80863812193621e-06,"Dana_KO","Car1","4"
"AACCTGAGTGAGATAT-1-2",0.405960373395538,"Dana_KO","Gstm1/Ly86","0"
"AACCTGAGTGTACGCC-1-2",0,"Dana_KO","Pf4","8"
"AACCTGATCACGGGAA-1-2",7.19995977034943,"Dana_KO","Car1","6"
"AACCTGATCGAGTCCG-1-2",0.0569346352906488,"Dana_KO","Car1","3"
"AACCTGATCTGTCCCA-1-2",0.0479569168184542,"Dana_KO","Car1","4"
"AACCTTTAGTGGTTGG-1-2",0.0797893939088477,"Dana_KO","Gstm1/CD63","1"
"AACCTTTGTGGGAGAG-1-2",2.13326547715553e-06,"Dana_KO","Pf4","8"
"AACCTTTTCAGGTGTT-1-2",0.140786586806159,"Dana_KO","Car1","2"
"AACCTTTTCCTTGGAA-1-2",0.0479073845182301,"Dana_KO","Car1","4"
"AACGAAAAGACATCAA-1-2",0.407045851495821,"Dana_KO","CD34","4"
"AACGAAAAGAGTCACG-1-2",0.0259548059483306,"Dana_KO","Car1","3"
"AACGAAAAGGGTCAAC-1-2",0.0488302182317271,"Dana_KO","Gstm1/Ly86","0"
"AACGAAAAGTTTCAGC-1-2",10.3681907984933,"Dana_KO","Hba-a2","6"
"AACGAAAGTAGACAGC-1-2",0.0892142385373145,"Dana_KO","Gstm1/CD63","1"
"AACGAAAGTCATAACC-1-2",0.146631140051876,"Dana_KO","CD34","3"
"AACGGGAAGGCTGAAC-1-2",2.08689014069563e-06,"Dana_KO","CD34","4"
"AACGGGAAGGGCAACT-1-2",0.12869773943944,"Dana_KO","Pf4","8"
"AACGGGAAGGTGGGTT-1-2",0.0479569631937906,"Dana_KO","Car1","4"
"AACGGGACAGCGAACA-1-2",5.37953902934873e-06,"Dana_KO","Pf4","3"
"AACGGGAGTAGGGTAC-1-2",0.0514901517765082,"Dana_KO","Ly86","0"
"AACGGGAGTCAGGCAA-1-2",0.00108132125225624,"Dana_KO","Pf4","3"
"AACGGGATCGAACGCC-1-2",18.0835117236705,"Dana_KO","Ltf","12"
"AACGTCAAGAAGCGCT-1-2",0.160322976245614,"Dana_KO","Pf4","8"
"AACGTCAAGAGAGTGA-1-2",0.71495715572216,"Dana_KO","Car1","2"
"AACGTCAAGTAGTCCT-1-2",1.96015707725937,"Dana_KO","Car1","2"
"AACGTCAAGTCCGTCG-1-2",0.0303889467156151,"Dana_KO","CD34","0"
"AACGTCAAGTCTCGTA-1-2",0.799809219766784,"Dana_KO","Fcnb","1"
"AACGTCACAAGAATGT-1-2",0.0164993262174804,"Dana_KO","Car1","2"
"AACGTCACACAAAGTA-1-2",0.256743178817594,"Dana_KO","Ly86","0"
"AACGTCACATCGCTCT-1-2",6.3904858304673,"Dana_KO","Car1","2"
"AACGTCAGTCACTTCC-1-2",0.073416664190344,"Dana_KO","Car1","3"
"AACGTCAGTTTCACTT-1-2",4.22132904727499,"Dana_KO","Car1","2"
"AACGTCATCCACTGAA-1-2",5.88966773040767e-06,"Dana_KO","Pf4","4"
"AACTTCTAGCCTTGAT-1-2",0.347458458491086,"Dana_KO","Gstm1/CD63","1"
"AACTTCTAGTCCGTCG-1-2",0.020445964365928,"Dana_KO","CD34","0"
"AACTTCTCATACACCA-1-2",0.48791018844291,"Dana_KO","CD34","1"
"AACTTCTGTCTCGCGA-1-2",0.0409408634412771,"Dana_KO","Car1","4"
"AACTTCTTCCATACAG-1-2",16.6566938207943,"Dana_KO","Ltf","12"
"AACTTCTTCTAGTTCT-1-2",0.0285465661498812,"Dana_KO","Car1","4"
"AAGAACAAGCGCCATC-1-2",0.0569345889153123,"Dana_KO","Car1","3"
"AAGAACAAGTAGAATC-1-2",3.95100801685465,"Dana_KO","Car1","2"
"AAGAACACATCATTTC-1-2",0.00167699248826203,"Dana_KO","Gstm1/CD63","1"
"AAGAACAGTAGTACGG-1-2",10.385843921214,"Dana_KO","Hba-a2","6"
"AAGAACAGTGTCATCA-1-2",12.4979174801097,"Dana_KO","Ltf","12"
"AAGAACATCTCAATCT-1-2",0.00219257495440917,"Dana_KO","Gstm1/CD63","7"
"AAGACAAAGACGGAAA-1-2",5.84329239394776e-06,"Dana_KO","Pf4","8"
"AAGACAAAGCGTTCCG-1-2",0.0649476847175596,"Dana_KO","Pf4","3"
"AAGACAAAGCTCGAAG-1-2",12.497917526485,"Dana_KO","Ltf","12"
"AAGACAAAGGTTTGAA-1-2",10.3681908448686,"Dana_KO","Hba-a2","6"
"AAGACAACAAACGTGG-1-2",0.952373069900108,"Dana_KO","Ly86","0"
"AAGACAACAACTGATC-1-2",0.192256780514321,"Dana_KO","Car1","4"
"AAGACAACACCCTGTT-1-2",1.62492414776489,"Dana_KO","Car1","3"
"AAGACAACACCCTTAC-1-2",0.118254983495746,"Dana_KO","Pf4","8"
"AAGACAACATGGGATG-1-2",1.2186020814545,"Dana_KO","Ly86","0"
"AAGACAAGTCGCTTGG-1-2",1.72809443214412,"Dana_KO","Fcnb","1"
"AAGACAAGTTGATGTC-1-2",2.07371293005635,"Dana_KO","Gstm1/CD63","1"
"AAGACAAGTTGTGCCG-1-2",0.552468256149598,"Dana_KO","CD34","4"
"AAGACAATCACACCCT-1-2",0.00560063034469893,"Dana_KO","Pf4","3"
"AAGACAATCATAAGGA-1-2",0.409635410546949,"Dana_KO","Fcnb","1"
"AAGACAATCCTGGGAC-1-2",2.17964081361544e-06,"Dana_KO","Car1","4"
"AAGACAATCGCTACGG-1-2",2.04051480423573e-06,"Dana_KO","Pf4","4"
"AAGACTCAGCCTATTG-1-2",0.0409409098166136,"Dana_KO","Pf4","3"
"AAGACTCAGCTGTTCA-1-2",0.808071320489798,"Dana_KO","Car1","2"
"AAGACTCCACCTTCGT-1-2",1.94776413131592e-06,"Dana_KO","Gstm1/CD63","1"
"AAGACTCCAGCGTTTA-1-2",5.79691705748786e-06,"Dana_KO","Pf4","8"
"AAGACTCCATCCTGTC-1-2",0.743766316899873,"Dana_KO","Pf4","8"
"AAGACTCCATGACTTG-1-2",3.95100806322998,"Dana_KO","Car1","2"
"AAGACTCGTACGTAGG-1-2",6.29870628891418,"Dana_KO","Car1","6"
"AAGACTCGTCCTCATC-1-2",0.0689019936765258,"Dana_KO","Car1","3"
"AAGACTCTCTCGGCTT-1-2",0,"Dana_KO","Car1","4"
"AAGATAGAGACAACTA-1-2",5.72821519163705,"Dana_KO","Car1","2"
"AAGATAGAGGATCACG-1-2",0.0569345425399759,"Dana_KO","Car1","3"
"AAGATAGCAACTCGAT-1-2",7.95960754494191,"Dana_KO","Car1","6"
"AAGATAGCAATCGCGC-1-2",1.97297842999494,"Dana_KO","Car1","2"
"AAGATAGCATCCAACA-1-2",6.73346145015112,"Dana_KO","Car1","6"
"AAGATAGGTAACCCGC-1-2",0.185998445963618,"Dana_KO","Unannotated","2"
"AAGATAGGTAACGTTC-1-2",1.9681391733181,"Dana_KO","Fcnb","1"
"AAGATAGGTGAGCGAT-1-2",0.0164993725928169,"Dana_KO","Car1","4"
"AAGATAGGTGCGACAA-1-2",5.75054172102796e-06,"Dana_KO","Pf4","8"
"AAGATAGTCAAATGCC-1-2",10.368190891244,"Dana_KO","Hba-a2","6"
"AAGCATCAGAATTGTG-1-2",0.0325061306778736,"Dana_KO","Car1","4"
"AAGCATCAGGGTTGCA-1-2",5.70416638456805e-06,"Dana_KO","Pf4","8"
"AAGCATCCAATGTTGC-1-2",0.0569344961646394,"Dana_KO","Car1","3"
"AAGCATCCAGACACAG-1-2",0.056934449789303,"Dana_KO","Pf4","3"
"AAGCATCCAGTGCGCT-1-2",6.284372747509,"Dana_KO","Car1","6"
"AAGCATCGTAAGATCA-1-2",3.98403840858857,"Dana_KO","Car1","2"
"AAGCATCGTCAGTCTA-1-2",3.95100810960532,"Dana_KO","Car1","2"
"AAGCATCGTCGAACGA-1-2",0.00219252857907271,"Dana_KO","Gstm1/Ly86","7"
"AAGCATCGTCTGTTAG-1-2",1.32899984599344,"Dana_KO","Car1","3"
"AAGCATCTCTCGTTTA-1-2",0.0233683476298296,"Dana_KO","Gstm1/Ly86","0"
"AAGCCATAGAAGCGCT-1-2",0.733361336095041,"Dana_KO","Pf4","8"
"AAGCCATAGCTTGTTG-1-2",0.980430156570104,"Dana_KO","Car1","2"
"AAGCCATAGTAACCTC-1-2",10.3681909376193,"Dana_KO","Hba-a2","6"
"AAGCCATCAGCACGAA-1-2",3.71002691679223e-07,"Dana_KO","Gstm1/CD63","1"
"AAGCCATGTCGCATGC-1-2",0.0569344034139665,"Dana_KO","Car1","3"
"AAGCCATTCAGGAAGC-1-2",0.173056556140717,"Dana_KO","Gstm1/CD63","1"
"AAGCCATTCGAACCAT-1-2",0.730020457983445,"Dana_KO","Pf4","8"
"AAGCGAGAGAGCAGTC-1-2",16.8064683214512,"Dana_KO","Ltf","12"
"AAGCGAGAGGGCTTCC-1-2",0.00432785594377239,"Dana_KO","Fcnb","11"
"AAGCGAGCACTAGGCC-1-2",0.0313821103064251,"Dana_KO","Gstm1/CD63","1"
"AAGCGAGCAGGCACAA-1-2",2.88350703024303,"Dana_KO","Car1","2"
"AAGCGAGTCAAGAATG-1-2",0.04094095619195,"Dana_KO","Car1","4"
"AAGCGAGTCGCCGAAC-1-2",4.17378028139126e-07,"Dana_KO","Gstm1/CD63","1"
"AAGCGAGTCTTGTGCC-1-2",0.0164994189681533,"Dana_KO","Unannotated","3"
"AAGCGTTAGACGCATG-1-2",4.63753364599029e-07,"Dana_KO","Gstm1/CD63","1"
"AAGCGTTAGCTGAAAT-1-2",1.1784432661217,"Dana_KO","Car1","3"
"AAGCGTTAGTATTGCC-1-2",2.15860670068034,"Dana_KO","Gstm1/CD63","1"
"AAGCGTTCAAGTGACG-1-2",1.76226278547631e-06,"Dana_KO","Car1","4"
"AAGCGTTCAATCCAGT-1-2",16.7056837885294,"Dana_KO","Ltf","12"
"AAGCGTTCAGCCGTCA-1-2",5.33316369288883e-06,"Dana_KO","Pf4","3"
"AAGCGTTCATCTTCGC-1-2",0.72913865816439,"Dana_KO","Pf4","8"
"AAGCGTTGTAGGGAGG-1-2",2.3127954649842,"Dana_KO","Fcnb","1"
"AAGCGTTGTGTTAAAG-1-2",8.48668657216223e-06,"Dana_KO","CD34","7"
"AAGCGTTGTTTGATCG-1-2",1.71588744901641e-06,"Dana_KO","Ly86","0"
"AAGCGTTTCCTGTAAG-1-2",0.047407459584731,"Dana_KO","Ly86","0"
"AAGCGTTTCTACTGAG-1-2",0.0409410025672865,"Dana_KO","Car1","4"
"AAGGAATAGGCTGTAG-1-2",5.65779104810815e-06,"Dana_KO","Pf4","8"
"AAGGAATAGGGTGGGA-1-2",0.832838124211522,"Dana_KO","Prss34","8"
"AAGGAATAGGTGATAT-1-2",0.194949988985502,"Dana_KO","Car1","4"
"AAGGAATCACGTCGGT-1-2",0.00259305828365486,"Dana_KO","CD34","2"
"AAGGAATCAGCTTTCC-1-2",0.0906913400242462,"Dana_KO","CD34","4"
"AAGGAATCAGTTAGAA-1-2",1.99413946777582e-06,"Dana_KO","Pf4","4"
"AAGGAATCATAATGAG-1-2",1.94776413131592e-06,"Dana_KO","Pf4","4"
"AAGGAATGTCAAATCC-1-2",0.00919668506183968,"Dana_KO","Car1","3"
"AAGGAATGTCTCTCAC-1-2",0.012422698400779,"Dana_KO","Pf4","11"
"AAGGAATGTGCCGAAA-1-2",0.950416868878352,"Dana_KO","Pf4","2"
"AAGGAATTCAACGTGT-1-2",1.90138879485602e-06,"Dana_KO","Pf4","4"
"AAGGAATTCACCTTAT-1-2",10.3681909839946,"Dana_KO","Hba-a2","6"
"AAGGTAAAGCCGGAAT-1-2",0.732958047021979,"Dana_KO","Pf4","8"
"AAGGTAAAGCTACAAA-1-2",0.00432780956843593,"Dana_KO","Pf4","11"
"AAGGTAAAGCTCCCTT-1-2",0.27335495442538,"Dana_KO","Ly86","0"
"AAGGTAAAGTGGAAAG-1-2",0.00354573525175073,"Dana_KO","Pf4","11"
"AAGGTAAGTCGGCTAC-1-2",0.730626821919097,"Dana_KO","Pf4","8"
"AAGGTAAGTGAGACGT-1-2",4.05208999154046,"Dana_KO","Car1","2"
"AAGGTAATCTGGACCG-1-2",1.96015712363471,"Dana_KO","Car1","2"
"AAGTACCAGATTAGAC-1-2",0.0164994653434898,"Dana_KO","Car1","4"
"AAGTACCAGGGACCAT-1-2",0.00219248220373625,"Dana_KO","Gstm1/CD63","7"
"AAGTACCCACAGCCAC-1-2",0.344955286180332,"Dana_KO","Car1","4"
"AAGTACCCACCGGCTA-1-2",0.0164995117188262,"Dana_KO","Car1","3"
"AAGTACCCACGATAGG-1-2",0.0164995580941627,"Dana_KO","Car1","4"
"AAGTACCCACTCCACT-1-2",0.0169578015213399,"Dana_KO","Car1","3"
"AAGTACCCACTCTGCT-1-2",8.44031123570232e-06,"Dana_KO","CD34","7"
"AAGTACCCAGATACCT-1-2",0.00167703886359849,"Dana_KO","Gstm1/CD63","1"
"AAGTACCCAGCCGGTT-1-2",0.163839107709394,"Dana_KO","Ly86","0"
"AAGTACCGTTCCATTT-1-2",0.284344270347574,"Dana_KO","Car1","2"
"AAGTCGTAGAAACTCA-1-2",5.61141571164825e-06,"Dana_KO","Pf4","8"
"AAGTCGTCACACCAGC-1-2",0.00108127487691978,"Dana_KO","Pf4","3"
"AAGTCGTGTCAAACGG-1-2",0.798090366655745,"Dana_KO","Car1","3"
"AAGTCGTTCAAGAAAC-1-2",0.459033286810353,"Dana_KO","CD34","7"
"AAGTCGTTCACCTACC-1-2",0.210046933980587,"Dana_KO","Unannotated","4"
"AAGTGAAAGAACGCGT-1-2",0.840022655309869,"Dana_KO","Fcnb","1"
"AAGTGAACACGGATCC-1-2",5.52659968733117,"Dana_KO","Car1","2"
"AAGTGAACATGTGCCG-1-2",0.803746508626929,"Dana_KO","Car1","3"
"AAGTGAAGTGCAACGA-1-2",10.4180775825237,"Dana_KO","Hba-a2","6"
"AAGTGAATCAACGTGT-1-2",0.05693435703863,"Dana_KO","Car1","3"
"AAGTGAATCACTGCTC-1-2",0.00266545188001999,"Dana_KO","Hba-a2","2"
"AAGTGAATCATGCCCT-1-2",0.0164996044694992,"Dana_KO","Car1","3"
"AAGTGAATCGTGACTA-1-2",17.5066528189407,"Dana_KO","Ltf","12"
"AAGTGAATCTAGACCA-1-2",0.362714919443683,"Dana_KO","Unannotated","7"
"AAGTTCGAGTGGCAGT-1-2",0.00432776319309947,"Dana_KO","Gstm1/CD63","11"
"AAGTTCGCAATGTCTG-1-2",5.28678835642893e-06,"Dana_KO","Pf4","4"
"AAGTTCGCATATTCGG-1-2",5.56504037518835e-06,"Dana_KO","Pf4","8"
"AAGTTCGGTACCTGTA-1-2",5.51866503872844e-06,"Dana_KO","Pf4","4"
"AAGTTCGGTCCCTGTT-1-2",0.0798960475161921,"Dana_KO","CD34","0"
"AAGTTCGGTTATAGAG-1-2",0.753726472742459,"Dana_KO","Pf4","8"
"AAGTTCGTCCATCCGT-1-2",0.628479486529331,"Dana_KO","Car1","2"
"AAGTTCGTCGCTGCGA-1-2",1.76444632589489,"Dana_KO","Gstm1/CD63","1"
"AAGTTCGTCGGCATTA-1-2",0.642725953163342,"Dana_KO","Unannotated","4"
"AAGTTCGTCTGCACCT-1-2",5.64330300947418,"Dana_KO","Car1","6"
"AATAGAGAGCAATAGT-1-2",0.0366736657209734,"Dana_KO","CD34","4"
"AATAGAGAGCAGATAT-1-2",0.00432771681776301,"Dana_KO","Hba-a2","11"
"AATAGAGCATCGAGCC-1-2",0.000680520123489126,"Dana_KO","Gstm1/Ly86","0"
"AATAGAGGTGACCGAA-1-2",2.13326547715553e-06,"Dana_KO","Car1","4"
"AATAGAGTCGAACGGA-1-2",3.98150020226974,"Dana_KO","Car1","2"
"AATAGAGTCGGCTTCT-1-2",0.188331726122738,"Dana_KO","CD34","7"
"AATAGAGTCTGCGGAC-1-2",0.0569343106632936,"Dana_KO","Car1","3"
"AATCACGAGTAGTCAA-1-2",0.873085326632354,"Dana_KO","Ly86","0"
"AATCACGCACTGTTCC-1-2",0.150122907090348,"Dana_KO","Gstm1/CD63","1"
"AATCACGGTGCTAGCC-1-2",0.491248146186752,"Dana_KO","Fcnb","1"
"AATCACGGTTGAAGTA-1-2",0.245908908369456,"Dana_KO","Car1","4"
"AATCACGTCAAATGCC-1-2",0.56988110363498,"Dana_KO","Car1","2"
"AATCACGTCCGCGGAT-1-2",17.5467940691617,"Dana_KO","Ltf","12"
"AATCGACCACCCTTAC-1-2",0.344955332555669,"Dana_KO","Car1","4"
"AATCGACCAGCTGTCG-1-2",5.47228970226854e-06,"Dana_KO","Pf4","8"
"AATCGACCATCCGTTC-1-2",1.06332724882905,"Dana_KO","Gstm1/CD63","1"
"AATCGACTCAACGAGG-1-2",0.14820535900079,"Dana_KO","Car1","3"
"AATCGACTCAAGGTGG-1-2",0.247311893779092,"Dana_KO","Car1","4"
"AATCGACTCCAACCGG-1-2",0.0217615140798881,"Dana_KO","Pf4","8"
"AATCGACTCTGGACCG-1-2",5.42591436580864e-06,"Dana_KO","Pf4","8"
"AATCGACTCTTCCCAG-1-2",8.39393589924242e-06,"Dana_KO","CD34","7"
"AATCGACTCTTCCGTG-1-2",5.37953902934873e-06,"Dana_KO","Pf4","8"
"AATCGTGAGACGCAGT-1-2",0.00638103231677056,"Dana_KO","Gstm1/CD63","1"
"AATCGTGAGGAACGTC-1-2",5.24041301996903e-06,"Dana_KO","Pf4","3"
"AATCGTGAGTAAACTG-1-2",1.01548086440497,"Dana_KO","Car1","2"
"AATCGTGAGTGCAGGT-1-2",2.59154566841976,"Dana_KO","Car1","2"
"AATCGTGGTAACATAG-1-2",0.459033240435016,"Dana_KO","CD34","7"
"AATCGTGGTATGTCAC-1-2",0.150572237477599,"Dana_KO","Car1","4"
"AATCGTGTCACGATAC-1-2",1.9973691241747,"Dana_KO","Car1","2"
"AATCGTGTCCCTCAAC-1-2",0.00108122850158332,"Dana_KO","Car1","3"
"AATCGTGTCGTTCATT-1-2",0.0879703750195502,"Dana_KO","Car1","4"
"AATCGTGTCTGCGAGC-1-2",0.781540352260867,"Dana_KO","Fcnb","1"
"AATGAAGAGTCGGCCT-1-2",0.513412094139941,"Dana_KO","CD34","4"
"AATGAAGCAAGCACAG-1-2",8.34756056278252e-06,"Dana_KO","CD34","7"
"AATGAAGCAGGGATAC-1-2",0,"Dana_KO","Car1","4"
"AATGAAGCATACGCAT-1-2",5.33316369288883e-06,"Dana_KO","Pf4","8"
"AATGAAGGTCCAGTTA-1-2",0.271163831793071,"Dana_KO","CD34","1"
"AATGAAGTCCTTCTGG-1-2",0.00588013854447733,"Dana_KO","Car1","2"
"AATGACCCACTGGACC-1-2",0.03250617705321,"Dana_KO","Pf4","4"
"AATGACCCAGTTACCA-1-2",0.516257235227629,"Dana_KO","Car1","4"
"AATGACCCATCGAACT-1-2",0.034452185728342,"Dana_KO","Car1","4"
"AATGACCTCAATCTCT-1-2",8.30118522632262e-06,"Dana_KO","Cd74","15"
"AATGACCTCAGACCGC-1-2",0.727616228727398,"Dana_KO","Pf4","8"
"AATGACCTCGCCACTT-1-2",5.73640719688763,"Dana_KO","Car1","2"
"AATGCCAAGTTCTACG-1-2",0.596171425888039,"Dana_KO","Unannotated","2"
"AATGCCACAACTTGCA-1-2",0.733361382470377,"Dana_KO","Pf4","8"
"AATGCCAGTCTCCTGT-1-2",0.591467252396062,"Dana_KO","Fcnb","1"
"AATGCCAGTGCCGTAC-1-2",0.0479570095691271,"Dana_KO","Car1","4"
"AATGCCATCAATCTTC-1-2",8.25480988986271e-06,"Dana_KO","CD34","7"
"AATGCCATCACCTACC-1-2",0.0569342642879571,"Dana_KO","Car1","3"
"AATGCCATCACGATCA-1-2",0.0321840991367781,"Dana_KO","Car1","3"
"AATGCCATCCTCACTG-1-2",0.0415864992538277,"Dana_KO","CD34","4"
"AATGCCATCTAGAACC-1-2",0.698470371267034,"Dana_KO","Car1","3"
"AATGGAAAGCTACAAA-1-2",1.01728491525317,"Dana_KO","Gstm1/CD63","1"
"AATGGAAAGTGGCGAT-1-2",0.950416915253688,"Dana_KO","Pf4","2"
"AATGGAAAGTTGAAGT-1-2",0.100125365228791,"Dana_KO","Car1","3"
"AATGGAACATACAGGG-1-2",0.729239105130125,"Dana_KO","Pf4","8"
"AATGGAAGTGGCTACC-1-2",8.20843455340281e-06,"Dana_KO","CD34","7"
"AATGGAAGTTGTACGT-1-2",5.28678835642893e-06,"Dana_KO","Pf4","8"
"AATGGAATCCAAGCAT-1-2",0.0164996508448356,"Dana_KO","Car1","4"
"AATGGCTCAAATCGGG-1-2",8.16205921694291e-06,"Dana_KO","CD34","7"
"AATGGCTCACTAACCA-1-2",0.45903319405968,"Dana_KO","CD34","7"
"AATGGCTCAGACCAAG-1-2",10.3783042278329,"Dana_KO","Hba-a2","6"
"AATGGCTCAGACCTAT-1-2",0.0164996972201721,"Dana_KO","Car1","4"
"AATGGCTGTACACGCC-1-2",0.0169578478966763,"Dana_KO","Car1","3"
"AATGGCTGTACAGCGA-1-2",0.0771123204723012,"Dana_KO","Car1","4"
"AATGGCTGTGTCTAAC-1-2",0.0146109447527683,"Dana_KO","Pf4","3"
"AATGGCTTCATTTGCT-1-2",12.4979175728603,"Dana_KO","Ltf","12"
"AATGGCTTCCCATGGG-1-2",2.92920261000291,"Dana_KO","Car1","2"
"AATGGCTTCTTAGGAC-1-2",0.505616562216977,"Dana_KO","Pf4","8"
"AATTCCTAGAGGTCAC-1-2",0.419999105475529,"Dana_KO","Car1","4"
"AATTCCTAGCGAGAAA-1-2",0.0440702528231035,"Dana_KO","Car1","2"
"AATTCCTAGGGAGTTC-1-2",0.730006651665519,"Dana_KO","Pf4","8"
"AATTCCTGTCTAGGTT-1-2",0.235352861655946,"Dana_KO","Gstm1/CD63","0"
"AATTCCTGTTCAAGGG-1-2",0.811110913847767,"Dana_KO","Pf4","4"
"AATTCCTTCCTGTAGA-1-2",10.36819103037,"Dana_KO","Hba-a2","6"
"AATTCCTTCCTTATGT-1-2",0.184950130017497,"Dana_KO","Gstm1/CD63","1"
"AATTCCTTCGAGAATA-1-2",0.0184939849509028,"Dana_KO","Car1","2"
"AATTTCCAGTGATCGG-1-2",0.041980195859336,"Dana_KO","Car1","4"
"AATTTCCCACTGGCGT-1-2",5.24041301996903e-06,"Dana_KO","Pf4","8"
"AATTTCCCAGTAACCT-1-2",5.19403768350912e-06,"Dana_KO","Pf4","8"
"AATTTCCCATGTACGT-1-2",5.14766234704922e-06,"Dana_KO","Pf4","8"
"AATTTCCGTCTTTCAT-1-2",0.722715673891009,"Dana_KO","Ly86","0"
"AATTTCCTCAGATGCT-1-2",1.14914088397504,"Dana_KO","Gstm1/CD63","1"
"AATTTCCTCGCGTTTC-1-2",15.5784416874222,"Dana_KO","Ltf","12"
"AATTTCCTCTTGAACG-1-2",0.0569342179126207,"Dana_KO","Car1","3"
"ACAAAGAAGCAACTCT-1-2",0.160199787006681,"Dana_KO","Gstm1/CD63","1"
"ACAAAGACACAAGCAG-1-2",0.0325062234285465,"Dana_KO","Pf4","4"
"ACAAAGACATTGTCGA-1-2",1.96015717001005,"Dana_KO","Car1","2"
"ACAAAGAGTCCCGTGA-1-2",6.99106148180401,"Dana_KO","Car1","6"
"ACAAAGAGTGAACTAA-1-2",5.39647404309913,"Dana_KO","Car1","2"
"ACAAAGAGTGATATAG-1-2",5.10128701058932e-06,"Dana_KO","Pf4","8"
"ACAAAGAGTGGGAGAG-1-2",5.12940631651685,"Dana_KO","Car1","2"
"ACAAAGAGTTACCCTC-1-2",4.38255398787441,"Dana_KO","Car1","2"
"ACAAAGATCAGACCTA-1-2",5.19403768350912e-06,"Dana_KO","Pf4","3"
"ACAAAGATCCATCAGA-1-2",0.00790697484740233,"Dana_KO","Gstm1/CD63","7"
"ACAAAGATCGATTTCT-1-2",5.10128701058932e-07,"Dana_KO","Fcnb","1"
"ACAAAGATCGGCATTA-1-2",0.00167708523893495,"Dana_KO","Gstm1/CD63","1"
"ACAAAGATCTAACGGT-1-2",5.05491167412941e-06,"Dana_KO","Pf4","8"
"ACAACCAAGTCCGTCG-1-2",2.39940103314185,"Dana_KO","Fcnb","1"
"ACAACCAAGTGACACG-1-2",0.708768572723731,"Dana_KO","Car1","4"
"ACAACCACAACCGTAT-1-2",0.0432675925230104,"Dana_KO","Gstm1/Ly86","1"
"ACAACCACACGGTGTC-1-2",0.185998492338955,"Dana_KO","Car1","2"
"ACAACCACACTTTATC-1-2",1.85501345839612e-06,"Dana_KO","Car1","4"
"ACAACCACATGTTACG-1-2",5.56504037518835e-07,"Dana_KO","Gstm1/CD63","1"
"ACAACCATCGCTAGCG-1-2",5.00853633766951e-06,"Dana_KO","Pf4","8"
"ACAACCATCTACTGCC-1-2",7.19102388307127,"Dana_KO","Hba-a2","6"
"ACAAGCTCAACCGCTG-1-2",1.11279517830287,"Dana_KO","Car1","2"
"ACAAGCTCAGGACAGT-1-2",0.459033147684343,"Dana_KO","CD34","7"
"ACAAGCTTCAGATTGC-1-2",0.0883631223074299,"Dana_KO","Car1","4"
"ACAAGCTTCCTCGATC-1-2",0.637719142939126,"Dana_KO","CD34","10"
"ACACAGTCATATTCGG-1-2",6.28370408035535,"Dana_KO","Car1","6"
"ACACAGTCATCGAGCC-1-2",4.38255403424974,"Dana_KO","Car1","2"
"ACACAGTGTAGATGTA-1-2",4.37639213562801,"Dana_KO","Car1","2"
"ACACAGTGTGGTCTAT-1-2",0.909943866661909,"Dana_KO","Fcnb","1"
"ACACAGTTCACATACG-1-2",1.57243230810213,"Dana_KO","Gstm1/CD63","1"
"ACACAGTTCCGCTAGG-1-2",2.92920265637825,"Dana_KO","Car1","11"
"ACACAGTTCTTGGATG-1-2",1.71588744901641e-06,"Dana_KO","Car1","4"
"ACACCAAAGTCGTTAC-1-2",0.446540519785884,"Dana_KO","Car1","3"
"ACACCAAAGTTCCAGT-1-2",0.978307997680813,"Dana_KO","Car1","4"
"ACACCAACAGGCAATG-1-2",0.0569341715372842,"Dana_KO","Car1","3"
"ACACCAACAGTGTGGA-1-2",0.0569341251619477,"Dana_KO","Car1","3"
"ACACCAACATCCGTTC-1-2",0.0569340787866113,"Dana_KO","Car1","3"
"ACACCAAGTACGGCAA-1-2",0.445385233117928,"Dana_KO","Ly86","0"
"ACACCAATCATTTACC-1-2",0.0985762553687295,"Dana_KO","Gstm1/CD63","1"
"ACACGCGAGCTGTTAC-1-2",0.0591655307113029,"Dana_KO","Ly86","0"
"ACACGCGCAAATGGTA-1-2",0.0569340324112748,"Dana_KO","Car1","3"
"ACACGCGCAGATCACT-1-2",1.09313020959084,"Dana_KO","Gstm1/CD63","1"
"ACACGCGCATGGGATG-1-2",0.0204459179905916,"Dana_KO","CD34","0"
"ACACGCGCATTCGGGC-1-2",0.809234064286872,"Dana_KO","Ly86","0"
"ACACGCGGTTCATCTT-1-2",8.115683880483e-06,"Dana_KO","CD34","7"
"ACACGCGGTTCTAACG-1-2",15.9553490745873,"Dana_KO","Ltf","12"
"ACACGCGTCCTCGCAT-1-2",0.00139261671352564,"Dana_KO","Gstm1/CD63","1"
"ACACGCGTCTTTCAGT-1-2",0.844879892035645,"Dana_KO","Ly86","0"
"ACACTGAAGCACTCTA-1-2",0.00269922742891593,"Dana_KO","Ly86","0"
"ACACTGAAGGACTATA-1-2",1.80863812193621e-06,"Dana_KO","Pf4","4"
"ACACTGACATAATCCG-1-2",0.121301461178326,"Dana_KO","Car1","4"
"ACACTGACATGCCATA-1-2",6.02879373978737e-07,"Dana_KO","Gstm1/CD63","1"
"ACACTGAGTTTGAACC-1-2",6.4925471043864e-07,"Dana_KO","Gstm1/CD63","1"
"ACACTGATCAGGAAAT-1-2",5.48007543091961,"Dana_KO","Car1","11"
"ACACTGATCATTACCT-1-2",12.4979176192357,"Dana_KO","Car1","2"
"ACACTGATCATTTACC-1-2",0.15556455083823,"Dana_KO","Ly86","0"
"ACAGAAAAGAGCTGAC-1-2",4.96216100120961e-06,"Dana_KO","Pf4","8"
"ACAGAAAAGCGCATCC-1-2",0.13572358287229,"Dana_KO","Car1","2"
"ACAGAAACAAGGGTCA-1-2",4.20094849230016,"Dana_KO","Car1","4"
"ACAGAAACACCGTACG-1-2",15.5320002764251,"Dana_KO","Ly86","12"
"ACAGAAACAGTCAGTT-1-2",5.14766234704922e-06,"Dana_KO","Pf4","3"
"ACAGAAATCGTCGATA-1-2",5.10128701058932e-06,"Dana_KO","Pf4","3"
"ACAGAAATCGTGGCTG-1-2",0.0569339860359384,"Dana_KO","Car1","3"
"ACAGCCGAGTTGCCCG-1-2",0.0479570559444635,"Dana_KO","Car1","4"
"ACAGCCGCAGCTGCCA-1-2",0.00219243582839979,"Dana_KO","CD34","7"
"ACAGCCGCAGTAACGG-1-2",8.0693085440231e-06,"Dana_KO","CD34","7"
"ACAGCCGGTAGCTAAA-1-2",10.3681910767453,"Dana_KO","Hba-a2","6"
"ACAGCCGTCCTTATAC-1-2",0.135646188356909,"Dana_KO","Ly86","0"
"ACAGCCGTCGGACTTA-1-2",1.6695121125565e-06,"Dana_KO","Ly86","0"
"ACAGGGAAGCTTTCTT-1-2",1.01665999760118,"Dana_KO","Pf4","8"
"ACAGGGAAGGAACTAT-1-2",0.0569339396606019,"Dana_KO","Car1","3"
"ACAGGGACACCCTTGT-1-2",0.389504122136166,"Dana_KO","Ly86","0"
"ACAGGGAGTGCCCTTT-1-2",2.80472510686474,"Dana_KO","Car1","2"
"ACAGGGAGTGCGGCTT-1-2",0.860615669918109,"Dana_KO","Car1","4"
"ACAGGGAGTGCTTCAA-1-2",0.0114430543877111,"Dana_KO","Fcnb","1"
"ACATCCCAGCCTCTGG-1-2",0.146006241509721,"Dana_KO","Car1","2"
"ACATCCCCAGCTACAT-1-2",5.06031026551507,"Dana_KO","Car1","2"
"ACATCCCCATGTCGTA-1-2",0.138201875214864,"Dana_KO","Car1","4"
"ACATCCCGTACGTACT-1-2",0.0325062698038829,"Dana_KO","Pf4","4"
"ACATCCCGTATGTCAC-1-2",0.0569338932852654,"Dana_KO","Car1","3"
"ACATCCCGTATTGCCA-1-2",6.95630046898543e-07,"Dana_KO","Fcnb","1"
"ACATCCCGTTGCCGCA-1-2",4.91578566474971e-06,"Dana_KO","Pf4","4"
"ACATCCCTCCTGGTCT-1-2",0.040941048942623,"Dana_KO","Car1","4"
"ACATCCCTCGCTGCGA-1-2",0.529932518277513,"Dana_KO","Pf4","8"
"ACATCGAAGCACTCGC-1-2",0.00119884818607918,"Dana_KO","Car1","4"
"ACATCGAAGTAACCGG-1-2",2.08689014069563e-06,"Dana_KO","Car1","4"
"ACATCGACACCCTATC-1-2",8.0229332075632e-06,"Dana_KO","CD34","7"
"ACATCGACAGCTGTAT-1-2",1.76226278547631e-06,"Dana_KO","Pf4","4"
"ACATCGATCGCAAGAG-1-2",0.733361428845714,"Dana_KO","Pf4","8"
"ACATCGATCTCGTTTA-1-2",0.056933846909929,"Dana_KO","Car1","3"
"ACATGCAAGAGAGCGG-1-2",6.29166787905674,"Dana_KO","Car1","6"
"ACATGCAAGATAGGGA-1-2",0.944172570449978,"Dana_KO","Gstm1/CD63","1"
"ACATGCAAGGACGCAT-1-2",2.40339223379001,"Dana_KO","Car1","2"
"ACATGCAAGGTAAGGA-1-2",4.8694103282898e-06,"Dana_KO","Pf4","8"
"ACATGCAAGGTACCTT-1-2",0.0111906827925092,"Dana_KO","Car1","4"
"ACATGCACACGATAGG-1-2",1.98960974739171,"Dana_KO","Car1","2"
"ACATGCACACTATCGA-1-2",1.36836074997334,"Dana_KO","Pf4","11"
"ACATGCAGTCTCAGAT-1-2",4.05847281213562,"Dana_KO","Car1","2"
"ACATGCAGTTCCCACT-1-2",0.423132417741758,"Dana_KO","Pf4","8"
"ACATGCAGTTCTCGCT-1-2",1.24155567707061,"Dana_KO","Ly86","0"
"ACATGCATCCATAGAC-1-2",6.29166792543208,"Dana_KO","Car1","6"
"ACATGCATCTGGAGAG-1-2",0.0177190179615989,"Dana_KO","Gstm1/CD63","1"
"ACATTTCAGCCGAATG-1-2",0.144539024570503,"Dana_KO","Gstm1/CD63","13"
"ACATTTCAGTGCAGGT-1-2",4.8230349918299e-06,"Dana_KO","Pf4","8"
"ACATTTCCAGACTCTA-1-2",0.459033101309007,"Dana_KO","CD34","7"
"ACATTTCGTACGCTTA-1-2",17.5833260342375,"Dana_KO","Ltf","12"
"ACATTTCGTATTAAGG-1-2",0.65200004617637,"Dana_KO","Car1","3"
"ACATTTCGTCTATGAC-1-2",1.17844331249704,"Dana_KO","Car1","3"
"ACATTTCTCCCTGTTG-1-2",0.00432767044242655,"Dana_KO","Hba-a2","11"
"ACCAAACAGATGACCG-1-2",0.0325063161792194,"Dana_KO","Pf4","4"
"ACCAAACAGATTGTGA-1-2",0.77044674463218,"Dana_KO","Car1","2"
"ACCAAACAGCCTCGTG-1-2",4.77665965537e-06,"Dana_KO","Pf4","8"
"ACCAAACCATCGCTGG-1-2",0.0829410622565474,"Dana_KO","Pf4","8"
"ACCAAACCATGCCATA-1-2",10.3681911231206,"Dana_KO","Hba-a2","6"
"ACCAAACGTATTAAGG-1-2",1.6695121125565e-06,"Dana_KO","Car1","4"
"ACCAAACGTCTGTTAG-1-2",0.113660199824953,"Dana_KO","Car1","3"
"ACCAAACTCGACCAAT-1-2",4.73028431891009e-06,"Dana_KO","Pf4","8"
"ACCAAACTCTTGGATG-1-2",0.0846731821140645,"Dana_KO","Ly86","0"
"ACCAACACAAACCATC-1-2",1.99356391451899,"Dana_KO","Car1","2"
"ACCAACACACCCGTAG-1-2",5.05491167412941e-06,"Dana_KO","Pf4","3"
"ACCAACACAGGCACTC-1-2",10.368191169496,"Dana_KO","Hba-a2","6"
"ACCAACAGTCACCTTC-1-2",0.0682496165287552,"Dana_KO","Gstm1/Ly86","0"
"ACCAACAGTTGTGTTG-1-2",0.0261193439029888,"Dana_KO","Ly86","0"
"ACCAACATCCGCAGTG-1-2",7.42005383358446e-07,"Dana_KO","Gstm1/CD63","1"
"ACCACAAAGCGCCATC-1-2",0.797425387481898,"Dana_KO","Gstm1/CD63","1"
"ACCACAAAGGTCTGGA-1-2",0.507763433842078,"Dana_KO","Pf4","8"
"ACCACAAAGTAATCCC-1-2",0.00108118212624686,"Dana_KO","Car1","3"
"ACCACAACAACTAGAA-1-2",8.83182219330559,"Dana_KO","Hba-a2","6"
"ACCACAAGTAGAAACT-1-2",0.0569338005345925,"Dana_KO","Car1","3"
"ACCACAAGTGGCTTGC-1-2",7.88380719818349e-07,"Dana_KO","Ly86","14"
"ACCACAAGTGTTTGCA-1-2",0.0213512235551514,"Dana_KO","Gstm1/CD63","1"
"ACCACAATCAAATGAG-1-2",0.418248178022507,"Dana_KO","Pf4","8"
"ACCACAATCAAGAGTA-1-2",7.9765578711033e-06,"Dana_KO","CD34","7"
"ACCACAATCACGAGGA-1-2",0.181280643370067,"Dana_KO","Car1","2"
"ACCACAATCTATGTGG-1-2",0.0656854802564887,"Dana_KO","Car1","2"
"ACCACAATCTTTGCGC-1-2",1.6231367760966e-06,"Dana_KO","Car1","4"
"ACCATTTAGATACAGT-1-2",0.0325063625545559,"Dana_KO","Pf4","4"
"ACCATTTAGCCTCTTC-1-2",0.0010811357509104,"Dana_KO","CD34","3"
"ACCATTTCAATTGCTG-1-2",0.0962426339268694,"Dana_KO","Fcnb","1"
"ACCATTTCACACGGAA-1-2",0.64899905935509,"Dana_KO","Car1","2"
"ACCATTTCAGCTGTAT-1-2",6.29166797180742,"Dana_KO","Hba-a2","6"
"ACCATTTGTAGATTAG-1-2",5.00853633766951e-06,"Dana_KO","Pf4","3"
"ACCATTTGTAGTGTGG-1-2",0.731000431061791,"Dana_KO","Pf4","8"
"ACCATTTGTTGTGTTG-1-2",0.0947458042988847,"Dana_KO","Gstm1/CD63","1"
"ACCATTTTCATTGCTT-1-2",1.71588744901641e-06,"Dana_KO","Pf4","8"
"ACCATTTTCGAAGCAG-1-2",0.0569337541592561,"Dana_KO","Car1","3"
"ACCATTTTCTTTCTAG-1-2",4.68390898245019e-06,"Dana_KO","Pf4","8"
"ACCCAAAAGAAATCCA-1-2",0.000463870953442802,"Dana_KO","Gstm1/CD63","1"
"ACCCAAAAGTTAACAG-1-2",0.513412140515277,"Dana_KO","Car1","4"
"ACCCAAACAGCTGTGC-1-2",0.0569337077839196,"Dana_KO","Car1","3"
"ACCCAAAGTATCGATC-1-2",0.273086129112172,"Dana_KO","Ly86","0"
"ACCCAAATCATTACGG-1-2",0.0164997435955085,"Dana_KO","Car1","4"
"ACCCAAATCCGTCAAA-1-2",0.465619269866089,"Dana_KO","Car1","4"
"ACCCAAATCCTCAGAA-1-2",0.0419802422346724,"Dana_KO","Pf4","3"
"ACCCAAATCGTCCATC-1-2",0.45903305493367,"Dana_KO","CD34","7"
"ACCCTCAAGAAGCCAC-1-2",0.026302598781984,"Dana_KO","Car1","3"
"ACCCTCAAGACTTCCA-1-2",0.0605555274488543,"Dana_KO","Car1","11"
"ACCCTCAAGAGTCACG-1-2",5.75071513179996,"Dana_KO","Car1","2"
"ACCCTCAAGCGGTAGT-1-2",0.614936165193575,"Dana_KO","Car1","2"
"ACCCTCACACACCGAC-1-2",7.93018253464339e-06,"Dana_KO","CD34","7"
"ACCCTCACAGAGAGGG-1-2",10.3681912158713,"Dana_KO","Hba-a2","6"
"ACCCTCAGTAGACAAT-1-2",1.05757303436535,"Dana_KO","Gstm1/CD63","1"
"ACCCTCAGTCCACACG-1-2",1.6231367760966e-06,"Dana_KO","Ly86","0"
"ACCCTCAGTCGCGTCA-1-2",8.34756056278252e-07,"Dana_KO","Gstm1/CD63","1"
"ACCCTCAGTTCATCGA-1-2",0.016499789970845,"Dana_KO","Car1","4"
"ACCCTTGAGCGAGTAC-1-2",0.00108108937557394,"Dana_KO","Car1","3"
"ACCCTTGGTTTACGTG-1-2",0.944799405719432,"Dana_KO","Car1","3"
"ACCCTTGTCAATCAGC-1-2",0.0184120750150731,"Dana_KO","Pf4","11"
"ACCCTTGTCTCCCATG-1-2",0.0962426803022058,"Dana_KO","Fcnb","1"
"ACCGTTCAGATCCTAC-1-2",0.293730221097745,"Dana_KO","Unannotated","2"
"ACCGTTCAGGGTGAGG-1-2",4.63753364599029e-06,"Dana_KO","Pf4","8"
"ACCGTTCAGTAACGTA-1-2",0.344955378931005,"Dana_KO","Car1","4"
"ACCGTTCCAAATGAGT-1-2",4.59115830953039e-06,"Dana_KO","Pf4","8"
"ACCGTTCCACGGCTAC-1-2",0.0569336614085831,"Dana_KO","CD34","3"
"ACCGTTCCATACGCAT-1-2",0.665499188936577,"Dana_KO","Car1","4"
"ACCGTTCGTAATCAGA-1-2",0.0217615604552246,"Dana_KO","Pf4","8"
"ACCGTTCGTCACCGCA-1-2",0.0325064089298923,"Dana_KO","Pf4","4"
"ACCGTTCGTGAACTAA-1-2",4.38255408062508,"Dana_KO","Car1","2"
"ACCTACCAGAAATTGC-1-2",3.93935683102322,"Dana_KO","Car1","2"
"ACCTACCAGGCTCAAG-1-2",2.61940656176122,"Dana_KO","Car1","2"
"ACCTACCCAAAGTGTA-1-2",7.19102392944661,"Dana_KO","Hba-a2","6"
"ACCTGAAAGACCACGA-1-2",4.38603005156056,"Dana_KO","Car1","2"
"ACCTGAAAGTATCTGC-1-2",0.840035115079555,"Dana_KO","Fcnb","1"
"ACCTGAACATGTGACT-1-2",1.5767614396367e-06,"Dana_KO","Car1","4"
"ACCTGAAGTACCATAC-1-2",5.34958681409863,"Dana_KO","Car1","2"
"ACCTGAAGTATCGTTG-1-2",0.184866221883954,"Dana_KO","Pf4","8"
"ACCTGAAGTATTCTCT-1-2",6.73372133812699,"Dana_KO","Car1","6"
"ACCTGAAGTTTCGTGA-1-2",0.0325064553052288,"Dana_KO","Pf4","4"
"ACCTGTCAGGCCTAAG-1-2",0.00167713161427141,"Dana_KO","Gstm1/Ly86","1"
"ACCTGTCAGGTACAAT-1-2",6.2853404069271,"Dana_KO","Car1","6"
"ACCTGTCAGTAATCCC-1-2",4.54478297307048e-06,"Dana_KO","Pf4","8"
"ACCTGTCAGTGAATAC-1-2",0.345633211242343,"Dana_KO","Car1","3"
"ACCTGTCAGTTGCTGT-1-2",6.85359803806524,"Dana_KO","Car1","2"
"ACCTGTCCACGGTCTG-1-2",0.966570445913038,"Dana_KO","Fcnb","1"
"ACCTGTCGTTGGAGAC-1-2",0.0569336150332467,"Dana_KO","Car1","3"
"ACCTGTCTCATCCCGT-1-2",1.09099204774566,"Dana_KO","Car1","2"
"ACCTGTCTCCCAAGTA-1-2",0.0164998363461815,"Dana_KO","Car1","3"
"ACGATCAAGCAGATAT-1-2",0.0325065016805652,"Dana_KO","Pf4","4"
"ACGATCAAGGTCCAGA-1-2",0.508631073982071,"Dana_KO","Fcnb","1"
"ACGATCACAACCACAT-1-2",0.0569335686579102,"Dana_KO","Car1","3"
"ACGATCACACTGGCGT-1-2",0.195827058922022,"Dana_KO","CD34","4"
"ACGATCAGTAATGTGA-1-2",0.317860033418391,"Dana_KO","Car1","4"
"ACGATCAGTCGTTGGC-1-2",0.403737266635072,"Dana_KO","Car1","2"
"ACGATCATCCTTCTTC-1-2",0.0164998827215179,"Dana_KO","Car1","4"
"ACGATCATCTCCCAAC-1-2",3.95210021379032,"Dana_KO","Car1","2"
"ACGATGTAGACTTCAC-1-2",1.03253064489885,"Dana_KO","Car1","2"
"ACGATGTCAATGCAAA-1-2",0.950416961629025,"Dana_KO","Pf4","2"
"ACGATGTCAGCAATTC-1-2",0.729023035735193,"Dana_KO","Pf4","8"
"ACGATGTCAGGAGGAG-1-2",3.96446210694812,"Dana_KO","Car1","2"
"ACGATGTCATCCGTGG-1-2",0.0569335222825738,"Dana_KO","Car1","3"
"ACGATGTGTATCGCTA-1-2",6.59863312124312,"Dana_KO","Car1","6"
"ACGATGTGTCAATCTG-1-2",0.0330471584374106,"Dana_KO","Car1","2"
"ACGATGTGTCCGAAAG-1-2",1.6695121125565e-06,"Dana_KO","Pf4","4"
"ACGATGTTCCGCAACG-1-2",0.0569334759072373,"Dana_KO","Car1","3"
"ACGATGTTCGAAATCC-1-2",0.0298823049488102,"Dana_KO","Car1","2"
"ACGATGTTCGATTGGT-1-2",0.959745713742632,"Dana_KO","Fcnb","1"
"ACGATGTTCTGCCTGT-1-2",0.0908528824605566,"Dana_KO","Car1","3"
"ACGCACGAGAATAGTC-1-2",4.96216100120961e-06,"Dana_KO","Car1","4"
"ACGCACGAGACAACAT-1-2",10.3791271048687,"Dana_KO","Hba-a2","6"
"ACGCACGAGCCGATAG-1-2",4.11747594728528,"Dana_KO","Car1","2"
"ACGCACGAGCCTTTGA-1-2",0.88708951875624,"Dana_KO","Gstm1/CD63","1"
"ACGCACGAGTAGCCAG-1-2",1.75671191688299,"Dana_KO","Gstm1/CD63","1"
"ACGCACGCAAAGAACT-1-2",0.0091488609539776,"Dana_KO","CD34","1"
"ACGCACGCAACAAAGT-1-2",1.6231367760966e-06,"Dana_KO","Pf4","4"
"ACGCACGGTCATGACT-1-2",0.00307680496537188,"Dana_KO","Ly86","7"
"ACGCACGGTTCCACGG-1-2",0.0418811071115073,"Dana_KO","Gstm1/CD63","1"
"ACGCACGTCGAGTCTA-1-2",7.88380719818349e-06,"Dana_KO","Gstm1/Ly86","7"
"ACGCACGTCGTCACCT-1-2",7.83743186172359e-06,"Dana_KO","Car1","7"
"ACGCACGTCTATCGTT-1-2",15.9487309338459,"Dana_KO","Ltf","12"
"ACGGAAGAGCACACCC-1-2",0.0812189925268969,"Dana_KO","Gstm1/CD63","1"
"ACGGAAGCAAACGAGC-1-2",0.0419802886100089,"Dana_KO","CD34","4"
"ACGGAAGCACCCTCTA-1-2",0.0569334295319008,"Dana_KO","Unannotated","3"
"ACGGAAGCAGATCATC-1-2",0.0569333831565644,"Dana_KO","Car1","3"
"ACGGAAGGTCACTAGT-1-2",8.81131392738155e-07,"Dana_KO","Gstm1/CD63","1"
"ACGGAAGTCGATTGGT-1-2",0.0325065480559017,"Dana_KO","Car1","4"
"ACGGAAGTCGCACGAC-1-2",3.80474590735378,"Dana_KO","Car1","2"
"ACGGAAGTCTCCGTGT-1-2",4.49840763661058e-06,"Dana_KO","Pf4","8"
"ACGGGTCAGCCTCTCT-1-2",0.74323811764792,"Dana_KO","Car1","2"
"ACGGGTCAGGTGGTTG-1-2",4.45119518952743,"Dana_KO","Car1","2"
"ACGGGTCAGTAGGGTC-1-2",0.0569333367812279,"Dana_KO","Pf4","3"
"ACGGGTCCAAACAGGC-1-2",0.699367946799788,"Dana_KO","Car1","2"
"ACGGGTCCAGTAGAGC-1-2",4.91578566474971e-06,"Dana_KO","Pf4","3"
"ACGGGTCCATGAAGCG-1-2",0.160258374022029,"Dana_KO","CD34","4"
"ACGGGTCGTACGTGAG-1-2",7.79105652526368e-06,"Dana_KO","CD34","7"
"ACGGGTCGTAGCTGCC-1-2",3.9095097921802,"Dana_KO","Car1","2"
"ACGGGTCGTCATCTAG-1-2",0.0325065944312382,"Dana_KO","Pf4","4"
"ACGGGTCTCAACACGT-1-2",0.0434894403634638,"Dana_KO","CD34","0"
"ACGGGTCTCGAGCCAC-1-2",7.74468118880378e-06,"Dana_KO","CD34","7"
"ACGGTCGAGAGTGTGC-1-2",0.0450908904011751,"Dana_KO","Pf4","8"
"ACGGTCGAGCAGTCTT-1-2",0.00619864356322353,"Dana_KO","Fcnb","1"
"ACGGTCGAGGTTGTTC-1-2",0.00219238945306333,"Dana_KO","CD34","7"
"ACGGTCGAGTTACGAA-1-2",0.72612864592868,"Dana_KO","Ly86","0"
"ACGGTCGCAAATGGCG-1-2",0.00432762406709009,"Dana_KO","Hba-a2","11"
"ACGGTCGCAGCGCGTT-1-2",2.04051480423573e-06,"Dana_KO","Car1","4"
"ACGGTCGCATATGGCT-1-2",0.470177918611785,"Dana_KO","Ly86","0"
"ACGGTCGCATCGGAAG-1-2",0.0569332904058915,"Dana_KO","Car1","3"
"ACGGTCGTCTGAGGCC-1-2",0.73336147522105,"Dana_KO","Pf4","11"
"ACGGTTAAGCCGTTGC-1-2",0.358230214747145,"Dana_KO","Car1","3"
"ACGGTTAAGGTAGATT-1-2",5.17703534893691,"Dana_KO","Car1","6"
"ACGGTTACACCGTCTT-1-2",0.243802011011726,"Dana_KO","Pf4","8"
"ACGGTTACAGAGGAAA-1-2",0.175387984907878,"Dana_KO","Pf4","8"
"ACGGTTAGTAATTAGG-1-2",0.767077096500165,"Dana_KO","Car1","2"
"ACGGTTATCCCTATTA-1-2",0.00108104300023748,"Dana_KO","Car1","3"
"ACGTAACAGATAGCAT-1-2",0.0600124109034975,"Dana_KO","Car1","2"
"ACGTAACGTTGGTGTT-1-2",4.45203230015068e-06,"Dana_KO","Pf4","8"
"ACGTAACTCATGCAGT-1-2",0.459033008558334,"Dana_KO","Unannotated","7"
"ACGTAACTCGAGTCTA-1-2",5.10128701058932e-07,"Dana_KO","Unannotated","4"
"ACGTAACTCTAGTGTG-1-2",4.40565696369077e-06,"Dana_KO","Pf4","8"
"ACGTAACTCTTCGGAA-1-2",0.701361976795315,"Dana_KO","Fcnb","1"
"ACGTACACACTTACAG-1-2",4.8694103282898e-06,"Dana_KO","Pf4","3"
"ACGTACAGTCTAACTG-1-2",1.68566146924948,"Dana_KO","Car1","3"
"ACGTACATCACCATAG-1-2",0.0762705640317258,"Dana_KO","Gstm1/CD63","10"
"ACGTACATCTGCATGA-1-2",9.27506729198058e-07,"Dana_KO","Ly86","14"
"ACGTACATCTGCTTAT-1-2",0.979206396587574,"Dana_KO","Car1","8"
"ACGTACATCTTGGTCC-1-2",0.333238450636206,"Dana_KO","Pf4","8"
"ACGTAGTAGAGGATCC-1-2",0.00219234307772687,"Dana_KO","CD34","7"
"ACGTAGTAGGATATGT-1-2",0.056933244030555,"Dana_KO","Car1","3"
"ACGTAGTAGTGTAGTA-1-2",0.0569331976552185,"Dana_KO","Car1","3"
"ACGTAGTCAAATGGCG-1-2",0.518567306159213,"Dana_KO","Gstm1/CD63","1"
"ACGTAGTCATCGATGT-1-2",0.600898523502193,"Dana_KO","Ly86","0"
"ACGTAGTGTAATGCGG-1-2",5.50331984422763,"Dana_KO","Car1","2"
"ACGTAGTGTAGATTGA-1-2",0.0325066408065746,"Dana_KO","Pf4","4"
"ACGTAGTGTCCGTTTC-1-2",2.51865406835361,"Dana_KO","Fcnb","1"
"ACGTAGTTCATCACAG-1-2",0.0138344962386511,"Dana_KO","Car1","2"
"ACGTAGTTCCATTTCA-1-2",0.0305413691370395,"Dana_KO","Car1","4"
"ACGTAGTTCGTTCGCT-1-2",0.615266641548207,"Dana_KO","Car1","3"
"ACGTCCTAGAAGCCTG-1-2",0.23964793060466,"Dana_KO","CD34","7"
"ACGTCCTCACCTAAAC-1-2",0.143055923169817,"Dana_KO","Pf4","3"
"ACGTCCTCAGCACAGA-1-2",4.35928162723087e-06,"Dana_KO","Pf4","4"
"ACGTCCTGTTCGAAGG-1-2",1.37496297316078,"Dana_KO","Car1","3"
"ACGTCCTTCGAGAATA-1-2",17.4961229861111,"Dana_KO","Ltf","12"
"ACGTCCTTCTGCCTGT-1-2",4.31290629077097e-06,"Dana_KO","Pf4","8"
"ACGTTCCAGACTCCGC-1-2",0.255607304568784,"Dana_KO","Pf4","3"
"ACGTTCCAGGCACAAC-1-2",0.556930429214395,"Dana_KO","Ly86","0"
"ACGTTCCAGGCTCAAG-1-2",0.151237050714597,"Dana_KO","Pf4","3"
"ACGTTCCAGGTAATCA-1-2",0.000711076387637261,"Dana_KO","Ly86","0"
"ACGTTCCAGTTCAACC-1-2",0.0440356455167404,"Dana_KO","CD34","7"
"ACGTTCCCAATCAGCT-1-2",0.0325066871819111,"Dana_KO","Car1","4"
"ACGTTCCCACGAAGAC-1-2",4.26653095431107e-06,"Dana_KO","Pf4","8"
"ACGTTCCCAGAGATGC-1-2",0.0569331512798821,"Dana_KO","Unannotated","3"
"ACGTTCCGTACAACGG-1-2",1.75890719288188,"Dana_KO","Gstm1/CD63","1"
"ACGTTCCGTACGAAAT-1-2",0.0479571023198,"Dana_KO","Car1","4"
"ACGTTCCGTACGGTTT-1-2",0.00219229670239041,"Dana_KO","CD34","7"
"ACGTTCCGTATTGACC-1-2",6.29166801818275,"Dana_KO","Hba-a2","6"
"ACGTTCCGTGTTCGTA-1-2",0.459032962182997,"Dana_KO","Unannotated","7"
"ACGTTCCGTTCGGTAT-1-2",15.8690595695919,"Dana_KO","Ltf","12"
"ACGTTCCTCAAGAGGC-1-2",3.59439892065882,"Dana_KO","Car1","2"
"ACGTTCCTCCCATACC-1-2",4.2009485386755,"Dana_KO","Car1","2"
"ACTACGAGTAGCTGAG-1-2",0.0569331049045456,"Dana_KO","Car1","3"
"ACTACGAGTGTTCGTA-1-2",0.0217616068305611,"Dana_KO","Pf4","8"
"ACTACGAGTTATCTGG-1-2",1.5767614396367e-06,"Dana_KO","Ly86","0"
"ACTACGATCCGTTTCG-1-2",3.68326462346644,"Dana_KO","Car1","2"
"ACTACGATCTCAGTCC-1-2",0.533353317299222,"Dana_KO","Car1","2"
"ACTATCTAGTATGTAG-1-2",1.65377261894278,"Dana_KO","Car1","2"
"ACTATCTGTGGTTTAC-1-2",4.22015561785116e-06,"Dana_KO","Pf4","8"
"ACTATCTTCAGCTTGA-1-2",0.0287425993798767,"Dana_KO","CD34","4"
"ACTATGGAGCCAGACA-1-2",0.0409410953179594,"Dana_KO","Unannotated","3"
"ACTATGGAGCTGAGTG-1-2",0.179770803424926,"Dana_KO","Pf4","4"
"ACTATGGAGGCTTTCA-1-2",0.52682837244866,"Dana_KO","Car1","2"
"ACTATGGAGGTGGTTG-1-2",15.6601378909162,"Dana_KO","Ltf","12"
"ACTATGGCACCAAATC-1-2",0.00108099662490102,"Dana_KO","Car1","3"
"ACTATGGGTGTGGTCC-1-2",0.143239951417138,"Dana_KO","Car1","3"
"ACTATGGTCCGATAAC-1-2",1.48183106704201,"Dana_KO","Gstm1/Ly86","1"
"ACTATGGTCCTACTGC-1-2",2.40339228016534,"Dana_KO","Car1","2"
"ACTATGGTCTAACGGT-1-2",0.00108095024956456,"Dana_KO","Pf4","3"
"ACTATTCAGACAAGCC-1-2",10.3681912622467,"Dana_KO","Hba-a2","6"
"ACTATTCCATAGGAGC-1-2",0.561946352817578,"Dana_KO","Car1","4"
"ACTATTCGTCCAGCAC-1-2",0.513412186890614,"Dana_KO","Pf4","4"
"ACTATTCTCAGCAATC-1-2",0.634299649059203,"Dana_KO","Gstm1/CD63","1"
"ACTATTCTCCGTATAG-1-2",4.17378028139126e-06,"Dana_KO","Pf4","8"
"ACTATTCTCGCCTCTA-1-2",0.72989769673531,"Dana_KO","Pf4","8"
"ACTCCCAAGGCTTCCG-1-2",10.368191308622,"Dana_KO","Hba-a2","6"
"ACTCCCAAGTGGCCTC-1-2",0.0713156987412784,"Dana_KO","Gstm1/Ly86","0"
"ACTCCCAAGTTGTCGT-1-2",0.289235460028904,"Dana_KO","Fcnb","1"
"ACTCCCACAATCTCTT-1-2",5.10098461734129,"Dana_KO","Car1","6"
"ACTCCCACACGCGCAT-1-2",1.68455704267789,"Dana_KO","Car1","2"
"ACTCCCACACTTCAAG-1-2",2.84549639019065,"Dana_KO","Car1","2"
"ACTCCCAGTTGCCATA-1-2",0.0757873833872089,"Dana_KO","Ly86","0"
"ACTCCCATCGTGGGAA-1-2",0.34638705791006,"Dana_KO","Ly86","0"
"ACTCCCATCTGTACAG-1-2",7.19102397582195,"Dana_KO","Hba-a2","6"
"ACTCTCGAGAACCCGA-1-2",1.96829542580611,"Dana_KO","Car1","2"
"ACTCTCGAGGAAACGA-1-2",0.0569330585292092,"Dana_KO","Unannotated","3"
"ACTCTCGAGTGAACAT-1-2",0.0404653117479727,"Dana_KO","Car1","3"
"ACTCTCGCAGCACAGA-1-2",2.92920270275358,"Dana_KO","Car1","2"
"ACTCTCGCATACACCA-1-2",0.0569330121538727,"Dana_KO","Car1","3"
"ACTCTCGCATGGCCAC-1-2",0.0526905420000784,"Dana_KO","Unannotated","9"
"ACTCTCGGTCTCTCTG-1-2",6.43200976617134,"Dana_KO","Car1","2"
"ACTCTCGTCACAATGC-1-2",0.0419803349853454,"Dana_KO","Pf4","4"
"ACTCTCGTCATACGGT-1-2",10.3681913549973,"Dana_KO","Hba-a2","6"
"ACTCTCGTCCACTAGA-1-2",0.0164999290968544,"Dana_KO","Car1","3"
"ACTCTCGTCGGCTTGG-1-2",0.0928042918909395,"Dana_KO","Gstm1/Ly86","1"
"ACTGATGAGAGTGTGC-1-2",1.14785167601664,"Dana_KO","Pf4","8"
"ACTGATGAGCCTGTCG-1-2",0.0604372655400606,"Dana_KO","Car1","2"
"ACTGATGAGTCTCCTC-1-2",4.12740494493136e-06,"Dana_KO","Pf4","4"
"ACTGATGCAGAGGTAC-1-2",0.597758985776239,"Dana_KO","Car1","3"
"ACTGATGGTCACTGAT-1-2",2.83158218349069,"Dana_KO","Car1","2"
"ACTGATGGTCATCTAG-1-2",0.678981257208663,"Dana_KO","Gstm1/CD63","1"
"ACTGATGTCACCTGTC-1-2",1.12955059503431,"Dana_KO","Fcnb","1"
"ACTGATGTCCACCTCA-1-2",4.8230349918299e-06,"Dana_KO","Car1","3"
"ACTGATGTCCGATGCG-1-2",0.0010809038742281,"Dana_KO","Pf4","3"
"ACTGATGTCTCCTGCA-1-2",18.2785757801503,"Dana_KO","Ltf","12"
"ACTGCAAAGCACTCCG-1-2",1.15070638718979,"Dana_KO","Car1","3"
"ACTGCAAAGCATGCGA-1-2",0.344955425306342,"Dana_KO","Car1","4"
"ACTGCAACACATACGT-1-2",0.0325067335572475,"Dana_KO","Pf4","4"
"ACTGCAACATGACCCG-1-2",4.08102960847145e-06,"Dana_KO","Pf4","8"
"ACTGCAAGTACCACGC-1-2",0.00219225032705395,"Dana_KO","Gstm1/CD63","7"
"ACTGCAATCAGCTTGA-1-2",18.2777457831025,"Dana_KO","Ltf","12"
"ACTGCAATCCACGGAC-1-2",0.11865266700368,"Dana_KO","Unannotated","3"
"ACTGCAATCCCAAGTA-1-2",0.00432757769175363,"Dana_KO","Car1","11"
"ACTGTCCAGCCTATCA-1-2",0.0763333139027593,"Dana_KO","Car1","4"
"ACTGTCCAGTATTGCC-1-2",0.0551483552620007,"Dana_KO","Pf4","8"
"ACTGTCCCAGATCCTA-1-2",0.263825371560417,"Dana_KO","Pf4","8"
"ACTGTCCCATCTGTTT-1-2",0.947375859762425,"Dana_KO","Ly86","0"
"ACTGTCCCATGGGCAA-1-2",1.5767614396367e-06,"Dana_KO","Pf4","4"
"ACTGTCCTCCTCACGT-1-2",0.51341223326595,"Dana_KO","CD34","4"
"ACTGTCCTCTGTGTGA-1-2",0.00475597257693927,"Dana_KO","Ly86","0"
"ACTGTGAAGAATTGTG-1-2",2.51865411472895,"Dana_KO","Fcnb","1"
"ACTGTGAAGGCGTTAG-1-2",0.702226483881876,"Dana_KO","Fcnb","1"
"ACTGTGAAGTACCCTA-1-2",6.72739268192343,"Dana_KO","Car1","2"
"ACTGTGAGTTGCTCCT-1-2",4.03465427201155e-06,"Dana_KO","Pf4","8"
"ACTGTGAGTTGTCTAG-1-2",0.0217616532058975,"Dana_KO","Pf4","8"
"ACTTAGGAGGGCAGAG-1-2",0.032506779932584,"Dana_KO","CD34","4"
"ACTTAGGCAAGCACAG-1-2",1.41956290909109,"Dana_KO","Car1","3"
"ACTTAGGCAGATTCGT-1-2",0.65342066981137,"Dana_KO","Pf4","8"
"ACTTAGGCAGCCTACG-1-2",0.0325068263079205,"Dana_KO","Pf4","4"
"ACTTAGGCATGAGTAA-1-2",0.241539334194753,"Dana_KO","CD34","7"
"ACTTAGGGTAAGGTCG-1-2",0.00571153530963331,"Dana_KO","CD34","0"
"ACTTAGGTCGTTCATT-1-2",0.166292162681542,"Dana_KO","CD34","4"
"ACTTAGGTCTGGTGGC-1-2",0,"Dana_KO","Car1","4"
"ACTTATCAGACTGGGT-1-2",18.0913951621399,"Dana_KO","Ltf","12"
"ACTTATCAGCCAACCC-1-2",3.98827893555165e-06,"Dana_KO","Pf4","8"
"ACTTATCCACGTAACT-1-2",1.9804039328893,"Dana_KO","Fcnb","1"
"ACTTATCCACTGCATA-1-2",0.00219220395171749,"Dana_KO","CD34","7"
"ACTTATCGTATTGCCA-1-2",10.3681914013727,"Dana_KO","Hba-a2","6"
"ACTTATCGTGGCTAGA-1-2",1.31400021219447,"Dana_KO","Gstm1/CD63","1"
"ACTTATCTCAAACGTC-1-2",3.94190359909175e-06,"Dana_KO","Pf4","4"
"ACTTATCTCGAACGCC-1-2",3.93782943880784,"Dana_KO","Car1","4"
"ACTTATCTCGAGAGAC-1-2",0.950417008004361,"Dana_KO","Unannotated","2"
"ACTTCCGAGCCAGTAG-1-2",1.5303861031768e-06,"Dana_KO","Car1","4"
"ACTTCCGAGTACAGAT-1-2",0.110698138183977,"Dana_KO","Pf4","4"
"ACTTCCGCAACACACT-1-2",0.0569329657785362,"Dana_KO","Pf4","3"
"ACTTCCGTCTGAACGT-1-2",0.0136167122225077,"Dana_KO","Ly86","0"
"ACTTCGCAGAGTCAGC-1-2",2.57285011960235,"Dana_KO","Car1","2"
"ACTTCGCAGCAGCACA-1-2",0.0321840527614417,"Dana_KO","CD34","3"
"ACTTCGCAGTAACCGG-1-2",0.0636875791475402,"Dana_KO","Ly86","0"
"ACTTCGCAGTAGGAAG-1-2",9.73882065657961e-07,"Dana_KO","Ly86","14"
"ACTTCGCCAGACCCGT-1-2",3.89552826263184e-06,"Dana_KO","Pf4","8"
"ACTTCGCGTACAAAGT-1-2",3.84915292617194e-06,"Dana_KO","Pf4","8"
"ACTTCGCGTGCTCCGA-1-2",0.109847131588765,"Dana_KO","Gstm1/CD63","1"
"ACTTCGCTCTGAGATC-1-2",5.58122491861127,"Dana_KO","Car1","2"
"ACTTTCAAGAAACTCA-1-2",0.0843889219854552,"Dana_KO","Car1","2"
"ACTTTCAAGAGCAACC-1-2",4.77665965537e-06,"Dana_KO","Pf4","3"
"ACTTTCAAGCGCTGCT-1-2",0.0325068726832569,"Dana_KO","Pf4","4"
"ACTTTCACAATATCCG-1-2",0.459032915807661,"Dana_KO","CD34","7"
"ACTTTCATCCAACCGG-1-2",3.80277758971204e-06,"Dana_KO","Pf4","8"
"ACTTTCATCTCTGGTC-1-2",3.75640225325213e-06,"Dana_KO","Car1","8"
"ACTTTCATCTGACAGT-1-2",15.8478952942091,"Dana_KO","Ltf","12"
"ACTTTGTAGCCTGACC-1-2",0.139298938255737,"Dana_KO","Car1","4"
"ACTTTGTAGGATGCGT-1-2",0.459032869432324,"Dana_KO","CD34","7"
"ACTTTGTGTCTTGGTA-1-2",0.000813443898549093,"Dana_KO","Gstm1/Ly86","1"
"ACTTTGTGTGACGCCT-1-2",17.5449584214997,"Dana_KO","Ltf","12"
"ACTTTGTTCAGACTGT-1-2",0.00914881457864114,"Dana_KO","CD34","1"
"ACTTTGTTCGTGACTA-1-2",0.157332024040544,"Dana_KO","CD34","4"
"AGAAATGAGCGAGGAG-1-2",0.232604030481166,"Dana_KO","Pf4","8"
"AGAAATGAGTACGTCT-1-2",0.000689924628766825,"Dana_KO","Car1","3"
"AGAAATGAGTGATAAC-1-2",0.0325069190585934,"Dana_KO","Car1","4"
"AGAAATGAGTTGCCCG-1-2",1.02025740211786e-06,"Dana_KO","Fcnb","1"
"AGAAATGGTGACTCTA-1-2",10.368191447748,"Dana_KO","Hba-a2","6"
"AGAAATGGTTGTATGC-1-2",0.344955471681678,"Dana_KO","Car1","4"
"AGAAATGTCGCTTGAA-1-2",0.0325069654339298,"Dana_KO","Pf4","4"
"AGAAATGTCTAACACG-1-2",7.69830585234388e-06,"Dana_KO","CD34","7"
"AGAAATGTCTCCGATC-1-2",0.459032823056988,"Dana_KO","CD34","7"
"AGAACAAAGATACAGT-1-2",0.513526173023001,"Dana_KO","Car1","4"
"AGAACAACAGAACCGA-1-2",3.71002691679223e-06,"Dana_KO","Pf4","8"
"AGAACAAGTACTCGAT-1-2",10.3681914941233,"Dana_KO","Hba-a2","6"
"AGAACAAGTGTACATC-1-2",0.586141134139656,"Dana_KO","Gstm1/Ly86","0"
"AGAACAAGTTGGAGGT-1-2",0.159569547466063,"Dana_KO","Car1","4"
"AGAACAATCATGTCTT-1-2",4.38255412700042,"Dana_KO","Car1","2"
"AGAACAATCCACTTTA-1-2",4.73028431891009e-06,"Dana_KO","Car1","4"
"AGAACAATCCATCTGC-1-2",15.7637006800842,"Dana_KO","Ltf","12"
"AGAACCTAGAAGCTGC-1-2",0.483323570144242,"Dana_KO","Gstm1/CD63","1"
"AGAACCTAGATTGCGG-1-2",0.248001915395341,"Dana_KO","Ly86","0"
"AGAACCTAGTAGCATA-1-2",4.20094858505084,"Dana_KO","Car1","4"
"AGAACCTAGTGAATAC-1-2",0.728845935039061,"Dana_KO","Car1","3"
"AGAACCTCACGTTCGG-1-2",0.0865893371090227,"Dana_KO","Ly86","1"
"AGAACCTCAGAACATA-1-2",3.62501824074808,"Dana_KO","Car1","2"
"AGAACCTCATCCGCGA-1-2",0.00793667749522209,"Dana_KO","Car1","3"
"AGAACCTTCAACACGT-1-2",9.5793714305932,"Dana_KO","Hba-a2","6"
"AGAACCTTCTTGGTGA-1-2",0.0569329194031998,"Dana_KO","Car1","3"
"AGAAGCGAGCCTCAAT-1-2",3.66365158033233e-06,"Dana_KO","Pf4","8"
"AGAAGCGCACTCCTTG-1-2",0.00914876820330468,"Dana_KO","Gstm1/Ly86","0"
"AGAAGCGCAGGCCCTA-1-2",0.733361521596387,"Dana_KO","Pf4","8"
"AGAAGCGGTACCCGCA-1-2",0.359133420114122,"Dana_KO","Car1","3"
"AGAAGCGGTCTCTCCA-1-2",0.834147724896168,"Dana_KO","Fcnb","1"
"AGAAGCGTCAGCCCAG-1-2",0.513412279641287,"Dana_KO","Car1","4"
"AGAAGCGTCGCTACGG-1-2",1.5303861031768e-06,"Dana_KO","Pf4","8"
"AGAAGCGTCGGCAGTC-1-2",0.650802303798657,"Dana_KO","Fcnb","1"
"AGAAGCGTCGTTCATT-1-2",0.0120800608048555,"Dana_KO","CD34","1"
"AGAAGTAAGCTACAAA-1-2",0.22627112265103,"Dana_KO","CD34","7"
"AGAAGTAAGCTTCATG-1-2",0.0325070118092663,"Dana_KO","Car1","4"
"AGAAGTAAGTAACGAT-1-2",1.48401076671689e-06,"Dana_KO","Pf4","8"
"AGAAGTAAGTGGACGT-1-2",0.185998538714291,"Dana_KO","Car1","2"
"AGAAGTACAGAACCGA-1-2",0.728711988376028,"Dana_KO","Pf4","8"
"AGAAGTAGTCGCCTAG-1-2",12.497917665611,"Dana_KO","Ltf","12"
"AGAAGTAGTTTCGTTT-1-2",3.61727624387242e-06,"Dana_KO","Pf4","8"
"AGAAGTATCGAGAGCA-1-2",3.57090090741252e-06,"Dana_KO","Pf4","8"
"AGACAAAAGTCTGGTT-1-2",0.767077142875501,"Dana_KO","Car1","2"
"AGACAAACAAGAGGCT-1-2",0.0604674387315174,"Dana_KO","CD34","1"
"AGACAAACACTGTCCT-1-2",0.0569328730278633,"Dana_KO","Car1","3"
"AGACAAAGTAGTGTGG-1-2",0.470669443394422,"Dana_KO","Pf4","8"
"AGACAAAGTATCGGTT-1-2",3.52452557095262e-06,"Dana_KO","Pf4","4"
"AGACAAAGTCTCTCCA-1-2",0.0320780592546857,"Dana_KO","Pf4","11"
"AGACAAAGTGCCTATA-1-2",1.04276401875318,"Dana_KO","Gstm1/CD63","1"
"AGACAAAGTGCCTTTC-1-2",3.47815023449272e-06,"Dana_KO","Pf4","8"
"AGACAAATCATGAAAG-1-2",0.00914872182796822,"Dana_KO","CD34","1"
"AGACAAATCTGGGAGA-1-2",3.43177489803281e-06,"Dana_KO","Pf4","4"
"AGACACTCAACAAGAT-1-2",7.65193051588398e-06,"Dana_KO","CD34","7"
"AGACACTCAGAACTAA-1-2",2.92920274912892,"Dana_KO","Car1","2"
"AGACACTGTAGAATGT-1-2",0.0569328266525269,"Dana_KO","Car1","3"
"AGACACTGTATAGGGC-1-2",0.0164999754721908,"Dana_KO","Car1","3"
"AGACACTGTCTAGGTT-1-2",1.43763543025699e-06,"Dana_KO","Car1","4"
"AGACACTGTGGGATTG-1-2",0.14632012618722,"Dana_KO","Car1","3"
"AGACACTTCAAAGAAC-1-2",0.20577249141575,"Dana_KO","Gstm1/Ly86","1"
"AGACACTTCAGATTGC-1-2",0.0325070581846028,"Dana_KO","Pf4","4"
"AGACACTTCGTAACAC-1-2",3.38539956157291e-06,"Dana_KO","Pf4","4"
"AGACAGGAGCAATAAC-1-2",0.728988075585903,"Dana_KO","Pf4","8"
"AGACAGGAGGGTGAAA-1-2",0.365228850219792,"Dana_KO","Pf4","8"
"AGACAGGAGGTGAGAA-1-2",1.059183828913,"Dana_KO","Gstm1/CD63","1"
"AGACAGGAGGTGGGTT-1-2",4.68390898245019e-06,"Dana_KO","Car1","3"
"AGACAGGCATACCGTA-1-2",0.0169578942720128,"Dana_KO","Car1","3"
"AGACAGGGTATATGGA-1-2",0.733361567971723,"Dana_KO","Pf4","8"
"AGACAGGGTTGGGACA-1-2",4.4278055548561,"Dana_KO","Car1","2"
"AGACAGGTCCAAATGC-1-2",0.246331006456514,"Dana_KO","Gstm1/CD63","1"
"AGACAGGTCGATTGAC-1-2",0.742214203489653,"Dana_KO","Pf4","8"
"AGACCATAGTAGTGCG-1-2",3.66056862324839,"Dana_KO","Car1","2"
"AGACCATAGTCAAGCG-1-2",1.64437856338504,"Dana_KO","Car1","2"
"AGACCATCAACCCTAA-1-2",3.33902422511301e-06,"Dana_KO","Pf4","4"
"AGACCATCAACGAGGT-1-2",1.99413946777582e-06,"Dana_KO","Car1","4"
"AGACCATCAATTGTGC-1-2",0.0319471413364852,"Dana_KO","Car1","3"
"AGACCATCACTGTGTA-1-2",4.63753364599029e-06,"Dana_KO","Pf4","3"
"AGACCATCAGAGAGGG-1-2",0.0569327802771904,"Dana_KO","Car1","3"
"AGACCATCAGCGATTT-1-2",4.30408992486931,"Dana_KO","Car1","2"
"AGACCATCATGATAGA-1-2",0.665499235311913,"Dana_KO","Car1","4"
"AGACCATGTTGTACGT-1-2",0.00219215757638103,"Dana_KO","CD34","7"
"AGACCATTCCAAGCAT-1-2",3.2926488886531e-06,"Dana_KO","Pf4","8"
"AGACCATTCCCGTAAA-1-2",0.73336161434706,"Dana_KO","Pf4","8"
"AGACCATTCCGCGATG-1-2",5.48007547729495,"Dana_KO","Hba-a2","11"
"AGACCATTCGTTACCC-1-2",3.93935687739856,"Dana_KO","Car1","2"
"AGACCCGAGCGCCTAC-1-2",1.06279492490581,"Dana_KO","Car1","7"
"AGACCCGAGGATGGCT-1-2",0.021761699581234,"Dana_KO","CD34","1"
"AGACCCGCAACGATCT-1-2",0.0325071045599392,"Dana_KO","Car1","4"
"AGACCCGGTCAACATC-1-2",0.130244625885648,"Dana_KO","CD34","0"
"AGACCCGGTGGAACAC-1-2",0.0569327339018539,"Dana_KO","Car1","3"
"AGACCCGTCGAGATAA-1-2",6.29166806455809,"Dana_KO","Car1","6"
"AGACCCGTCGGAGCAA-1-2",0.264549304193761,"Dana_KO","Car1","4"
"AGACTCAAGGGCGAAG-1-2",0.0460891094895874,"Dana_KO","Pf4","3"
"AGACTCAAGTAAGGGA-1-2",3.2462735521932e-06,"Dana_KO","Pf4","8"
"AGACTCAAGTAGGGTC-1-2",0.0217617459565704,"Dana_KO","Pf4","8"
"AGACTCAAGTCATTGC-1-2",0.953986545013105,"Dana_KO","Ly86","0"
"AGACTCACAACGTATC-1-2",0.226866497016002,"Dana_KO","Car1","3"
"AGACTCACACGGGTAA-1-2",0.0504147158583772,"Dana_KO","Car1","2"
"AGACTCACACTCCTGT-1-2",1.39126009379709e-06,"Dana_KO","Car1","4"
"AGACTCAGTATCTCTT-1-2",0.0262138116550461,"Dana_KO","Pf4","8"
"AGACTCATCGCACGAC-1-2",0.0745861857906081,"Dana_KO","Ly86","0"
"AGACTCATCTAGTGAC-1-2",0.00108085749889164,"Dana_KO","Car1","3"
"AGAGAATGTAACTGCT-1-2",0.1945963179724,"Dana_KO","Pf4","3"
"AGAGAATGTATCACCA-1-2",12.4979177119863,"Dana_KO","Ly86","12"
"AGAGAATGTTCTCCCA-1-2",0.0350385208534383,"Dana_KO","Unannotated","4"
"AGAGAATTCATACGGT-1-2",0.259842536791082,"Dana_KO","Car1","3"
"AGAGAATTCGTTCAGA-1-2",0.459032776681652,"Dana_KO","CD34","4"
"AGAGAGCAGCACTCGC-1-2",3.1998982157333e-06,"Dana_KO","Pf4","8"
"AGAGAGCAGGTAAGAG-1-2",10.3681915404987,"Dana_KO","Hba-a2","6"
"AGAGAGCAGTCATGGG-1-2",0.185998585089628,"Dana_KO","Pf4","2"
"AGAGAGCAGTCGGCCT-1-2",1.183127171281,"Dana_KO","Gstm1/Ly86","1"
"AGAGAGCCAAGATGTA-1-2",1.57243235447747,"Dana_KO","Gstm1/CD63","1"
"AGAGAGCCAGCAATTC-1-2",0.42410003466697,"Dana_KO","Pf4","8"
"AGAGAGCGTAAGACCG-1-2",1.06663273857777e-06,"Dana_KO","Ly86","1"
"AGAGAGCGTTGTAAAG-1-2",3.95100815598066,"Dana_KO","Car1","2"
"AGAGCAGAGACAGCGT-1-2",4.59115830953039e-06,"Dana_KO","Pf4","3"
"AGAGCAGAGCAGGCAT-1-2",0.000934196061691761,"Dana_KO","Unannotated","2"
"AGAGCAGAGCCATCCG-1-2",0.084673228489401,"Dana_KO","Gstm1/CD63","1"
"AGAGCAGAGGTATAGT-1-2",0,"Dana_KO","Car1","4"
"AGAGCAGCAAGAGTGC-1-2",7.60555517942407e-06,"Dana_KO","CD34","7"
"AGAGCAGCACAACATC-1-2",0.987728881949568,"Dana_KO","Fcnb","1"
"AGAGCAGGTCAGACTT-1-2",0.359882483461455,"Dana_KO","Car1","4"
"AGAGCAGTCAGTCTTT-1-2",1.48401076671689e-06,"Dana_KO","Car1","4"
"AGAGCAGTCTATACTC-1-2",1.27779149049272,"Dana_KO","CD34","0"
"AGAGCCCAGAATCTAG-1-2",2.60471212055393,"Dana_KO","Car1","2"
"AGAGCCCCACGCAAAG-1-2",4.3935047928352,"Dana_KO","Car1","2"
"AGAGCCCCACGTCATA-1-2",0.0715187565824286,"Dana_KO","Car1","2"
"AGAGCCCCAGCCCACA-1-2",0.0569326875265175,"Dana_KO","Car1","3"
"AGAGCCCCAGCTATTG-1-2",16.6028994164689,"Dana_KO","Ltf","12"
"AGAGCCCCATCCGTTC-1-2",0.0449206191787916,"Dana_KO","Car1","2"
"AGAGCCCGTACCAGAG-1-2",0.971452263279152,"Dana_KO","Gstm1/CD63","1"
"AGAGCCCGTCTGTGAT-1-2",6.13943272714447,"Dana_KO","Car1","6"
"AGAGCCCGTTTACTGG-1-2",0.0694388219752289,"Dana_KO","Ly86","0"
"AGAGCCCTCTCCAATT-1-2",0.056932641151181,"Dana_KO","Car1","3"
"AGATAGAAGATCCCGC-1-2",7.55917984296417e-06,"Dana_KO","CD34","7"
"AGATAGAAGCGTGAGT-1-2",0.0164338192534339,"Dana_KO","Car1","2"
"AGATAGAAGGCTATCT-1-2",10.368191586874,"Dana_KO","Hba-a2","6"
"AGATAGAAGTCGCCCA-1-2",10.3681916332494,"Dana_KO","Hba-a2","6"
"AGATAGACAAGGCGTA-1-2",3.1535228792734e-06,"Dana_KO","Pf4","8"
"AGATAGACATGTGTCA-1-2",0.00209752511334699,"Dana_KO","Ly86","0"
"AGATAGAGTCACTCAA-1-2",0.0513174519915776,"Dana_KO","Car1","2"
"AGATAGATCAAAGAAC-1-2",4.54478297307048e-06,"Dana_KO","Pf4","3"
"AGATAGATCACAAGAA-1-2",4.49840763661058e-06,"Dana_KO","Pf4","3"
"AGATAGATCGAACGCC-1-2",0.0569325947758446,"Dana_KO","Car1","3"
"AGATCCAAGCAGCGAT-1-2",3.10714754281349e-06,"Dana_KO","Pf4","4"
"AGATCCAAGTTACTCG-1-2",0.0584156810102728,"Dana_KO","Car1","2"
"AGATCCACAATAACGA-1-2",3.93935692377389,"Dana_KO","Car1","2"
"AGATCCACACGACGAA-1-2",0.878456217684458,"Dana_KO","Gstm1/CD63","1"
"AGATCCACAGCAAGAC-1-2",5.48007552367028,"Dana_KO","Car1","11"
"AGATCCACAGTCAGTT-1-2",0.154655107907208,"Dana_KO","CD34","4"
"AGATCCAGTAATGTGA-1-2",7.51280450650427e-06,"Dana_KO","CD34","7"
"AGATCCAGTATGTGTC-1-2",0.670329419152003,"Dana_KO","Ly86","0"
"AGATCCATCCACTTTA-1-2",1.11300807503767e-06,"Dana_KO","Fcnb","1"
"AGATCCATCTCGGGAC-1-2",0.0569325484005081,"Dana_KO","Car1","3"
"AGATCCATCTTCGTGC-1-2",0.0406970400696087,"Dana_KO","Gstm1/CD63","1"
"AGATCGTAGCTACTAC-1-2",0.00684708600192874,"Dana_KO","Car1","4"
"AGATCGTAGGATCACG-1-2",1.15938341149757e-06,"Dana_KO","Gstm1/CD63","1"
"AGATCGTAGGGCGAAG-1-2",5.44226156019398,"Dana_KO","Car1","2"
"AGATCGTCATCGTTCC-1-2",0.706738771652473,"Dana_KO","Car1","2"
"AGATCGTGTGACAACG-1-2",5.43631785029385,"Dana_KO","Car1","2"
"AGATCGTGTGACATCT-1-2",1.96015721638538,"Dana_KO","Car1","2"
"AGATCGTTCGCTTACC-1-2",4.45203230015068e-06,"Dana_KO","Pf4","4"
"AGATGAAAGACATCCT-1-2",0.0707882112335696,"Dana_KO","Ly86","0"
"AGATGAAAGACCCTTA-1-2",0.129656156320761,"Dana_KO","Car1","3"
"AGATGAAAGCAACTTC-1-2",8.35961389183199,"Dana_KO","Car1","6"
"AGATGAAAGGCCTAAG-1-2",1.94776413131592e-06,"Dana_KO","Car1","4"
"AGATGAACAAATCGGG-1-2",0.0846732748647374,"Dana_KO","Gstm1/CD63","1"
"AGATGAACAAGTTCCA-1-2",0.730176486106166,"Dana_KO","Pf4","8"
"AGATGAACATGGTACT-1-2",0.00147500978368331,"Dana_KO","Gstm1/CD63","1"
"AGATGAATCAAGAGTA-1-2",1.43763543025699e-06,"Dana_KO","Car1","4"
"AGATGCTAGATGCAGC-1-2",7.46642917004436e-06,"Dana_KO","CD34","7"
"AGATGCTAGGGAGTGG-1-2",0.126837351514079,"Dana_KO","Car1","2"
"AGATGCTCAAGTGGAC-1-2",3.06077220635359e-06,"Dana_KO","Pf4","8"
"AGATGCTGTCCCGGTA-1-2",0.0569325020251716,"Dana_KO","Car1","3"
"AGATGCTGTTGGACTT-1-2",1.57243240085281,"Dana_KO","Gstm1/CD63","1"
"AGATGCTTCGTGGCGT-1-2",0.396404762902138,"Dana_KO","Pf4","8"
"AGCATCAAGCGCGTTC-1-2",0.0204458716152551,"Dana_KO","CD34","0"
"AGCATCACAACATACC-1-2",1.04276406512852,"Dana_KO","Gstm1/CD63","1"
"AGCATCACAACGACTT-1-2",4.40565696369077e-06,"Dana_KO","Pf4","3"
"AGCATCACAATAGTGA-1-2",6.14587054826857,"Dana_KO","Car1","6"
"AGCATCATCGGATAAA-1-2",0.382688253987096,"Dana_KO","Pf4","3"
"AGCATCATCTATCGTT-1-2",1.99736917055003,"Dana_KO","Car1","2"
"AGCCAATCAATCTCTT-1-2",0.00432753131641717,"Dana_KO","Hba-a2","11"
"AGCCAATCACTATCGA-1-2",0.78208834678038,"Dana_KO","CD34","7"
"AGCCAATCACTCACTC-1-2",0.0966983555044538,"Dana_KO","Car1","4"
"AGCCAATCACTGTCGG-1-2",0.730335758818958,"Dana_KO","Pf4","8"
"AGCCAATCAGGAGACT-1-2",0.221191031021476,"Dana_KO","Pf4","3"
"AGCCACGAGATTGCGG-1-2",0.0292895017155189,"Dana_KO","Car1","3"
"AGCCACGAGCACACAG-1-2",0.0569324556498352,"Dana_KO","Car1","3"
"AGCCACGAGTTGGAAT-1-2",3.01439686989369e-06,"Dana_KO","Pf4","8"
"AGCCACGCACCTGCGA-1-2",4.12500959754802,"Dana_KO","Car1","2"
"AGCCACGCACTACTTT-1-2",1.96015726276072,"Dana_KO","Car1","4"
"AGCCACGCAGAAGCTG-1-2",0.0647106838328568,"Dana_KO","Gstm1/CD63","1"
"AGCCACGGTCACAGAG-1-2",5.61095169811415,"Dana_KO","Car1","6"
"AGCCACGGTCCAACGC-1-2",0.0569324092744987,"Dana_KO","Car1","3"
"AGCCACGGTTACGTAC-1-2",0.0246292269080906,"Dana_KO","Gstm1/CD63","1"
"AGCCACGGTTCGAGCC-1-2",1.99542450540805,"Dana_KO","Car1","2"
"AGCCACGGTTCGATTG-1-2",0.507737204311564,"Dana_KO","Car1","3"
"AGCCACGTCTTTCCGG-1-2",3.6586521795316,"Dana_KO","Car1","2"
"AGCCAGCAGTTTCAGC-1-2",0.969900422353065,"Dana_KO","Car1","3"
"AGCCAGCCATGTGCTA-1-2",2.96802153343378e-06,"Dana_KO","Pf4","8"
"AGCCAGCGTATCGTAC-1-2",4.35928162723087e-06,"Dana_KO","Pf4","3"
"AGCCAGCGTCGAGCTC-1-2",1.39126009379709e-06,"Dana_KO","CD34","4"
"AGCCAGCGTTAAACCC-1-2",6.32466140779795,"Dana_KO","Car1","6"
"AGCCAGCTCACTTGGA-1-2",4.31290629077097e-06,"Dana_KO","Pf4","3"
"AGCCAGCTCCATAGGT-1-2",0.00453597824630747,"Dana_KO","Car1","3"
"AGCCAGCTCGGCTTGG-1-2",0.144717132155933,"Dana_KO","CD34","7"
"AGCGATTAGACAACTA-1-2",1.34488475733718e-06,"Dana_KO","Car1","4"
"AGCGATTAGAGGGCGA-1-2",2.77624658921054,"Dana_KO","Car1","2"
"AGCGATTCAAAGCTCT-1-2",7.42005383358446e-06,"Dana_KO","CD34","7"
"AGCGATTCACCTGAAT-1-2",0.00432748494108071,"Dana_KO","CD34","11"
"AGCGATTCAGGGTTGA-1-2",6.06865453510061,"Dana_KO","Car1","6"
"AGCGATTCATACACCA-1-2",7.37367849712456e-06,"Dana_KO","CD34","7"
"AGCGATTGTATCGCGC-1-2",4.02692976886677,"Dana_KO","Car1","2"
"AGCGATTGTATGTCTG-1-2",2.92164619697388e-06,"Dana_KO","Pf4","8"
"AGCGATTGTCATAGTC-1-2",0.789764130545741,"Dana_KO","Car1","2"
"AGCGCCAAGAGAGCAA-1-2",1.29850942087728e-06,"Dana_KO","Pf4","4"
"AGCGCCAAGAGCATCG-1-2",4.1018778719015,"Dana_KO","Car1","2"
"AGCGCCAAGCTAATCC-1-2",0.52993256465285,"Dana_KO","Pf4","8"
"AGCGCCAAGGCATGCA-1-2",1.96015730913605,"Dana_KO","Car1","2"
"AGCGCCAAGTCATACC-1-2",0.596171472263375,"Dana_KO","Car1","4"
"AGCGCCACACAGGATG-1-2",0.708769011011217,"Dana_KO","Car1","2"
"AGCGCCACACTCCGGA-1-2",0.0204458252399187,"Dana_KO","CD34","0"
"AGCGCCACATAGGTAA-1-2",1.96015735551139,"Dana_KO","Car1","2"
"AGCGCCAGTCCAGCCA-1-2",2.87527086051398e-06,"Dana_KO","Pf4","8"
"AGCGCCAGTCCTGTTC-1-2",1.57243244722814,"Dana_KO","Gstm1/CD63","1"
"AGCGCCATCCACGGGT-1-2",0.0409411416932959,"Dana_KO","Car1","4"
"AGCGCCATCTTGGTGA-1-2",1.25213408441738e-06,"Dana_KO","Car1","4"
"AGCGCTGAGAGGATCC-1-2",1.04276411150386,"Dana_KO","Fcnb","1"
"AGCGCTGAGCTGTACT-1-2",8.95501754027324,"Dana_KO","Hba-a2","6"
"AGCGCTGAGGACAGTC-1-2",2.66072446069356,"Dana_KO","Car1","2"
"AGCGCTGAGGAGAATG-1-2",0.0276305236163475,"Dana_KO","Ly86","0"
"AGCGCTGCAACGACAG-1-2",2.98704271103369,"Dana_KO","Car1","2"
"AGCGCTGCAAGCCATT-1-2",0.00432743856574425,"Dana_KO","CD34","11"
"AGCGCTGGTAGTCTTG-1-2",0.211998205651043,"Dana_KO","Car1","4"
"AGCGCTGGTTCGAAGG-1-2",0.6675808810989,"Dana_KO","Car1","2"
"AGCGCTGTCTCTTGCG-1-2",2.67809923458506,"Dana_KO","Car1","2"
"AGCGTATAGAAGGATG-1-2",0.689515268852201,"Dana_KO","Car1","2"
"AGCGTATCACGAAAGC-1-2",0.254305671163553,"Dana_KO","Car1","2"
"AGCGTATCACTGCATA-1-2",0.709164460659367,"Dana_KO","Pf4","8"
"AGCGTATCACTGCGAC-1-2",0.0136166658471712,"Dana_KO","CD34","1"
"AGCGTATCAGAGCGTA-1-2",0.276399646735452,"Dana_KO","Pf4","2"
"AGCGTATGTCAGTCCG-1-2",0.804004411818996,"Dana_KO","Car1","3"
"AGCGTATGTCCACGCA-1-2",4.26653095431107e-06,"Dana_KO","Pf4","3"
"AGCGTATGTTAGAAAC-1-2",0.733361660722396,"Dana_KO","Pf4","8"
"AGCGTATGTTGTTGCA-1-2",2.82889552405408e-06,"Dana_KO","Pf4","8"
"AGCGTATTCTCAAAGC-1-2",0.0325071509352757,"Dana_KO","Pf4","4"
"AGCGTCGAGAGAGAAC-1-2",4.22015561785116e-06,"Dana_KO","Pf4","3"
"AGCGTCGAGAGGCGGA-1-2",2.51865416110428,"Dana_KO","Gstm1/CD63","1"
"AGCGTCGAGGTTTACC-1-2",6.74657056181922,"Dana_KO","Car1","2"
"AGCGTCGCACATATGC-1-2",0.729299244383115,"Dana_KO","Pf4","8"
"AGCTACAAGACATAGT-1-2",0.288707005624625,"Dana_KO","Car1","4"
"AGCTACAAGACTAAGT-1-2",0.986635897746656,"Dana_KO","Fcnb","1"
"AGCTACAAGATACCAA-1-2",0.730245102500693,"Dana_KO","Pf4","8"
"AGCTACAAGCATACTC-1-2",1.34488475733718e-06,"Dana_KO","Car1","4"
"AGCTACAAGGTGAGAA-1-2",0.686842714654901,"Dana_KO","Pf4","2"
"AGCTACACAATAGAGT-1-2",0.00914867545263176,"Dana_KO","CD34","1"
"AGCTACACAATCTGCA-1-2",0.74251480182923,"Dana_KO","Car1","2"
"AGCTACACACAGTCCG-1-2",4.36886157723732,"Dana_KO","Car1","2"
"AGCTACACACCAGTAT-1-2",1.96015740188673,"Dana_KO","Car1","2"
"AGCTACACAGCGGTCT-1-2",2.78252018759417e-06,"Dana_KO","Pf4","8"
"AGCTACACATGACAAA-1-2",0.0311489809145922,"Dana_KO","Car1","4"
"AGCTACAGTGTATTCG-1-2",10.3681916796247,"Dana_KO","Hba-a2","6"
"AGCTACATCATGCTAG-1-2",10.3702418101306,"Dana_KO","Hba-a2","6"
"AGCTCAAAGATCCGAG-1-2",1.90138879485602e-06,"Dana_KO","Car1","4"
"AGCTCAAAGCTACTAC-1-2",0.0165000218475273,"Dana_KO","Car1","4"
"AGCTCAACAACCACGC-1-2",0.806179505006681,"Dana_KO","Car1","2"
"AGCTCAACAAGGACAC-1-2",0.538176834799538,"Dana_KO","Fcnb","1"
"AGCTCAATCGAGCTGC-1-2",0.00219211120104457,"Dana_KO","Gstm1/CD63","7"
"AGCTTCCAGAATAACC-1-2",0.239222927465726,"Dana_KO","Ly86","0"
"AGCTTCCAGATGACCG-1-2",0.0479571486951365,"Dana_KO","Car1","4"
"AGCTTCCAGGGATCTG-1-2",1.65956969430588,"Dana_KO","Car1","2"
"AGCTTCCCAGGCTCTG-1-2",1.20575874795747e-06,"Dana_KO","Gstm1/CD63","1"
"AGCTTCCCATCGCTGG-1-2",0.182095495542792,"Dana_KO","Gstm1/CD63","1"
"AGCTTCCGTAACTAAG-1-2",4.17378028139126e-06,"Dana_KO","Car1","3"
"AGCTTCCTCCACTGGG-1-2",5.10901006783044,"Dana_KO","Hba-a2","6"
"AGCTTCCTCTAGGAAA-1-2",0.00167717798960787,"Dana_KO","Gstm1/CD63","1"
"AGCTTCCTCTTCACAT-1-2",0.0941794250801102,"Dana_KO","Pf4","8"
"AGGAAATAGCATGCAG-1-2",2.73614485113427e-06,"Dana_KO","Pf4","4"
"AGGAAATCACAAGCCC-1-2",0.00219206482570811,"Dana_KO","Gstm1/CD63","7"
"AGGAAATCATCAGTCA-1-2",0.00167722436494433,"Dana_KO","Gstm1/Ly86","1"
"AGGAAATGTGCGTCGT-1-2",0.888039852018192,"Dana_KO","Gstm1/CD63","1"
"AGGAAATGTTCAAACC-1-2",1.96293119699815,"Dana_KO","Car1","2"
"AGGAATAAGAGGGTGG-1-2",0.459032730306315,"Dana_KO","Car1","7"
"AGGAATAAGCGAAACC-1-2",0.506631244981602,"Dana_KO","Pf4","8"
"AGGAATAAGCGTCAGA-1-2",0.338043673461714,"Dana_KO","Ly86","0"
"AGGAATAAGCTAAACA-1-2",0.517688248823366,"Dana_KO","Unannotated","2"
"AGGAATAAGCTGAAGC-1-2",3.93935697014923,"Dana_KO","Car1","4"
"AGGAATACAAGATGTA-1-2",0.0479571950704729,"Dana_KO","CD34","4"
"AGGAATACAGCATCTA-1-2",2.69371671154044,"Dana_KO","Car1","2"
"AGGAATACAGGACTAG-1-2",1.57243249360348,"Dana_KO","Gstm1/CD63","1"
"AGGAATAGTATGACAA-1-2",9.57937147696854,"Dana_KO","Hba-a2","6"
"AGGAATAGTGGGTTGA-1-2",0.0165000682228638,"Dana_KO","Car1","4"
"AGGACGAAGATTGAGT-1-2",0.126481881434603,"Dana_KO","Car1","2"
"AGGACGAAGCTGAAGC-1-2",7.32730316066466e-06,"Dana_KO","CD34","7"
"AGGACGACAACAAAGT-1-2",0.0107260083637919,"Dana_KO","Car1","4"
"AGGACGACATCAGCTA-1-2",0.00432739219040779,"Dana_KO","Unannotated","11"
"AGGACGACATGTCAGT-1-2",0.184969175111115,"Dana_KO","Car1","2"
"AGGACGAGTAAGATCA-1-2",0.687058252296582,"Dana_KO","Fcnb","1"
"AGGACGATCACCGCTT-1-2",1.20575874795747e-06,"Dana_KO","Unannotated","4"
"AGGACGATCTCCGAAA-1-2",4.20094863142617,"Dana_KO","Car1","2"
"AGGACGATCTGCGGAC-1-2",7.28092782420475e-06,"Dana_KO","CD34","7"
"AGGACTTAGCTGTCCG-1-2",0.459032683930979,"Dana_KO","CD34","7"
"AGGACTTAGGACAGCT-1-2",0.0204457788645822,"Dana_KO","CD34","0"
"AGGACTTCAGGCCCTA-1-2",0.00432734581507133,"Dana_KO","CD34","11"
"AGGACTTCAGTATACC-1-2",4.12740494493136e-06,"Dana_KO","Pf4","4"
"AGGACTTCATCCGCGA-1-2",2.92920279550426,"Dana_KO","Car1","2"
"AGGACTTCATGCAGGA-1-2",0.150580813724262,"Dana_KO","Prg2","10"
"AGGACTTGTAAGATCA-1-2",0.689072787198148,"Dana_KO","Car1","3"
"AGGACTTGTACAAACA-1-2",7.23455248774485e-06,"Dana_KO","CD34","7"
"AGGACTTGTCCATCTC-1-2",0.0325071973106121,"Dana_KO","Car1","4"
"AGGACTTGTCGTGCCA-1-2",0.0569323628991623,"Dana_KO","Car1","3"
"AGGACTTGTTGCGTAT-1-2",4.20094867780151,"Dana_KO","Car1","2"
"AGGACTTGTTTCGGCG-1-2",0.0325072436859486,"Dana_KO","Pf4","4"
"AGGACTTTCCCGGTAG-1-2",0.0204457324892457,"Dana_KO","CD34","0"
"AGGACTTTCGGCTTGG-1-2",7.18817715128495e-06,"Dana_KO","Ly86","14"
"AGGACTTTCTCCGATC-1-2",0.0204456861139093,"Dana_KO","CD34","0"
"AGGACTTTCTGGTGGC-1-2",0.508486444168942,"Dana_KO","Fcnb","1"
"AGGAGGTAGAGGATCC-1-2",1.35482188521641,"Dana_KO","Car1","3"
"AGGAGGTAGCAATAAC-1-2",4.08102960847145e-06,"Dana_KO","Pf4","3"
"AGGAGGTGTCAGACTT-1-2",0.0150762896096646,"Dana_KO","Car1","2"
"AGGAGGTGTCCAAAGG-1-2",0.485622935493717,"Dana_KO","Car1","4"
"AGGATAAAGATAACAC-1-2",2.68976951467437e-06,"Dana_KO","Pf4","8"
"AGGATAAAGCGACATG-1-2",5.14999049329621,"Dana_KO","Car1","6"
"AGGATAATCCGATAAC-1-2",9.57937152334387,"Dana_KO","Hba-a2","6"
"AGGATAATCGCGTGAC-1-2",1.26790221430143,"Dana_KO","Car1","2"
"AGGATCTCAGCGACCT-1-2",0.159676068229611,"Dana_KO","Unannotated","2"
"AGGATCTCAGTGCCTG-1-2",1.96015744826206,"Dana_KO","Car1","2"
"AGGATCTGTACCACGC-1-2",0.125138944981785,"Dana_KO","Pf4","8"
"AGGATCTGTGGTATGG-1-2",0.235352908031282,"Dana_KO","Gstm1/CD63","0"
"AGGATCTGTTTCCCAC-1-2",0.0569323165238258,"Dana_KO","Car1","3"
"AGGATCTTCAACTGGT-1-2",0.0500756682015089,"Dana_KO","Car1","2"
"AGGATCTTCCAGTTCC-1-2",0.00931117730610076,"Dana_KO","Car1","3"
"AGGCATTAGCGAACTG-1-2",1.25213408441738e-06,"Dana_KO","Gstm1/CD63","1"
"AGGCATTAGCGATGGT-1-2",2.64339417821446e-06,"Dana_KO","Pf4","8"
"AGGCATTAGCGATTCT-1-2",2.90327096144533,"Dana_KO","Car1","2"
"AGGCATTAGGAGACCT-1-2",0.431047058957755,"Dana_KO","Gstm1/CD63","1"
"AGGCATTAGGCTCCCA-1-2",0.161628906310538,"Dana_KO","Unannotated","2"
"AGGCATTCAAGACGAC-1-2",0.635340099417213,"Dana_KO","Gstm1/CD63","1"
"AGGCATTCACCTTCCA-1-2",10.368191726,"Dana_KO","Hba-a2","6"
"AGGCATTTCTCAAAGC-1-2",4.63753364599029e-07,"Dana_KO","Gstm1/CD63","1"
"AGGCCACCAAGCACCC-1-2",1.99291215567591,"Dana_KO","Car1","2"
"AGGCCACCATCCCACT-1-2",0.0419803813606818,"Dana_KO","Pf4","4"
"AGGCCACGTGAGCAGT-1-2",2.40339232654068,"Dana_KO","Car1","2"
"AGGCCACGTTCTCCTG-1-2",0.702582027405872,"Dana_KO","Car1","2"
"AGGCCACTCGCACGGT-1-2",0.0325072900612851,"Dana_KO","Car1","4"
"AGGCTGCAGCGAGTAC-1-2",0.0962427266775423,"Dana_KO","Fcnb","1"
"AGGCTGCCAATAGAGT-1-2",3.97923758830169,"Dana_KO","Car1","2"
"AGGCTGCCATGCACTA-1-2",2.42921667761963,"Dana_KO","Gstm1/CD63","1"
"AGGCTGCGTAGCGAGT-1-2",0.0846733212400739,"Dana_KO","Ly86","0"
"AGGGAGTCATGTGCTA-1-2",7.1237433670323,"Dana_KO","Hba-a2","6"
"AGGGAGTGTGTTCCAA-1-2",2.59701884175456e-06,"Dana_KO","Pf4","8"
"AGGGAGTTCCATATGG-1-2",2.51865420747962,"Dana_KO","Fcnb","1"
"AGGGAGTTCGCAGTTA-1-2",16.6078632646886,"Dana_KO","Ltf","12"
"AGGGAGTTCGCCGTGA-1-2",2.88546505663345,"Dana_KO","Car1","2"
"AGGGCCTAGACCAGAC-1-2",0.002348873213462,"Dana_KO","Pf4","3"
"AGGGCCTAGGACTGGT-1-2",2.55064350529466e-06,"Dana_KO","Pf4","8"
"AGGGCCTAGGTAAAGG-1-2",2.40339237291602,"Dana_KO","Car1","2"
"AGGGCCTAGTTAGTAG-1-2",4.03465427201155e-06,"Dana_KO","Pf4","3"
"AGGGCCTCATCTGGGC-1-2",3.98827893555165e-06,"Dana_KO","Car1","4"
"AGGGCCTTCACTGAAC-1-2",0.00330085203563235,"Dana_KO","Car1","2"
"AGGGCCTTCGCATTGA-1-2",0.118773747324025,"Dana_KO","Car1","4"
"AGGGCCTTCTTCCAGC-1-2",0.0063809859414341,"Dana_KO","Gstm1/CD63","1"
"AGGGCTCAGAGAGTGA-1-2",0.181182861437197,"Dana_KO","Car1","3"
"AGGGCTCGTCGAGCTC-1-2",1.29850942087728e-06,"Dana_KO","Unannotated","3"
"AGGGCTCTCAGCGGAA-1-2",8.65139862066266e-05,"Dana_KO","Ly86","0"
"AGGGCTCTCCATTGGA-1-2",2.50426816883476e-06,"Dana_KO","Pf4","8"
"AGGGCTCTCCTGTTGC-1-2",0.75886796020432,"Dana_KO","Car1","4"
"AGGGCTCTCTGAGAAA-1-2",1.15938341149757e-06,"Dana_KO","Car1","4"
"AGGGCTCTCTGCACCT-1-2",0.733073691328396,"Dana_KO","Pf4","8"
"AGGGTCCAGGATACGC-1-2",0.00108081112355518,"Dana_KO","Pf4","3"
"AGGGTCCAGTCGAAGC-1-2",3.94190359909175e-06,"Dana_KO","Pf4","3"
"AGGGTCCCATTCAGCA-1-2",0.0197038520263597,"Dana_KO","CD34","7"
"AGGGTCCGTCGCATTA-1-2",0.157847372261971,"Dana_KO","Pf4","3"
"AGGGTCCGTGTTCCAA-1-2",0.0569322701484893,"Dana_KO","Car1","3"
"AGGGTCCGTTGCACGC-1-2",0.0325073364366215,"Dana_KO","Pf4","4"
"AGGGTCCTCAGTCTTT-1-2",0.426786415610167,"Dana_KO","Car1","3"
"AGGGTCCTCTTCGACC-1-2",2.92920284187959,"Dana_KO","Car1","2"
"AGGGTGAAGGTTTGAA-1-2",0.101209189695254,"Dana_KO","Car1","4"
"AGGGTGACAACTGATC-1-2",2.39619288134342,"Dana_KO","Fcnb","1"
"AGGGTGACATACACCA-1-2",5.15194083435943,"Dana_KO","Car1","2"
"AGGGTGACATATCGGT-1-2",0.0165001145982002,"Dana_KO","Car1","4"
"AGGGTGAGTACGCTTA-1-2",3.89552826263184e-06,"Dana_KO","Pf4","3"
"AGGGTGAGTAGGTCAG-1-2",1.25213408441738e-06,"Dana_KO","CD34","4"
"AGGGTGATCACTCCGT-1-2",0.0569322237731529,"Dana_KO","Car1","3"
"AGGGTGATCATCACAG-1-2",1.30696662217543,"Dana_KO","Car1","3"
"AGGGTGATCCCGAGAC-1-2",7.14180181482504e-06,"Dana_KO","CD34","7"
"AGGGTGATCCGATGTA-1-2",6.20265238132177,"Dana_KO","Car1","6"
"AGGGTGATCTCCACTG-1-2",2.79368133623124,"Dana_KO","Car1","2"
"AGGGTTTAGCGTACAG-1-2",9.57937156971921,"Dana_KO","Hba-a2","6"
"AGGGTTTCACACTTAG-1-2",0.950417054379698,"Dana_KO","Pf4","2"
"AGGGTTTCACTAGAGG-1-2",0.344955518057015,"Dana_KO","Car1","4"
"AGGGTTTGTGAATTAG-1-2",0.00108719028192367,"Dana_KO","Ly86","0"
"AGGGTTTGTTACCGTA-1-2",2.15860674705568,"Dana_KO","Gstm1/CD63","1"
"AGGGTTTTCATAGGCT-1-2",0.806092153141635,"Dana_KO","Car1","2"
"AGGGTTTTCTAAGCGT-1-2",10.3681917723754,"Dana_KO","Hba-a2","6"
"AGGTAGGAGTCGGGAT-1-2",0.950417100755034,"Dana_KO","Pf4","2"
"AGGTAGGCAACCGCTG-1-2",0.1998132281488,"Dana_KO","Car1","4"
"AGGTAGGCATACCAGT-1-2",7.19102402219728,"Dana_KO","Car1","6"
"AGGTAGGGTTGTATGC-1-2",2.23763070705993,"Dana_KO","Fcnb","1"
"AGGTAGGTCATTCACT-1-2",0.0711730664234635,"Dana_KO","Ly86","0"
"AGGTAGGTCGCCCAGA-1-2",5.67636065887942,"Dana_KO","Car1","6"
"AGGTCATAGATTCGCT-1-2",0.071650059169308,"Dana_KO","Ly86","0"
"AGGTCATCAGCTACAT-1-2",0.0587521247306637,"Dana_KO","Ly86","0"
"AGGTCATGTATGTGTC-1-2",0.0516528650928434,"Dana_KO","Gstm1/CD63","1"
"AGGTCATGTGATAGAT-1-2",0.0368093380056296,"Dana_KO","CD34","4"
"AGGTCATGTGGATCAG-1-2",0.844193566083231,"Dana_KO","Fcnb","1"
"AGGTCATGTTCAGTAC-1-2",7.09542647836514e-06,"Dana_KO","Ly86","7"
"AGGTCATTCATCACCC-1-2",1.29850942087728e-06,"Dana_KO","Gstm1/CD63","1"
"AGGTCATTCCTTTAGT-1-2",0.0382703107863409,"Dana_KO","Car1","3"
"AGGTCATTCGGCTGTG-1-2",0.0636506619713635,"Dana_KO","Gstm1/CD63","1"
"AGGTCATTCTATCGTT-1-2",17.4537259041655,"Dana_KO","Ltf","12"
"AGGTCTAAGCAGTCTT-1-2",1.11300807503767e-06,"Dana_KO","Gstm1/Ly86","4"
"AGGTCTAAGCTCGACC-1-2",0.512209869035995,"Dana_KO","Car1","4"
"AGGTCTAAGTGCACCC-1-2",2.45789283237485e-06,"Dana_KO","Pf4","8"
"AGGTCTACAAGACTGG-1-2",0.790909033756362,"Dana_KO","Car1","4"
"AGGTCTACAGAGAAAG-1-2",1.34488475733718e-06,"Dana_KO","Gstm1/CD63","1"
"AGGTCTAGTGCCTACG-1-2",15.2562397369462,"Dana_KO","Ltf","12"
"AGGTCTAGTGCTAGCC-1-2",0.731831399751288,"Dana_KO","Pf4","8"
"AGGTCTAGTTGTAGCT-1-2",2.41151749591495e-06,"Dana_KO","Pf4","8"
"AGGTGTTAGAATCGAT-1-2",0.0914888232089135,"Dana_KO","CD34","3"
"AGGTGTTCACCTTCGT-1-2",1.39126009379709e-06,"Dana_KO","Ly86","14"
"AGGTGTTCATACAGCT-1-2",0.0217617923319069,"Dana_KO","Pf4","8"
"AGGTGTTGTCAAGCGA-1-2",1.20575874795747e-06,"Dana_KO","CD34","4"
"AGGTGTTTCCACGGGT-1-2",1.73811126174022,"Dana_KO","Gstm1/CD63","1"
"AGGTGTTTCCATTTCA-1-2",0.701362023170651,"Dana_KO","Fcnb","1"
"AGGTGTTTCTCTCCGA-1-2",0.0178317783164204,"Dana_KO","Gstm1/Ly86","1"
"AGGTTACAGCAGTCTT-1-2",7.19102406857262,"Dana_KO","Car1","6"
"AGGTTACAGCATGTTC-1-2",18.2785758265256,"Dana_KO","Ltf","12"
"AGGTTACAGCGTTCCG-1-2",0.756279873498355,"Dana_KO","Car1","2"
"AGGTTACAGTGACACG-1-2",0.443784435647221,"Dana_KO","Car1","2"
"AGGTTACAGTTGGAGC-1-2",0.1351357281257,"Dana_KO","Unannotated","2"
"AGGTTACCAAGTACCT-1-2",0.217116323988657,"Dana_KO","Pf4","3"
"AGGTTACGTAGCGATG-1-2",2.66793091601257,"Dana_KO","Car1","2"
"AGGTTACGTTGGCTAT-1-2",1.99736921692537,"Dana_KO","Car1","2"
"AGGTTACGTTTGGAAA-1-2",2.36514215945505e-06,"Dana_KO","Pf4","8"
"AGGTTGTAGATACGAT-1-2",0.0287077297416234,"Dana_KO","Car1","4"
"AGGTTGTAGTATGTAG-1-2",0.0206501288102364,"Dana_KO","Ly86","0"
"AGGTTGTAGTTTCGAC-1-2",0.0569321773978164,"Dana_KO","Unannotated","3"
"AGGTTGTCAATTGGTC-1-2",0.0738806205007518,"Dana_KO","CD34","0"
"AGGTTGTCAGGTTCAT-1-2",1.06663273857777e-06,"Dana_KO","Pf4","4"
"AGGTTGTGTACGGCAA-1-2",0.00108076474821872,"Dana_KO","Pf4","3"
"AGGTTGTGTGTCCTAA-1-2",0.725935381354662,"Dana_KO","Car1","2"
"AGGTTGTTCGGTCTGG-1-2",0,"Dana_KO","Unannotated","11"
"AGTAACCAGAGAGGGC-1-2",0.649355683682989,"Dana_KO","Ly86","0"
"AGTAACCAGATGCGAC-1-2",1.01373302182024,"Dana_KO","Car1","2"
"AGTAACCAGCGATCGA-1-2",1.31400025856981,"Dana_KO","Gstm1/CD63","1"
"AGTAACCAGTCCGTCG-1-2",10.3681918187507,"Dana_KO","Hba-a2","6"
"AGTAACCCACAAGTTC-1-2",0.671888358406823,"Dana_KO","Car1","8"
"AGTAACCCACACGTGC-1-2",7.04905114190524e-06,"Dana_KO","CD34","7"
"AGTAACCCACTAACGT-1-2",6.30519506990524,"Dana_KO","Car1","6"
"AGTAACCCAGTCCCGA-1-2",0.142434256652668,"Dana_KO","Car1","2"
"AGTAACCCATACACCA-1-2",2.32259497942692,"Dana_KO","Car1","2"
"AGTAACCGTCCTGTCT-1-2",0.50829001703438,"Dana_KO","Car1","3"
"AGTAACCGTCGAGATG-1-2",2.31876682299514e-06,"Dana_KO","Pf4","8"
"AGTAACCGTTAATGAG-1-2",0.808071366865134,"Dana_KO","Car1","2"
"AGTAACCTCCGGCAGT-1-2",0.00219201845037165,"Dana_KO","CD34","7"
"AGTAACCTCTAGGCAT-1-2",4.1515075107654,"Dana_KO","Car1","2"
"AGTAACCTCTGTCGCT-1-2",1.85501345839612e-06,"Dana_KO","CD34","4"
"AGTAACCTCTTACGTT-1-2",1.15938341149757e-06,"Dana_KO","Car1","4"
"AGTACCAAGATGTAGT-1-2",0.00432729943973487,"Dana_KO","Unannotated","11"
"AGTACCAAGTCATACC-1-2",0.424330390511161,"Dana_KO","Car1","3"
"AGTACCAAGTGTGTTC-1-2",2.92920288825493,"Dana_KO","Car1","2"
"AGTACCACAGCCTTCT-1-2",0.042211888057422,"Dana_KO","Car1","2"
"AGTACCACATCTTTCA-1-2",10.368191865126,"Dana_KO","Hba-a2","6"
"AGTACCAGTCGACTGC-1-2",1.05548838781782,"Dana_KO","Car1","2"
"AGTACCAGTTGCTCGG-1-2",0.27836241406252,"Dana_KO","CD34","7"
"AGTACCAGTTTAAGGA-1-2",0.00167727074028079,"Dana_KO","Gstm1/Ly86","1"
"AGTACTGAGAAGCGCT-1-2",0.52650665560394,"Dana_KO","Car1","3"
"AGTACTGAGATACAGT-1-2",0.0091486290772953,"Dana_KO","CD34","1"
"AGTACTGAGGTGATCG-1-2",0.0341687185262125,"Dana_KO","Pf4","4"
"AGTACTGAGTGGACGT-1-2",0.0658890158383866,"Dana_KO","Ly86","0"
"AGTACTGCACAGCATT-1-2",0.0204781703357562,"Dana_KO","Gstm1/CD63","1"
"AGTACTGCAGAGCCCT-1-2",7.00267580544534e-06,"Dana_KO","Cd74","7"
"AGTACTGCAGCTGTGC-1-2",0.000184449478708992,"Dana_KO","Car1","2"
"AGTACTGCAGTTGAAA-1-2",0.0668394648679698,"Dana_KO","Pf4","8"
"AGTACTGCATTAAGCC-1-2",2.57630216165961,"Dana_KO","Car1","2"
"AGTACTGGTTCGAGCC-1-2",1.02025740211786e-06,"Dana_KO","Pf4","8"
"AGTACTGGTTGTCTAG-1-2",0.032507382811958,"Dana_KO","Pf4","4"
"AGTACTGGTTTCCATT-1-2",0.491531618017024,"Dana_KO","Pf4","8"
"AGTACTGTCGTTCAGA-1-2",0.647646762237799,"Dana_KO","Ly86","0"
"AGTACTGTCTCCATAT-1-2",0.05693213102248,"Dana_KO","Car1","3"
"AGTACTGTCTCCTGCA-1-2",1.11300807503767e-06,"Dana_KO","Car1","4"
"AGTACTGTCTGGCCAG-1-2",0.0439968390305503,"Dana_KO","Pf4","8"
"AGTAGCTAGATCACTC-1-2",0.461504209224155,"Dana_KO","Ly86","0"
"AGTAGCTAGGAACGCT-1-2",2.27239148653524e-06,"Dana_KO","Pf4","8"
"AGTAGCTCAAGTCCCG-1-2",0.00151313984190837,"Dana_KO","Gstm1/Ly86","1"
"AGTAGCTCAGACAATA-1-2",2.22601615007534e-06,"Dana_KO","Pf4","8"
"AGTAGCTCAGACCGCT-1-2",0.0189314313156648,"Dana_KO","Gstm1/Ly86","0"
"AGTAGCTCATCGCTCT-1-2",5.26148698678244,"Dana_KO","Car1","6"
"AGTAGCTCATCTTTCA-1-2",2.17964081361544e-06,"Dana_KO","Pf4","8"
"AGTAGCTCATTCGATG-1-2",0.671025830954718,"Dana_KO","Car1","2"
"AGTAGCTGTCGCTTAA-1-2",2.13326547715553e-06,"Dana_KO","Pf4","8"
"AGTAGCTTCAGCGCGT-1-2",0.0204456397385728,"Dana_KO","CD34","0"
"AGTAGTCAGCGTTCAT-1-2",1.11568784892072,"Dana_KO","Gstm1/CD63","1"
"AGTAGTCAGGCACTAG-1-2",0.0325074291872944,"Dana_KO","Pf4","3"
"AGTAGTCAGGTAGTAT-1-2",0.172330612322309,"Dana_KO","Car1","2"
"AGTAGTCAGTGAGGCT-1-2",0.147201431092017,"Dana_KO","Pf4","8"
"AGTAGTCAGTTGTACC-1-2",0.881436524307041,"Dana_KO","Fcnb","1"
"AGTAGTCCAAATCCCA-1-2",0.143988008155979,"Dana_KO","CD34","7"
"AGTAGTCCAACAAAGT-1-2",0.11398307303762,"Dana_KO","Car1","2"
"AGTAGTCCAAGCCTGC-1-2",0.733361707097733,"Dana_KO","Pf4","8"
"AGTAGTCCACGGTAGA-1-2",0.730498695113122,"Dana_KO","Pf4","8"
"AGTAGTCCAGGTCAGA-1-2",2.08689014069563e-06,"Dana_KO","Pf4","8"
"AGTAGTCGTACCGGCT-1-2",9.73882065657961e-07,"Dana_KO","Pf4","8"
"AGTAGTCTCACTGTTT-1-2",0.653717724025644,"Dana_KO","Car1","3"
"AGTAGTCTCCCGATCT-1-2",4.00120035139904,"Dana_KO","Car1","2"
"AGTCAACAGATGATTG-1-2",0.0772425406097597,"Dana_KO","Car1","2"
"AGTCAACAGTGAGGCT-1-2",0.0569320846471435,"Dana_KO","Unannotated","3"
"AGTCAACCACACTTAG-1-2",0.0705384611837815,"Dana_KO","Car1","2"
"AGTCAACCATGGCACC-1-2",2.30214213766852,"Dana_KO","Fcnb","1"
"AGTCAACGTGAATGAT-1-2",5.47218702437327,"Dana_KO","Car1","6"
"AGTCAACGTTCATCTT-1-2",9.27506729198058e-07,"Dana_KO","Pf4","4"
"AGTCAACTCGCTATTT-1-2",0.0786439198249669,"Dana_KO","Car1","4"
"AGTCAACTCGGCATCG-1-2",1.57243253997882,"Dana_KO","Ly86","1"
"AGTCAACTCTGAGGTT-1-2",12.4979177583617,"Dana_KO","Ltf","12"
"AGTCAACTCTTTGCTA-1-2",0.733195492138516,"Dana_KO","Pf4","8"
"AGTCACAAGAATCGAT-1-2",4.42327871026946,"Dana_KO","Car1","2"
"AGTCACACAAACACCT-1-2",2.92920293463027,"Dana_KO","Car1","2"
"AGTCACACACATGTTG-1-2",0.140865008003381,"Dana_KO","CD34","3"
"AGTCACACAGCTATAC-1-2",0.533772006281904,"Dana_KO","Car1","3"
"AGTCACAGTCCAAGAG-1-2",17.4022871755936,"Dana_KO","Ltf","12"
"AGTCACAGTGAGCCAA-1-2",2.14098578839352,"Dana_KO","Gstm1/CD63","0"
"AGTCACATCAAGATAG-1-2",0.0427372562293478,"Dana_KO","Pf4","8"
"AGTCATGAGACGCATG-1-2",4.41783985748792,"Dana_KO","Car1","2"
"AGTCATGAGGACTAAT-1-2",0.0325074755626309,"Dana_KO","Pf4","4"
"AGTCATGAGGCTTCCG-1-2",1.43763543025699e-06,"Dana_KO","Ly86","14"
"AGTCATGCAAGAATGT-1-2",0.0169579406473492,"Dana_KO","Car1","3"
"AGTCATGTCAGACTGT-1-2",0.00723152407103478,"Dana_KO","Pf4","11"
"AGTCATGTCCGTGGGT-1-2",6.95630046898543e-06,"Dana_KO","Cd74","14"
"AGTCATGTCCTGATAG-1-2",6.94044721770877,"Dana_KO","Car1","6"
"AGTCATGTCTGGAAGG-1-2",1.57243258635415,"Dana_KO","Gstm1/CD63","1"
"AGTCTCCAGGGAGGGT-1-2",3.84915292617194e-06,"Dana_KO","CD34","3"
"AGTCTCCAGTCATGAA-1-2",3.5570831228769,"Dana_KO","Car1","2"
"AGTCTCCCACTGAGTT-1-2",15.6745537603956,"Dana_KO","Ly86","12"
"AGTCTCCCAGAGTCAG-1-2",0.110249876977272,"Dana_KO","Pf4","8"
"AGTCTCCCAGGTGAGT-1-2",0.0846733676154103,"Dana_KO","Ly86","0"
"AGTCTCCGTCCACTCT-1-2",2.04051480423573e-06,"Dana_KO","Car1","8"
"AGTCTCCGTCTCGGGT-1-2",0.056932038271807,"Dana_KO","Car1","3"
"AGTCTCCTCCTGCTAC-1-2",0.0875209722310262,"Dana_KO","Gstm1/Ly86","1"
"AGTCTCCTCGTTCTAT-1-2",6.29166811093343,"Dana_KO","Hba-a2","6"
"AGTGACTAGGGTGGGA-1-2",4.63753364599029e-07,"Dana_KO","Pf4","4"
"AGTGACTAGGTCGCCT-1-2",0.0468918908627585,"Dana_KO","Gstm1/CD63","7"
"AGTGACTCAACGACTT-1-2",1.99413946777582e-06,"Dana_KO","Pf4","8"
"AGTGACTCACGTCGTG-1-2",0.808071413240471,"Dana_KO","Car1","2"
"AGTGACTGTATGCGTT-1-2",0.0319766343376808,"Dana_KO","Pf4","8"
"AGTGACTGTGGAACCA-1-2",0.843886196096613,"Dana_KO","Pf4","2"
"AGTGACTGTGTCTTAG-1-2",3.93935701652457,"Dana_KO","Car1","4"
"AGTGACTTCGGACAAG-1-2",0.00654350377034596,"Dana_KO","Ly86","0"
"AGTGATCAGGAGACCT-1-2",0.0104276110955634,"Dana_KO","Ly86","0"
"AGTGATCCAGAAACCG-1-2",5.48007557004562,"Dana_KO","Car1","2"
"AGTGATCCAGATTCGT-1-2",5.03923818471211,"Dana_KO","Car1","2"
"AGTGATCCAGGCGATA-1-2",0.0569319918964706,"Dana_KO","Pf4","3"
"AGTGATCGTACAATAG-1-2",2.15860679343101,"Dana_KO","Gstm1/CD63","1"
"AGTGATCTCACGGGCT-1-2",0.0670852968752174,"Dana_KO","Gstm1/CD63","1"
"AGTGATCTCGAGAGCA-1-2",2.28825028718538,"Dana_KO","Fcnb","1"
"AGTGCCGAGGACACTG-1-2",0.849074388719771,"Dana_KO","Car1","4"
"AGTGCCGAGGTTAAAC-1-2",3.69038830988923,"Dana_KO","Car1","2"
"AGTGCCGAGTATGGAT-1-2",8.81131392738155e-07,"Dana_KO","Pf4","8"
"AGTGCCGCAATTGTGC-1-2",1.96365261242805,"Dana_KO","Car1","2"
"AGTGCCGCACCTCAGG-1-2",0.00108071837288226,"Dana_KO","Unannotated","3"
"AGTGCCGCACGCAAAG-1-2",0.0010806719975458,"Dana_KO","Pf4","3"
"AGTGCCGCAGGCAATG-1-2",0.730283285288752,"Dana_KO","Pf4","8"
"AGTGCCGCATCACGGC-1-2",0.459032637555642,"Dana_KO","CD34","7"
"AGTGCCGGTCAGGTAG-1-2",1.06663273857777e-06,"Dana_KO","Car1","4"
"AGTGCCGGTTTGATCG-1-2",0.0918369148722038,"Dana_KO","Car1","2"
"AGTGCCGTCACCGACG-1-2",1.5303861031768e-06,"Dana_KO","Ly86","0"
"AGTGCCGTCTACAGGT-1-2",0.0199142572649892,"Dana_KO","Car1","2"
"AGTGTTGAGGTTCTAC-1-2",0.0569319455211341,"Dana_KO","Car1","3"
"AGTGTTGCAAACTCGT-1-2",0.00219197207503519,"Dana_KO","Gstm1/Ly86","7"
"AGTGTTGCACATACGT-1-2",2.74423077084619,"Dana_KO","Car1","2"
"AGTGTTGCATTCATCT-1-2",1.48401076671689e-06,"Dana_KO","Ly86","14"
"AGTGTTGCATTCCTAT-1-2",0.0341280767525178,"Dana_KO","Car1","3"
"AGTGTTGGTGAGCGAT-1-2",0.0982005485317683,"Dana_KO","Pf4","4"
"AGTGTTGGTGCCTATA-1-2",0.00432725306439841,"Dana_KO","Fcnb","11"
"AGTGTTGGTGGACTGA-1-2",6.24339010174951,"Dana_KO","Car1","6"
"AGTGTTGGTTGGAGGT-1-2",0.00867597999478253,"Dana_KO","Ly86","0"
"AGTGTTGTCCATCACC-1-2",0.0950411565235134,"Dana_KO","Fcnb","1"
"AGTTAGCAGGATGCGT-1-2",3.98690942806699,"Dana_KO","Car1","2"
"AGTTAGCAGTGCCTCG-1-2",0.000925293707923491,"Dana_KO","Pf4","11"
"AGTTAGCAGTTGTAGA-1-2",0.0206282091787426,"Dana_KO","Car1","4"
"AGTTAGCCAAATACAG-1-2",10.3681919115014,"Dana_KO","Hba-a2","6"
"AGTTAGCCAGGTGACA-1-2",6.90992513252553e-06,"Dana_KO","Ly86","7"
"AGTTAGCCATGACGTT-1-2",0.0569318991457977,"Dana_KO","Car1","3"
"AGTTAGCGTAATGCGG-1-2",18.0436486435881,"Dana_KO","Ltf","12"
"AGTTAGCGTCCTATAG-1-2",0.01108185263067,"Dana_KO","Ly86","0"
"AGTTCCCAGAAGCTCG-1-2",2.25877396125231,"Dana_KO","Fcnb","1"
"AGTTCCCAGCCTCAGC-1-2",1.5303861031768e-06,"Dana_KO","Gstm1/CD63","1"
"AGTTCCCAGGACCCAA-1-2",4.20094872417685,"Dana_KO","Car1","2"
"AGTTCCCCAATCGTCA-1-2",0.811709490981361,"Dana_KO","Car1","4"
"AGTTCCCCACCAGTAT-1-2",2.90546209838538,"Dana_KO","Car1","2"
"AGTTCCCCAGACCCGT-1-2",1.94776413131592e-06,"Dana_KO","Pf4","8"
"AGTTCCCCAGGTGAGT-1-2",0.00119889456141564,"Dana_KO","Car1","4"
"AGTTCCCCAGTGCCTG-1-2",0.0165001609735367,"Dana_KO","Car1","4"
"AGTTCCCGTCGTTGGC-1-2",3.80277758971204e-06,"Dana_KO","Pf4","4"
"AGTTCCCGTGGATTTC-1-2",0.00560067672003539,"Dana_KO","Pf4","3"
"AGTTCCCTCTTCGGTC-1-2",0.61858315085653,"Dana_KO","CD34","4"
"AGTTCGAAGGTGCTAG-1-2",0.00167731711561725,"Dana_KO","Gstm1/CD63","1"
"AGTTCGAAGGTTATAG-1-2",0.556930475589731,"Dana_KO","Gstm1/CD63","0"
"AGTTCGAAGGTTCCGC-1-2",10.3681919578767,"Dana_KO","Hba-a2","6"
"AGTTCGAAGTTACGGG-1-2",0.0962427730528788,"Dana_KO","Fcnb","1"
"AGTTCGACACAGCCTG-1-2",0.360646744827352,"Dana_KO","Pf4","3"
"AGTTCGACACCTATCC-1-2",0.767077189250837,"Dana_KO","Car1","2"
"AGTTCGACACGACGTC-1-2",0.49888588448175,"Dana_KO","Pf4","4"
"AGTTCGACAGGCAATG-1-2",0.809234110662208,"Dana_KO","Gstm1/Ly86","0"
"AGTTCGACATAACAGA-1-2",0.0686383520435387,"Dana_KO","Pf4","3"
"AGTTCGACATCATGAC-1-2",0.0165002073488731,"Dana_KO","Car1","4"
"AGTTCGAGTGGGCTCT-1-2",0.0900346613501855,"Dana_KO","Ly86","7"
"AGTTCGATCAATCAGC-1-2",0.679353235829909,"Dana_KO","Pf4","8"
"AGTTCGATCAGGGTAG-1-2",0.00515497332908055,"Dana_KO","Pf4","8"
"AGTTCGATCCCTAGGG-1-2",9.39857246017637,"Dana_KO","Hba-a2","6"
"AGTTCGATCGTCTACC-1-2",1.9601574946374,"Dana_KO","Car1","2"
"AGTTCGATCTAAGCGT-1-2",0.0325075219379674,"Dana_KO","Pf4","8"
"ATACCGAAGAAACCCG-1-2",6.37112124241566,"Dana_KO","Car1","2"
"ATACCGAAGATTGAGT-1-2",10.3681920042521,"Dana_KO","Hba-a2","6"
"ATACCGAAGGATATGT-1-2",4.10084556220349,"Dana_KO","Car1","2"
"ATACCGAAGGCTTAAA-1-2",0.502355877032651,"Dana_KO","Pf4","8"
"ATACCGAAGGTGCTGA-1-2",6.60553581091187,"Dana_KO","Car1","6"
"ATACCGACAGCAGGAT-1-2",0.0217618387072434,"Dana_KO","Pf4","8"
"ATACCGACAGCTCATA-1-2",0.0704953320253474,"Dana_KO","Ly86","0"
"ATACCGACAGTCGTTA-1-2",0.513412326016623,"Dana_KO","Car1","4"
"ATACCGACAGTGTATC-1-2",0.0258069942575387,"Dana_KO","Pf4","8"
"ATACCGACATTCGGGC-1-2",0.00155013180029329,"Dana_KO","Gstm1/CD63","1"
"ATACCGACATTGGCAT-1-2",4.05690963311157,"Dana_KO","Car1","2"
"ATACCGAGTATGAGAT-1-2",6.86354979606563e-06,"Dana_KO","CD34","7"
"ATACCGAGTGTGTACT-1-2",0.149022602687404,"Dana_KO","Car1","4"
"ATACCGATCTAAGGAA-1-2",0.128145848914955,"Dana_KO","Car1","4"
"ATACCTTAGTCTGTAC-1-2",0.0735674202061616,"Dana_KO","Gstm1/CD63","1"
"ATACCTTAGTGCCTCG-1-2",0.72252653940777,"Dana_KO","Car1","2"
"ATACCTTAGTGGAAGA-1-2",3.95100820235599,"Dana_KO","Car1","2"
"ATACCTTCATCCGGCA-1-2",0.992915936378384,"Dana_KO","Gstm1/CD63","1"
"ATACCTTGTTGTGCAT-1-2",0.0165002537242096,"Dana_KO","Car1","4"
"ATACCTTTCGCGCTGA-1-2",1.90138879485602e-06,"Dana_KO","Pf4","8"
"ATACCTTTCTACTCAT-1-2",0.0941798795147095,"Dana_KO","Car1","4"
"ATACCTTTCTACTTCA-1-2",0.425264138874119,"Dana_KO","Gstm1/Ly86","0"
"ATACTTCAGGAAAGGT-1-2",0.00638093956609764,"Dana_KO","Gstm1/CD63","1"
"ATACTTCAGGCGACAT-1-2",0.0325075683133038,"Dana_KO","Pf4","4"
"ATACTTCCATGCCGGT-1-2",0.0325076146886403,"Dana_KO","Pf4","4"
"ATACTTCTCCTTGAAG-1-2",1.85501345839612e-06,"Dana_KO","Pf4","8"
"ATACTTCTCTGTGTGA-1-2",3.75640225325213e-06,"Dana_KO","Pf4","3"
"ATAGACCCACATAGCT-1-2",1.24549261584847,"Dana_KO","Car1","3"
"ATAGACCCAGAATCGG-1-2",8.34756056278252e-07,"Dana_KO","Pf4","4"
"ATAGACCTCCGCATAA-1-2",2.9292029810056,"Dana_KO","Car1","2"
"ATAGACCTCGACCTAA-1-2",0.0325076610639767,"Dana_KO","CD34","4"
"ATAGACCTCGACGATT-1-2",5.5753032130081,"Dana_KO","Car1","2"
"ATAGACCTCGGAATTC-1-2",2.28282591143368,"Dana_KO","Car1","2"
"ATAGAGAAGAATCCCT-1-2",0.412753027410195,"Dana_KO","Fcnb","1"
"ATAGAGAAGGAGGCAG-1-2",0.0604674851068538,"Dana_KO","Ly86","0"
"ATAGAGAAGGCATTTC-1-2",1.02025740211786e-06,"Dana_KO","CD34","4"
"ATAGAGACATTCTCCG-1-2",0.0183728206529734,"Dana_KO","Pf4","8"
"ATAGAGAGTAGACGTG-1-2",0.0183431877021407,"Dana_KO","Car1","4"
"ATAGAGAGTAGTTCCA-1-2",1.78341950135913,"Dana_KO","Fcnb","1"
"ATAGAGAGTCATATGC-1-2",0.459032591180306,"Dana_KO","CD34","7"
"ATAGAGAGTTGGAGGT-1-2",3.65592979362258,"Dana_KO","Car1","2"
"ATAGGCTAGCGTTACT-1-2",2.92920302738094,"Dana_KO","Car1","2"
"ATAGGCTAGTCGAAAT-1-2",0.0325077074393132,"Dana_KO","Pf4","4"
"ATAGGCTCAAATTGCC-1-2",0.0569318527704612,"Dana_KO","Car1","3"
"ATAGGCTGTGTTGAGG-1-2",0.461398513110256,"Dana_KO","CD34","4"
"ATAGGCTGTTGCTCGG-1-2",0.00100254202194738,"Dana_KO","Gstm1/CD63","1"
"ATAGGCTTCATCGCCT-1-2",18.2785758729009,"Dana_KO","Ltf","12"
"ATATCCTAGATACCAA-1-2",0.733361753473069,"Dana_KO","Pf4","8"
"ATATCCTAGATGTTGA-1-2",0.645523469251688,"Dana_KO","Car1","3"
"ATATCCTAGCCGTTGC-1-2",0.916238815393164,"Dana_KO","Fcnb","1"
"ATATCCTAGCTCGAAG-1-2",0.117319099225089,"Dana_KO","Car1","2"
"ATATCCTAGGAACTAT-1-2",0.747000647599942,"Dana_KO","Gstm1/CD63","10"
"ATATCCTCAAATTGGA-1-2",1.80863812193621e-06,"Dana_KO","Pf4","8"
"ATATCCTCAGCAGTAG-1-2",0.18944841392844,"Dana_KO","Car1","3"
"ATATCCTGTTTCGATG-1-2",6.81717445960572e-06,"Dana_KO","CD34","7"
"ATATCCTTCCGCGATG-1-2",2.48865158481766,"Dana_KO","Fcnb","1"
"ATATCCTTCGATGGAG-1-2",3.71002691679223e-06,"Dana_KO","Pf4","4"
"ATCACAGCAAGGTCAG-1-2",1.5767614396367e-06,"Dana_KO","Gstm1/CD63","1"
"ATCACAGCACGGGCTT-1-2",6.77079912314582e-06,"Dana_KO","CD34","7"
"ATCACAGGTATCGTTG-1-2",1.48401076671689e-06,"Dana_KO","Ly86","0"
"ATCACGAAGGGTGGGA-1-2",0.622147056762845,"Dana_KO","Car1","3"
"ATCACGAAGGTTACCT-1-2",6.72442378668592e-06,"Dana_KO","CD34","7"
"ATCACGACAATCGCGC-1-2",0.0222134605126163,"Dana_KO","Fcnb","1"
"ATCACGACAGAACCGA-1-2",0.000786657273143643,"Dana_KO","Car1","4"
"ATCACGACATATACCG-1-2",0.09221856858248,"Dana_KO","Ly86","0"
"ATCACGAGTGAGGATC-1-2",1.76226278547631e-06,"Dana_KO","Pf4","8"
"ATCACGAGTGTCTTAG-1-2",0.0327211041487252,"Dana_KO","Ly86","0"
"ATCACGATCACGTCCT-1-2",0.00824531575663423,"Dana_KO","Car1","4"
"ATCACGATCATCACTT-1-2",0.919744682959573,"Dana_KO","Fcnb","1"
"ATCACGATCCTAAACG-1-2",0.0499717978528205,"Dana_KO","Pf4","8"
"ATCACTTAGGTAACTA-1-2",0.566122038839695,"Dana_KO","Car1","3"
"ATCACTTAGTTATGGA-1-2",0.459032544804969,"Dana_KO","CD34","7"
"ATCACTTCAAATGGAT-1-2",1.6231367760966e-06,"Dana_KO","Ly86","14"
"ATCACTTCAACACGTT-1-2",1.10932798000062,"Dana_KO","Car1","2"
"ATCACTTCATCCGAGC-1-2",0.0238003139597631,"Dana_KO","Pf4","4"
"ATCACTTGTCACCCTT-1-2",0.0306381073440569,"Dana_KO","Pf4","8"
"ATCACTTGTGTCATGT-1-2",0.247752608424147,"Dana_KO","Ly86","1"
"ATCACTTTCCCGTAAA-1-2",0.0564997052746268,"Dana_KO","Gstm1/Ly86","0"
"ATCACTTTCTCCGAGG-1-2",0.0169579870226857,"Dana_KO","Car1","3"
"ATCACTTTCTCTCTTC-1-2",0.0217618850825798,"Dana_KO","Pf4","8"
"ATCAGGTAGATCGGTG-1-2",4.17378028139126e-07,"Dana_KO","CD34","1"
"ATCAGGTAGTAGGATT-1-2",0.0325077538146497,"Dana_KO","Pf4","4"
"ATCAGGTAGTGATAAC-1-2",0.00108062562220934,"Dana_KO","Hba-a2","3"
"ATCAGGTCAAAGGGCT-1-2",0.0419804277360183,"Dana_KO","Car1","4"
"ATCAGGTCAAATCCCA-1-2",2.14098583476886,"Dana_KO","Gstm1/CD63","1"
"ATCAGGTCAAATCGTC-1-2",0.00811607921880886,"Dana_KO","Ly86","0"
"ATCAGGTCAACCGTAT-1-2",10.3681920506274,"Dana_KO","Hba-a2","6"
"ATCAGGTCAAGGTACG-1-2",1.96015754101274,"Dana_KO","Car1","2"
"ATCAGGTCACGACAAG-1-2",7.88380719818349e-07,"Dana_KO","Pf4","4"
"ATCAGGTCATGGAATA-1-2",0.715292976094083,"Dana_KO","Car1","2"
"ATCAGGTGTAACATGA-1-2",3.66175890921969,"Dana_KO","Car1","2"
"ATCAGGTGTTATAGCC-1-2",1.71588744901641e-06,"Dana_KO","Pf4","8"
"ATCAGGTTCGACGAGA-1-2",1.72917292041302,"Dana_KO","Car1","2"
"ATCATTCAGTTATGGA-1-2",2.65728338571286,"Dana_KO","Car1","2"
"ATCATTCCAAGCTCTA-1-2",0.497017942206919,"Dana_KO","Unannotated","2"
"ATCATTCCAAGGGCAT-1-2",0,"Dana_KO","Car1","3"
"ATCATTCCAAGTGGCA-1-2",0.0350901918244722,"Dana_KO","Gstm1/CD63","1"
"ATCATTCCACAGCCTG-1-2",0.0569318063951247,"Dana_KO","Unannotated","3"
"ATCATTCCACGGGCTT-1-2",7.42005383358446e-07,"Dana_KO","Pf4","4"
"ATCATTCCACGTACTA-1-2",6.63289645830315,"Dana_KO","Car1","6"
"ATCATTCCAGGAATAT-1-2",0.00167736349095371,"Dana_KO","Gstm1/CD63","1"
"ATCATTCCAGGTTCGC-1-2",0.0772139794677775,"Dana_KO","Unannotated","2"
"ATCATTCCAGTAGTTC-1-2",0.209057966420406,"Dana_KO","Car1","3"
"ATCATTCCATATGGCT-1-2",0.00432720668906195,"Dana_KO","Car1","3"
"ATCATTCGTAGGAGTC-1-2",0.54965643763212,"Dana_KO","Car1","2"
"ATCATTCGTATGAAAC-1-2",5.11265821862175,"Dana_KO","Car1","6"
"ATCATTCGTCTCTCTG-1-2",6.95630046898543e-07,"Dana_KO","Pf4","4"
"ATCATTCTCCTTTAGT-1-2",0.808071459615807,"Dana_KO","Car1","2"
"ATCATTCTCGCCATAA-1-2",1.27041527618092,"Dana_KO","Car1","3"
"ATCATTCTCTGTGTGA-1-2",0.0223457035808119,"Dana_KO","Car1","4"
"ATCATTCTCTTCGGTC-1-2",1.6695121125565e-06,"Dana_KO","Pf4","4"
"ATCCACCCACCGTCGA-1-2",0.988040911728448,"Dana_KO","Fcnb","1"
"ATCCACCCAGACCAGA-1-2",0.0325078001899861,"Dana_KO","Car1","4"
"ATCCACCGTCCTACGG-1-2",0.522043234698722,"Dana_KO","Gstm1/CD63","1"
"ATCCACCTCAGTGCGC-1-2",0.0953363219449105,"Dana_KO","Car1","2"
"ATCCACCTCTCATAGG-1-2",0.00167740986629017,"Dana_KO","Gstm1/CD63","1"
"ATCCATTAGCCTGTGC-1-2",0.592481746398886,"Dana_KO","Ly86","0"
"ATCCATTAGGACAGTC-1-2",0.946307551397691,"Dana_KO","Fcnb","1"
"ATCCATTAGGAGAATG-1-2",0.0272940428578896,"Dana_KO","CD34","4"
"ATCCATTAGTAGTCCT-1-2",0.117122421936236,"Dana_KO","CD34","4"
"ATCCATTCAGCAGTAG-1-2",0.0569317600197883,"Dana_KO","Car1","3"
"ATCCATTCATGAGAAT-1-2",0.362469935360822,"Dana_KO","Pf4","3"
"ATCCATTGTAGCCCTG-1-2",0.0579254094535109,"Dana_KO","CD34","0"
"ATCCATTGTCTAGATC-1-2",4.01594173380235,"Dana_KO","Car1","2"
"ATCCATTGTGGTCCCA-1-2",0.0569317136444518,"Dana_KO","Car1","3"
"ATCCATTGTGTTACTG-1-2",4.38255417337575,"Dana_KO","Car1","2"
"ATCCATTTCACTTGGA-1-2",0.0204455933632364,"Dana_KO","CD34","0"
"ATCCATTTCCGGTTCT-1-2",0.28923550640424,"Dana_KO","Fcnb","1"
"ATCCATTTCCTCGATC-1-2",3.66365158033233e-06,"Dana_KO","Pf4","3"
"ATCCATTTCGCAAGAG-1-2",0.000146256543163581,"Dana_KO","CD34","4"
"ATCCCTGAGCACTCTA-1-2",0.51341237239196,"Dana_KO","Car1","4"
"ATCCCTGAGCGTTCAT-1-2",1.27779153686806,"Dana_KO","CD34","10"
"ATCCCTGCAGCCGTCA-1-2",1.6695121125565e-06,"Dana_KO","Gstm1/CD63","1"
"ATCCCTGCATATGAAG-1-2",0.0325078465653226,"Dana_KO","Pf4","4"
"ATCCCTGGTGAACTAA-1-2",6.67804845022602e-06,"Dana_KO","CD34","7"
"ATCCCTGGTTTGGAGG-1-2",0.0650286734269239,"Dana_KO","Unannotated","2"
"ATCCCTGTCTGCTGAA-1-2",0.0461569090003358,"Dana_KO","Ly86","0"
"ATCCGTCAGCCGATAG-1-2",0.0478374740134933,"Dana_KO","Car1","3"
"ATCCGTCCAACGTTAC-1-2",1.6231367760966e-06,"Dana_KO","Pf4","8"
"ATCCGTCCAGCGGTCT-1-2",0.52635246673113,"Dana_KO","Car1","4"
"ATCCGTCCATCGGTTA-1-2",0.0409411880686323,"Dana_KO","Car1","4"
"ATCCGTCGTGCGAACA-1-2",1.43763543025699e-06,"Dana_KO","Ly86","0"
"ATCCGTCGTGCGCTCA-1-2",0.687818157873668,"Dana_KO","Ly86","0"
"ATCCGTCTCGCACTCT-1-2",0.0292776648893236,"Dana_KO","Car1","4"
"ATCCGTCTCGCGCTGA-1-2",1.96015758738807,"Dana_KO","Car1","4"
"ATCCGTCTCGCGGACT-1-2",0.0419804741113547,"Dana_KO","Car1","4"
"ATCCGTCTCGGCACTG-1-2",0.0569316672691154,"Dana_KO","Car1","3"
"ATCCTATAGCGCCTAC-1-2",0.314158501287321,"Dana_KO","Fcnb","1"
"ATCCTATAGTTTAGGA-1-2",0.0846734139907468,"Dana_KO","Gstm1/Ly86","1"
"ATCCTATGTGCCTGCA-1-2",0.267858895530353,"Dana_KO","Car1","6"
"ATCCTATTCGGCTGAC-1-2",2.60880605281493,"Dana_KO","Car1","2"
"ATCGATGAGACCAAAT-1-2",0.0165003000995461,"Dana_KO","Car1","4"
"ATCGATGAGTAGCCAG-1-2",0.846285163492528,"Dana_KO","Car1","3"
"ATCGATGCATACCACA-1-2",0.034315612000452,"Dana_KO","Car1","3"
"ATCGATGCATCTAACG-1-2",3.95100824873133,"Dana_KO","Car1","2"
"ATCGATGTCGAAGTGG-1-2",7.19102411494795,"Dana_KO","Car1","6"
"ATCGATGTCGCACGAC-1-2",0.333619061571936,"Dana_KO","Car1","3"
"ATCGATGTCTCCGTGT-1-2",1.5767614396367e-06,"Dana_KO","Pf4","8"
"ATCGATGTCTGCATAG-1-2",1.99736926330071,"Dana_KO","Car1","2"
"ATCGATGTCTTACCAT-1-2",3.68443498677781,"Dana_KO","Car1","2"
"ATCGCCTAGCCACTCG-1-2",0.0236812544811844,"Dana_KO","Car1","3"
"ATCGCCTCAAGTCATC-1-2",0.0569316208937789,"Dana_KO","Car1","3"
"ATCGCCTCAGTTCTAG-1-2",3.61727624387242e-06,"Dana_KO","Unannotated","3"
"ATCGCCTCATTCTTCA-1-2",0.0632747093893731,"Dana_KO","Ly86","0"
"ATCGCCTGTAGACAAT-1-2",0.0204455469878999,"Dana_KO","CD34","0"
"ATCGCCTGTATTGGCT-1-2",6.76793558901375,"Dana_KO","Car1","6"
"ATCGGATCAGTCGGTC-1-2",1.72338692284256,"Dana_KO","Fcnb","1"
"ATCGGATCATCTAACG-1-2",5.5812249649866,"Dana_KO","Car1","2"
"ATCGGATGTATGTCCA-1-2",0.0230325143670549,"Dana_KO","Unannotated","2"
"ATCGGATGTCGTCAGC-1-2",1.39126009379709e-06,"Dana_KO","Ly86","0"
"ATCGGATGTGTAGTGG-1-2",3.57090090741252e-06,"Dana_KO","Pf4","3"
"ATCGGATGTTATCTGG-1-2",0.0400314307118714,"Dana_KO","Pf4","3"
"ATCGGATTCGAAACAA-1-2",6.63167311376611e-06,"Dana_KO","CD34","7"
"ATCGGCGAGATGGGCT-1-2",0.123316413131684,"Dana_KO","Car1","2"
"ATCGGCGAGGACACTG-1-2",1.5303861031768e-06,"Dana_KO","Pf4","8"
"ATCGGCGAGTAATTGG-1-2",0.701362069545988,"Dana_KO","Fcnb","1"
"ATCGGCGCACCCTAAA-1-2",1.18078567108701,"Dana_KO","Car1","3"
"ATCGGCGCATGACGTT-1-2",2.74542107346882,"Dana_KO","Car1","2"
"ATCGGCGGTACTAGCT-1-2",0.14938919395621,"Dana_KO","CD34","7"
"ATCGGCGGTACTCCCT-1-2",0.663804493079557,"Dana_KO","Car1","2"
"ATCGGCGGTGGCCACT-1-2",0.0110691891703869,"Dana_KO","Car1","2"
"ATCGGCGTCACATACG-1-2",2.92920307375628,"Dana_KO","Car1","2"
"ATCGGCGTCCGCGAGT-1-2",16.6747060213378,"Dana_KO","Ltf","12"
"ATCGTAGAGTGTCATC-1-2",6.4925471043864e-07,"Dana_KO","CD34","4"
"ATCGTAGGTACGAAAT-1-2",0.0392064535495118,"Dana_KO","Car1","4"
"ATCGTAGGTCGTTGGC-1-2",0.036397583647335,"Dana_KO","Car1","2"
"ATCGTAGGTGCCTTCT-1-2",9.72051924619842,"Dana_KO","Hba-a2","6"
"ATCGTAGTCGACCATA-1-2",0.0565674439135427,"Dana_KO","Car1","2"
"ATCGTAGTCTGACAGT-1-2",16.4793769515175,"Dana_KO","Ltf","12"
"ATCGTAGTCTTCTAAC-1-2",0.728773693532309,"Dana_KO","Pf4","8"
"ATCGTCCCAAGACCTT-1-2",0.767077235626174,"Dana_KO","Car1","2"
"ATCGTCCCACTTGTCC-1-2",0.272202140439443,"Dana_KO","Car1","4"
"ATCGTCCGTAAGTAGT-1-2",0.167466328173129,"Dana_KO","Car1","3"
"ATCGTCCGTTGGCCTG-1-2",0.00914858270195884,"Dana_KO","CD34","1"
"ATCGTCCTCGCACGGT-1-2",0.0204455006125634,"Dana_KO","CD34","0"
"ATCGTGAAGAACTTCC-1-2",6.58529777730621e-06,"Dana_KO","CD34","7"
"ATCGTGAAGGGCAGTT-1-2",1.48401076671689e-06,"Dana_KO","Pf4","8"
"ATCGTGACAAGCGAAC-1-2",0.148814071424559,"Dana_KO","Car1","4"
"ATCGTGAGTGCCGTAC-1-2",0.0117612988776738,"Dana_KO","Gstm1/CD63","1"
"ATCGTGATCAACTACG-1-2",0.0569315745184424,"Dana_KO","Car1","3"
"ATCGTGATCTAGATCG-1-2",2.92920312013161,"Dana_KO","Car1","2"
"ATCTCTAAGGCGCTCT-1-2",0.618583197231867,"Dana_KO","Car1","4"
"ATCTCTAAGTGATGGC-1-2",0.00104767135716388,"Dana_KO","Car1","3"
"ATCTCTATCCCAAGCG-1-2",0.659628376427922,"Dana_KO","Unannotated","2"
"ATCTTCAAGACTTCGT-1-2",2.11377490196105,"Dana_KO","Car1","2"
"ATCTTCAAGCGTCGAA-1-2",0.11245632978174,"Dana_KO","CD34","4"
"ATCTTCAAGCTTACGT-1-2",0.404432823326714,"Dana_KO","Car1","4"
"ATCTTCACAAGGAGTC-1-2",3.71002691679223e-07,"Dana_KO","Ly86","1"
"ATCTTCACACCTAAAC-1-2",0.0409412344439688,"Dana_KO","Car1","4"
"ATCTTCACACGTAACT-1-2",0.0227661361223179,"Dana_KO","Pf4","11"
"ATCTTCAGTTGCCTAA-1-2",0.974240414334849,"Dana_KO","Fcnb","1"
"ATCTTCATCAAGTGTC-1-2",0.459032498429633,"Dana_KO","Car1","7"
"ATCTTCATCGCGGACT-1-2",10.3681920970027,"Dana_KO","Hba-a2","6"
"ATGAAAGAGGCCACCT-1-2",0.951835261722178,"Dana_KO","Ly86","0"
"ATGAAAGAGGTTCTAC-1-2",0.0344682011731556,"Dana_KO","Ly86","0"
"ATGAAAGCAAGAAACT-1-2",4.20094877055218,"Dana_KO","Car1","2"
"ATGAAAGCAAGAGTGC-1-2",15.5449388987467,"Dana_KO","Ltf","12"
"ATGAAAGCAGCGACCT-1-2",2.67948405969278,"Dana_KO","Car1","2"
"ATGAAAGTCATTCTTG-1-2",0.056931528143106,"Dana_KO","Car1","3"
"ATGAAAGTCCAGCACG-1-2",0.762344763359517,"Dana_KO","Car1","2"
"ATGAAAGTCCCTGTTG-1-2",1.16554525525476,"Dana_KO","Car1","7"
"ATGAAAGTCGGTGCAC-1-2",18.148215608334,"Dana_KO","Ltf","12"
"ATGAAAGTCTCCAATT-1-2",10.3681921433781,"Dana_KO","Hba-a2","6"
"ATGAAAGTCTTACGGA-1-2",9.73882065657961e-07,"Dana_KO","Car1","4"
"ATGACCAAGACATAAC-1-2",0.808071505991144,"Dana_KO","Car1","2"
"ATGACCAAGGTGAGCT-1-2",0.200530915548757,"Dana_KO","Car1","2"
"ATGACCACACATAGCT-1-2",2.15860683980635,"Dana_KO","Gstm1/CD63","1"
"ATGACCACAGCAGTGA-1-2",0.00560072309537185,"Dana_KO","Pf4","3"
"ATGACCACAGCTATAC-1-2",0.110721528110849,"Dana_KO","Pf4","3"
"ATGACCACAGGCGTTC-1-2",1.43763543025699e-06,"Dana_KO","Pf4","8"
"ATGACCAGTGATACTC-1-2",1.0324939289721,"Dana_KO","Fcnb","1"
"ATGACCAGTGGATGAC-1-2",2.55302132935733,"Dana_KO","Gstm1/CD63","1"
"ATGACCATCTCCTGCA-1-2",1.39126009379709e-06,"Dana_KO","Pf4","8"
"ATGAGGGAGAGGACTC-1-2",0.351774059560603,"Dana_KO","Pf4","3"
"ATGAGGGAGATGCTGG-1-2",0.539912313104893,"Dana_KO","Gstm1/CD63","1"
"ATGAGGGAGCTGGCTC-1-2",1.34488475733718e-06,"Dana_KO","Gstm1/Ly86","0"
"ATGAGGGAGTTGCTGT-1-2",4.3911219265611,"Dana_KO","Car1","2"
"ATGAGGGCACGCTGAC-1-2",0.297601949585916,"Dana_KO","Car1","4"
"ATGAGGGCATGACGTT-1-2",0.102322434200644,"Dana_KO","Pf4","2"
"ATGAGGGGTCTCAAGT-1-2",0.00560076947070831,"Dana_KO","Pf4","3"
"ATGAGGGGTCTGCGCA-1-2",9.27506729198058e-08,"Dana_KO","Prg2","10"
"ATGAGGGTCATGCGGC-1-2",0.0177439124017637,"Dana_KO","Gstm1/Ly86","0"
"ATGAGGGTCTGGAAGG-1-2",1.07389799959973,"Dana_KO","Pf4","8"
"ATGAGTCCACGGTGAA-1-2",10.3681921897534,"Dana_KO","Hba-a2","6"
"ATGAGTCGTACTGTTG-1-2",0.032507892940659,"Dana_KO","Pf4","4"
"ATGAGTCGTCGGTGTC-1-2",0.0195942628536963,"Dana_KO","Pf4","8"
"ATGAGTCGTTGTGTTG-1-2",0.478851817913573,"Dana_KO","Gstm1/CD63","1"
"ATGAGTCGTTTCCAAG-1-2",0.154599589255979,"Dana_KO","Gstm1/CD63","1"
"ATGAGTCTCACGACTA-1-2",1.34488475733718e-06,"Dana_KO","Pf4","8"
"ATGAGTCTCGCGTCGA-1-2",18.2665164577807,"Dana_KO","Ltf","12"
"ATGAGTCTCGTCTCAC-1-2",9.27506729198058e-07,"Dana_KO","Car1","4"
"ATGATCGAGTAAAGCT-1-2",0.000978034796094041,"Dana_KO","Ly86","0"
"ATGATCGCAAATGCGG-1-2",0.0189302663811373,"Dana_KO","Car1","4"
"ATGATCGCACAGAGAC-1-2",0.0569314817677695,"Dana_KO","Car1","3"
"ATGATCGGTCACTCAA-1-2",1.29850942087728e-06,"Dana_KO","Pf4","8"
"ATGATCGGTTATGTGC-1-2",0.000602642171027234,"Dana_KO","Pf4","11"
"ATGATCGTCTATACGG-1-2",0.261519391003727,"Dana_KO","Pf4","3"
"ATGCATGAGAGATTCA-1-2",7.19102416132329,"Dana_KO","Hba-a2","11"
"ATGCATGGTCGTTCAA-1-2",0.0493388280172847,"Dana_KO","Ly86","0"
"ATGCATGTCGCTACAA-1-2",18.0850068012178,"Dana_KO","Ltf","12"
"ATGCATGTCTGCTTTA-1-2",0.788054619235747,"Dana_KO","Car1","2"
"ATGCCTCCAATCACGT-1-2",0.00144799121968209,"Dana_KO","Ly86","0"
"ATGCCTCCATCTTTCA-1-2",2.20473001489029,"Dana_KO","Car1","2"
"ATGCCTCGTAGCTTTG-1-2",0.344955564432351,"Dana_KO","Car1","4"
"ATGCCTCGTCGCTTGG-1-2",6.14138715193406,"Dana_KO","Car1","6"
"ATGCCTCGTGCAGGAT-1-2",0.0953363683202469,"Dana_KO","Car1","2"
"ATGCGATAGCCTCGTG-1-2",0.127610657632601,"Dana_KO","Pf4","4"
"ATGCGATAGGAGTACC-1-2",0.0165003464748825,"Dana_KO","CD34","4"
"ATGCGATCATGACCCG-1-2",0.223644252713051,"Dana_KO","Car1","3"
"ATGCGATGTCAAAGTA-1-2",0.0938749421940672,"Dana_KO","Gstm1/CD63","1"
"ATGCGATTCGTGGCGT-1-2",1.25213408441738e-06,"Dana_KO","Pf4","8"
"ATGCGATTCTAACACG-1-2",0.222796106728785,"Dana_KO","CD34","7"
"ATGCGATTCTGGCCTT-1-2",0.000981918619898714,"Dana_KO","Pf4","8"
"ATGGAGGAGGAAGTGA-1-2",0.521575299824173,"Dana_KO","Car1","4"
"ATGGAGGAGTTCACTG-1-2",1.20575874795747e-06,"Dana_KO","Pf4","8"
"ATGGAGGCAATCGAAA-1-2",0.0794015978721063,"Dana_KO","Car1","4"
"ATGGAGGTCATCCTGC-1-2",4.3076687710408,"Dana_KO","Car1","2"
"ATGGATCAGATCACCT-1-2",0.016500392850219,"Dana_KO","Car1","4"
"ATGGATCAGGGTCAAC-1-2",0.290347628329151,"Dana_KO","CD34","7"
"ATGGATCAGTATGATG-1-2",0.00727687540508581,"Dana_KO","Car1","2"
"ATGGATCAGTTCAACC-1-2",1.18077940982592,"Dana_KO","Car1","3"
"ATGGATCCAACGTTAC-1-2",0.0165004392255554,"Dana_KO","Car1","3"
"ATGGATCGTGTTATCG-1-2",0.459032452054296,"Dana_KO","CD34","7"
"ATGGATCTCCGTGTAA-1-2",6.02879373978737e-07,"Dana_KO","Pf4","4"
"ATGGGAGAGAACTCCT-1-2",0.216612611366227,"Dana_KO","Ly86","0"
"ATGGGAGAGCCGCACT-1-2",3.9393570628999,"Dana_KO","Car1","2"
"ATGGGAGCAACCGTAT-1-2",0.0669197326633606,"Dana_KO","Unannotated","4"
"ATGGGAGCACTATGTG-1-2",10.3681922361287,"Dana_KO","Hba-a2","6"
"ATGGGAGGTAGCTGCC-1-2",0.0165004856008919,"Dana_KO","Car1","4"
"ATGGGAGGTAGGCAAC-1-2",4.02370450210365,"Dana_KO","Car1","2"
"ATGGGAGGTCTGTCAA-1-2",3.93935710927524,"Dana_KO","Car1","2"
"ATGGGAGTCCACGAAT-1-2",4.17378028139126e-07,"Dana_KO","Unannotated","4"
"ATGGGTTAGCGATTCT-1-2",0.478271807268679,"Dana_KO","Pf4","8"
"ATGGGTTAGCTTAAGA-1-2",0.936552102718553,"Dana_KO","Car1","4"
"ATGGGTTAGGTAATCA-1-2",0.0165005319762284,"Dana_KO","Car1","4"
"ATGGGTTAGTTAACGA-1-2",16.9456780073263,"Dana_KO","Ltf","12"
"ATGGGTTCAACGTATC-1-2",1.15938341149757e-06,"Dana_KO","Pf4","4"
"ATGGGTTCATTAGGAA-1-2",0.0569314353924331,"Dana_KO","Car1","3"
"ATGGGTTTCCAACTGA-1-2",1.11300807503767e-06,"Dana_KO","Pf4","8"
"ATGGTTGAGACTCAAA-1-2",1.06663273857777e-06,"Dana_KO","Pf4","8"
"ATGGTTGAGCTCTATG-1-2",6.53892244084631e-06,"Dana_KO","Cd74","15"
"ATGGTTGAGGTGATCG-1-2",0.344955610807688,"Dana_KO","Car1","4"
"ATGGTTGCAGCAGTCC-1-2",0.36775621433577,"Dana_KO","Fcnb","1"
"ATGGTTGGTCGAGCAA-1-2",1.99736930967604,"Dana_KO","Car1","2"
"ATGGTTGTCACTTCTA-1-2",0.459134567886389,"Dana_KO","Pf4","8"
"ATGGTTGTCCTGATAG-1-2",0.729706291255475,"Dana_KO","Pf4","8"
"ATGGTTGTCGGTGCAC-1-2",0.122730287207435,"Dana_KO","Pf4","3"
"ATGGTTGTCGTAGGAG-1-2",6.4925471043864e-06,"Dana_KO","C1qb","14"
"ATGGTTGTCTAGACAC-1-2",3.93935715565058,"Dana_KO","Car1","2"
"ATGTCCCAGGCTGAAC-1-2",3.95100829510667,"Dana_KO","Car1","2"
"ATGTCCCCACCGGTCA-1-2",0.698064858997807,"Dana_KO","Gstm1/CD63","1"
"ATGTCCCGTAACATCC-1-2",1.39126009379709e-07,"Dana_KO","Prg2","10"
"ATGTCCCGTACGTACT-1-2",0.0165005783515648,"Dana_KO","Car1","4"
"ATGTCCCGTAGCGCCT-1-2",1.02025740211786e-06,"Dana_KO","Pf4","8"
"ATGTCCCTCCATTGGA-1-2",9.73882065657961e-07,"Dana_KO","Pf4","8"
"ATGTCTTAGCTGCGAA-1-2",0.00432716031372549,"Dana_KO","Pf4","11"
"ATGTCTTCACGCTGAC-1-2",1.96868624431246,"Dana_KO","Car1","2"
"ATGTCTTCATTGCCTC-1-2",1.04903791158686,"Dana_KO","Ly86","1"
"ATGTCTTGTTGGATCT-1-2",0.0569313890170966,"Dana_KO","Car1","3"
"ATGTCTTTCCAACTGA-1-2",3.71002691679223e-07,"Dana_KO","CD34","4"
"ATGTCTTTCCTACGAA-1-2",4.63753364599029e-08,"Dana_KO","Gstm1/CD63","1"
"ATGTCTTTCGACGACC-1-2",0.0325079393159955,"Dana_KO","Pf4","3"
"ATTACCTAGCGTCGAA-1-2",0.337051326347836,"Dana_KO","Ly86","0"
"ATTACCTAGGTCACAG-1-2",0.0569313426417601,"Dana_KO","Car1","3"
"ATTACCTGTAATTAGG-1-2",5.18417688408599,"Dana_KO","Car1","6"
"ATTACCTGTAGCGTAG-1-2",4.35006230145521,"Dana_KO","Car1","2"
"ATTACCTGTGTCCGTG-1-2",0.133902526368199,"Dana_KO","Gstm1/CD63","1"
"ATTACCTGTTGCATGT-1-2",0.00914853632662238,"Dana_KO","CD34","1"
"ATTACCTGTTTACTTC-1-2",16.8368233512242,"Dana_KO","Ltf","12"
"ATTACCTTCCCAGGAC-1-2",0.217868939405044,"Dana_KO","CD34","4"
"ATTACCTTCCGTGTAA-1-2",0.0703006835475875,"Dana_KO","Pf4","3"
"ATTACCTTCGAGCCAC-1-2",0.0569312962664237,"Dana_KO","Car1","3"
"ATTACTCAGTGATCGG-1-2",0,"Dana_KO","Pf4","11"
"ATTACTCCACACAGCC-1-2",0.347458504866422,"Dana_KO","Ly86","1"
"ATTACTCCAGTCGGAA-1-2",0.00432711393838903,"Dana_KO","Hba-a2","11"
"ATTACTCGTCTAGTGT-1-2",6.69053254872375,"Dana_KO","Car1","6"
"ATTACTCGTGACACAG-1-2",0.0893839569604635,"Dana_KO","CD34","7"
"ATTACTCGTGGGACAT-1-2",0.33423702505797,"Dana_KO","Pf4","8"
"ATTACTCTCGGAGATG-1-2",0.0165006247269013,"Dana_KO","Car1","4"
"ATTACTCTCTGGCCAG-1-2",0.0238221201998765,"Dana_KO","Car1","3"
"ATTATCCAGGACGCAT-1-2",0.000455361911311902,"Dana_KO","Car1","11"
"ATTATCCCAATAGTGA-1-2",5.56504037518835e-07,"Dana_KO","Pf4","4"
"ATTATCCCACGTGTGC-1-2",6.29166815730876,"Dana_KO","Hba-a2","6"
"ATTATCCCACTCATAG-1-2",1.96813921969344,"Dana_KO","Fcnb","1"
"ATTATCCCATGGGATG-1-2",0.032507985691332,"Dana_KO","Pf4","4"
"ATTATCCGTGTAGGAC-1-2",0.0677238967398595,"Dana_KO","Ly86","0"
"ATTATCCTCCATGATG-1-2",0.00614303967865215,"Dana_KO","Siglech","0"
"ATTATCCTCGATAACC-1-2",5.10128701058932e-07,"Dana_KO","Pf4","4"
"ATTATCCTCGGTGTTA-1-2",0.315489455273643,"Dana_KO","Ly86","0"
"ATTCACTAGCCAAGGT-1-2",0.0750393261477378,"Dana_KO","Ly86","0"
"ATTCACTCAACGTTAC-1-2",0.0307738684904584,"Dana_KO","Pf4","3"
"ATTCACTCAGTCGAGA-1-2",0.0325080320666684,"Dana_KO","Pf4","4"
"ATTCACTCATGAGATA-1-2",5.48007561642096,"Dana_KO","Car1","11"
"ATTCACTGTCATCTAG-1-2",9.57937161609455,"Dana_KO","Hba-a2","6"
"ATTCACTTCACGATCA-1-2",0.0419805204866912,"Dana_KO","Pf4","4"
"ATTCAGGAGCCGATCC-1-2",6.24802194051336,"Dana_KO","Car1","2"
"ATTCAGGAGGCTAAAT-1-2",0.00112264139792584,"Dana_KO","Ly86","0"
"ATTCAGGTCAACTACG-1-2",0.00156535903511223,"Dana_KO","Car1","3"
"ATTCAGGTCAGTGCGC-1-2",0.0139281078733132,"Dana_KO","Car1","2"
"ATTCAGGTCCATACAG-1-2",0.0318809343380233,"Dana_KO","Pf4","11"
"ATTCAGGTCCATTGTT-1-2",0.895197978046824,"Dana_KO","Car1","3"
"ATTCAGGTCCTTTAGT-1-2",3.93935720202591,"Dana_KO","Car1","2"
"ATTCATCAGAGCAGAA-1-2",0.00024938411340969,"Dana_KO","Ly86","0"
"ATTCATCAGAGCCTGA-1-2",0.00220298631952653,"Dana_KO","Ly86","0"
"ATTCATCAGAGGTTAT-1-2",4.63753364599029e-07,"Dana_KO","Pf4","3"
"ATTCATCAGCAGCGAT-1-2",0.185739608825907,"Dana_KO","Pf4","8"
"ATTCATCAGCGACTAG-1-2",1.02812415070476,"Dana_KO","Car1","2"
"ATTCATCAGCTAGTTC-1-2",0.0822507641932373,"Dana_KO","Car1","4"
"ATTCATCAGTGTACCT-1-2",0.165587616604173,"Dana_KO","Car1","4"
"ATTCATCCATTGGGAG-1-2",6.73329500680078,"Dana_KO","Car1","6"
"ATTCATCGTCTAGATC-1-2",0.0569312498910872,"Dana_KO","Car1","3"
"ATTCCATAGACGAGCT-1-2",9.57937166246989,"Dana_KO","Hba-a2","6"
"ATTCCATCAAATACAG-1-2",1.71588744901641e-06,"Dana_KO","Ly86","14"
"ATTCCATTCCACCTCA-1-2",0.159422490507226,"Dana_KO","Pf4","3"
"ATTCCATTCCGAAGGA-1-2",6.16043563797724,"Dana_KO","Hba-a2","6"
"ATTCCATTCTCTCGCA-1-2",0.950417147130371,"Dana_KO","Car1","2"
"ATTCCCGGTATACGGG-1-2",3.52452557095262e-06,"Dana_KO","Pf4","8"
"ATTCCCGGTCATATGC-1-2",0.552757248127673,"Dana_KO","Car1","4"
"ATTCCCGGTCGGCACT-1-2",1.08581874236817,"Dana_KO","Fcnb","1"
"ATTCCCGGTGACTCGC-1-2",0.999622054746783,"Dana_KO","Car1","2"
"ATTCCCGGTTAATCGC-1-2",0.0526223089141848,"Dana_KO","Car1","4"
"ATTCCCGGTTGGTGTT-1-2",0.752919902499555,"Dana_KO","Car1","2"
"ATTCCCGTCATAAGGA-1-2",0.0569312035157508,"Dana_KO","Car1","3"
"ATTCCCGTCTCTATAC-1-2",3.47815023449272e-06,"Dana_KO","Pf4","3"
"ATTCCTAAGAGCCTGA-1-2",0.39672732943152,"Dana_KO","Pf4","3"
"ATTCCTAGTGAGACGT-1-2",0.00167745624162663,"Dana_KO","Gstm1/CD63","1"
"ATTCCTATCAGCCTCT-1-2",0.0578259066490605,"Dana_KO","Pf4","3"
"ATTCCTATCGGAGCAA-1-2",0.289235552779577,"Dana_KO","Fcnb","1"
"ATTCCTATCGTGGCGT-1-2",0.00167750261696309,"Dana_KO","Gstm1/CD63","1"
"ATTCGTTAGATTCGAA-1-2",0.0569311571404143,"Dana_KO","Car1","3"
"ATTCGTTAGCTGAAGC-1-2",3.83202551660535,"Dana_KO","Car1","2"
"ATTCGTTAGTAAACAC-1-2",0.0142877963065193,"Dana_KO","Car1","4"
"ATTCGTTAGTAGTGCG-1-2",2.92920316650695,"Dana_KO","Car1","2"
"ATTCGTTCAAACCGGA-1-2",4.17378028139126e-07,"Dana_KO","Car1","4"
"ATTCGTTCACACTTAG-1-2",18.0444213745193,"Dana_KO","Ltf","12"
"ATTCGTTCAGAGGTTG-1-2",0.344955657183024,"Dana_KO","Car1","4"
"ATTCGTTCAGTTAGAA-1-2",0.0569311107650778,"Dana_KO","Car1","3"
"ATTCGTTGTGGTAATA-1-2",2.40339241929135,"Dana_KO","Car1","2"
"ATTCGTTGTGTAGTGG-1-2",0.185998631464964,"Dana_KO","Car1","2"
"ATTCGTTTCGTTCTCG-1-2",9.27506729198058e-07,"Dana_KO","Pf4","8"
"ATTCTACAGATTAGAC-1-2",0.00114657699814424,"Dana_KO","Gstm1/Ly86","7"
"ATTCTACAGGTATTGA-1-2",0.0569310643897414,"Dana_KO","Car1","3"
"ATTCTACCAGTGTACT-1-2",0.0419805668620277,"Dana_KO","Pf4","4"
"ATTCTACGTGTCCACG-1-2",0.0350869592023169,"Dana_KO","Car1","8"
"ATTCTACTCGGTGAAG-1-2",8.81131392738155e-07,"Dana_KO","Pf4","8"
"ATTCTTGCACTATGTG-1-2",0.00571182892288591,"Dana_KO","Ly86","0"
"ATTCTTGCAGCGTATT-1-2",0.754777514140369,"Dana_KO","Gstm1/CD63","1"
"ATTCTTGCAGTACTAC-1-2",1.03934455787316,"Dana_KO","Gstm1/CD63","1"
"ATTCTTGCAGTAGTGG-1-2",0.22173115024484,"Dana_KO","Car1","3"
"ATTCTTGGTCACTCAA-1-2",0.128705676171403,"Dana_KO","CD34","7"
"ATTCTTGGTCCGCAGT-1-2",0.740575174444305,"Dana_KO","Car1","2"
"ATTCTTGGTTACGCCG-1-2",0.132676259509963,"Dana_KO","Pf4","8"
"ATTCTTGTCCCTCATG-1-2",0.00167754899229955,"Dana_KO","Gstm1/CD63","1"
"ATTCTTGTCGAGCCTG-1-2",0.0271122475064474,"Dana_KO","Car1","3"
"ATTCTTGTCTGGGCCA-1-2",0.0206405662288471,"Dana_KO","Fcnb","1"
"ATTGGGTAGTACTGTC-1-2",0.0569310180144049,"Dana_KO","Pf4","3"
"ATTGGGTCAGTCAGTT-1-2",0.0569309716390685,"Dana_KO","Car1","3"
"ATTGGGTGTATCGCGC-1-2",0.344955703558361,"Dana_KO","Car1","4"
"ATTGGGTGTCACGCTG-1-2",0.101352631123094,"Dana_KO","CD34","0"
"ATTGGGTGTTGATGTC-1-2",0.767730473859156,"Dana_KO","Gstm1/CD63","1"
"ATTGGGTTCTTCACAT-1-2",0.00432706756305257,"Dana_KO","Car1","11"
"ATTGTTCAGAGTGTTA-1-2",0.105236064090166,"Dana_KO","Car1","4"
"ATTGTTCCAGTCAGTT-1-2",0.0325080784420049,"Dana_KO","Pf4","4"
"ATTGTTCCATAGGTAA-1-2",0.056930925263732,"Dana_KO","Car1","3"
"ATTGTTCCATTGGATC-1-2",0.020445454237227,"Dana_KO","CD34","0"
"ATTGTTCTCGCACTCT-1-2",18.2727071297892,"Dana_KO","Ltf","12"
"ATTGTTCTCTGAGCAT-1-2",1.35464130690136,"Dana_KO","Car1","3"
"ATTTACCAGTTCAACC-1-2",0.0165006711022377,"Dana_KO","Car1","4"
"ATTTACCCACTAGAGG-1-2",0.0675582417759064,"Dana_KO","Car1","4"
"ATTTACCGTCGCTCGA-1-2",4.98467837115841,"Dana_KO","Car1","2"
"ATTTACCGTGACTCGC-1-2",1.80863812193621e-06,"Dana_KO","Car1","4"
"ATTTACCGTTAGTTCG-1-2",3.65871706771785,"Dana_KO","Car1","2"
"ATTTACCGTTTCGGCG-1-2",3.71002691679223e-07,"Dana_KO","Car1","4"
"ATTTACCTCATGCAGT-1-2",3.43177489803281e-06,"Dana_KO","Pf4","3"
"ATTTACCTCGGCCAAC-1-2",3.2462735521932e-07,"Dana_KO","Pf4","4"
"ATTTACCTCGGTATGT-1-2",16.17069851804,"Dana_KO","Ltf","12"
"ATTTACCTCTTCCGTG-1-2",2.8344816754134,"Dana_KO","Car1","2"
"ATTTCACAGATGCTAA-1-2",0.00219192569969873,"Dana_KO","Gstm1/CD63","7"
"ATTTCACAGCATTTGC-1-2",8.34756056278252e-07,"Dana_KO","Pf4","8"
"ATTTCACAGCGAGGAG-1-2",0.0569308788883955,"Dana_KO","Car1","3"
"ATTTCACCAAGGCTTT-1-2",0.0409412808193053,"Dana_KO","Car1","4"
"ATTTCACCAGCACCCA-1-2",0.749709502966182,"Dana_KO","Gstm1/CD63","10"
"ATTTCACGTCATAGTC-1-2",0.733361799848405,"Dana_KO","Pf4","11"
"ATTTCACTCACTACTT-1-2",0.478712932325721,"Dana_KO","Ly86","1"
"ATTTCACTCCGTGGGT-1-2",4.38255421975109,"Dana_KO","Car1","2"
"ATTTCACTCGAATGCT-1-2",5.10047539777891,"Dana_KO","Car1","2"
"ATTTCACTCGATCCCT-1-2",1.39126009379709e-07,"Dana_KO","Gstm1/CD63","1"
"ATTTCTGAGAGATCGC-1-2",0.137680161696679,"Dana_KO","Car1","4"
"ATTTCTGCAAGAAACT-1-2",0.0090441160006558,"Dana_KO","Car1","2"
"ATTTCTGCATCCTTCG-1-2",6.4461717679265e-06,"Dana_KO","CD34","7"
"ATTTCTGTCGCTAAAC-1-2",0.552864401613834,"Dana_KO","Car1","4"
"ATTTCTGTCGGACGTC-1-2",7.88380719818349e-07,"Dana_KO","Car1","8"
"ATTTCTGTCTATGCCC-1-2",0.438130242381357,"Dana_KO","Car1","3"
"CAAAGAAAGAAACCCG-1-2",0.0991791064544132,"Dana_KO","Car1","2"
"CAAAGAAAGATGGTAT-1-2",0.0169580333980222,"Dana_KO","Car1","3"
"CAAAGAAAGCTAGAAT-1-2",3.38539956157291e-06,"Dana_KO","Pf4","3"
"CAAAGAAGTCGCTCGA-1-2",4.20094881692752,"Dana_KO","Car1","2"
"CAAAGAAGTGTAGGAC-1-2",0.729752032836741,"Dana_KO","Pf4","8"
"CAAAGAAGTTACGTAC-1-2",8.81131392738155e-07,"Dana_KO","Car1","4"
"CAAAGAATCAGCGCAC-1-2",10.3681922825041,"Dana_KO","Hba-a2","6"
"CAAAGAATCATTACGG-1-2",1.57243263272949,"Dana_KO","Gstm1/CD63","1"
"CAAAGAATCCGATCTC-1-2",0.43965184701404,"Dana_KO","Car1","3"
"CAACAACAGCTCTATG-1-2",15.6124007511755,"Dana_KO","Ltf","12"
"CAACAACCATCTAGAC-1-2",0.125728719850867,"Dana_KO","Car1","4"
"CAACAACGTAGTAAGT-1-2",8.34756056278252e-07,"Dana_KO","Car1","4"
"CAACAACGTGGTTCTA-1-2",10.3681923288794,"Dana_KO","Hba-a2","6"
"CAACAGTAGGCGAAGG-1-2",0.45903240567896,"Dana_KO","CD34","7"
"CAACAGTCACGGTGTC-1-2",0.12829310315978,"Dana_KO","Pf4","4"
"CAACAGTCAGCCCAGT-1-2",6.3997964314666e-06,"Dana_KO","CD34","7"
"CAACAGTCATGAAGCG-1-2",0.0165007174775742,"Dana_KO","Car1","4"
"CAACAGTGTCATACCA-1-2",0.950417193505707,"Dana_KO","Pf4","2"
"CAACAGTGTGACGCCT-1-2",0.733361846223742,"Dana_KO","Pf4","8"
"CAACAGTTCTATCACT-1-2",7.42005383358446e-07,"Dana_KO","Pf4","8"
"CAACCAAAGCCTTGAT-1-2",0.0967755191900044,"Dana_KO","Car1","2"
"CAACCAAAGCTCACTA-1-2",18.2785759192763,"Dana_KO","Ltf","12"
"CAACCAAAGGCGACAT-1-2",0.235610696809395,"Dana_KO","Car1","4"
"CAACCAAAGTCTTCGA-1-2",15.909512038042,"Dana_KO","Ltf","12"
"CAACCAACAAATACAG-1-2",0.00904406962531934,"Dana_KO","Car1","2"
"CAACCAACAAGTTTGC-1-2",0.00923302371761103,"Dana_KO","Car1","4"
"CAACCAACAATACCTG-1-2",1.06575111638621,"Dana_KO","Fcnb","1"
"CAACCAACACGTACAT-1-2",0.687818204249004,"Dana_KO","Ly86","0"
"CAACCAACAGAAGCTG-1-2",0.0402282434023125,"Dana_KO","Pf4","8"
"CAACCAACATATGCGT-1-2",18.2703447217522,"Dana_KO","Ltf","12"
"CAACCAACATGAGTAA-1-2",0.0325081248173413,"Dana_KO","Car1","4"
"CAACCAATCAATGTCG-1-2",2.63664238860742,"Dana_KO","Car1","2"
"CAACCAATCTACCCAC-1-2",0.415252669795932,"Dana_KO","Pf4","8"
"CAACCTCAGAGCATCG-1-2",0.513412418767296,"Dana_KO","Car1","4"
"CAACCTCAGGTCACAG-1-2",6.35342109500669e-06,"Dana_KO","Gstm1/CD63","7"
"CAACCTCAGTGATCGG-1-2",0.0409413271946417,"Dana_KO","Pf4","4"
"CAACCTCAGTTCCTGA-1-2",0.459032359303623,"Dana_KO","CD34","7"
"CAACCTCCACGCGGTT-1-2",0.00432702118771611,"Dana_KO","Hba-a2","11"
"CAACCTCGTAGTGTGG-1-2",3.951008341482,"Dana_KO","Car1","2"
"CAACCTCGTCACGTGC-1-2",6.95630046898543e-07,"Dana_KO","Pf4","8"
"CAACCTCGTTACCGTA-1-2",0.0932557699818596,"Dana_KO","Car1","2"
"CAACCTCTCACGTCCT-1-2",1.76226278547631e-06,"Dana_KO","Gstm1/Ly86","1"
"CAACCTCTCGTAACAC-1-2",0.638451799550807,"Dana_KO","Fcnb","1"
"CAACGATAGATAGTCA-1-2",0.0409413735699782,"Dana_KO","Car1","4"
"CAACGATAGCGTGCTC-1-2",0.0419806132373641,"Dana_KO","Car1","4"
"CAACGATCATAATCGC-1-2",0.134958684903404,"Dana_KO","Ly86","0"
"CAACGGCAGCGCCTCA-1-2",0.0455037724084297,"Dana_KO","Pf4","8"
"CAACGGCAGGCATGCA-1-2",12.497917804737,"Dana_KO","Ltf","12"
"CAACGGCAGTAACCTC-1-2",0.221915062906618,"Dana_KO","CD34","3"
"CAACGGCAGTAGATCA-1-2",2.78252018759417e-07,"Dana_KO","Pf4","4"
"CAACGGCCAGGGTTGA-1-2",0.682646779214894,"Dana_KO","Pf4","2"
"CAACGGCGTAACAGTA-1-2",0.349425835923281,"Dana_KO","Gstm1/CD63","1"
"CAACGGCGTATCGCTA-1-2",6.4925471043864e-07,"Dana_KO","Pf4","8"
"CAACGGCGTGTTCGTA-1-2",4.17725325446168,"Dana_KO","Car1","2"
"CAACGGCTCAGTCCGG-1-2",6.30704575854679e-06,"Dana_KO","CD34","7"
"CAACGGCTCCATTCAT-1-2",3.9898051472268,"Dana_KO","Car1","2"
"CAACGGCTCGAGCACC-1-2",3.33902422511301e-06,"Dana_KO","Pf4","4"
"CAAGACTCACCCTTGT-1-2",0.784963558639511,"Dana_KO","Car1","2"
"CAAGACTCAGAGTAAT-1-2",0.0165007638529107,"Dana_KO","Car1","3"
"CAAGACTTCGTGGGTC-1-2",3.2926488886531e-06,"Dana_KO","Car1","3"
"CAAGACTTCTTACCGC-1-2",0.425472744779487,"Dana_KO","Ly86","0"
"CAAGAGGAGACCGCCT-1-2",6.02879373978737e-07,"Dana_KO","Pf4","8"
"CAAGAGGAGCAAACAT-1-2",0.763826982710673,"Dana_KO","Unannotated","8"
"CAAGAGGAGCTCACTA-1-2",1.43380765631145,"Dana_KO","Car1","3"
"CAAGAGGAGGCATGGT-1-2",2.25241421874172,"Dana_KO","Fcnb","1"
"CAAGAGGCAAGTTCCA-1-2",0.0283472889062939,"Dana_KO","Car1","11"
"CAAGAGGTCAATCAGC-1-2",6.26067042208689e-06,"Dana_KO","Cd74","15"
"CAAGAGGTCCCGTTGT-1-2",0.0361766400511495,"Dana_KO","Unannotated","2"
"CAAGAGGTCGTCAGAT-1-2",0.0482813341811337,"Dana_KO","Fcnb","1"
"CAAGCTAAGAAGTATC-1-2",7.04444029824831,"Dana_KO","Car1","6"
"CAAGCTACACAGAGCA-1-2",2.92920321288229,"Dana_KO","Car1","2"
"CAAGCTACAGCACCCA-1-2",1.29479203774397,"Dana_KO","Car1","11"
"CAAGCTACATCGTCCT-1-2",1.80863812193621e-06,"Dana_KO","Fcnb","1"
"CAAGCTAGTATCGAGG-1-2",0.0479572414458094,"Dana_KO","CD34","4"
"CAAGCTATCCACAGCG-1-2",0.0732442890263743,"Dana_KO","Pf4","3"
"CAAGCTATCCACCTCA-1-2",0.0325081711926778,"Dana_KO","Pf4","4"
"CAAGCTATCGTTAGAC-1-2",0.0975067089821651,"Dana_KO","Gstm1/Ly86","0"
"CAAGCTATCTCCTACG-1-2",0.00432697481237965,"Dana_KO","Car1","11"
"CAAGCTATCTCGGCTT-1-2",0.0217619314579163,"Dana_KO","Pf4","8"
"CAAGCTATCTTTCCAA-1-2",0.0844844386233543,"Dana_KO","CD34","0"
"CAAGGGACACCCTTGT-1-2",2.31876682299514e-07,"Dana_KO","Car1","4"
"CAAGGGAGTGCGCTCA-1-2",0.459032312928287,"Dana_KO","CD34","7"
"CAAGGGATCGTGAGAG-1-2",4.05985337972262,"Dana_KO","Car1","2"
"CAAGGGATCTTCCAGC-1-2",0.00628901860898967,"Dana_KO","Car1","2"
"CAATACGAGCCTAACT-1-2",5.58122501136194,"Dana_KO","Car1","2"
"CAATACGAGCTAAATG-1-2",3.2462735521932e-06,"Dana_KO","Pf4","3"
"CAATACGAGTAGGTTA-1-2",6.61867015487877,"Dana_KO","Car1","6"
"CAATACGCACTTCAAG-1-2",0.18482883184282,"Dana_KO","Ly86","0"
"CAATACGGTAGCTGCC-1-2",1.29401386805644,"Dana_KO","Car1","2"
"CAATACGGTCAGTCGC-1-2",10.3681923752548,"Dana_KO","Hba-a2","6"
"CAATACGGTCGATTAC-1-2",6.21429508562699e-06,"Dana_KO","CD34","7"
"CAATACGTCATGCCGG-1-2",1.09011919573999,"Dana_KO","Ly86","0"
"CAATACGTCTCCTACG-1-2",0.333363306285705,"Dana_KO","Car1","3"
"CAATACGTCTTCCAGC-1-2",2.40339246566669,"Dana_KO","Car1","2"
"CAATCGAAGCTAGAAT-1-2",0.378120747889898,"Dana_KO","Car1","4"
"CAATCGAAGGAGTATT-1-2",0.0165008102282471,"Dana_KO","Car1","4"
"CAATCGACAAAGGCGT-1-2",5.55270942458803,"Dana_KO","Car1","2"
"CAATCGACAATGACCT-1-2",0.00867593361944607,"Dana_KO","Ly86","1"
"CAATCGACAGCTGAAG-1-2",0.0953364146955834,"Dana_KO","Car1","2"
"CAATCGAGTATGTCAC-1-2",3.61756771762198,"Dana_KO","Car1","2"
"CAATCGAGTCCAATCA-1-2",0.701362115921324,"Dana_KO","Gstm1/CD63","1"
"CAATCGATCAAGATAG-1-2",5.56504037518835e-07,"Dana_KO","Pf4","8"
"CAATCGATCGCATAGT-1-2",4.38255426612643,"Dana_KO","Car1","2"
"CAATCGATCGGTCTAA-1-2",6.16791974916708e-06,"Dana_KO","CD34","7"
"CAATCGATCTCTGCCA-1-2",0.0419806596127006,"Dana_KO","Unannotated","4"
"CAATGACAGACTAGAT-1-2",0.0165008566035836,"Dana_KO","Unannotated","3"
"CAATGACAGCGACCCT-1-2",0.0325082175680143,"Dana_KO","Pf4","4"
"CAATGACAGGTAATCA-1-2",17.6245732413187,"Dana_KO","Ltf","12"
"CAATGACAGTAGGAAG-1-2",0.041980705988037,"Dana_KO","Pf4","4"
"CAATGACCAAGTGGGT-1-2",0.978308044056149,"Dana_KO","Car1","4"
"CAATGACGTGGTCAAG-1-2",6.12154441270718e-06,"Dana_KO","Ly86","14"
"CAATGACTCCATAAGC-1-2",5.06638053192876,"Dana_KO","Car1","6"
"CAATGACTCGGTAGAG-1-2",0.124407152760735,"Dana_KO","Car1","3"
"CAATTTCAGATACAGT-1-2",0.728694216481667,"Dana_KO","Pf4","8"
"CAATTTCCAGTAACAA-1-2",5.10128701058932e-07,"Dana_KO","Pf4","8"
"CAATTTCGTAGCTTAC-1-2",0.15864628146008,"Dana_KO","Car1","3"
"CAATTTCGTGGATTTC-1-2",1.85501345839612e-07,"Dana_KO","Pf4","8"
"CAATTTCGTGTCTTGA-1-2",0.950417239881044,"Dana_KO","Pf4","2"
"CACAACAAGAGGGCGA-1-2",0.0325082639433507,"Dana_KO","Pf4","4"
"CACAACACAATACCTG-1-2",1.57243267910483,"Dana_KO","Gstm1/CD63","1"
"CACAACACAATCGCGC-1-2",0.0199426419410007,"Dana_KO","Car1","2"
"CACAACACAGGTGAGT-1-2",0.0105189470057421,"Dana_KO","Gstm1/CD63","1"
"CACAACAGTCACGTGC-1-2",4.63753364599029e-07,"Dana_KO","Pf4","8"
"CACAACAGTCTTGAAC-1-2",0.338814440139099,"Dana_KO","Car1","2"
"CACAACATCATACAGC-1-2",1.39126009379709e-07,"Dana_KO","Pf4","4"
"CACAACATCCGGGACT-1-2",0.130509608876355,"Dana_KO","Pf4","3"
"CACACAACAAAGGTTA-1-2",0.0367539232699303,"Dana_KO","Car1","2"
"CACACAACATTCAGCA-1-2",0.180464350564081,"Dana_KO","Pf4","3"
"CACACAAGTTACACTG-1-2",16.0816893648297,"Dana_KO","Ltf","12"
"CACACAAGTTCGAAGG-1-2",2.36397519634827,"Dana_KO","Car1","2"
"CACACAAGTTGCGGAA-1-2",0.184949477877471,"Dana_KO","Car1","4"
"CACACAATCCTACTGC-1-2",0.72853364746735,"Dana_KO","Pf4","8"
"CACAGATAGTTGTCGT-1-2",0.232604076856502,"Dana_KO","Pf4","8"
"CACAGATCACCTCTAC-1-2",6.07516907624728e-06,"Dana_KO","CD34","7"
"CACAGATCACTGGCGT-1-2",1.85501345839612e-07,"Dana_KO","Prg2","10"
"CACAGATCAGATAAAC-1-2",0.166902307441701,"Dana_KO","Unannotated","2"
"CACAGATGTCTGCGCA-1-2",0.0569308325130591,"Dana_KO","Car1","3"
"CACAGATGTTAATGAG-1-2",0.0569307861377226,"Dana_KO","Car1","3"
"CACAGATTCGCTCTCA-1-2",3.1998982157333e-06,"Dana_KO","Pf4","3"
"CACAGGCAGCACTCCG-1-2",2.92920325925762,"Dana_KO","Car1","2"
"CACAGGCAGCCAAGCA-1-2",1.85501345839612e-06,"Dana_KO","Ly86","14"
"CACAGGCCAACTTGGT-1-2",4.17378028139126e-07,"Dana_KO","Pf4","8"
"CACAGGCCACTCCGGA-1-2",0.01650090297892,"Dana_KO","Car1","4"
"CACAGGCCAGATTCGT-1-2",0.0569307397623862,"Dana_KO","Car1","3"
"CACAGGCGTGTGCCTG-1-2",0.0388791911670288,"Dana_KO","Car1","3"
"CACATGAAGGCCTAGA-1-2",0.574765316416558,"Dana_KO","Car1","4"
"CACATGAAGGCTCTCG-1-2",9.27506729198058e-08,"Dana_KO","Pf4","8"
"CACATGAAGGTGCTGA-1-2",16.4011883690941,"Dana_KO","Ltf","12"
"CACATGACAGACCATT-1-2",3.83154429853457,"Dana_KO","Car1","2"
"CACATGAGTACCGGCT-1-2",6.06566206277681,"Dana_KO","Car1","6"
"CACATGATCGACTCCT-1-2",0.0165009493542565,"Dana_KO","Car1","3"
"CACATGATCTCGGTAA-1-2",3.71002691679223e-07,"Dana_KO","Pf4","8"
"CACCAAAAGGTAATCA-1-2",0.116538931303467,"Dana_KO","CD34","7"
"CACCAAAAGGTACATA-1-2",2.6381955636305,"Dana_KO","Car1","2"
"CACCAAAAGTTGTCGT-1-2",0.147427119473895,"Dana_KO","Car1","2"
"CACCAAACAAAGAACT-1-2",1.99413946777582e-06,"Dana_KO","Gstm1/CD63","1"
"CACCAAACACCCATAA-1-2",0.043343046705163,"Dana_KO","CD34","11"
"CACCAAACAGTCTTCC-1-2",0.00713521133599682,"Dana_KO","Car1","2"
"CACCAAACATGTGCTA-1-2",1.29850942087728e-06,"Dana_KO","CD34","1"
"CACCAAAGTATACGGG-1-2",7.88380719818349e-07,"Dana_KO","Car1","4"
"CACCAAAGTGGAATGC-1-2",0.0395614006364533,"Dana_KO","Gstm1/CD63","1"
"CACCAAATCTCTCAAT-1-2",0.00432692843704319,"Dana_KO","Car1","11"
"CACCAAATCTCTTCAA-1-2",0.0459956064287219,"Dana_KO","Car1","4"
"CACCAAATCTTTGGAG-1-2",0.016500995729593,"Dana_KO","Car1","4"
"CACCGTTAGCACGATG-1-2",3.2462735521932e-07,"Dana_KO","Pf4","8"
"CACCGTTAGTAGAATC-1-2",0.0569306933870497,"Dana_KO","Car1","3"
"CACCGTTCAAATCAGA-1-2",4.16927340738115,"Dana_KO","Car1","2"
"CACCGTTGTAATCAAG-1-2",6.02879373978737e-06,"Dana_KO","CD34","7"
"CACCGTTGTAATGCGG-1-2",0.43551496876257,"Dana_KO","Ly86","0"
"CACCGTTTCAGCGTCG-1-2",0.95041728625638,"Dana_KO","Pf4","2"
"CACCGTTTCCTGGTCT-1-2",0.556930521965068,"Dana_KO","Gstm1/CD63","0"
"CACCGTTTCGGAGATG-1-2",0.0569306470117132,"Dana_KO","Car1","3"
"CACGAATAGACTCTTG-1-2",0.729802660269633,"Dana_KO","CD34","4"
"CACGAATCACACTGGC-1-2",0.45903226655295,"Dana_KO","CD34","7"
"CACGAATCAGACTGCC-1-2",1.75934245593514,"Dana_KO","Car1","2"
"CACGAATCAGTAACAA-1-2",0.0847753405748961,"Dana_KO","Car1","2"
"CACGAATGTCCAGCGT-1-2",0.00432688206170673,"Dana_KO","Car1","11"
"CACGAATGTTGGGCCT-1-2",1.18718074056671,"Dana_KO","Gstm1/CD63","1"
"CACGAATTCAGTGTCA-1-2",4.06856629852977,"Dana_KO","Car1","2"
"CACGAATTCCCGAAAT-1-2",0.491066357132546,"Dana_KO","Ly86","0"
"CACGAATTCTCATTTG-1-2",0.413562117783462,"Dana_KO","CD34","1"
"CACGGGTAGTGGTTAA-1-2",0.560025492824081,"Dana_KO","Ly86","0"
"CACGGGTCACATGGTT-1-2",5.98241840332747e-06,"Dana_KO","Ly86","14"
"CACGGGTCAGACAAGC-1-2",6.0053364886751,"Dana_KO","Car1","6"
"CACGGGTGTTGAGTCT-1-2",6.29159022762212,"Dana_KO","Car1","2"
"CACGGGTTCAACGAGG-1-2",0.00897633875163817,"Dana_KO","Ly86","0"
"CACGGGTTCGATTTCT-1-2",1.99491735504004,"Dana_KO","Car1","2"
"CACGGGTTCTCTATGT-1-2",0.0325083103186872,"Dana_KO","Pf4","4"
"CACGTGGAGATGACAT-1-2",10.3789440758536,"Dana_KO","Hba-a2","6"
"CACGTGGCAGCACAGA-1-2",2.04051480423573e-06,"Dana_KO","Ly86","1"
"CACGTGGTCGAGTGAG-1-2",0.089696792648895,"Dana_KO","Gstm1/CD63","1"
"CACGTGGTCGCCTAGG-1-2",0.166349438261622,"Dana_KO","Car1","2"
"CACGTGGTCTGCTAGA-1-2",0.0011989409367521,"Dana_KO","Car1","4"
"CACGTGGTCTTAAGGC-1-2",3.1535228792734e-06,"Dana_KO","CD34","3"
"CACGTGGTCTTTACAC-1-2",2.69538889838847,"Dana_KO","Car1","2"
"CACGTTCAGATGCTGG-1-2",18.0624708101434,"Dana_KO","Ltf","12"
"CACGTTCAGGAATCGC-1-2",1.55474038885836,"Dana_KO","Gstm1/CD63","1"
"CACGTTCAGGGCCTCT-1-2",0.438377931396109,"Dana_KO","Pf4","8"
"CACGTTCCACTGCTTC-1-2",0.0325083566940236,"Dana_KO","Pf4","4"
"CACGTTCCAGCGTACC-1-2",2.78252018759417e-07,"Dana_KO","Pf4","8"
"CACGTTCGTCAAATCC-1-2",0.17215825774847,"Dana_KO","Pf4","3"
"CACGTTCTCCGCTTAC-1-2",0.00167759536763601,"Dana_KO","CD34","1"
"CACGTTCTCGGAAGGT-1-2",0.0416261597511884,"Dana_KO","Car1","2"
"CACGTTCTCGGCTGAC-1-2",2.31876682299514e-07,"Dana_KO","Pf4","8"
"CACGTTCTCTAGGCCG-1-2",0.773503266413018,"Dana_KO","Car1","3"
"CACTAAGAGCTGGCCT-1-2",2.81561815897946,"Dana_KO","Car1","2"
"CACTAAGAGTCTTCCC-1-2",0.0165010421049294,"Dana_KO","Unannotated","3"
"CACTAAGCAGCTTTCC-1-2",1.85501345839612e-07,"Dana_KO","Pf4","8"
"CACTAAGCATCAGTGT-1-2",0.99039978662139,"Dana_KO","Pf4","2"
"CACTGAAAGAATGTTG-1-2",0.00144787357379816,"Dana_KO","Gstm1/Ly86","1"
"CACTGAAAGGGAACAA-1-2",9.57937170884522,"Dana_KO","Hba-a2","6"
"CACTGAACAAGATCCT-1-2",2.92920330563296,"Dana_KO","Car1","2"
"CACTGAACACACCTAA-1-2",0.00432683568637027,"Dana_KO","Car1","11"
"CACTGAACATCAGCAT-1-2",0.0325084030693601,"Dana_KO","Pf4","4"
"CACTGAAGTAGCACGA-1-2",1.97476729591517,"Dana_KO","Gstm1/CD63","1"
"CACTGAAGTCTGTGGC-1-2",0.0325084494446966,"Dana_KO","Pf4","4"
"CACTGAATCAGCACCG-1-2",1.90138879485602e-06,"Dana_KO","Gstm1/CD63","1"
"CACTGAATCTCGACCT-1-2",1.39126009379709e-07,"Dana_KO","Pf4","8"
"CACTGAATCTTCACGC-1-2",0.0569306006363768,"Dana_KO","Car1","3"
"CACTGGGAGGCTTAGG-1-2",0.0409414199453146,"Dana_KO","Car1","4"
"CACTGGGAGGTCCAGA-1-2",9.27506729198058e-08,"Dana_KO","Pf4","4"
"CACTGGGCATATTCGG-1-2",0.319855020208283,"Dana_KO","Car1","4"
"CACTGGGTCACTTATC-1-2",0.0283750172566488,"Dana_KO","Car1","3"
"CACTGGGTCTTTGCGC-1-2",5.93604306686757e-06,"Dana_KO","CD34","7"
"CACTGTCAGAGAGGTA-1-2",1.98617376658188,"Dana_KO","Car1","2"
"CACTGTCCACTCCGGA-1-2",0.00432678931103381,"Dana_KO","Hba-a2","11"
"CACTGTCCAGAGATTA-1-2",0.0569305542610403,"Dana_KO","Car1","3"
"CACTGTCCAGTTGCGC-1-2",0.597434759733223,"Dana_KO","Car1","4"
"CACTGTCCATAAGATG-1-2",0.00108057924687288,"Dana_KO","Car1","3"
"CACTGTCGTCATTCCC-1-2",0.00634132070642446,"Dana_KO","Ly86","0"
"CACTGTCGTGCTCCGA-1-2",9.57937175522056,"Dana_KO","Hba-a2","6"
"CACTGTCTCAGAACCT-1-2",2.15860688618169,"Dana_KO","Fcnb","1"
"CACTGTCTCAGGCGAA-1-2",4.31416525706461,"Dana_KO","Car1","2"
"CACTTCGAGGGACACT-1-2",0.461792577017929,"Dana_KO","Fcnb","1"
"CACTTCGAGGGTACGT-1-2",0.682870317271546,"Dana_KO","Car1","3"
"CACTTCGGTACTAACC-1-2",0.82199023425401,"Dana_KO","Fcnb","1"
"CACTTCGGTGACAGGT-1-2",4.63753364599029e-08,"Dana_KO","Pf4","8"
"CACTTCGGTTAGGCTT-1-2",4.63753364599029e-08,"Dana_KO","Pf4","8"
"CACTTCGTCGAACACT-1-2",0.0556964152621486,"Dana_KO","Gstm1/Ly86","1"
"CACTTCGTCGCATAGT-1-2",1.76226278547631e-06,"Dana_KO","Car1","4"
"CAGAGCCAGGGCCTCT-1-2",0.526205270934361,"Dana_KO","Car1","2"
"CAGAGCCCAACGACTT-1-2",0.297037407924282,"Dana_KO","Pf4","8"
"CAGAGCCGTATCAAGA-1-2",0.733361892599078,"Dana_KO","Pf4","8"
"CAGAGCCGTCACTCTC-1-2",0.344955749933697,"Dana_KO","Car1","4"
"CAGAGCCGTGCGACAA-1-2",0.0919914008643548,"Dana_KO","CD34","0"
"CAGATACAGGTTATAG-1-2",0.145658963296926,"Dana_KO","Gstm1/CD63","1"
"CAGATACAGTATGAAC-1-2",0,"Dana_KO","Pf4","8"
"CAGATACAGTCATACC-1-2",0.266560478288018,"Dana_KO","Ly86","0"
"CAGATACGTCCATACA-1-2",4.63753364599029e-08,"Dana_KO","Pf4","8"
"CAGATACGTGAGACGT-1-2",0.556930568340404,"Dana_KO","Gstm1/CD63","0"
"CAGATACGTGGATACG-1-2",9.27506729198058e-08,"Dana_KO","Pf4","8"
"CAGATCACAAAGGATT-1-2",1.96015763376341,"Dana_KO","Car1","2"
"CAGATCACAAGAGGCT-1-2",0.0569305078857039,"Dana_KO","Car1","3"
"CAGATCACACTCACTC-1-2",5.88966773040767e-06,"Dana_KO","CD34","7"
"CAGATCAGTCAGTCTA-1-2",0.46712812043933,"Dana_KO","Ly86","0"
"CAGATCAGTCTGGTTA-1-2",0.00167764174297247,"Dana_KO","CD34","1"
"CAGATCAGTTGTAAAG-1-2",0.0409414663206511,"Dana_KO","Car1","4"
"CAGATCATCAACTACG-1-2",0.0601054354197742,"Dana_KO","Ly86","0"
"CAGATCATCTCAACCC-1-2",0.733361938974415,"Dana_KO","Pf4","11"
"CAGATCATCTGGCCTT-1-2",0.0204454078618905,"Dana_KO","CD34","0"
"CAGATTGAGAGGCCAT-1-2",2.35152268959382,"Dana_KO","Car1","2"
"CAGATTGAGATCCTAC-1-2",0.0409415126959876,"Dana_KO","Car1","4"
"CAGATTGAGGCCTGCT-1-2",0.00560081584604477,"Dana_KO","Pf4","3"
"CAGATTGAGGTCGTGA-1-2",0.00432674293569735,"Dana_KO","Car1","11"
"CAGATTGCAAGGAGTC-1-2",0.46102322077369,"Dana_KO","Car1","2"
"CAGATTGCACCAAAGG-1-2",0.0354929639414152,"Dana_KO","Fcnb","1"
"CAGATTGCATGCAGCC-1-2",3.93935724840125,"Dana_KO","Car1","2"
"CAGATTGGTGGAATGC-1-2",0.0321840063861052,"Dana_KO","Car1","3"
"CAGATTGGTTCGAGCC-1-2",3.91964935769908,"Dana_KO","Car1","2"
"CAGATTGGTTGCATGT-1-2",0.944427555903719,"Dana_KO","Prg2","10"
"CAGATTGTCAACCTTT-1-2",0.0874161795399446,"Dana_KO","Ly86","1"
"CAGATTGTCCTGGTCT-1-2",0,"Dana_KO","Car1","4"
"CAGCAATAGAATAGTC-1-2",0,"Dana_KO","CD34","0"
"CAGCAATAGCGTTCAT-1-2",1.39126009379709e-07,"Dana_KO","Car1","2"
"CAGCAATCAAATCAGA-1-2",0.0569304615103674,"Dana_KO","Car1","3"
"CAGCAATCAAGCTGTT-1-2",0.00432669656036089,"Dana_KO","Car1","11"
"CAGCAATCAGAAATTG-1-2",0.0569304151350309,"Dana_KO","Car1","3"
"CAGCAATCAGTCCCGA-1-2",0.041657529855528,"Dana_KO","Gstm1/CD63","1"
"CAGCAATGTAGCGTAG-1-2",0.200185586479143,"Dana_KO","Car1","4"
"CAGCAATGTTTCGTGA-1-2",0.232604123231839,"Dana_KO","Pf4","8"
"CAGCAATTCACGAACT-1-2",2.18757875301683,"Dana_KO","Gstm1/CD63","1"
"CAGCAATTCGGATTAC-1-2",0.190428842266539,"Dana_KO","Pf4","8"
"CAGCACGAGTACTGGG-1-2",6.2916682036841,"Dana_KO","Hba-a2","6"
"CAGCACGCAAATTAGG-1-2",16.935824529756,"Dana_KO","Ltf","12"
"CAGCACGCAACCCTAA-1-2",0.344955796309034,"Dana_KO","Car1","4"
"CAGCACGGTACAGAGC-1-2",2.16778186791364,"Dana_KO","Car1","2"
"CAGCACGGTCTGGTTA-1-2",0.00330089841096881,"Dana_KO","Car1","2"
"CAGCACGTCAGAGTTC-1-2",0.217063047744781,"Dana_KO","Gstm1/CD63","1"
"CAGCACGTCTACTGCC-1-2",1.0653916541152,"Dana_KO","Pf4","8"
"CAGCAGCAGCATTTCG-1-2",3.2462735521932e-07,"Dana_KO","Pf4","4"
"CAGCAGCAGTAGGTTA-1-2",1.39126009379709e-07,"Dana_KO","Pf4","8"
"CAGCAGCCACAGCTGC-1-2",0.0657601095753685,"Dana_KO","Car1","2"
"CAGCAGCCACGCACCA-1-2",1.94776413131592e-06,"Dana_KO","Gstm1/CD63","1"
"CAGCAGCGTATGCTTG-1-2",2.1409858811442,"Dana_KO","Gstm1/CD63","1"
"CAGCAGCGTGCACAAG-1-2",10.3681924216301,"Dana_KO","Hba-a2","6"
"CAGCAGCGTGTTTACG-1-2",3.10714754281349e-06,"Dana_KO","Car1","3"
"CAGCAGCTCATCTATC-1-2",2.92920335200829,"Dana_KO","Car1","2"
"CAGCAGCTCATCTCTA-1-2",0.0679578844468331,"Dana_KO","Car1","2"
"CAGCAGCTCCACGTAA-1-2",1.85501345839612e-07,"Dana_KO","Pf4","8"
"CAGCCAGCAAGAGTTA-1-2",0.275550683646365,"Dana_KO","Pf4","8"
"CAGCCAGCAATGAGCG-1-2",0.455357635843605,"Dana_KO","Car1","3"
"CAGCCAGCAATGGGTG-1-2",2.31876682299514e-07,"Dana_KO","Pf4","4"
"CAGCCAGCAGCAAGAC-1-2",2.78252018759417e-07,"Dana_KO","Pf4","8"
"CAGCCAGCAGGAATAT-1-2",0.13227596850843,"Dana_KO","Car1","3"
"CAGCCAGGTATCGAAA-1-2",0.682870363646882,"Dana_KO","Car1","3"
"CAGCCAGTCAACCGAT-1-2",2.92920339838363,"Dana_KO","Car1","2"
"CAGCCAGTCAACTCTT-1-2",3.06077220635359e-06,"Dana_KO","Pf4","3"
"CAGCCAGTCCGACGGT-1-2",1.99413946777582e-06,"Dana_KO","Gstm1/CD63","1"
"CAGCCAGTCCGCATAA-1-2",0.0569303687596945,"Dana_KO","Car1","3"
"CAGCGTGAGATCGACG-1-2",6.29166825005944,"Dana_KO","Car1","6"
"CAGCGTGAGCCGATCC-1-2",3.2462735521932e-07,"Dana_KO","Pf4","8"
"CAGCGTGAGTCATGAA-1-2",0.873085373007691,"Dana_KO","Ly86","0"
"CAGCGTGCAAGAGATT-1-2",2.84888381166762,"Dana_KO","Car1","2"
"CAGCGTGCATGTGCTA-1-2",0,"Dana_KO","Unannotated","4"
"CAGCGTGGTGAGCTCC-1-2",10.3681924680054,"Dana_KO","Hba-a2","6"
"CAGCGTGGTGCCGTAC-1-2",2.04051480423573e-06,"Dana_KO","Gstm1/CD63","1"
"CAGCGTGTCATCCCGT-1-2",16.0717642146875,"Dana_KO","Ltf","12"
"CAGCGTGTCCAACACA-1-2",0.0204453614865541,"Dana_KO","CD34","0"
"CAGCGTGTCGTGACTA-1-2",0.0283925307300121,"Dana_KO","Fcnb","1"
"CAGGCCACAACTGCTA-1-2",0.087104589317953,"Dana_KO","CD34","7"
"CAGGCCACAATCGTCA-1-2",0.056930322384358,"Dana_KO","Pf4","3"
"CAGGCCACACACCGAC-1-2",3.71002691679223e-07,"Dana_KO","Pf4","4"
"CAGGCCAGTAGCCAGA-1-2",0.0656002596221434,"Dana_KO","Ly86","0"
"CAGGCCAGTTAAGACA-1-2",4.17378028139126e-07,"Dana_KO","Pf4","8"
"CAGGCCAGTTGTGTTG-1-2",5.00055501647359,"Dana_KO","Car1","2"
"CAGGCCATCCTCACGT-1-2",0,"Dana_KO","Car1","4"
"CAGGCCATCGGCTCTT-1-2",15.2154188345362,"Dana_KO","Ltf","12"
"CAGGGCTCAACTACGT-1-2",0.00108053287153642,"Dana_KO","Pf4","3"
"CAGGGCTCATACATCG-1-2",0.0165010884802659,"Dana_KO","Car1","4"
"CAGGGCTGTCCATACA-1-2",0.262428222571613,"Dana_KO","Car1","4"
"CAGGGCTTCACGAGGA-1-2",0.831034819506397,"Dana_KO","Fcnb","1"
"CAGGGCTTCGACGCTG-1-2",0.0569302760090216,"Dana_KO","Car1","3"
"CAGGTATAGCGCCCAT-1-2",0,"Dana_KO","Ly86","0"
"CAGGTATAGCTGCGAA-1-2",0.032508495820033,"Dana_KO","Car1","4"
"CAGGTATCAACTGTGT-1-2",18.2785759656516,"Dana_KO","Ltf","12"
"CAGGTATCAAGACCGA-1-2",0.484064309924131,"Dana_KO","Pf4","8"
"CAGGTATCAATTGCTG-1-2",3.01439686989369e-06,"Dana_KO","Car1","3"
"CAGGTATCAGCCGTCA-1-2",1.0858187887435,"Dana_KO","Gstm1/CD63","1"
"CAGGTATGTATCCCTC-1-2",0.020428779416706,"Dana_KO","Ly86","0"
"CAGGTATGTCTTCCGT-1-2",6.5042782188979,"Dana_KO","Car1","5"
"CAGTGCGCAATGGCCC-1-2",4.63753364599029e-07,"Dana_KO","Pf4","8"
"CAGTGCGCACGTACAT-1-2",0.670934499212647,"Dana_KO","Car1","2"
"CAGTGCGCATTCGGGC-1-2",16.0208381374494,"Dana_KO","Ltf","12"
"CAGTGCGGTACGTACT-1-2",0.416736177023253,"Dana_KO","Pf4","8"
"CAGTGCGGTCGAATTC-1-2",0.0351089469876611,"Dana_KO","CD34","1"
"CAGTGCGGTGACTGTT-1-2",0.0419807523633735,"Dana_KO","Pf4","4"
"CAGTGCGGTGCATTTG-1-2",5.84329239394776e-06,"Dana_KO","CD34","7"
"CAGTTAGCACATATCG-1-2",0.493091416269739,"Dana_KO","Ly86","0"
"CAGTTAGCATATGAAG-1-2",0.459032220177614,"Dana_KO","CD34","7"
"CAGTTAGGTCTGTGAT-1-2",0.0204453151112176,"Dana_KO","CD34","0"
"CAGTTAGGTGCATACT-1-2",2.08689014069563e-06,"Dana_KO","Gstm1/CD63","1"
"CAGTTAGGTTGCAACT-1-2",0.0169580797733586,"Dana_KO","Car1","6"
"CAGTTAGTCAAGAAAC-1-2",1.71588744901641e-06,"Dana_KO","Car1","4"
"CAGTTCCAGCCTGTCG-1-2",0.0652139353973911,"Dana_KO","Pf4","8"
"CAGTTCCAGTAAACGT-1-2",2.92920344475897,"Dana_KO","Car1","2"
"CAGTTCCCAAGAATAC-1-2",0.0569302296336851,"Dana_KO","Car1","3"
"CAGTTCCCACACCTGG-1-2",0.282305113335061,"Dana_KO","Ly86","0"
"CAGTTCCCATCTGGGC-1-2",0.0308020291956643,"Dana_KO","Gstm1/CD63","1"
"CAGTTCCGTCGGCCTA-1-2",2.13326547715553e-06,"Dana_KO","Gstm1/CD63","1"
"CAGTTCCGTTGCATAC-1-2",0.0342579471805973,"Dana_KO","Pf4","8"
"CATAAGCAGAATCGAT-1-2",0.150395999116043,"Dana_KO","CD34","7"
"CATAAGCAGATGCTAA-1-2",0.709712157378605,"Dana_KO","Car1","2"
"CATAAGCAGCCTCTTC-1-2",0.529932611028186,"Dana_KO","Pf4","8"
"CATAAGCAGCTGCCTG-1-2",1.99736935605138,"Dana_KO","Car1","2"
"CATAAGCAGGGCGAGA-1-2",0.728911605743005,"Dana_KO","Pf4","8"
"CATAAGCAGGTCACAG-1-2",0.0169581261486951,"Dana_KO","Car1","3"
"CATAAGCAGTGGTTGG-1-2",5.19196363559996,"Dana_KO","Car1","6"
"CATAAGCCAGCCGTCA-1-2",0.529932657403522,"Dana_KO","Car1","2"
"CATAAGCCAGTTGGTT-1-2",3.99995708815006,"Dana_KO","Car1","2"
"CATAAGCGTAAGTTAG-1-2",2.96802153343378e-06,"Dana_KO","Pf4","3"
"CATAAGCGTGGCTGAA-1-2",5.10128701058932e-07,"Dana_KO","Pf4","8"
"CATAAGCTCCAATCCC-1-2",0.0569301832583486,"Dana_KO","Pf4","3"
"CATAAGCTCCTCTAAT-1-2",0.0325085421953695,"Dana_KO","Car1","4"
"CATACAGAGGGACCAT-1-2",18.0263483250696,"Dana_KO","Ltf","12"
"CATACAGAGTCCTGCG-1-2",4.63753364599029e-08,"Dana_KO","Pf4","4"
"CATACAGAGTTGCTGT-1-2",0.824448615621887,"Dana_KO","Fcnb","1"
"CATACAGCACAAGCTT-1-2",0.192892809167881,"Dana_KO","Car1","2"
"CATACAGCAGTTAAAG-1-2",5.25990825172565,"Dana_KO","Car1","6"
"CATACAGGTAATCAAG-1-2",18.2606341327833,"Dana_KO","Ltf","12"
"CATACAGGTGCATGAG-1-2",0.65035543553198,"Dana_KO","Ly86","0"
"CATACAGTCCTACTGC-1-2",1.6695121125565e-06,"Dana_KO","Car1","4"
"CATACAGTCCTCAGAA-1-2",0.11437079337561,"Dana_KO","Car1","2"
"CATACAGTCCTGGTCT-1-2",0.204976454976482,"Dana_KO","Ly86","0"
"CATACAGTCGGTCACG-1-2",0.0569301368830122,"Dana_KO","Car1","3"
"CATACCCCAAAGGTTA-1-2",1.78851570048672,"Dana_KO","Gstm1/CD63","1"
"CATACCCCATGGCTAT-1-2",5.75469653947903,"Dana_KO","Car1","2"
"CATACCCGTATGTCAC-1-2",0.0325085885707059,"Dana_KO","Pf4","4"
"CATACCCGTCTACGTA-1-2",0.0932991741173916,"Dana_KO","Gstm1/CD63","1"
"CATACCCGTGGACCAA-1-2",3.2462735521932e-07,"Dana_KO","Gstm1/Ly86","1"
"CATACCCGTGGGATTG-1-2",2.17964081361544e-06,"Dana_KO","Gstm1/CD63","1"
"CATACCCGTTAAGAAC-1-2",0.14145385090375,"Dana_KO","Unannotated","8"
"CATACTTAGCTCCATA-1-2",16.6156352481016,"Dana_KO","Ltf","12"
"CATACTTGTCCAACGC-1-2",1.23518730731257,"Dana_KO","Car1","2"
"CATACTTGTGATGGCA-1-2",2.92164619697388e-06,"Dana_KO","Pf4","3"
"CATACTTTCAAGCCAT-1-2",5.55066754627857,"Dana_KO","Car1","2"
"CATACTTTCCACACCT-1-2",0.483876510808355,"Dana_KO","Car1","3"
"CATACTTTCGACCCAG-1-2",0.000774772660533163,"Dana_KO","Gstm1/Ly86","1"
"CATACTTTCTACACAG-1-2",2.87527086051398e-06,"Dana_KO","Pf4","3"
"CATACTTTCTTCACAT-1-2",2.9292034911343,"Dana_KO","Car1","11"
"CATAGACCACAGGATG-1-2",0.279197765650881,"Dana_KO","Pf4","3"
"CATAGACGTCGCAACC-1-2",0.0176894509564791,"Dana_KO","Gstm1/CD63","1"
"CATAGACTCATTTGTC-1-2",5.56504037518835e-07,"Dana_KO","Pf4","8"
"CATAGACTCGCCGAGT-1-2",0.04198079873871,"Dana_KO","CD34","4"
"CATCAAGAGAAGTCTA-1-2",9.27506729198058e-08,"Dana_KO","Pf4","8"
"CATCAAGAGCAGATAT-1-2",5.79691705748786e-06,"Dana_KO","CD34","7"
"CATCAAGAGCATTGAA-1-2",0.00432665018502443,"Dana_KO","Gstm1/CD63","11"
"CATCAAGAGCGAGAAA-1-2",0.390558841250501,"Dana_KO","CD34","3"
"CATCAAGCACGCGCTA-1-2",0.459032173802278,"Dana_KO","CD34","7"
"CATCAAGCAGAACTAA-1-2",0.513412465142633,"Dana_KO","Car1","4"
"CATCAAGCAGCTCGGT-1-2",0.542539730425626,"Dana_KO","Car1","4"
"CATCAAGTCAGGGTAG-1-2",3.95100838785734,"Dana_KO","Car1","2"
"CATCAAGTCTTACACT-1-2",0.040941559071324,"Dana_KO","Car1","4"
"CATCCACAGACATGCG-1-2",1.39126009379709e-07,"Dana_KO","Pf4","4"
"CATCCACAGACTTCCA-1-2",0.118103738414407,"Dana_KO","Pf4","3"
"CATCCACCAACGACAG-1-2",10.3681925143808,"Dana_KO","Hba-a2","6"
"CATCCACCACAACGCC-1-2",0.950133371790816,"Dana_KO","Gstm1/Ly86","0"
"CATCCACCACTTACAG-1-2",0.00330094478630527,"Dana_KO","Car1","2"
"CATCCACCAGCTCATA-1-2",0.651602325586388,"Dana_KO","Pf4","2"
"CATCCACCAGTGAGCA-1-2",2.22601615007534e-06,"Dana_KO","Fcnb","1"
"CATCCACGTATAGCTC-1-2",0.287345422522576,"Dana_KO","Pf4","2"
"CATCCACGTGAACTAA-1-2",4.15400375402734,"Dana_KO","Car1","2"
"CATCCACTCGAGAACG-1-2",0.0971728435639423,"Dana_KO","Pf4","8"
"CATCCCAAGAACTCCT-1-2",5.25823361606967,"Dana_KO","Car1","2"
"CATCCCAAGGATGCGT-1-2",0.956728978880984,"Dana_KO","Pf4","4"
"CATCCCACAGCGATTT-1-2",0.00904402324998288,"Dana_KO","Car1","3"
"CATCCCACATATCTCT-1-2",5.75054172102796e-06,"Dana_KO","Gstm1/CD63","7"
"CATCCCAGTGGGCTTC-1-2",1.94120898969008,"Dana_KO","Gstm1/CD63","1"
"CATCCCAGTTCGAAGG-1-2",0.0374166660304787,"Dana_KO","Ly86","0"
"CATCCCATCAGGGTAG-1-2",9.5793718015959,"Dana_KO","Hba-a2","6"
"CATCCCATCGACGAGA-1-2",0.513412511517969,"Dana_KO","Car1","4"
"CATCCGTAGGCTCTAT-1-2",0.0418811534868437,"Dana_KO","Gstm1/CD63","1"
"CATCCGTCAATACGAA-1-2",2.82889552405408e-06,"Dana_KO","Pf4","3"
"CATCCGTCACTTCAGA-1-2",2.27239148653524e-06,"Dana_KO","Gstm1/CD63","1"
"CATCCGTCAGCTTCCT-1-2",0.235352954406619,"Dana_KO","Gstm1/CD63","0"
"CATCCGTGTAACGCGA-1-2",0.733361985349751,"Dana_KO","Pf4","11"
"CATCCGTGTTATTCTC-1-2",2.78252018759417e-06,"Dana_KO","Pf4","4"
"CATCCGTGTTCCGCGA-1-2",6.92344843614012,"Dana_KO","Car1","2"
"CATCCGTTCCATTGTT-1-2",0.204751998892844,"Dana_KO","Pf4","3"
"CATCCGTTCGCGATCG-1-2",0.0123045688715742,"Dana_KO","Gstm1/CD63","1"
"CATCCGTTCGTAGTGT-1-2",0.0165011348556023,"Dana_KO","Car1","4"
"CATCGCTAGGAACATT-1-2",0.118960463000124,"Dana_KO","Car1","3"
"CATCGCTCAAGCGAAC-1-2",7.42005383358446e-07,"Dana_KO","Car1","4"
"CATCGCTCAATTGCAC-1-2",0.447857601407589,"Dana_KO","Fcnb","1"
"CATCGCTCAGCGGATA-1-2",6.95630046898543e-07,"Dana_KO","Car1","4"
"CATCGCTGTAGAGCTG-1-2",0.145753480202119,"Dana_KO","Pf4","3"
"CATCGCTGTATTTCCT-1-2",0.150574497805121,"Dana_KO","Car1","2"
"CATCGCTGTCACCCTT-1-2",1.85501345839612e-07,"Dana_KO","CD34","4"
"CATCGCTGTTCATCTT-1-2",0.529932703778859,"Dana_KO","Car1","2"
"CATCGCTTCGGAATTC-1-2",0.0217619778332527,"Dana_KO","Pf4","8"
"CATCGCTTCTCCACTG-1-2",0.513412557893306,"Dana_KO","Car1","4"
"CATCGGGCAGCCTATA-1-2",2.653214372196,"Dana_KO","Car1","2"
"CATCGGGCATCGTGGC-1-2",0.0569300905076757,"Dana_KO","Car1","3"
"CATCGGGGTAACGCGA-1-2",0.733362031725088,"Dana_KO","Pf4","8"
"CATCGGGGTAGTTCCA-1-2",0.0675841264170329,"Dana_KO","CD34","7"
"CATCGGGGTCAACCAT-1-2",0.00906228502492701,"Dana_KO","Car1","11"
"CATCGGGGTCATAACC-1-2",0.0667697004622856,"Dana_KO","Gstm1/CD63","7"
"CATCGGGGTTGGCTAT-1-2",6.02879373978737e-07,"Dana_KO","Pf4","8"
"CATCGGGGTTTGATCG-1-2",5.88236959423533,"Dana_KO","Car1","6"
"CATCGGGTCAACGCTA-1-2",0.136715604161145,"Dana_KO","Ly86","1"
"CATCGGGTCAATCCAG-1-2",0.0352508233874687,"Dana_KO","CD34","1"
"CATCGTCAGGAGACCT-1-2",0.232604169607175,"Dana_KO","Pf4","8"
"CATCGTCCAGCACGAA-1-2",6.4925471043864e-07,"Dana_KO","Pf4","8"
"CATCGTCGTCCACATA-1-2",1.67616654053828,"Dana_KO","Car1","2"
"CATCGTCGTTACTCAG-1-2",0.178481092951252,"Dana_KO","Pf4","8"
"CATCGTCTCACGTAGT-1-2",0.0325086349460424,"Dana_KO","Pf4","4"
"CATGAGTAGTCAGGGT-1-2",5.70416638456805e-06,"Dana_KO","CD34","7"
"CATGAGTCAAACTGCT-1-2",0.00914848995128592,"Dana_KO","CD34","3"
"CATGAGTCAATTGCCA-1-2",0.00385664307080202,"Dana_KO","Pf4","2"
"CATGAGTCACAGCGCT-1-2",10.3681925607561,"Dana_KO","Hba-a2","6"
"CATGAGTCACATGAAA-1-2",16.7543359915521,"Dana_KO","Ltf","12"
"CATGAGTGTACGCTAT-1-2",2.31876682299514e-07,"Dana_KO","Pf4","4"
"CATGAGTGTCGGCTAC-1-2",1.96365270517873,"Dana_KO","Car1","2"
"CATGAGTGTGAATGTA-1-2",0.0730613915088486,"Dana_KO","Car1","2"
"CATGAGTTCTCAAAGC-1-2",0.0217620242085892,"Dana_KO","Pf4","8"
"CATGAGTTCTGGCCGA-1-2",0.153492276399551,"Dana_KO","Car1","4"
"CATGCAAAGAGGTCGT-1-2",0.00690833629613674,"Dana_KO","Ly86","0"
"CATGCAAAGGAGATAG-1-2",0.0669821239410604,"Dana_KO","CD34","1"
"CATGCAACAAACTGCT-1-2",0.459032127426941,"Dana_KO","CD34","7"
"CATGCAACAAGAATGT-1-2",7.19102420769863,"Dana_KO","Hba-a2","6"
"CATGCAACACCGAATT-1-2",0.0387504255053956,"Dana_KO","Ly86","0"
"CATGCAAGTATCTCTT-1-2",2.6997844156503,"Dana_KO","Car1","2"
"CATGCAAGTGAGCTCC-1-2",5.65779104810815e-06,"Dana_KO","CD34","7"
"CATGCAATCACTCTTA-1-2",0.105247648808611,"Dana_KO","CD34","7"
"CATGCAATCACTGCTC-1-2",0.129334639717678,"Dana_KO","Car1","2"
"CATGCAATCTCCCAAC-1-2",0.00560086222138123,"Dana_KO","Pf4","3"
"CATGCCTAGCCGCACT-1-2",0.0569300441323393,"Dana_KO","Car1","3"
"CATGCCTAGCTGTACT-1-2",0.458863480488258,"Dana_KO","CD34","1"
"CATGCCTAGTACTCGT-1-2",0.233423659446097,"Dana_KO","Pf4","4"
"CATGCCTCACCTGAAT-1-2",2.31876682299514e-06,"Dana_KO","Fcnb","1"
"CATGCCTCATGAATAG-1-2",2.14098592751953,"Dana_KO","Gstm1/CD63","1"
"CATGCCTGTAGCTTAC-1-2",5.61141571164825e-06,"Dana_KO","Ly86","14"
"CATGCCTGTCGACTGC-1-2",0.673748503040031,"Dana_KO","Car1","4"
"CATGCCTGTTTAGACC-1-2",2.78252018759417e-07,"Dana_KO","CD34","4"
"CATGCCTTCACTTTGT-1-2",0.245932015238512,"Dana_KO","Car1","4"
"CATGCCTTCCATGATG-1-2",5.56504037518835e-06,"Dana_KO","CD34","7"
"CATGCGGAGCCTGCCA-1-2",0.0647251792995913,"Dana_KO","Car1","4"
"CATGCGGCAATCCAGT-1-2",3.2462735521932e-07,"Dana_KO","Pf4","4"
"CATGCGGCACACGGAA-1-2",1.7372129152956,"Dana_KO","Gstm1/CD63","1"
"CATGCGGCACCTCGTT-1-2",0.609803895833279,"Dana_KO","Car1","4"
"CATGCGGCACTTGACA-1-2",0.235353000781955,"Dana_KO","Gstm1/CD63","1"
"CATGCGGGTGGAATGC-1-2",0.476498569687623,"Dana_KO","Pf4","2"
"CATGCGGTCAGCCCAG-1-2",4.15948363442756,"Dana_KO","Car1","2"
"CATGCTCAGGGACACT-1-2",0.0947457082144916,"Dana_KO","Gstm1/CD63","1"
"CATGCTCAGGTTCTTG-1-2",0.344192411381123,"Dana_KO","Ly86","0"
"CATGCTCCACGACTAT-1-2",2.78252018759417e-07,"Dana_KO","Gstm1/CD63","1"
"CATGCTCCATCTTCGC-1-2",0.033917503786087,"Dana_KO","Car1","3"
"CATGCTCTCAGACCCG-1-2",4.38255431250176,"Dana_KO","Car1","2"
"CATGCTCTCCCTCAAC-1-2",1.01408377404992,"Dana_KO","Gstm1/CD63","1"
"CATGCTCTCTAGGAAA-1-2",1.18098487382428,"Dana_KO","Fcnb","1"
"CATGGATAGTAAACTG-1-2",3.9611013833522,"Dana_KO","Car1","2"
"CATGGATAGTTACTCG-1-2",1.23095506077848,"Dana_KO","Car1","3"
"CATGGATCAACTCATG-1-2",0.0553329966317313,"Dana_KO","CD34","0"
"CATGGATCAGCATCTA-1-2",2.36514215945505e-06,"Dana_KO","Ly86","1"
"CATGGATTCCACGTCT-1-2",0.166280096120493,"Dana_KO","Car1","4"
"CATGGATTCGAACACT-1-2",6.76169311972802,"Dana_KO","Car1","6"
"CATGGATTCGCCTAGG-1-2",0.146237230596197,"Dana_KO","Car1","2"
"CATGGTAAGATACCAA-1-2",3.71002691679223e-07,"Dana_KO","Car1","4"
"CATGGTACACGTATAC-1-2",0.0325086813213789,"Dana_KO","CD34","4"
"CATGGTACAGACGGAT-1-2",0.0419808451140464,"Dana_KO","Pf4","4"
"CATGGTACAGCTACAT-1-2",0.00432660380968797,"Dana_KO","Car1","11"
"CATGGTACAGCTGAAG-1-2",0.000200379808144802,"Dana_KO","Pf4","11"
"CATGGTAGTCCAGTTA-1-2",15.2722589186486,"Dana_KO","Ltf","12"
"CATGGTAGTTGAGGAC-1-2",1.01784594260579,"Dana_KO","Ly86","0"
"CATGGTATCAATGTCG-1-2",6.95630046898543e-07,"Dana_KO","Pf4","8"
"CATGGTATCGCTTAAG-1-2",0.136028302189152,"Dana_KO","Car1","4"
"CATTCATAGTAAGGGA-1-2",0.102085979619093,"Dana_KO","Car1","4"
"CATTCATCACTCCGGA-1-2",4.00694216219206,"Dana_KO","Car1","2"
"CATTCATCAGCTACCG-1-2",2.73614485113427e-06,"Dana_KO","Pf4","3"
"CATTCATCAGGCTTGC-1-2",0.0204452687358812,"Dana_KO","CD34","0"
"CATTCATGTCACAGAG-1-2",0.0660787840152999,"Dana_KO","Ly86","7"
"CATTCATGTCTTGCGG-1-2",6.27428663793533,"Dana_KO","Car1","6"
"CATTCATGTGTCTAAC-1-2",0.154593474495987,"Dana_KO","Gstm1/CD63","1"
"CATTCATGTTAAGAAC-1-2",0.0464022871249696,"Dana_KO","Car1","2"
"CATTCATGTTGAATCC-1-2",0.0569299977570028,"Dana_KO","Car1","3"
"CATTCATGTTGGACTT-1-2",0.0351754648408065,"Dana_KO","Ly86","0"
"CATTCATTCACTGGGC-1-2",1.57243272548016,"Dana_KO","Gstm1/CD63","1"
"CATTCCGAGTCACTGT-1-2",1.02903512898492,"Dana_KO","Fcnb","1"
"CATTCCGGTACTAACC-1-2",0.689690135330036,"Dana_KO","Car1","2"
"CATTCTAAGCCTGCCA-1-2",2.68976951467437e-06,"Dana_KO","Car1","3"
"CATTCTAAGGATTTGA-1-2",5.60431003736229,"Dana_KO","Car1","6"
"CATTCTAAGGCTATCT-1-2",6.17228719384321,"Dana_KO","Hba-a2","6"
"CATTCTACAAGTCCCG-1-2",16.1297299534288,"Dana_KO","Ltf","12"
"CATTCTACAGCTATTG-1-2",17.4330279348433,"Dana_KO","Ltf","12"
"CATTCTAGTACACGCC-1-2",1.03312758698308,"Dana_KO","Car1","2"
"CATTCTAGTTTGTTGG-1-2",5.51866503872844e-06,"Dana_KO","CD34","7"
"CATTGAGAGGACGCAT-1-2",7.42005383358446e-07,"Dana_KO","Pf4","8"
"CATTGAGAGGCTAAAT-1-2",5.76344849476315,"Dana_KO","Car1","2"
"CATTGAGAGTCTTCGA-1-2",2.41151749591495e-06,"Dana_KO","Ly86","14"
"CATTGAGAGTGGTCAG-1-2",0.0419808914893829,"Dana_KO","Pf4","4"
"CATTGAGCACCCTAAA-1-2",0.269981750340469,"Dana_KO","Ly86","0"
"CATTGAGCACTTGGGC-1-2",18.0757719048005,"Dana_KO","Ltf","12"
"CATTGAGGTATGTCCA-1-2",0.513412604268642,"Dana_KO","Car1","4"
"CATTGAGGTCACGTGC-1-2",1.6682205315109,"Dana_KO","Car1","2"
"CATTGCCAGGGCAAGG-1-2",0.202151298071543,"Dana_KO","Gstm1/CD63","13"
"CATTGCCAGGTGCATG-1-2",5.47228970226854e-06,"Dana_KO","Gstm1/Ly86","7"
"CATTGCCCATTACGGT-1-2",7.19102425407396,"Dana_KO","Hba-a2","6"
"CATTGCCGTAGCGTAG-1-2",0.0569299513816663,"Dana_KO","Pf4","3"
"CATTGCCGTAGGACTG-1-2",1.08581883511884,"Dana_KO","Fcnb","1"
"CATTGCCGTGACAACG-1-2",6.4925471043864e-07,"Dana_KO","Car1","4"
"CATTGCCGTGGCTACC-1-2",0.0659703308212762,"Dana_KO","Pf4","8"
"CATTGCCGTTTGTTCT-1-2",0.230017480541381,"Dana_KO","Pf4","3"
"CATTGCCTCTCCGTGT-1-2",0.129273681175945,"Dana_KO","Car1","4"
"CATTGCCTCTTACACT-1-2",0.728596277589778,"Dana_KO","Unannotated","8"
"CATTGTTAGGGCTGAT-1-2",0.0679792069380514,"Dana_KO","Ly86","1"
"CATTGTTAGGTATAGT-1-2",0.787017108114935,"Dana_KO","Car1","4"
"CATTGTTCACATGGTT-1-2",0.00108048649619996,"Dana_KO","CD34","3"
"CATTGTTGTTCTCAGA-1-2",1.14683610037037,"Dana_KO","Car1","2"
"CATTGTTTCAACTTTC-1-2",2.64339417821446e-06,"Dana_KO","Pf4","3"
"CATTGTTTCACGATAC-1-2",0.300081518512313,"Dana_KO","CD34","1"
"CATTGTTTCTAAACGC-1-2",0.0271993445402734,"Dana_KO","Car1","2"
"CATTTCACAAGAGGCT-1-2",0.346126337587931,"Dana_KO","Prg2","10"
"CATTTCACAGCGAACA-1-2",0.0409416054466605,"Dana_KO","CD34","4"
"CATTTCATCAATCCGA-1-2",7.88380719818349e-07,"Dana_KO","Pf4","8"
"CATTTCATCATGCCCT-1-2",10.3681926071314,"Dana_KO","Hba-a2","6"
"CATTTCATCCCATTTA-1-2",5.42591436580864e-06,"Dana_KO","CD34","7"
"CATTTCATCCGAGGCT-1-2",0.00867588724410961,"Dana_KO","Ly86","0"
"CATTTCATCCGCTTAC-1-2",0.207822103248771,"Dana_KO","Car1","2"
"CATTTCATCTACACAG-1-2",0.0325087276967153,"Dana_KO","Car1","4"
"CATTTCATCTTAGCCC-1-2",4.03128290129711,"Dana_KO","Car1","2"
"CATTTCATCTTCTGGC-1-2",0.00432655743435151,"Dana_KO","Pf4","11"
"CCAAGCGAGTCTACCA-1-2",10.3681926535068,"Dana_KO","Hba-a2","6"
"CCAAGCGCAAGTGTCT-1-2",0.769302890546768,"Dana_KO","Gstm1/CD63","1"
"CCAAGCGCATCCTATT-1-2",0.8165348355833,"Dana_KO","Ly86","0"
"CCAAGCGGTGAGTAAT-1-2",0.638868415468294,"Dana_KO","Car1","2"
"CCAAGCGGTTACGATC-1-2",0.183538366204123,"Dana_KO","Pf4","8"
"CCAAGCGGTTCGAAGG-1-2",0.211162119279161,"Dana_KO","Gstm1/CD63","0"
"CCAAGCGGTTTGATCG-1-2",9.57937184797123,"Dana_KO","Hba-a2","6"
"CCAAGCGTCGAGAACG-1-2",0.67023958618241,"Dana_KO","Pf4","2"
"CCAAGCGTCTATTTCG-1-2",2.40339251204202,"Dana_KO","Car1","2"
"CCAATGAAGCTGCCAC-1-2",8.34756056278252e-07,"Dana_KO","Pf4","8"
"CCAATGACAAAGTGTA-1-2",0.0653390412195294,"Dana_KO","Gstm1/CD63","1"
"CCAATGACACACGTGC-1-2",0.0684768115699755,"Dana_KO","Car1","10"
"CCAATGACATCTTTCA-1-2",0.117286117164999,"Dana_KO","Car1","2"
"CCAATGAGTACAACGG-1-2",0.0419900653220822,"Dana_KO","Pf4","3"
"CCAATGATCGATACAC-1-2",2.45789283237485e-06,"Dana_KO","Gstm1/CD63","1"
"CCAATTTAGCACCCAC-1-2",0.289235599154913,"Dana_KO","Fcnb","1"
"CCAATTTAGTATAGGT-1-2",0.0800039207851334,"Dana_KO","Car1","2"
"CCAATTTAGTTGAAGT-1-2",0.204431141734988,"Dana_KO","Ly86","0"
"CCAATTTCACCGTGCA-1-2",2.92920353750964,"Dana_KO","Car1","2"
"CCAATTTCACGACGTC-1-2",2.59701884175456e-06,"Dana_KO","Pf4","3"
"CCAATTTCAGACACAG-1-2",4.17378028139126e-07,"Dana_KO","CD34","4"
"CCAATTTCAGAGCCCT-1-2",0.00914844357594946,"Dana_KO","CD34","1"
"CCAATTTCATAGATCC-1-2",3.93293645492981,"Dana_KO","Car1","2"
"CCAATTTGTAACAAGT-1-2",2.50426816883476e-06,"Dana_KO","Gstm1/CD63","1"
"CCAATTTGTCATAAAG-1-2",0.0569299050063299,"Dana_KO","Car1","3"
"CCAATTTGTCTGTGAT-1-2",0.621380569776094,"Dana_KO","Car1","2"
"CCAATTTGTGAGTTTC-1-2",2.55064350529466e-06,"Dana_KO","Ly86","14"
"CCAATTTGTGGTCAAG-1-2",0.410014494509916,"Dana_KO","Ly86","0"
"CCAATTTGTTGGCCTG-1-2",5.21864049895188,"Dana_KO","Car1","2"
"CCAATTTTCCCTCTAG-1-2",0.0409416518219969,"Dana_KO","Pf4","4"
"CCAATTTTCGATACAC-1-2",15.6297854553292,"Dana_KO","Ltf","12"
"CCACAAAAGCAACTTC-1-2",0.206750848248851,"Dana_KO","Car1","3"
"CCACAAAAGCGACATG-1-2",0.706887000075769,"Dana_KO","Ly86","0"
"CCACAAAAGCTGACTT-1-2",0,"Dana_KO","CD34","1"
"CCACAAAAGTAAACGT-1-2",0.00219187932436227,"Dana_KO","CD34","7"
"CCACAAACAATGTGGG-1-2",5.37953902934873e-06,"Dana_KO","CD34","7"
"CCACAAACAGGCCCTA-1-2",3.93935729477659,"Dana_KO","Car1","2"
"CCACAAACAGTGTACT-1-2",0.0714320834026605,"Dana_KO","Gstm1/CD63","1"
"CCACAAACATCGCTAA-1-2",0.0225262035081775,"Dana_KO","Car1","4"
"CCACAAACATTGAAGA-1-2",1.03791413925164,"Dana_KO","Car1","2"
"CCACAAAGTCTTCAAG-1-2",8.81131392738155e-07,"Dana_KO","Pf4","8"
"CCACAAAGTGGTGATG-1-2",0.387648978407827,"Dana_KO","Gstm1/CD63","1"
"CCACAAAGTGTAGCAG-1-2",2.59701884175456e-06,"Dana_KO","Ly86","0"
"CCACAAAGTTGTCTAG-1-2",15.9598177336491,"Dana_KO","Ltf","12"
"CCACACTAGGGAGTGG-1-2",6.02879373978737e-07,"Dana_KO","Car1","4"
"CCACACTAGTATTAGG-1-2",0.009148397200613,"Dana_KO","CD34","1"
"CCACACTCACCCTAAA-1-2",0.0409416981973334,"Dana_KO","Car1","4"
"CCACACTCAGATCCTA-1-2",1.01532044645608,"Dana_KO","Unannotated","8"
"CCACACTGTCTGTCAA-1-2",1.25213408441738e-06,"Dana_KO","Ly86","0"
"CCACACTTCAAACGTC-1-2",9.27506729198058e-07,"Dana_KO","Pf4","8"
"CCACACTTCAGGACAG-1-2",0.0569298586309934,"Dana_KO","Car1","3"
"CCACACTTCGCCACTT-1-2",3.93935734115192,"Dana_KO","Car1","2"
"CCACACTTCTCGAACA-1-2",0.0272894324531234,"Dana_KO","Unannotated","10"
"CCACCATAGTATGATG-1-2",0.723061962289993,"Dana_KO","Car1","2"
"CCACCATAGTGAGTTA-1-2",1.99736940242672,"Dana_KO","Car1","2"
"CCACCATCAGCATTGT-1-2",0.0210470736095423,"Dana_KO","Pf4","11"
"CCACGAGAGCAGGCTA-1-2",12.4979178511124,"Dana_KO","Ly86","12"
"CCACGAGAGCCACTCG-1-2",0.0610392751312561,"Dana_KO","Ly86","0"
"CCACGAGAGCGGTAGT-1-2",0.157577179115894,"Dana_KO","Gstm1/CD63","1"
"CCACGAGAGGCCGCTT-1-2",7.1910243004493,"Dana_KO","Car1","6"
"CCACGAGAGGTTGAGC-1-2",3.95376272714382,"Dana_KO","Car1","2"
"CCACGAGGTGGTCTGC-1-2",0.0513319082260577,"Dana_KO","Ly86","0"
"CCACGAGGTTCCCACT-1-2",0.0010804401208635,"Dana_KO","Car1","3"
"CCACGAGTCCTACGAA-1-2",0.80807155236648,"Dana_KO","Car1","4"
"CCACGAGTCCTGATAG-1-2",0.108701433786774,"Dana_KO","Gstm1/CD63","0"
"CCACGAGTCCTTACCG-1-2",0.0755677588875541,"Dana_KO","Pf4","3"
"CCACGAGTCTTGGAAC-1-2",5.48596306315307,"Dana_KO","Car1","6"
"CCACGTTAGCAGCGAT-1-2",0.156555322601722,"Dana_KO","Car1","4"
"CCACGTTAGCCGAACA-1-2",0.056929812255657,"Dana_KO","Pf4","3"
"CCACGTTAGGAGTACC-1-2",18.2583691851044,"Dana_KO","Ltf","12"
"CCACGTTCAACCAACT-1-2",10.3681926998821,"Dana_KO","Hba-a2","6"
"CCACGTTCAATTGAGA-1-2",0.0165011812309388,"Dana_KO","Car1","4"
"CCACGTTCAGAGTGAC-1-2",0.0748259380880791,"Dana_KO","Car1","2"
"CCACGTTGTACCATAC-1-2",1.5724327718555,"Dana_KO","Gstm1/CD63","1"
"CCACGTTGTATGAAGT-1-2",9.73882065657961e-07,"Dana_KO","Pf4","8"
"CCACGTTGTATGTGTC-1-2",0.950417332631716,"Dana_KO","Pf4","2"
"CCACGTTGTCAATGGG-1-2",10.3681927462575,"Dana_KO","Hba-a2","6"
"CCACTTGAGAACGTGC-1-2",7.19102434682464,"Dana_KO","Hba-a2","6"
"CCACTTGCAAGCGATG-1-2",0.0551026583036176,"Dana_KO","Car1","4"
"CCACTTGCACAAGCAG-1-2",0.0409417445726699,"Dana_KO","Car1","4"
"CCACTTGGTAGCTAAA-1-2",0.072748918346488,"Dana_KO","Car1","2"
"CCACTTGTCCCAGTGG-1-2",0.0165012276062753,"Dana_KO","Car1","4"
"CCATAAGAGCAGGGAG-1-2",4.63753364599029e-07,"Dana_KO","Pf4","8"
"CCATAAGAGCCGGAAT-1-2",0.00167768811830893,"Dana_KO","Gstm1/CD63","1"
"CCATAAGAGTGCACCC-1-2",0.10801664214264,"Dana_KO","CD34","3"
"CCATAAGCAAGGACAC-1-2",1.99736944880205,"Dana_KO","Car1","2"
"CCATAAGGTCTACAGT-1-2",16.539046938107,"Dana_KO","Ltf","12"
"CCATAAGGTGAAAGTT-1-2",18.2785760120269,"Dana_KO","Ltf","12"
"CCATAAGGTGCATGTT-1-2",0.826237849578453,"Dana_KO","Pf4","8"
"CCATAAGGTGCCTACG-1-2",4.06351642542121,"Dana_KO","Car1","2"
"CCATAAGGTGGAAGTC-1-2",0.950417379007053,"Dana_KO","Pf4","2"
"CCATAAGGTTAAGGAT-1-2",2.92920358388498,"Dana_KO","Car1","2"
"CCATAAGGTTGCATCA-1-2",0.642992977919449,"Dana_KO","Fcnb","1"
"CCATAAGGTTTACTGG-1-2",2.64339417821446e-06,"Dana_KO","Gstm1/CD63","1"
"CCATAAGGTTTCTATC-1-2",1.96015768013875,"Dana_KO","Car1","2"
"CCATAAGTCAAGCGTT-1-2",0,"Dana_KO","Car1","2"
"CCATAAGTCCGTGGTG-1-2",15.8495331899877,"Dana_KO","Ltf","12"
"CCATAAGTCGTGGCGT-1-2",4.63753364599029e-08,"Dana_KO","CD34","0"
"CCATAAGTCTGCCTCA-1-2",0.0479572878211458,"Dana_KO","Car1","4"
"CCATCACAGTCCCTAA-1-2",18.273007478021,"Dana_KO","Ltf","12"
"CCATCACCACATTGTG-1-2",1.35723952960192,"Dana_KO","Car1","11"
"CCATCACCAGATCCAT-1-2",5.88769265217105,"Dana_KO","Car1","6"
"CCATCACCAGGTATGG-1-2",1.01206064161286,"Dana_KO","Gstm1/CD63","1"
"CCATCACCAGGTTCCG-1-2",0.34495584268437,"Dana_KO","Car1","4"
"CCATCACGTATTCTCT-1-2",9.57937189434657,"Dana_KO","Car1","6"
"CCATCACGTGTGTGTT-1-2",5.33316369288883e-06,"Dana_KO","CD34","7"
"CCATCACGTTCTTGTT-1-2",0.0419809378647193,"Dana_KO","Pf4","4"
"CCATCACGTTTGATCG-1-2",0.0325087740720518,"Dana_KO","Pf4","4"
"CCATCACTCAAGATAG-1-2",3.93935738752726,"Dana_KO","Car1","4"
"CCATCACTCCTTCTAA-1-2",2.68976951467437e-06,"Dana_KO","Fcnb","1"
"CCCAACTAGCCAGACA-1-2",6.16795001553229,"Dana_KO","Car1","6"
"CCCAACTAGGGTATAT-1-2",0.0466745883666559,"Dana_KO","Car1","2"
"CCCAACTCACAACCGC-1-2",0.0563904312353419,"Dana_KO","Ly86","0"
"CCCAACTGTAGTCGGA-1-2",0.550084245144402,"Dana_KO","Gstm1/CD63","1"
"CCCAACTGTCAGACTT-1-2",0.0569297658803205,"Dana_KO","Car1","3"
"CCCAACTGTCCATACA-1-2",0.263002382501794,"Dana_KO","Pf4","2"
"CCCAACTGTCTGATCA-1-2",0.400454119427897,"Dana_KO","Pf4","8"
"CCCAACTGTGCATTAC-1-2",1.72614707079213,"Dana_KO","Fcnb","1"
"CCCAACTGTTCGAGCC-1-2",0.00717904145510617,"Dana_KO","Ly86","0"
"CCCAACTTCGTTAGAC-1-2",2.92920363026031,"Dana_KO","Car1","2"
"CCCATTGCACTGCATA-1-2",0.0235427598025786,"Dana_KO","CD34","4"
"CCCATTGGTCACGCTG-1-2",2.55064350529466e-06,"Dana_KO","Pf4","3"
"CCCATTGTCGAGAGAC-1-2",0.0169581725240315,"Dana_KO","Car1","3"
"CCCATTGTCGCTCCTA-1-2",0.0409417909480063,"Dana_KO","Pf4","4"
"CCCATTGTCGGACAAG-1-2",10.3681927926328,"Dana_KO","Hba-a2","6"
"CCCGAAGAGCTGCCTG-1-2",2.31876682299514e-07,"Dana_KO","Gstm1/CD63","10"
"CCCGAAGCAAGGTCAG-1-2",0.089344170270417,"Dana_KO","CD34","4"
"CCCGAAGCATAGGAGC-1-2",0.00108039374552704,"Dana_KO","Car1","3"
"CCCGAAGGTAGTAAGT-1-2",0.0389602277804868,"Dana_KO","Pf4","4"
"CCCGAAGGTTCGTGCG-1-2",0.0937968020901137,"Dana_KO","Gstm1/CD63","0"
"CCCGAAGGTTGTCCCT-1-2",2.73614485113427e-06,"Dana_KO","Gstm1/CD63","1"
"CCCGAAGTCCATGCAA-1-2",0.45522314198824,"Dana_KO","Car1","4"
"CCCGAAGTCGTGCGAC-1-2",15.8459863962226,"Dana_KO","Ltf","12"
"CCCGGAACACATACTG-1-2",0.0736727300874546,"Dana_KO","Car1","2"
"CCCGGAAGTAACTGCT-1-2",1.20575874795747e-06,"Dana_KO","Ly86","0"
"CCCGGAAGTTGTGGCC-1-2",2.50426816883476e-06,"Dana_KO","Car1","3"
"CCCGGAAGTTTCGTTT-1-2",0.056929719504984,"Dana_KO","Car1","3"
"CCCGGAATCCCTCGAT-1-2",5.28678835642893e-06,"Dana_KO","CD34","7"
"CCCGGAATCCGATAGT-1-2",0.00432651105901505,"Dana_KO","Ly86","11"
"CCCTAACAGAAGAGCA-1-2",0.697914150425781,"Dana_KO","Car1","2"
"CCCTAACAGTCTGGAG-1-2",0.73164371188377,"Dana_KO","Pf4","8"
"CCCTAACCAAACTCGT-1-2",0.0165012739816117,"Dana_KO","Car1","4"
"CCCTAACGTCAAACGG-1-2",0.0950838274264978,"Dana_KO","Pf4","3"
"CCCTAACGTCGAGCTC-1-2",0.00219183294902581,"Dana_KO","Gstm1/CD63","7"
"CCCTAACGTCTCGGGT-1-2",0.0217620705839257,"Dana_KO","Car1","4"
"CCCTAACGTGGCGTAA-1-2",2.78252018759417e-06,"Dana_KO","Gstm1/CD63","1"
"CCCTAACTCTCACCCA-1-2",0.0325088204473882,"Dana_KO","Car1","4"
"CCCTCAAAGACGCAGT-1-2",5.24041301996903e-06,"Dana_KO","CD34","7"
"CCCTCAACAACAGATA-1-2",0.254488885802021,"Dana_KO","Ly86","0"
"CCCTCAACATAAGCAA-1-2",1.05184906836114,"Dana_KO","Car1","2"
"CCCTCAACATTAAAGG-1-2",0.205387122834567,"Dana_KO","Pf4","8"
"CCCTCAATCCAGTTCC-1-2",0.0569296731296476,"Dana_KO","Car1","3"
"CCCTCAATCTACCCAC-1-2",0.0137144884054952,"Dana_KO","Car1","2"
"CCCTCAATCTCACGAA-1-2",0.153398557191557,"Dana_KO","Car1","4"
"CCCTCAATCTTCGCTG-1-2",10.440483176133,"Dana_KO","Hba-a2","6"
"CCCTCTCAGGGCAACT-1-2",0.560796209680116,"Dana_KO","Car1","3"
"CCCTCTCAGTGAGGTC-1-2",1.03589495055598,"Dana_KO","Gstm1/CD63","1"
"CCCTCTCCATACAGGG-1-2",1.02025740211786e-06,"Dana_KO","Pf4","8"
"CCCTCTCCATCCGGCA-1-2",1.03396724851044,"Dana_KO","Car1","2"
"CCCTCTCGTAACGGTG-1-2",0.00219178657368935,"Dana_KO","Gstm1/CD63","7"
"CCCTCTCGTCAATCTG-1-2",7.24901071312152,"Dana_KO","Car1","6"
"CCCTCTCGTCTACGTA-1-2",0.00634136708176092,"Dana_KO","Ly86","0"
"CCCTCTCGTGGAAATT-1-2",0.0102480303853167,"Dana_KO","Pf4","8"
"CCCTCTCGTTAAGACA-1-2",5.19403768350912e-06,"Dana_KO","CD34","7"
"CCCTCTCTCAGCGTCG-1-2",0.460309984697354,"Dana_KO","CD34","4"
"CCCTCTCTCGCTACAA-1-2",0.152622040561797,"Dana_KO","Car1","3"
"CCCTCTCTCTCCCAAC-1-2",1.06663273857777e-06,"Dana_KO","Pf4","8"
"CCCTGATAGGGATCAC-1-2",0.151173910203346,"Dana_KO","Unannotated","2"
"CCCTGATCACATGGTT-1-2",1.15938341149757e-06,"Dana_KO","Ly86","0"
"CCCTGATCATCCTTCG-1-2",0.0165013203569482,"Dana_KO","Car1","4"
"CCCTGATGTATGTCAC-1-2",0.652256185670763,"Dana_KO","Unannotated","2"
"CCCTGATTCGAGTGGA-1-2",0.0567030416804117,"Dana_KO","CD34","7"
"CCCTGATTCTAAGCGT-1-2",0.0668006921787274,"Dana_KO","Pf4","4"
"CCCTGATTCTTCGGTC-1-2",0.00108034737019058,"Dana_KO","Pf4","3"
"CCCTTAGAGCGACTTT-1-2",0.000238448945177105,"Dana_KO","Ly86","0"
"CCCTTAGAGTATGTAG-1-2",2.82889552405408e-06,"Dana_KO","Gstm1/CD63","1"
"CCCTTAGAGTCTACCA-1-2",3.75932159949982,"Dana_KO","Car1","2"
"CCCTTAGCAACAGAGC-1-2",0.0569296267543111,"Dana_KO","Unannotated","3"
"CCCTTAGCAACTTGGT-1-2",0.0325088668227247,"Dana_KO","Car1","4"
"CCCTTAGGTAATACCC-1-2",0.0569295803789747,"Dana_KO","Car1","3"
"CCCTTAGGTTTCGGCG-1-2",10.3681928390081,"Dana_KO","Hba-a2","6"
"CCGAACGAGGTAGTAT-1-2",0.00432646468367859,"Dana_KO","Car1","11"
"CCGAACGCAAATCGGG-1-2",0.0052999035659842,"Dana_KO","Ly86","0"
"CCGAACGCACAATGCT-1-2",0.729220076969938,"Dana_KO","Pf4","8"
"CCGAACGCAGTGTATC-1-2",6.00472298458578,"Dana_KO","Car1","6"
"CCGAACGCATCCGGTG-1-2",1.11300807503767e-06,"Dana_KO","Pf4","8"
"CCGAACGGTCCGACGT-1-2",0.00219174019835289,"Dana_KO","Gstm1/CD63","7"
"CCGAACGGTTTCACTT-1-2",15.9336790083977,"Dana_KO","Ltf","12"
"CCGAACGTCTCGCCTA-1-2",6.29166829643477,"Dana_KO","Car1","6"
"CCGATCTAGCAGCACA-1-2",0.689275167146879,"Dana_KO","Car1","2"
"CCGATCTGTAGAAACT-1-2",2.87527086051398e-06,"Dana_KO","Gstm1/CD63","1"
"CCGATCTGTATTCTCT-1-2",1.15938341149757e-06,"Dana_KO","Pf4","8"
"CCGATCTTCATAGACC-1-2",5.10128701058932e-07,"Dana_KO","Pf4","8"
"CCGATCTTCCAACCAA-1-2",1.33926484728387,"Dana_KO","Car1","3"
"CCGATCTTCGAGAGAC-1-2",1.6231367760966e-06,"Dana_KO","Car1","4"
"CCGATCTTCGCGTAGC-1-2",1.11300807503767e-06,"Dana_KO","Ly86","0"
"CCGATGGAGTCGAAGC-1-2",0.460617847274736,"Dana_KO","Pf4","8"
"CCGATGGCACAAGTTC-1-2",8.13572249370889,"Dana_KO","Car1","6"
"CCGATGGCACTATGTG-1-2",0.00349454141981431,"Dana_KO","Pf4","11"
"CCGATGGCAGCAGATG-1-2",0.0348858814176949,"Dana_KO","Car1","3"
"CCGATGGCAGGAATCG-1-2",0.0661596412139578,"Dana_KO","Car1","4"
"CCGATGGGTGCACATT-1-2",1.20575874795747e-06,"Dana_KO","Pf4","8"
"CCGATGGTCAGACTGT-1-2",1.25213408441738e-06,"Dana_KO","Car1","8"
"CCGATGGTCGTAGCTA-1-2",0.809234157037545,"Dana_KO","Ly86","0"
"CCGCAAGAGCTCCCTT-1-2",0.0569295340036382,"Dana_KO","Pf4","3"
"CCGCAAGCACCCTTGT-1-2",2.31876682299514e-07,"Dana_KO","CD34","1"
"CCGCAAGCATACAGCT-1-2",2.14098597389487,"Dana_KO","Fcnb","1"
"CCGCAAGGTATCGCGC-1-2",2.8586141160499,"Dana_KO","Car1","2"
"CCGCAAGTCAACTACG-1-2",2.23263568611569,"Dana_KO","Fcnb","1"
"CCGCAAGTCGAGTCCG-1-2",0.0513717260647438,"Dana_KO","CD34","0"
"CCGGACAAGGCGCTCT-1-2",0.0867006577483282,"Dana_KO","CD34","1"
"CCGGACAAGGGAGTGG-1-2",0.0325089131980612,"Dana_KO","Pf4","4"
"CCGGACAAGTGATAGT-1-2",1.27779158324339,"Dana_KO","Gstm1/Ly86","10"
"CCGGACAGTGACTATC-1-2",5.25446907680836,"Dana_KO","Hba-a2","6"
"CCGGACATCAGTGATC-1-2",0.000624635599171974,"Dana_KO","Ly86","0"
"CCGGACATCGACATTG-1-2",1.40957733448017,"Dana_KO","Car1","3"
"CCGGACATCGTGCTCT-1-2",0.0569294876283017,"Dana_KO","Car1","3"
"CCGGACATCTAGCCTC-1-2",0.00219169382301643,"Dana_KO","Gstm1/Ly86","7"
"CCGGACATCTCGCGTT-1-2",0.00432641830834213,"Dana_KO","Hba-a2","11"
"CCGGGTAAGCTAAACA-1-2",1.05592424450752,"Dana_KO","Fcnb","1"
"CCGGGTAAGGGAGTTC-1-2",0.729398232844809,"Dana_KO","Pf4","11"
"CCGGGTATCCGACAGC-1-2",0.0165013667322846,"Dana_KO","Car1","3"
"CCGGGTATCGTGCTCT-1-2",0.500763646841807,"Dana_KO","Pf4","2"
"CCGGGTATCTATCACT-1-2",0.529932750154195,"Dana_KO","Pf4","8"
"CCGGTAGAGGCCTAAG-1-2",2.45789283237485e-06,"Dana_KO","Pf4","3"
"CCGGTAGAGTCCGTCG-1-2",5.43738713364642,"Dana_KO","Car1","2"
"CCGGTAGCACAGTCCG-1-2",0.0165014131076211,"Dana_KO","Car1","3"
"CCGGTAGGTCATCCCT-1-2",9.27506729198058e-08,"Dana_KO","Car1","2"
"CCGGTAGGTCCTCCAT-1-2",5.56504037518835e-07,"Dana_KO","Car1","4"
"CCGGTAGTCACCACAA-1-2",0.031677102819426,"Dana_KO","Car1","3"
"CCGGTAGTCACGAACT-1-2",0.0409418373233428,"Dana_KO","Car1","4"
"CCGGTAGTCCATTTAC-1-2",0.162762377880452,"Dana_KO","Car1","4"
"CCGGTGAAGAACTCCT-1-2",1.04276415787919,"Dana_KO","Gstm1/CD63","1"
"CCGGTGAAGACCTGGA-1-2",1.29850942087728e-06,"Dana_KO","Pf4","8"
"CCGGTGAAGGTAAGGA-1-2",6.68440511816779,"Dana_KO","Hba-a2","6"
"CCGGTGACACCGTGCA-1-2",2.12588142809065,"Dana_KO","Gstm1/CD63","1"
"CCGGTGACAGCTGGTC-1-2",0.643302832885413,"Dana_KO","Car1","3"
"CCGGTGACAGTGCGCT-1-2",2.41151749591495e-06,"Dana_KO","Pf4","3"
"CCGGTGACATACTGTG-1-2",6.02879373978737e-07,"Dana_KO","Pf4","4"
"CCGGTGACATCGTCCT-1-2",0.00108030099485412,"Dana_KO","Pf4","3"
"CCGGTGACATCTTTCA-1-2",0.0563399554145867,"Dana_KO","Car1","2"
"CCGGTGAGTAGATCCT-1-2",0.19580653364155,"Dana_KO","CD34","7"
"CCGGTGAGTGCGTTTA-1-2",0.00108025461951766,"Dana_KO","Pf4","3"
"CCGGTGAGTTGCACGC-1-2",0.00634141345709738,"Dana_KO","Ly86","0"
"CCGGTGATCGAAGTGG-1-2",1.99736949517739,"Dana_KO","Car1","2"
"CCGTAGGAGCGACTTT-1-2",1.5767614396367e-06,"Dana_KO","Car1","4"
"CCGTAGGCAAGTATCC-1-2",0.72919776303528,"Dana_KO","Car1","8"
"CCGTAGGGTGAATTGA-1-2",5.14766234704922e-06,"Dana_KO","Gstm1/Ly86","7"
"CCGTAGGTCTTCTAAC-1-2",0.382592943730652,"Dana_KO","Car1","4"
"CCGTGAGCAGCCCACA-1-2",0.228213157641096,"Dana_KO","CD34","7"
"CCGTGAGCATAATGAG-1-2",0.0165014594829576,"Dana_KO","Car1","4"
"CCGTGAGGTAGCGCCT-1-2",0.950417425382389,"Dana_KO","Pf4","2"
"CCGTGAGGTCGCTTGG-1-2",0.016501505858294,"Dana_KO","Car1","4"
"CCGTGAGGTGTACGCC-1-2",0.0165015522336305,"Dana_KO","Car1","4"
"CCGTTCACAAACCATC-1-2",0.0142973884723863,"Dana_KO","CD34","0"
"CCGTTCACACAGCATT-1-2",0.0379072472260287,"Dana_KO","Pf4","8"
"CCGTTCACACTTACAG-1-2",0.0195870093317452,"Dana_KO","Pf4","11"
"CCGTTCACAGAACTAA-1-2",0.0569294412529653,"Dana_KO","Pf4","3"
"CCGTTCACAGAGGACT-1-2",2.78252018759417e-07,"Dana_KO","Gstm1/CD63","10"
"CCGTTCACAGTGGCTC-1-2",0.0104203741815003,"Dana_KO","Car1","4"
"CCGTTCAGTACGAGTG-1-2",5.10128701058932e-06,"Dana_KO","Ly86","14"
"CCGTTCAGTCACGACC-1-2",0.0165015986089669,"Dana_KO","Car1","4"
"CCGTTCATCAGCCCAG-1-2",0.0480189405669158,"Dana_KO","Gstm1/CD63","1"
"CCGTTCATCCCATAGA-1-2",0.0526905883754148,"Dana_KO","Car1","4"
"CCGTTCATCGCTTAAG-1-2",0.00432637193300567,"Dana_KO","Car1","11"
"CCGTTCATCTACGCAA-1-2",0.0569293948776288,"Dana_KO","Car1","3"
"CCTAACCAGAAGCGAA-1-2",0.0198146608873794,"Dana_KO","Ly86","0"
"CCTAACCCACCTTCCA-1-2",0.0117635754360484,"Dana_KO","Gstm1/Ly86","0"
"CCTAACCCACGTACTA-1-2",0.806097765875726,"Dana_KO","Gstm1/CD63","10"
"CCTAACCGTGACCTGC-1-2",0.736046049902149,"Dana_KO","Fcnb","1"
"CCTAACCTCCACACCT-1-2",9.57937194072191,"Dana_KO","Hba-a2","6"
"CCTAACCTCCTATTGT-1-2",0.310769340983908,"Dana_KO","Prg2","10"
"CCTAACCTCTAGAACC-1-2",4.12230345280041,"Dana_KO","Car1","2"
"CCTAAGAAGGATATGT-1-2",0.0010802082441812,"Dana_KO","Pf4","3"
"CCTAAGAAGGTAAGTT-1-2",0.0165016449843034,"Dana_KO","Car1","4"
"CCTAAGACAAGAGTTA-1-2",2.92920367663565,"Dana_KO","Car1","2"
"CCTAAGACAAGATGGC-1-2",0,"Dana_KO","Unannotated","4"
"CCTAAGACAAGGTCTT-1-2",2.36514215945505e-06,"Dana_KO","Pf4","3"
"CCTAAGACACAACCGC-1-2",0.00219164744767997,"Dana_KO","Gstm1/CD63","7"
"CCTAAGACACCAGTTA-1-2",0.0101208465538791,"Dana_KO","Gstm1/CD63","1"
"CCTAAGATCGTTAGAC-1-2",0.718665886507053,"Dana_KO","Car1","2"
"CCTAAGATCTTACACT-1-2",1.34488475733718e-06,"Dana_KO","Pf4","8"
"CCTACGTAGACGGATC-1-2",10.3681928853835,"Dana_KO","Hba-a2","6"
"CCTACGTAGCCATCCG-1-2",0.00560090859671769,"Dana_KO","Pf4","3"
"CCTACGTCAATGCAGG-1-2",2.92164619697388e-06,"Dana_KO","Gstm1/CD63","1"
"CCTACGTCAGCGCTTG-1-2",15.280945876499,"Dana_KO","Ltf","12"
"CCTACGTTCTGCGGAC-1-2",3.71002691679223e-07,"Dana_KO","Car1","3"
"CCTATCGAGTGGACTG-1-2",0.195866675956846,"Dana_KO","Car1","4"
"CCTATCGCAAAGGCGT-1-2",1.39126009379709e-06,"Dana_KO","Pf4","8"
"CCTATCGCAACTGTGT-1-2",0.00219160107234351,"Dana_KO","Ly86","7"
"CCTATCGCACGTACTA-1-2",0.00432632555766921,"Dana_KO","Car1","11"
"CCTATCGGTACTCAAC-1-2",7.19102439319997,"Dana_KO","Hba-a2","6"
"CCTATCGGTAGCACGA-1-2",0.0316609095370244,"Dana_KO","Pf4","8"
"CCTCAACAGCTTACGT-1-2",5.56504037518835e-07,"Dana_KO","Car1","4"
"CCTCAACAGGCGAAGG-1-2",15.676104499457,"Dana_KO","Ltf","12"
"CCTCAACCAGAGTGTG-1-2",6.4925471043864e-07,"Dana_KO","Car1","4"
"CCTCAACCATCAGCTA-1-2",2.48110755134642,"Dana_KO","Fcnb","1"
"CCTCAACGTCAGGTAG-1-2",0.0569293485022924,"Dana_KO","Car1","3"
"CCTCAACGTCCAAAGG-1-2",0.0757341237849524,"Dana_KO","Car1","3"
"CCTCAACGTCCCTAAA-1-2",0.0446004184429669,"Dana_KO","Pf4","11"
"CCTCAACGTGAGACGT-1-2",0.384968672642116,"Dana_KO","Fcnb","1"
"CCTCAACTCATAGGCT-1-2",0.0165016913596399,"Dana_KO","Car1","4"
"CCTCACAAGTGCTACT-1-2",0.135344129540925,"Dana_KO","Car1","4"
"CCTCACACAGTTTCAG-1-2",1.43763543025699e-06,"Dana_KO","Pf4","8"
"CCTCACAGTGGACTAG-1-2",2.31876682299514e-06,"Dana_KO","Pf4","3"
"CCTCACAGTGTTCCTC-1-2",0.459032081051605,"Dana_KO","CD34","7"
"CCTCACAGTTTATGCG-1-2",0.000238495320513565,"Dana_KO","Ly86","0"
"CCTCACATCATATGGC-1-2",0.0569293021269559,"Dana_KO","Car1","3"
"CCTCAGTAGGAAGTGA-1-2",2.73349748821696,"Dana_KO","Car1","2"
"CCTCAGTAGTTAGTAG-1-2",0.0023274157609996,"Dana_KO","Ly86","0"
"CCTCAGTCAACTCCAA-1-2",0.00432627918233275,"Dana_KO","Car1","11"
"CCTCAGTCACCAGTAT-1-2",2.67323881789333,"Dana_KO","Car1","2"
"CCTCAGTCACTGATTG-1-2",0.860615716293446,"Dana_KO","CD34","4"
"CCTCAGTCAGACGATG-1-2",0.304368606921548,"Dana_KO","Gstm1/CD63","1"
"CCTCAGTCATGACTTG-1-2",0.0479573341964823,"Dana_KO","Car1","4"
"CCTCAGTGTACAAAGT-1-2",0.00167773449364539,"Dana_KO","Gstm1/Ly86","1"
"CCTCAGTTCACAACCA-1-2",1.06663273857777e-06,"Dana_KO","Ly86","0"
"CCTCAGTTCGAAGAAT-1-2",6.75023412802682,"Dana_KO","Car1","6"
"CCTCATGCACACGCCA-1-2",10.3681929317588,"Dana_KO","Hba-a2","6"
"CCTCATGCACCCGTAG-1-2",1.48401076671689e-06,"Dana_KO","Pf4","8"
"CCTCATGCAGGCCTGT-1-2",6.72690061534191,"Dana_KO","Car1","6"
"CCTCATGCATATCTGG-1-2",12.4979178974877,"Dana_KO","Ltf","12"
"CCTCATGTCACAGTGT-1-2",2.27239148653524e-06,"Dana_KO","Pf4","4"
"CCTCATGTCGCCTTTG-1-2",3.93935743390259,"Dana_KO","Car1","2"
"CCTCCAAAGATGAATC-1-2",1.02277305560513,"Dana_KO","Ly86","0"
"CCTCCAAAGGCTTAGG-1-2",0.678044469931475,"Dana_KO","Car1","2"
"CCTCCAAAGTCCTGCG-1-2",1.06174070756742,"Dana_KO","Car1","2"
"CCTCCAAGTGGATACG-1-2",16.7966020999598,"Dana_KO","Ltf","12"
"CCTCCAATCACGACTA-1-2",5.05491167412941e-06,"Dana_KO","CD34","7"
"CCTCCAATCGAACCAT-1-2",0.0936211030929073,"Dana_KO","Pf4","8"
"CCTCCTCAGGTGAGCT-1-2",2.22601615007534e-06,"Dana_KO","Pf4","3"
"CCTCCTCAGTCACTCA-1-2",15.7492620998116,"Dana_KO","Ly86","12"
"CCTCCTCCAATTGCGT-1-2",0.0165017377349763,"Dana_KO","Car1","4"
"CCTCCTCGTCCGACGT-1-2",1.5303861031768e-06,"Dana_KO","Pf4","8"
"CCTCCTCTCGCAGTTA-1-2",1.57243281823083,"Dana_KO","Ly86","1"
"CCTCCTCTCTGCTTTA-1-2",0.0478817183767752,"Dana_KO","CD34","4"
"CCTCTAGAGATGGCGT-1-2",2.96802153343378e-06,"Dana_KO","Fcnb","1"
"CCTCTAGAGGGTACGT-1-2",0.0325089595733976,"Dana_KO","Pf4","4"
"CCTCTAGAGTACAGCG-1-2",1.17844335887238,"Dana_KO","Car1","3"
"CCTCTAGAGTCACAGG-1-2",0.0481296783921781,"Dana_KO","Car1","3"
"CCTCTAGAGTGGTTCT-1-2",2.78252018759417e-07,"Dana_KO","Pf4","4"
"CCTCTAGCAAGCAATA-1-2",6.29166834281011,"Dana_KO","Car1","6"
"CCTCTAGGTATGCAAA-1-2",0.0569292557516194,"Dana_KO","Car1","3"
"CCTCTAGGTCCCTCAT-1-2",7.19102443957531,"Dana_KO","Hba-a2","6"
"CCTCTAGGTTCTATCT-1-2",0.435515015137906,"Dana_KO","Ly86","0"
"CCTCTAGTCGCAGTGC-1-2",0.0518198649504167,"Dana_KO","CD34","7"
"CCTCTAGTCGGTCAGC-1-2",0.362768911642655,"Dana_KO","CD34","4"
"CCTCTAGTCTACACAG-1-2",0.00219155469700705,"Dana_KO","CD34","7"
"CCTCTAGTCTATGCCC-1-2",5.00853633766951e-06,"Dana_KO","C1qb","14"
"CCTCTCCAGAGCAAGA-1-2",2.15860693255702,"Dana_KO","Fcnb","1"
"CCTCTCCCAGCATGCC-1-2",1.19250494945531,"Dana_KO","Fcnb","1"
"CCTCTCCGTACCTTCC-1-2",1.5767614396367e-06,"Dana_KO","Pf4","8"
"CCTCTCCGTCTCTCCA-1-2",5.57342920085527,"Dana_KO","Car1","6"
"CCTCTCCGTTGCATAC-1-2",0.513412650643978,"Dana_KO","Car1","4"
"CCTGCATAGAGCATAT-1-2",0.757362500203935,"Dana_KO","Car1","2"
"CCTGCATAGGAAAGGT-1-2",0.0125423558973861,"Dana_KO","Gstm1/CD63","1"
"CCTGCATAGTAGCAAT-1-2",0.0325090059487341,"Dana_KO","Pf4","4"
"CCTGCATAGTCGCCCA-1-2",2.17964081361544e-06,"Dana_KO","Car1","3"
"CCTGCATGTACTGACT-1-2",10.3681929781341,"Dana_KO","Hba-a2","6"
"CCTGCATGTACTTGTG-1-2",6.95630046898543e-07,"Dana_KO","Pf4","4"
"CCTGCATGTGAACTAA-1-2",4.96216100120961e-06,"Dana_KO","Gstm1/Ly86","7"
"CCTGCATTCTTCTGGC-1-2",0.0409418836986792,"Dana_KO","Pf4","3"
"CCTGTTGAGGTAACTA-1-2",0.144660562098923,"Dana_KO","Pf4","8"
"CCTGTTGAGTAAGACT-1-2",0.0289073752960554,"Dana_KO","Gstm1/Ly86","1"
"CCTGTTGAGTCGCCAC-1-2",0.123873254316711,"Dana_KO","Ly86","0"
"CCTGTTGCACCCGTAG-1-2",5.21778924783944,"Dana_KO","Hba-a2","6"
"CCTGTTGCAGTCGTTA-1-2",1.96015772651408,"Dana_KO","Car1","2"
"CCTTCAGAGGAAGTGA-1-2",3.93935748027793,"Dana_KO","Car1","4"
"CCTTCAGCATCCTGTC-1-2",0.30321993811904,"Dana_KO","Gstm1/Ly86","1"
"CCTTCAGGTGGAAATT-1-2",2.13326547715553e-06,"Dana_KO","Pf4","4"
"CCTTCAGTCACCTCGT-1-2",0.000782415597084807,"Dana_KO","Ly86","0"
"CCTTCAGTCCGAAGGA-1-2",0.00108016186884474,"Dana_KO","Unannotated","3"
"CCTTCAGTCGCACGGT-1-2",0.0325090523240705,"Dana_KO","Unannotated","4"
"CCTTGTGAGAGCATAT-1-2",3.01439686989369e-06,"Dana_KO","Gstm1/CD63","1"
"CCTTGTGAGGTAGACC-1-2",0.524594333708707,"Dana_KO","Gstm1/CD63","1"
"CCTTGTGCAAACGAGC-1-2",0.00209436102785521,"Dana_KO","Pf4","3"
"CCTTGTGCAAAGACGC-1-2",0.827036547659515,"Dana_KO","Car1","4"
"CCTTGTGCAAGTGGGT-1-2",0.056929209376283,"Dana_KO","Car1","3"
"CCTTGTGGTACAGTCT-1-2",0.032509098699407,"Dana_KO","Pf4","4"
"CCTTGTGGTAGCACAG-1-2",0.00208654309830214,"Dana_KO","Car1","4"
"CCTTGTGGTGATGGCA-1-2",0.219496707279183,"Dana_KO","Unannotated","8"
"CCTTGTGGTGTGGACA-1-2",0.477021377521331,"Dana_KO","Gstm1/CD63","1"
"CCTTTGGAGAAGATCT-1-2",0.286064621264944,"Dana_KO","Gstm1/Ly86","13"
"CCTTTGGAGCCATATC-1-2",2.1409860202702,"Dana_KO","Gstm1/CD63","1"
"CCTTTGGAGCCTCAAT-1-2",0.0165017841103128,"Dana_KO","Car1","4"
"CCTTTGGAGGAGGCAG-1-2",4.91578566474971e-06,"Dana_KO","CD34","7"
"CCTTTGGCAAACGGCA-1-2",0.0204452223605447,"Dana_KO","Ly86","0"
"CCTTTGGCAAGCTACT-1-2",2.07119801719617,"Dana_KO","Car1","2"
"CCTTTGGCACAATTCG-1-2",1.6231367760966e-06,"Dana_KO","Pf4","8"
"CCTTTGGCATCGCTGG-1-2",2.08689014069563e-06,"Dana_KO","Pf4","3"
"CCTTTGGCATGGAATA-1-2",1.96628708324908,"Dana_KO","Car1","2"
"CCTTTGGGTACTCGCG-1-2",2.69915885896178,"Dana_KO","Car1","2"
"CCTTTGGGTCACCACG-1-2",0.0516468908646502,"Dana_KO","CD34","11"
"CCTTTGGGTTATCCAG-1-2",0.0163894301603746,"Dana_KO","Pf4","3"
"CCTTTGGTCACGGGCT-1-2",5.07048892175952,"Dana_KO","Car1","6"
"CCTTTGGTCCGGTAAT-1-2",3.06077220635359e-06,"Dana_KO","Gstm1/CD63","1"
"CCTTTGGTCTGCTGAA-1-2",7.42005383358446e-07,"Dana_KO","Unannotated","4"
"CGAAGGAAGCCGCTTG-1-2",18.2592219343344,"Dana_KO","Ltf","12"
"CGAAGGAAGCGGCTCT-1-2",1.6695121125565e-06,"Dana_KO","Pf4","8"
"CGAAGGACACAGTACT-1-2",2.04051480423573e-06,"Dana_KO","Pf4","3"
"CGAAGGAGTAACTGCT-1-2",1.71588744901641e-06,"Dana_KO","Pf4","8"
"CGAAGGAGTGATATAG-1-2",1.76226278547631e-06,"Dana_KO","Pf4","4"
"CGAAGGATCGTGGTAT-1-2",1.17859760322354,"Dana_KO","Car1","2"
"CGAAGTTAGTGGTGAC-1-2",1.04276420425453,"Dana_KO","Gstm1/CD63","1"
"CGAAGTTCAATAACCC-1-2",2.14098606664554,"Dana_KO","Gstm1/CD63","1"
"CGAAGTTCAGGCACTC-1-2",0.0479573805718188,"Dana_KO","Car1","4"
"CGAAGTTCATGACGAG-1-2",2.40339255841736,"Dana_KO","Car1","2"
"CGAAGTTGTCATGCAT-1-2",0.0381129320469573,"Dana_KO","Pf4","8"
"CGAAGTTGTCCATACA-1-2",18.0367730097952,"Dana_KO","Ltf","12"
"CGAAGTTGTCGAATTC-1-2",1.17844340524771,"Dana_KO","Car1","3"
"CGAAGTTGTCGCCTAG-1-2",0.0976609944712732,"Dana_KO","Pf4","3"
"CGAAGTTGTGAGGATC-1-2",2.14098611302088,"Dana_KO","Gstm1/CD63","1"
"CGAAGTTGTTAAGGGC-1-2",0.0325091450747435,"Dana_KO","Pf4","4"
"CGAAGTTGTTACAGCT-1-2",0.211303762740828,"Dana_KO","Pf4","3"
"CGAAGTTTCATTCGTT-1-2",1.5303861031768e-06,"Dana_KO","Car1","4"
"CGAAGTTTCCATAGGT-1-2",1.99413946777582e-06,"Dana_KO","Car1","3"
"CGAAGTTTCGCACTCT-1-2",0.00914835082527654,"Dana_KO","CD34","1"
"CGAAGTTTCTTCCGTG-1-2",1.94776413131592e-06,"Dana_KO","Pf4","3"
"CGAATTGAGGGATCAC-1-2",12.497917943863,"Dana_KO","Ltf","12"
"CGAATTGAGGTCGACA-1-2",7.88380719818349e-07,"Dana_KO","Pf4","4"
"CGAATTGCACTTCTCG-1-2",8.34756056278252e-07,"Dana_KO","CD34","4"
"CGAATTGCAGGATGAC-1-2",0.0325091914500799,"Dana_KO","Pf4","4"
"CGAATTGCATATGAAG-1-2",0.766789657946963,"Dana_KO","Car1","2"
"CGAATTGGTTCAGCGC-1-2",1.80863812193621e-06,"Dana_KO","Pf4","8"
"CGAATTGGTTGACTGT-1-2",0.459032034676268,"Dana_KO","CD34","7"
"CGAATTGGTTGTCTAG-1-2",0.0127557747450679,"Dana_KO","Car1","3"
"CGACAGCAGAAGGTAG-1-2",0.409553767659776,"Dana_KO","Pf4","8"
"CGACAGCAGTAACCGG-1-2",0.0986815354273338,"Dana_KO","Gstm1/Ly86","1"
"CGACAGCCAACTCATG-1-2",2.31876682299514e-07,"Dana_KO","CD34","4"
"CGACAGCCACTTGAGT-1-2",1.17373025455197,"Dana_KO","Car1","2"
"CGACAGCGTCGACTTA-1-2",3.95100843423268,"Dana_KO","Car1","2"
"CGACAGCGTTCCAGGC-1-2",2.14098615939621,"Dana_KO","Gstm1/CD63","1"
"CGACAGCTCAACCTCC-1-2",1.57243286460617,"Dana_KO","Gstm1/CD63","1"
"CGAGAAGAGTCATGCT-1-2",0.505349556598251,"Dana_KO","Pf4","8"
"CGAGAAGGTCACTAGT-1-2",1.85501345839612e-06,"Dana_KO","Pf4","8"
"CGAGAAGGTGGTCTAT-1-2",6.27050565994633,"Dana_KO","Hba-a2","6"
"CGAGGAAAGACTAGAT-1-2",0.00219150832167059,"Dana_KO","Gstm1/CD63","7"
"CGAGGAAAGTACTGTC-1-2",0.808071598741817,"Dana_KO","Car1","2"
"CGAGGAAAGTCCGTCG-1-2",0.55693061471574,"Dana_KO","Gstm1/CD63","1"
"CGAGGAACACACGGAA-1-2",1.90138879485602e-06,"Dana_KO","Car1","3"
"CGAGGAAGTAACGGTG-1-2",1.05279337678405,"Dana_KO","Car1","2"
"CGAGGAAGTCACGCTG-1-2",0.809635946009701,"Dana_KO","Pf4","8"
"CGAGGAATCCGTTGGG-1-2",0.0165018304856492,"Dana_KO","Car1","4"
"CGAGGCTAGAGTGACC-1-2",1.90138879485602e-06,"Dana_KO","Pf4","8"
"CGAGGCTAGGCCTTGC-1-2",0.00432623280699629,"Dana_KO","Fcnb","11"
"CGAGGCTCATGGACAG-1-2",0.00432618643165983,"Dana_KO","Hba-a2","11"
"CGAGGCTGTAGGGAGG-1-2",3.68566344864385,"Dana_KO","Car1","2"
"CGAGGCTTCACAATGC-1-2",5.10128701058932e-07,"Dana_KO","Unannotated","3"
"CGAGGCTTCACCGCTT-1-2",18.2691481568667,"Dana_KO","Ltf","12"
"CGAGGCTTCGGAGTGA-1-2",0.0284216160925803,"Dana_KO","Car1","3"
"CGAGTGCCAAATGGCG-1-2",0.0325092378254164,"Dana_KO","Pf4","4"
"CGAGTGCCACTAGAGG-1-2",0.000455315535975442,"Dana_KO","Car1","7"
"CGAGTGCGTCGAGTGA-1-2",0.0325092842007528,"Dana_KO","Pf4","4"
"CGAGTGCTCATTTGCT-1-2",0.852317100401708,"Dana_KO","Gstm1/CD63","1"
"CGAGTTAAGAGTCTTC-1-2",1.07241941644651,"Dana_KO","Fcnb","1"
"CGAGTTAAGCCAGTAG-1-2",1.10649927303759,"Dana_KO","Gstm1/Ly86","0"
"CGAGTTAAGTCCGCCA-1-2",1.94776413131592e-06,"Dana_KO","Pf4","8"
"CGAGTTACACCATAAC-1-2",1.99413946777582e-06,"Dana_KO","Pf4","8"
"CGAGTTACACTGAGGA-1-2",4.8694103282898e-06,"Dana_KO","CD34","7"
"CGAGTTACATGAGGGT-1-2",0.185998677840301,"Dana_KO","Car1","2"
"CGAGTTAGTCAGATTC-1-2",3.98866621887993,"Dana_KO","Car1","2"
"CGAGTTAGTCGAGATG-1-2",3.10714754281349e-06,"Dana_KO","Ly86","14"
"CGAGTTATCAGACAAA-1-2",0.0217621169592621,"Dana_KO","Pf4","8"
"CGAGTTATCAGAGTTC-1-2",0.00219146194633413,"Dana_KO","CD34","7"
"CGAGTTATCGAGAAAT-1-2",0.148290703600349,"Dana_KO","Car1","2"
"CGAGTTATCGCAGTTA-1-2",0.942576307694363,"Dana_KO","Fcnb","1"
"CGATCGGAGATGATTG-1-2",8.81131392738155e-07,"Dana_KO","Pf4","8"
"CGATCGGCACCCTGTT-1-2",1.85501345839612e-06,"Dana_KO","Pf4","4"
"CGATCGGCACGTCGTG-1-2",1.03901472974384,"Dana_KO","Fcnb","1"
"CGATCGGCAGACCGCT-1-2",0.0307193637978216,"Dana_KO","Pf4","8"
"CGATCGGCATACCACA-1-2",0.952343228356118,"Dana_KO","Gstm1/CD63","1"
"CGATCGGTCACAGTGT-1-2",0.000455269160638982,"Dana_KO","Pf4","11"
"CGATCGGTCTACGGTA-1-2",1.57243291098151,"Dana_KO","Gstm1/CD63","1"
"CGATCGGTCTCTCTAA-1-2",4.63753364599029e-07,"Dana_KO","Car1","4"
"CGATGCGAGTACAACA-1-2",9.27506729198058e-07,"Dana_KO","CD34","4"
"CGATGCGCAAGTTCCA-1-2",0.539793817689646,"Dana_KO","Unannotated","2"
"CGATGCGCACTGTCCT-1-2",0.147487046900184,"Dana_KO","Gstm1/CD63","1"
"CGATGCGCAGACATCT-1-2",2.04051480423573e-06,"Dana_KO","Pf4","8"
"CGATGCGGTCCCTGTT-1-2",0.0569291630009465,"Dana_KO","Car1","3"
"CGATGCGGTTAGAAGT-1-2",4.8230349918299e-06,"Dana_KO","CD34","7"
"CGATGCGGTTCAACGT-1-2",18.2785760584023,"Dana_KO","Ltf","12"
"CGATGCGTCATGGTAC-1-2",1.80863812193621e-06,"Dana_KO","Pf4","3"
"CGATGCGTCCAGCACG-1-2",0.0217621633345986,"Dana_KO","Pf4","8"
"CGATGCGTCGCAATTG-1-2",0.762594352874458,"Dana_KO","Fcnb","1"
"CGATGCGTCGGCTTGG-1-2",2.71702796508825,"Dana_KO","Car1","2"
"CGATGCGTCTGTGCTC-1-2",0.0839356565844955,"Dana_KO","Fcnb","1"
"CGATGGCAGCACGTCC-1-2",0.572827799697641,"Dana_KO","Fcnb","1"
"CGATGGCCAACCGCCA-1-2",1.38595632688816,"Dana_KO","Car1","3"
"CGATGGCCACAAATGA-1-2",4.77665965537e-06,"Dana_KO","CD34","7"
"CGATGGCGTATCACGT-1-2",2.80995591507962,"Dana_KO","Car1","2"
"CGATGGCGTGTATTCG-1-2",0.00474650735454851,"Dana_KO","Unannotated","2"
"CGATGGCGTTAGAAGT-1-2",0.511789273542459,"Dana_KO","Fcnb","1"
"CGATGGCGTTGAGAGC-1-2",0.737930310311745,"Dana_KO","Pf4","4"
"CGATGGCTCAACTTTC-1-2",0.464152522476778,"Dana_KO","Ly86","1"
"CGCAGGTAGAGGATGA-1-2",1.96448885169703,"Dana_KO","Car1","2"
"CGCAGGTAGTATAGGT-1-2",3.95100848060801,"Dana_KO","Car1","2"
"CGCAGGTAGTCTACCA-1-2",0.0872618864681791,"Dana_KO","Gstm1/Ly86","1"
"CGCAGGTCACACCTAA-1-2",2.08689014069563e-06,"Dana_KO","Ly86","1"
"CGCAGGTCACCTGTCT-1-2",1.63814919483707,"Dana_KO","Car1","3"
"CGCAGGTGTCAAGTTC-1-2",1.76226278547631e-06,"Dana_KO","Car1","3"
"CGCAGGTTCGCAATGT-1-2",5.48007566279629,"Dana_KO","Car1","2"
"CGCATAAAGGACTTCT-1-2",0.950417471757726,"Dana_KO","Pf4","2"
"CGCATAAAGGCGCTTC-1-2",0,"Dana_KO","Pf4","4"
"CGCATAAAGTATCTGC-1-2",2.08689014069563e-06,"Dana_KO","Pf4","8"
"CGCATAACAGGTCCGT-1-2",0.00634145983243384,"Dana_KO","Ly86","0"
"CGCATAACATTAAAGG-1-2",1.71588744901641e-06,"Dana_KO","Pf4","3"
"CGCATAAGTCTGTCAA-1-2",1.6695121125565e-06,"Dana_KO","Pf4","4"
"CGCATAATCTAAGAAG-1-2",0.344955889059706,"Dana_KO","Car1","4"
"CGCATGGAGGGTCACA-1-2",0.454467647104197,"Dana_KO","Car1","3"
"CGCATGGAGGTCCAGA-1-2",7.19102448595065,"Dana_KO","Hba-a2","6"
"CGCATGGCAAAGGCAC-1-2",2.15860697893236,"Dana_KO","Fcnb","1"
"CGCATGGCAAGTGGGT-1-2",0.292862560200214,"Dana_KO","Ly86","0"
"CGCATGGCACGCAAAG-1-2",0.390454376447597,"Dana_KO","CD34","3"
"CGCATGGCAGAGGAAA-1-2",0.102489784899189,"Dana_KO","Car1","4"
"CGCATGGCAGTTGGTT-1-2",0.0165018768609857,"Dana_KO","Unannotated","3"
"CGCATGGGTAATTAGG-1-2",0.0419809842400558,"Dana_KO","Car1","4"
"CGCATGGGTCTTTCTA-1-2",0.0688876976789872,"Dana_KO","Car1","4"
"CGCATGGGTGGTTTGT-1-2",2.13326547715553e-06,"Dana_KO","Pf4","8"
"CGCATGGGTTGGAGGT-1-2",0.0677237236718908,"Dana_KO","Gstm1/CD63","1"
"CGCATGGTCCATACTT-1-2",4.20094886330285,"Dana_KO","Car1","2"
"CGCATGGTCTGTACAG-1-2",2.17964081361544e-06,"Dana_KO","Pf4","8"
"CGCCAGAAGACCCTTA-1-2",3.93935752665327,"Dana_KO","Car1","2"
"CGCCAGACACTTGACA-1-2",0.0325093305760893,"Dana_KO","Unannotated","3"
"CGCCAGAGTAATTAGG-1-2",0.427872018107988,"Dana_KO","Ly86","0"
"CGCCAGAGTAGCCAGA-1-2",0.76707728200151,"Dana_KO","Car1","2"
"CGCCAGATCGACATTG-1-2",0.459031988300932,"Dana_KO","CD34","7"
"CGCCATTAGAGATTCA-1-2",1.40570525831566,"Dana_KO","Unannotated","11"
"CGCCATTAGCAGAAAG-1-2",2.65494765487977,"Dana_KO","Car1","2"
"CGCCATTAGCGTGAGT-1-2",0.00189059645702061,"Dana_KO","Ly86","0"
"CGCCATTAGGAAGAAC-1-2",0.0325093769514258,"Dana_KO","Pf4","4"
"CGCCATTAGGCGCTCT-1-2",0.00219141557099767,"Dana_KO","Gstm1/CD63","7"
"CGCCATTAGGTTCAGG-1-2",2.22601615007534e-06,"Dana_KO","Pf4","8"
"CGCCATTAGTCCCGGT-1-2",3.99873053585962,"Dana_KO","Car1","2"
"CGCCATTAGTCCGTCG-1-2",0.0903616061326784,"Dana_KO","Gstm1/CD63","1"
"CGCCATTCACATTCGA-1-2",0.153925200753721,"Dana_KO","Car1","4"
"CGCCATTGTATACGGG-1-2",3.1535228792734e-06,"Dana_KO","Gstm1/Ly86","1"
"CGCCATTGTTATTCTC-1-2",0.395006719636518,"Dana_KO","Pf4","8"
"CGCCATTTCTCATGCC-1-2",0.767077328376847,"Dana_KO","Car1","2"
"CGCGTGAAGACCGTTT-1-2",0.00683253144080842,"Dana_KO","Car1","3"
"CGCGTGACACATGGTT-1-2",2.27239148653524e-06,"Dana_KO","Pf4","8"
"CGCGTGACACTGGACC-1-2",0.377346053137943,"Dana_KO","Ly86","0"
"CGCGTGAGTATCGCAT-1-2",2.31876682299514e-06,"Dana_KO","Pf4","8"
"CGCGTGAGTCTGCATA-1-2",0.0490084909946278,"Dana_KO","Pf4","8"
"CGCGTGAGTGAGAACC-1-2",3.1998982157333e-06,"Dana_KO","Fcnb","1"
"CGCGTGAGTTAGAGAT-1-2",0.0569291166256101,"Dana_KO","Car1","3"
"CGCGTGAGTTCTATCT-1-2",0.0644093184188332,"Dana_KO","CD34","1"
"CGCGTGATCGAACCTA-1-2",6.29166838918545,"Dana_KO","Car1","6"
"CGCGTGATCGCGCTGA-1-2",0.864843311450352,"Dana_KO","Gstm1/CD63","1"
"CGCGTGATCTACACAG-1-2",0.0325094233267622,"Dana_KO","Car1","4"
"CGGAACCAGACGTCGA-1-2",5.85459611210563,"Dana_KO","Car1","4"
"CGGAACCCAAAGACTA-1-2",6.63874171939033,"Dana_KO","Car1","6"
"CGGAACCCATGACGGA-1-2",0.671294472963321,"Dana_KO","Gstm1/Ly86","0"
"CGGAACCGTCTAACTG-1-2",4.17378028139126e-07,"Dana_KO","Car1","4"
"CGGAACCTCGGAGCAA-1-2",0.385236178713617,"Dana_KO","Car1","3"
"CGGAACCTCGTCGACG-1-2",0.459031941925595,"Dana_KO","CD34","7"
"CGGAACCTCTTGGATG-1-2",0.0569290702502736,"Dana_KO","Car1","3"
"CGGAATTAGCTGACAG-1-2",3.71002691679223e-07,"Dana_KO","Car1","4"
"CGGAATTGTACAAGCG-1-2",0.108191349120392,"Dana_KO","CD34","4"
"CGGAATTTCAACTTTC-1-2",0.951151079497363,"Dana_KO","Ly86","0"
"CGGAATTTCTTGCAGA-1-2",0.0290030514444219,"Dana_KO","Pf4","8"
"CGGACACAGAAACTAC-1-2",0.513412697019315,"Dana_KO","Car1","4"
"CGGACACGTCCGAAAG-1-2",0.228391195416009,"Dana_KO","Car1","2"
"CGGACACGTCGATTCA-1-2",0.73377387447329,"Dana_KO","Pf4","2"
"CGGACACGTTAAACCC-1-2",0.313377673805061,"Dana_KO","Car1","4"
"CGGACACTCACCGGTG-1-2",2.36514215945505e-06,"Dana_KO","Pf4","4"
"CGGACACTCCGAACGC-1-2",0.00108011549350828,"Dana_KO","Car1","3"
"CGGACACTCTCGCTTG-1-2",16.505977128293,"Dana_KO","Ltf","12"
"CGGACACTCTTACGTT-1-2",0.20411318958539,"Dana_KO","Car1","3"
"CGGAGAAAGAGAATCT-1-2",1.9796145716212,"Dana_KO","Car1","2"
"CGGAGAAAGAGTATAC-1-2",0.0569290238749371,"Dana_KO","Car1","3"
"CGGAGAAAGTGATCGG-1-2",0.682646825590231,"Dana_KO","Pf4","8"
"CGGAGAAGTCACGCTG-1-2",18.0888227831112,"Dana_KO","Ltf","12"
"CGGAGAAGTCAGCTTA-1-2",0.0569289774996007,"Dana_KO","Car1","3"
"CGGAGAAGTGGACCAA-1-2",2.41151749591495e-06,"Dana_KO","Pf4","4"
"CGGAGAAGTGGGAGAG-1-2",10.3681930245095,"Dana_KO","Hba-a2","6"
"CGGAGAAGTGGTTCTA-1-2",0.0569289311242642,"Dana_KO","CD34","3"
"CGGAGAATCGTCTCAC-1-2",0.944799452094768,"Dana_KO","Car1","3"
"CGGCAGTAGCGACCCT-1-2",0.0873204278800643,"Dana_KO","Car1","4"
"CGGCAGTCAAGGTCAG-1-2",0.00167778086898185,"Dana_KO","Gstm1/CD63","1"
"CGGCAGTCAGGGTCTC-1-2",0.0325094697020987,"Dana_KO","CD34","4"
"CGGCAGTGTATGAGCG-1-2",0.0412954958899716,"Dana_KO","Ly86","1"
"CGGCAGTGTCGACTTA-1-2",0.00904397687464642,"Dana_KO","Car1","2"
"CGGCAGTTCATTGCGA-1-2",6.29166843556078,"Dana_KO","Car1","6"
"CGGGACTAGGGTAGCT-1-2",9.73882065657961e-07,"Dana_KO","Pf4","8"
"CGGGACTCAAACCGGA-1-2",0.021762209709935,"Dana_KO","Pf4","8"
"CGGGACTCAATCAGCT-1-2",9.57937198709725,"Dana_KO","Hba-a2","6"
"CGGGACTCAGGCTTGC-1-2",6.29166848193612,"Dana_KO","Hba-a2","6"
"CGGGACTGTAGCTCGC-1-2",0.514981046768639,"Dana_KO","Pf4","8"
"CGGGCATAGGAGGGTG-1-2",2.4033926047927,"Dana_KO","Car1","2"
"CGGGCATAGGCCACCT-1-2",0.106939889139151,"Dana_KO","Ly86","0"
"CGGGCATAGGGATCGT-1-2",1.2272701862865,"Dana_KO","Car1","3"
"CGGGCATCAGTAGAAT-1-2",0.232604215982512,"Dana_KO","Pf4","8"
"CGGGCATCATCTTTCA-1-2",4.73028431891009e-06,"Dana_KO","Ly86","7"
"CGGGCATGTCTGGTTA-1-2",0.131583985913798,"Dana_KO","Unannotated","2"
"CGGGCATTCGCAGATT-1-2",0.0479574269471552,"Dana_KO","Car1","4"
"CGGGCATTCTGCCCTA-1-2",0.513412743394651,"Dana_KO","Car1","4"
"CGGGCATTCTGCGGAC-1-2",2.45789283237485e-06,"Dana_KO","Pf4","8"
"CGGGTCAAGGCTGTAG-1-2",17.5370074144338,"Dana_KO","Ltf","12"
"CGGGTCACATGGAGAC-1-2",10.3681930708848,"Dana_KO","Hba-a2","6"
"CGGGTCAGTCGGCTAC-1-2",0.176546940079395,"Dana_KO","Car1","7"
"CGGGTCAGTGCCGTAC-1-2",0.0325095160774351,"Dana_KO","Pf4","3"
"CGGGTCAGTGTCGCTG-1-2",3.2462735521932e-07,"Dana_KO","Car1","4"
"CGGGTCATCCTACAAG-1-2",4.68390898245019e-06,"Dana_KO","Gstm1/CD63","7"
"CGGGTCATCTCCAAGA-1-2",0.0758385529660588,"Dana_KO","Gstm1/CD63","1"
"CGGGTGTAGAGTCACG-1-2",6.17648963041925,"Dana_KO","Car1","6"
"CGGGTGTAGCACTTTG-1-2",5.56182770402525,"Dana_KO","Car1","6"
"CGGGTGTAGGCTGAAC-1-2",2.50426816883476e-06,"Dana_KO","Pf4","8"
"CGGGTGTCACAGGATG-1-2",0.0232571475299177,"Dana_KO","Car1","3"
"CGGGTGTCACATCATG-1-2",2.55064350529466e-06,"Dana_KO","Pf4","8"
"CGGGTGTGTAAGTAGT-1-2",0.0325095624527716,"Dana_KO","Pf4","4"
"CGGGTGTGTGTTAGCT-1-2",0.454872076804487,"Dana_KO","Unannotated","4"
"CGGGTGTGTTCCGCTT-1-2",0.0409419300740157,"Dana_KO","Car1","4"
"CGGGTGTGTTCCTTGC-1-2",0.00548245976013995,"Dana_KO","Ly86","0"
"CGGGTGTTCACTTCTA-1-2",3.68086299619465,"Dana_KO","Car1","2"
"CGGGTGTTCATGAGTC-1-2",0.00219136919566121,"Dana_KO","Gstm1/Ly86","7"
"CGGGTGTTCCCATACC-1-2",0,"Dana_KO","Car1","2"
"CGGGTGTTCTACGCAA-1-2",0.00432614005632337,"Dana_KO","Hba-a2","11"
"CGGTCAGCAACAGAGC-1-2",4.02751991593298,"Dana_KO","Car1","2"
"CGGTCAGCATCCAACA-1-2",0.0604675314821903,"Dana_KO","Ly86","0"
"CGGTCAGGTGTAGGAC-1-2",9.27506729198058e-08,"Dana_KO","Gstm1/CD63","1"
"CGTAAGTAGGACGGAG-1-2",0.0326901428600828,"Dana_KO","Gstm1/Ly86","0"
"CGTAAGTAGGAGTATT-1-2",0.27197115021586,"Dana_KO","Ly86","0"
"CGTAAGTCAATTGAAG-1-2",0.0011711927783673,"Dana_KO","CD34","0"
"CGTAAGTCACCTATCC-1-2",0.0638308367510924,"Dana_KO","Ly86","0"
"CGTAAGTCATTGACAC-1-2",0.0376862719635318,"Dana_KO","CD34","2"
"CGTAAGTGTCATCAGT-1-2",3.54778150036656,"Dana_KO","Car1","2"
"CGTAAGTGTCCTGGTG-1-2",0.00330099116164173,"Dana_KO","Pf4","2"
"CGTAAGTGTGCAGTGA-1-2",6.19023262371863,"Dana_KO","Car1","6"
"CGTAATGAGGGACACT-1-2",0.00360970960917495,"Dana_KO","Car1","11"
"CGTAATGAGGGTTAAT-1-2",2.88502919743922,"Dana_KO","Car1","2"
"CGTAATGAGTCTTCCC-1-2",1.6231367760966e-06,"Dana_KO","Pf4","3"
"CGTAATGCAAACACCT-1-2",5.48007570917163,"Dana_KO","Car1","11"
"CGTAATGCAGAATTCC-1-2",0.843470936132247,"Dana_KO","Vpreb1","7"
"CGTAATGCAGGCCTGT-1-2",3.2462735521932e-06,"Dana_KO","Gstm1/CD63","1"
"CGTAATGGTGGGTTGA-1-2",0.032509608828108,"Dana_KO","Pf4","4"
"CGTAATGTCCTCTAGC-1-2",3.2462735521932e-07,"Dana_KO","Pf4","4"
"CGTAATGTCGGTTGTA-1-2",0.941521402108404,"Dana_KO","Car1","3"
"CGTAATGTCGTGTTCC-1-2",1.96015777288942,"Dana_KO","Car1","2"
"CGTAATGTCTCTTGCG-1-2",0.339748477574149,"Dana_KO","Gstm1/CD63","1"
"CGTAGTAAGATCCGAG-1-2",0.00119898731208856,"Dana_KO","Pf4","4"
"CGTAGTAAGCTCGACC-1-2",2.59701884175456e-06,"Dana_KO","Pf4","8"
"CGTAGTACAATATCCG-1-2",0.345367470918085,"Dana_KO","Car1","3"
"CGTAGTACATATTCGG-1-2",2.43195016742389,"Dana_KO","Fcnb","1"
"CGTAGTACATCGGCCA-1-2",0.0409419764493522,"Dana_KO","Car1","4"
"CGTAGTAGTCCAAAGG-1-2",2.64339417821446e-06,"Dana_KO","Pf4","8"
"CGTAGTAGTTCACCGG-1-2",0.133671892588296,"Dana_KO","Pf4","8"
"CGTAGTATCTGCAGCG-1-2",1.22179443498463,"Dana_KO","Car1","2"
"CGTCAAAAGAAACCAT-1-2",10.3681931172602,"Dana_KO","Hba-a2","6"
"CGTCAAACAGTAACGG-1-2",0.0155364794609036,"Dana_KO","Car1","2"
"CGTCAAACATGACTAC-1-2",10.3681931636355,"Dana_KO","Hba-a2","6"
"CGTCAAAGTATCGTAC-1-2",4.63753364599029e-06,"Dana_KO","C1qb","14"
"CGTCAAAGTCAGGTGA-1-2",3.2926488886531e-06,"Dana_KO","Ly86","1"
"CGTCAAAGTCCAAGAG-1-2",2.41316889721999,"Dana_KO","Gstm1/CD63","1"
"CGTCAAAGTCTTCGAA-1-2",0.13649421113038,"Dana_KO","Pf4","8"
"CGTCAAATCCATGCAA-1-2",0.729005978720066,"Dana_KO","Pf4","8"
"CGTCAAATCCATTTCA-1-2",3.2462735521932e-07,"Dana_KO","Gstm1/CD63","10"
"CGTCAAATCGCTTGAA-1-2",0.230227943916888,"Dana_KO","Pf4","3"
"CGTCCATAGAGAGTTT-1-2",6.32319152168902,"Dana_KO","Car1","6"
"CGTCCATAGAGCTGCA-1-2",0.00432609368098691,"Dana_KO","Hba-a2","11"
"CGTCCATAGGAGATAG-1-2",2.40339265116803,"Dana_KO","Car1","2"
"CGTCCATCAAAGCGTG-1-2",10.3681932100108,"Dana_KO","Hba-a2","6"
"CGTCCATCACAAGTTC-1-2",0.0769909968428064,"Dana_KO","Pf4","8"
"CGTCCATCACTAACGT-1-2",0.00914830444994008,"Dana_KO","CD34","1"
"CGTCCATTCGTTCCTG-1-2",1.5767614396367e-06,"Dana_KO","Car1","4"
"CGTGAATAGACGCATG-1-2",3.33902422511301e-06,"Dana_KO","Gstm1/CD63","1"
"CGTGAATCAGTGTGGA-1-2",4.59115830953039e-06,"Dana_KO","CD34","7"
"CGTGAATGTATTGCCA-1-2",0.130142155531215,"Dana_KO","Pf4","3"
"CGTGAATTCGTTCATT-1-2",0.103774874848629,"Dana_KO","Car1","2"
"CGTGATAAGCCACCGT-1-2",0.119907077334305,"Dana_KO","Pf4","8"
"CGTGATAAGGGTCACA-1-2",2.68976951467437e-06,"Dana_KO","Pf4","8"
"CGTGATAAGTGAGGCT-1-2",0.0418811998621802,"Dana_KO","CD34","1"
"CGTGATACAATGAAAC-1-2",2.73614485113427e-06,"Dana_KO","Pf4","8"
"CGTGATACAGGCGTTC-1-2",0.118794155412887,"Dana_KO","Car1","3"
"CGTGATAGTACGAGCA-1-2",0.0655102955321796,"Dana_KO","Car1","2"
"CGTGATAGTTTCCATT-1-2",3.38539956157291e-06,"Dana_KO","Gstm1/CD63","1"
"CGTGATATCAGTGATC-1-2",2.12832363742434,"Dana_KO","Gstm1/CD63","1"
"CGTGATATCGCCTCTA-1-2",1.04276425062987,"Dana_KO","Gstm1/CD63","1"
"CGTGATATCTATACTC-1-2",0.0440356918920769,"Dana_KO","CD34","7"
"CGTGCTTAGACATGCG-1-2",1.85501345839612e-07,"Dana_KO","Gstm1/CD63","1"
"CGTGCTTGTCCCGCAA-1-2",3.43177489803281e-06,"Dana_KO","Ly86","14"
"CGTGCTTGTGCCTACG-1-2",0.0569288847489278,"Dana_KO","Car1","3"
"CGTGCTTTCGACCCAG-1-2",0.638456205018709,"Dana_KO","Car1","3"
"CGTGTCTAGAGAGAAC-1-2",0.39868877466823,"Dana_KO","Pf4","8"
"CGTGTCTGTTACACTG-1-2",0.0569288383735913,"Dana_KO","Pf4","3"
"CGTTAGAAGACTACCT-1-2",2.78252018759417e-06,"Dana_KO","Pf4","8"
"CGTTAGAAGCAATAAC-1-2",4.54478297307048e-06,"Dana_KO","Gstm1/Ly86","7"
"CGTTAGAAGCGCGTTC-1-2",3.47815023449272e-06,"Dana_KO","Ly86","14"
"CGTTAGACACTGCGTG-1-2",4.49840763661058e-06,"Dana_KO","Ly86","14"
"CGTTAGACATGTTCAG-1-2",0.0165019232363222,"Dana_KO","Car1","4"
"CGTTAGAGTCATAAAG-1-2",1.17844345162305,"Dana_KO","Car1","3"
"CGTTAGAGTCCCACGA-1-2",0.721495805889153,"Dana_KO","Car1","2"
"CGTTAGAGTGCATACT-1-2",10.3681932563862,"Dana_KO","Hba-a2","6"
"CGTTAGATCACTCTTA-1-2",0.470619934030541,"Dana_KO","Ly86","0"
"CGTTAGATCCCTTTGG-1-2",0.0379664656871026,"Dana_KO","CD34","4"
"CGTTCTGAGAATCGCG-1-2",0.0121759315145398,"Dana_KO","Car1","3"
"CGTTCTGAGTTGCGAG-1-2",1.5303861031768e-06,"Dana_KO","Pf4","3"
"CGTTCTGGTCGTGGTC-1-2",6.72140818429246,"Dana_KO","Car1","6"
"CGTTCTGGTCTCTCCA-1-2",10.3681933027615,"Dana_KO","Hba-a2","6"
"CGTTCTGGTGCGGTAA-1-2",5.17490119771789,"Dana_KO","Car1","2"
"CGTTCTGGTGTTACTG-1-2",0.0846734603660833,"Dana_KO","Ly86","1"
"CGTTCTGGTTACCGTA-1-2",5.31693676333753,"Dana_KO","Car1","2"
"CGTTCTGTCATGCATG-1-2",12.4979179902384,"Dana_KO","C1qb","12"
"CGTTGGGCAATAGGAT-1-2",1.48401076671689e-06,"Dana_KO","Car1","4"
"CGTTGGGCAGCATGCC-1-2",0.658682437172027,"Dana_KO","Car1","2"
"CGTTGGGCAGCGGTCT-1-2",0.727358484822068,"Dana_KO","Unannotated","8"
"CGTTGGGCAGGTCCGT-1-2",0.200941282869958,"Dana_KO","Pf4","3"
"CGTTGGGGTGAACCGA-1-2",0.0570335590864883,"Dana_KO","Car1","3"
"CGTTGGGGTGGAAATT-1-2",0.00219132282032475,"Dana_KO","CD34","7"
"CGTTGGGGTTCTGACA-1-2",0.798688715020156,"Dana_KO","Car1","2"
"CGTTGGGTCTCGCAGG-1-2",9.57937203347258,"Dana_KO","Hba-a2","6"
"CTAACCCAGATACATG-1-2",0.0665109206822287,"Dana_KO","Gstm1/CD63","1"
"CTAACCCAGCAATTAG-1-2",18.2567225556103,"Dana_KO","Ltf","12"
"CTAACCCAGCAGCCCT-1-2",0.00330103753697819,"Dana_KO","Car1","2"
"CTAACCCCATATGGCT-1-2",0.0204451759852082,"Dana_KO","CD34","0"
"CTAACCCCATTGACTG-1-2",0.950417518133062,"Dana_KO","Pf4","2"
"CTAACCCGTCAACCTA-1-2",10.3681933491368,"Dana_KO","Hba-a2","6"
"CTAACCCGTGTCCTAA-1-2",4.3825543588771,"Dana_KO","Car1","2"
"CTAACCCGTGTGAGCA-1-2",0.035918847983696,"Dana_KO","CD34","1"
"CTAACCCGTTGTCTAG-1-2",0.0569287919982548,"Dana_KO","Gstm1/Ly86","3"
"CTAACCCTCAACGAGG-1-2",0.027310262208075,"Dana_KO","Car1","3"
"CTAACCCTCTGAGAGG-1-2",0.0290698915535741,"Dana_KO","Ly86","0"
"CTAACTTAGAGGCGTT-1-2",2.82889552405408e-06,"Dana_KO","Pf4","8"
"CTAACTTAGCAGGTCA-1-2",1.33555251525779,"Dana_KO","Gstm1/CD63","1"
"CTAACTTCAAATGAAC-1-2",0.085783136069828,"Dana_KO","CD34","4"
"CTAACTTCAACTTGGT-1-2",0.205628148810652,"Dana_KO","Ly86","0"
"CTAACTTCAAGCTGCC-1-2",1.72866112829641,"Dana_KO","Fcnb","1"
"CTAACTTCAGGAAGTC-1-2",0.197714522899926,"Dana_KO","Car1","3"
"CTAACTTCATAACGGG-1-2",1.02025740211786e-06,"Dana_KO","Pf4","4"
"CTAACTTCATGCAGCC-1-2",1.06663273857777e-06,"Dana_KO","Pf4","4"
"CTAACTTGTAACACCT-1-2",1.29154138047472,"Dana_KO","Gstm1/CD63","1"
"CTAACTTTCAAAGACA-1-2",2.23384957413155,"Dana_KO","Fcnb","1"
"CTAACTTTCGGCTATA-1-2",1.98676978161306,"Dana_KO","Gstm1/CD63","1"
"CTAACTTTCTCTATAC-1-2",10.3681933955122,"Dana_KO","Hba-a2","6"
"CTAACTTTCTTTCCGG-1-2",1.11300807503767e-06,"Dana_KO","Pf4","4"
"CTAAGTGAGCTAAATG-1-2",0.00759624452506147,"Dana_KO","Ly86","0"
"CTAAGTGAGGGCAAGG-1-2",0.0118764765768073,"Dana_KO","Gstm1/CD63","1"
"CTAAGTGAGGTCGCCT-1-2",4.45203230015068e-06,"Dana_KO","Ly86","14"
"CTAAGTGAGTCGAAGC-1-2",0.459031895550259,"Dana_KO","Car1","7"
"CTAAGTGCAACCGTGC-1-2",0.272261596437838,"Dana_KO","Car1","2"
"CTAAGTGCAACTACGT-1-2",1.43763543025699e-06,"Dana_KO","Pf4","3"
"CTAAGTGCAGAAATCA-1-2",10.3681934418875,"Dana_KO","Hba-a2","6"
"CTAAGTGCATGGAATA-1-2",0.00124178383850793,"Dana_KO","Ly86","1"
"CTAAGTGCATTCTGTT-1-2",1.07000953223219,"Dana_KO","Car1","8"
"CTAAGTGTCCGCACTT-1-2",0.0569287456229184,"Dana_KO","Car1","3"
"CTAAGTGTCGAGAAAT-1-2",0.0409420228246886,"Dana_KO","Car1","4"
"CTACAGAAGCGCCTTG-1-2",10.3681934882629,"Dana_KO","Hba-a2","6"
"CTACAGAAGCGTCGAA-1-2",1.39126009379709e-06,"Dana_KO","Car1","3"
"CTACAGAGTGTCTAAC-1-2",18.2675499356684,"Dana_KO","Ltf","12"
"CTACAGAGTTCCGGTG-1-2",0.185998724215637,"Dana_KO","Unannotated","2"
"CTACAGATCCCATGGG-1-2",0.556930661091077,"Dana_KO","Gstm1/Ly86","1"
"CTACAGATCTACAGGT-1-2",2.40339269754337,"Dana_KO","Car1","2"
"CTACATTAGCGATCGA-1-2",0.0569286992475819,"Dana_KO","Car1","3"
"CTACATTCAAGTTTGC-1-2",1.34488475733718e-06,"Dana_KO","Car1","3"
"CTACATTCACCCTAAA-1-2",3.52452557095262e-06,"Dana_KO","Fcnb","1"
"CTACATTCAGAAGCTG-1-2",0.0569286528722455,"Dana_KO","Pf4","3"
"CTACATTCAGAATGTA-1-2",0.0696656052592809,"Dana_KO","Car1","3"
"CTACATTCAGAATTCC-1-2",0.0561236603862674,"Dana_KO","CD34","7"
"CTACATTGTCAGACGA-1-2",0.00432604730565045,"Dana_KO","Unannotated","11"
"CTACATTGTGTGTTTG-1-2",0.0165019696116586,"Dana_KO","Car1","3"
"CTACATTGTTGGGAAC-1-2",1.29850942087728e-06,"Dana_KO","Pf4","3"
"CTACATTGTTTGGCTA-1-2",4.38390629686663,"Dana_KO","Car1","2"
"CTACATTTCTGTCCCA-1-2",0.421033931056881,"Dana_KO","Unannotated","8"
"CTACCCAAGCCATTTG-1-2",1.15938341149757e-06,"Dana_KO","Car1","4"
"CTACCCAAGTAAACTG-1-2",1.25213408441738e-06,"Dana_KO","Pf4","3"
"CTACCCAGTAAGTTAG-1-2",0.0325096552034445,"Dana_KO","Car1","4"
"CTACCCAGTATGAGGC-1-2",4.34220603487941,"Dana_KO","Car1","2"
"CTACCCAGTGGTACAG-1-2",0.170341025969261,"Dana_KO","Pf4","3"
"CTACCCATCCTCTTTC-1-2",0.0419810306153923,"Dana_KO","Car1","4"
"CTACCTGAGCAATAAC-1-2",0.82207947541449,"Dana_KO","CD34","3"
"CTACCTGAGTGCACTT-1-2",2.87527086051398e-06,"Dana_KO","Pf4","8"
"CTACCTGCAGCCGTTG-1-2",15.8369263086743,"Dana_KO","Ltf","12"
"CTACCTGCATAACTCG-1-2",3.57090090741252e-06,"Dana_KO","Gstm1/CD63","1"
"CTACCTGCATACCAGT-1-2",1.20575874795747e-06,"Dana_KO","Pf4","4"
"CTACCTGCATGAATCC-1-2",2.92164619697388e-06,"Dana_KO","Pf4","8"
"CTACCTGGTATGAGGC-1-2",0.056928606496909,"Dana_KO","Car1","3"
"CTACCTGGTTAAAGTG-1-2",0.682646871965567,"Dana_KO","Pf4","8"
"CTACCTGGTTAAGGGC-1-2",0.0456718666543976,"Dana_KO","Gstm1/CD63","1"
"CTACGGGAGAATCGCG-1-2",0.122988402158995,"Dana_KO","Pf4","4"
"CTACGGGAGATACCAA-1-2",6.15288850811783,"Dana_KO","Car1","6"
"CTACGGGCAAAGTATG-1-2",0.0418740309556102,"Dana_KO","Car1","2"
"CTACGGGCAGCTCCTT-1-2",0.950417564508399,"Dana_KO","Pf4","2"
"CTACGGGCAGTTACCA-1-2",1.68343553083201,"Dana_KO","Car1","2"
"CTACGGGCATGATCTG-1-2",1.20575874795747e-06,"Dana_KO","Pf4","3"
"CTACGGGGTACTCAAC-1-2",2.96802153343378e-06,"Dana_KO","Pf4","8"
"CTACGGGGTCGCTGCA-1-2",3.01439686989369e-06,"Dana_KO","Pf4","8"
"CTACTATAGACTACGG-1-2",1.15938341149757e-06,"Dana_KO","CD34","3"
"CTACTATAGTACTGGG-1-2",0.193208129493646,"Dana_KO","CD34","7"
"CTACTATGTCAGCGTC-1-2",3.71002691679223e-07,"Dana_KO","Prg2","10"
"CTACTATGTGACAGCA-1-2",6.29166852831145,"Dana_KO","Car1","6"
"CTACTATGTGATACTC-1-2",1.02025740211786e-06,"Dana_KO","Ly86","0"
"CTACTATTCCAACCAA-1-2",0.016958218899368,"Dana_KO","Car1","3"
"CTACTATTCCCTCGAT-1-2",0.0569285601215725,"Dana_KO","Car1","3"
"CTACTATTCTGGTGGC-1-2",0.0736805805513718,"Dana_KO","Car1","4"
"CTAGACAAGAGTCACG-1-2",0.0204451296098718,"Dana_KO","Ly86","0"
"CTAGACAAGCCAGAGT-1-2",0.0218452985404903,"Dana_KO","Car1","3"
"CTAGACAAGTACTGTC-1-2",0.0761972999954754,"Dana_KO","Car1","2"
"CTAGACACAAAGGTTA-1-2",4.40565696369077e-06,"Dana_KO","CD34","7"
"CTAGACACACAGGATG-1-2",0.349425882298618,"Dana_KO","Gstm1/CD63","1"
"CTAGACAGTACGTAGG-1-2",0.0115376324187773,"Dana_KO","Gstm1/Ly86","0"
"CTAGACAGTCCTCAGG-1-2",0.459031849174922,"Dana_KO","CD34","7"
"CTAGACATCCGGTAGC-1-2",0.914195705268775,"Dana_KO","Unannotated","2"
"CTAGACATCGAGAACG-1-2",0.839625587619346,"Dana_KO","Fcnb","1"
"CTAGACATCGGCCAAC-1-2",15.8386238866095,"Dana_KO","Ltf","12"
"CTAGGTAAGTCCCAGC-1-2",0.80552292906231,"Dana_KO","Car1","4"
"CTAGGTACAACCCGCA-1-2",0.11455166523278,"Dana_KO","Car1","4"
"CTAGGTAGTGGTATGG-1-2",3.06077220635359e-06,"Dana_KO","Pf4","8"
"CTAGGTATCCAAGAGG-1-2",0.752870901452209,"Dana_KO","Car1","2"
"CTAGGTATCCGATGTA-1-2",2.78252018759417e-07,"Dana_KO","Car1","4"
"CTAGGTATCTCGTTTA-1-2",0.00904393049930996,"Dana_KO","Car1","2"
"CTATAGGAGAATAACC-1-2",0.0165020159869951,"Dana_KO","Car1","3"
"CTATAGGAGGTGTGAC-1-2",1.25213408441738e-06,"Dana_KO","Pf4","8"
"CTATCCGAGTCGCCAC-1-2",0.00167782724431831,"Dana_KO","Gstm1/CD63","1"
"CTATCCGCATCGCCTT-1-2",0.00108006911817182,"Dana_KO","Car1","3"
"CTATCCGGTAGTCTTG-1-2",0.0953364610709199,"Dana_KO","Car1","2"
"CTATCCGGTGCTGATT-1-2",6.29166857468679,"Dana_KO","Car1","6"
"CTATCCGGTTCTTAGG-1-2",1.48401076671689e-06,"Dana_KO","Car1","4"
"CTATCCGGTTTGTTCT-1-2",3.10714754281349e-06,"Dana_KO","Pf4","4"
"CTATCCGTCAAAGAAC-1-2",0.0813321476477999,"Dana_KO","Pf4","3"
"CTATCTACACCTGAAT-1-2",1.96015781926476,"Dana_KO","Car1","2"
"CTATCTACACGCAAAG-1-2",7.19102453232598,"Dana_KO","Car1","6"
"CTATCTAGTTCGTGCG-1-2",0.0569285137462361,"Dana_KO","Car1","3"
"CTATCTATCCACACAA-1-2",1.1035469755048,"Dana_KO","Gstm1/CD63","1"
"CTATCTATCTACCCAC-1-2",5.48007575554697,"Dana_KO","Car1","2"
"CTATCTATCTTCCACG-1-2",0.459031802799586,"Dana_KO","CD34","7"
"CTCAACCCAAGAATAC-1-2",6.75213818743475,"Dana_KO","Car1","6"
"CTCAACCCAATAAGGT-1-2",7.19102457870132,"Dana_KO","Hba-a2","6"
"CTCAACCCATTGAAGA-1-2",1.34016397938497,"Dana_KO","Gstm1/CD63","1"
"CTCAACCGTAATGTGA-1-2",0.0165020623623315,"Dana_KO","Car1","4"
"CTCAACCGTCCAAAGG-1-2",3.79319780732453,"Dana_KO","Car1","2"
"CTCAACCTCATCGCTC-1-2",0.123495512887907,"Dana_KO","CD34","4"
"CTCAACCTCGCCGATG-1-2",0.0459711587008493,"Dana_KO","Pf4","2"
"CTCAACCTCTGGGCAC-1-2",5.24736823010578,"Dana_KO","Car1","6"
"CTCAAGAAGAATTGCA-1-2",7.93454397224946,"Dana_KO","Car1","6"
"CTCAAGAAGACCATGG-1-2",3.61727624387242e-06,"Dana_KO","Ly86","14"
"CTCAAGACAAATGGAT-1-2",2.64569896680314,"Dana_KO","Car1","2"
"CTCAAGACACGAGGAT-1-2",5.48491662061027,"Dana_KO","Car1","2"
"CTCAAGACAGGGTTGA-1-2",2.00075864290929,"Dana_KO","Car1","2"
"CTCAAGAGTATGAAGT-1-2",0.0409420692000251,"Dana_KO","Pf4","4"
"CTCAATTAGTACAACA-1-2",0.145673514953167,"Dana_KO","Car1","3"
"CTCAATTGTACACGTT-1-2",4.11000153642491,"Dana_KO","Car1","2"
"CTCAATTGTGGAACAC-1-2",0.032509701578781,"Dana_KO","Car1","4"
"CTCAATTTCAGGAACG-1-2",0.0325097479541174,"Dana_KO","Pf4","4"
"CTCACTGAGACAACAT-1-2",5.42316213632856,"Dana_KO","Car1","2"
"CTCACTGAGATGGCAC-1-2",0.232604262357848,"Dana_KO","Pf4","8"
"CTCACTGAGGAAGTAG-1-2",5.57155973873165,"Dana_KO","Car1","2"
"CTCACTGAGGTGTGAC-1-2",0.120980800541955,"Dana_KO","Car1","2"
"CTCACTGAGTACTGGG-1-2",0,"Dana_KO","Car1","3"
"CTCACTGAGTTGGACG-1-2",0.0569284673708996,"Dana_KO","Pf4","3"
"CTCACTGCACACCTGG-1-2",0.475861853671394,"Dana_KO","Pf4","8"
"CTCACTGCACAGAGAC-1-2",15.2364846358837,"Dana_KO","Ltf","12"
"CTCACTGCAGACAATA-1-2",4.35928162723087e-06,"Dana_KO","CD34","7"
"CTCACTGCAGTTGCGC-1-2",0.408980021316383,"Dana_KO","Pf4","8"
"CTCACTGGTAGCTCGC-1-2",0.0241895069943225,"Dana_KO","Car1","2"
"CTCACTGGTATTAAGG-1-2",0.459031756424249,"Dana_KO","CD34","7"
"CTCACTGGTCCTCAGG-1-2",0.265419870970003,"Dana_KO","Unannotated","2"
"CTCACTGTCCAATCTT-1-2",4.09218091873934,"Dana_KO","Car1","2"
"CTCACTGTCTAGTCAG-1-2",0.0569284209955632,"Dana_KO","CD34","3"
"CTCAGAAAGCTTCATG-1-2",0.0325097943294539,"Dana_KO","Unannotated","4"
"CTCAGAAAGGAACTAT-1-2",0.0953365074462563,"Dana_KO","Car1","2"
"CTCAGAACAGTGACCC-1-2",0.721887832880529,"Dana_KO","Car1","2"
"CTCAGAAGTCCTACGG-1-2",3.91284016924703,"Dana_KO","Car1","4"
"CTCAGAAGTGTCCCTT-1-2",0.686465271498733,"Dana_KO","Car1","2"
"CTCAGAATCACATTGG-1-2",0.026358465356778,"Dana_KO","Ly86","0"
"CTCAGAATCCTCGATC-1-2",0.0745271674693755,"Dana_KO","Pf4","8"
"CTCAGAATCCTTACCG-1-2",0.0569283746202267,"Dana_KO","Car1","3"
"CTCAGGGAGGTCACCC-1-2",0.0166787800140482,"Dana_KO","CD34","11"
"CTCAGGGAGTCACGCC-1-2",6.75265435881331,"Dana_KO","Car1","2"
"CTCAGGGCACGAGGAT-1-2",3.1535228792734e-06,"Dana_KO","Pf4","4"
"CTCAGGGCACTATCGA-1-2",5.53273420671603,"Dana_KO","Car1","2"
"CTCAGGGCACTGGAAG-1-2",0.0105245656684962,"Dana_KO","CD34","3"
"CTCAGGGCAGAATTCC-1-2",0.0409421155753615,"Dana_KO","Car1","4"
"CTCAGGGTCACTGGTA-1-2",15.7489634077052,"Dana_KO","Ltf","12"
"CTCAGTCAGCAAACAT-1-2",14.9570793916055,"Dana_KO","Ltf","12"
"CTCAGTCAGCACGTCC-1-2",0.28923564553025,"Dana_KO","Ly86","1"
"CTCAGTCCAATTTCCT-1-2",1.73212352334877,"Dana_KO","Fcnb","1"
"CTCAGTCCAGGATTCT-1-2",1.11300807503767e-06,"Dana_KO","Pf4","3"
"CTCAGTCGTCTGATCA-1-2",0.344955935435043,"Dana_KO","Car1","4"
"CTCAGTCTCAGTGGGA-1-2",0.0337554535551283,"Dana_KO","Car1","4"
"CTCAGTCTCCATAGGT-1-2",7.19102462507666,"Dana_KO","Hba-a2","6"
"CTCAGTCTCGATCCAA-1-2",1.99736954155273,"Dana_KO","Car1","2"
"CTCAGTCTCTGTCAGA-1-2",3.9393575730286,"Dana_KO","Car1","4"
"CTCATCGAGGCTTAAA-1-2",0.0979403621635866,"Dana_KO","Gstm1/CD63","1"
"CTCATCGAGTGCTCGC-1-2",0.733362078100424,"Dana_KO","Pf4","8"
"CTCATCGAGTGGACGT-1-2",3.66365158033233e-06,"Dana_KO","Fcnb","1"
"CTCATCGCAAATTAGG-1-2",0.040942161950698,"Dana_KO","Car1","4"
"CTCATCGCAGTCAACT-1-2",0.0325098407047903,"Dana_KO","CD34","4"
"CTCATCGGTAGTCACT-1-2",0.347458551241759,"Dana_KO","Fcnb","13"
"CTCATCGTCCCGAGAC-1-2",0.00432600093031399,"Dana_KO","Car1","11"
"CTCATCGTCCGACGGT-1-2",3.93935761940394,"Dana_KO","Car1","2"
"CTCATGCAGTGGTTAA-1-2",2.40339274391871,"Dana_KO","Car1","2"
"CTCATGCCACTCCGAG-1-2",0.132433861813394,"Dana_KO","Pf4","8"
"CTCATGCCAGTTTGGT-1-2",12.4979180366137,"Dana_KO","Ltf","12"
"CTCATGCGTAACCAGG-1-2",1.21119262166369,"Dana_KO","Car1","2"
"CTCATGCGTGTGAATA-1-2",1.06663273857777e-06,"Dana_KO","Pf4","3"
"CTCATGCGTTTGATCG-1-2",0.0569283282448902,"Dana_KO","Car1","3"
"CTCATGCTCACCCTGT-1-2",0.347885443020652,"Dana_KO","Gstm1/Ly86","0"
"CTCATGCTCACTGCTC-1-2",0.347458597617095,"Dana_KO","Gstm1/CD63","1"
"CTCATTAAGGAGAATG-1-2",3.1998982157333e-06,"Dana_KO","Pf4","8"
"CTCATTAAGTGCACTT-1-2",0.0418812462375167,"Dana_KO","Gstm1/CD63","1"
"CTCATTACATCATCTT-1-2",3.2462735521932e-06,"Dana_KO","Pf4","8"
"CTCATTAGTCGGTAAG-1-2",0.339335984339781,"Dana_KO","Pf4","3"
"CTCATTAGTGAGCGAT-1-2",0.00219127644498829,"Dana_KO","Gstm1/Ly86","7"
"CTCATTAGTGCTCTTC-1-2",1.07359576252846,"Dana_KO","Gstm1/CD63","1"
"CTCATTATCACGAACT-1-2",0.0159482934829911,"Dana_KO","Ly86","0"
"CTCATTATCCCGGTAG-1-2",0.0440357382674134,"Dana_KO","CD34","7"
"CTCATTATCTTGATTC-1-2",3.2926488886531e-06,"Dana_KO","Pf4","8"
"CTCCAACAGCCTAGGA-1-2",0.70136216229666,"Dana_KO","Fcnb","1"
"CTCCAACAGGGATCTG-1-2",0.031317192597105,"Dana_KO","CD34","4"
"CTCCAACAGTGACCTT-1-2",0.00269927380425239,"Dana_KO","Ly86","13"
"CTCCAACCAATGTTGC-1-2",0.0569282818695538,"Dana_KO","Car1","3"
"CTCCAACCACCGTGCA-1-2",3.33902422511301e-06,"Dana_KO","Pf4","8"
"CTCCAACCACGGTGAA-1-2",2.92920372301099,"Dana_KO","Car1","2"
"CTCCAACCATGCAGGA-1-2",6.67600954889687,"Dana_KO","Car1","6"
"CTCCAACGTAAGATTG-1-2",0.912449472470635,"Dana_KO","Car1","3"
"CTCCAACGTACAGTCT-1-2",0.00227708402680804,"Dana_KO","Car1","2"
"CTCCAACGTATACCTG-1-2",1.03784310661797,"Dana_KO","Car1","3"
"CTCCAACGTGTTAACC-1-2",4.31290629077097e-06,"Dana_KO","CD34","7"
"CTCCAACTCACCATCC-1-2",0.00914825807460362,"Dana_KO","CD34","1"
"CTCCAACTCAGTGTCA-1-2",0.280624971829053,"Dana_KO","Car1","4"
"CTCCAACTCCACTTCG-1-2",1.02025740211786e-06,"Dana_KO","Pf4","3"
"CTCCAACTCTCCCAAC-1-2",0.0665970574226038,"Dana_KO","Car1","3"
"CTCCACAAGCGTGAAC-1-2",0.808071645117153,"Dana_KO","Car1","4"
"CTCCACAAGCTACGTT-1-2",0.816613105004361,"Dana_KO","Gstm1/CD63","1"
"CTCCACACACATGGTT-1-2",0.00560095497205415,"Dana_KO","Car1","3"
"CTCCACACACCAGTTA-1-2",10.3681935346382,"Dana_KO","Hba-a2","6"
"CTCCACACACCGTCTT-1-2",6.69905731428998,"Dana_KO","Hba-a2","6"
"CTCCACACACCTGATA-1-2",0.0409422083260345,"Dana_KO","Car1","4"
"CTCCACATCAAACTGC-1-2",1.29850942087728e-06,"Dana_KO","CD34","4"
"CTCCACATCGAGAACG-1-2",0.73004941731246,"Dana_KO","Pf4","8"
"CTCCACATCGGACAAG-1-2",0.0135904526332249,"Dana_KO","Pf4","3"
"CTCCACATCTTCCAGC-1-2",0.0409422547013709,"Dana_KO","Car1","4"
"CTCCATGAGCTAGAAT-1-2",7.17355507915547,"Dana_KO","Car1","6"
"CTCCATGAGGGTGAGG-1-2",0.0569282354942173,"Dana_KO","Car1","3"
"CTCCATGCAAGTGATA-1-2",0.752287382807786,"Dana_KO","Car1","2"
"CTCCATGCAGGTAGTG-1-2",2.31876682299514e-07,"Dana_KO","Car1","4"
"CTCCATGTCACTGGGC-1-2",0.0191745666746925,"Dana_KO","Fcnb","1"
"CTCCATGTCAGAACCT-1-2",0.160097957602996,"Dana_KO","Car1","2"
"CTCCATGTCCATTGGA-1-2",0.0569281891188809,"Dana_KO","Unannotated","3"
"CTCCATGTCGCGTGAC-1-2",0.405760425355282,"Dana_KO","Unannotated","4"
"CTCCCAAGTAAGTAGT-1-2",9.73882065657961e-07,"Dana_KO","Car1","3"
"CTCCCAATCCGTATGA-1-2",0.682870410022219,"Dana_KO","Car1","3"
"CTCCCAATCGACATTG-1-2",0.166878900489356,"Dana_KO","Pf4","8"
"CTCCCTCAGCTGCCTG-1-2",0.072113772360666,"Dana_KO","Car1","4"
"CTCCCTCAGGTAAGTT-1-2",0.0486384219356357,"Dana_KO","Unannotated","4"
"CTCCCTCCAGTAACGG-1-2",0.0325098870801268,"Dana_KO","Car1","4"
"CTCCCTCCATGTGGCC-1-2",2.91330093533682,"Dana_KO","Car1","2"
"CTCCCTCGTACTGCCG-1-2",3.38539956157291e-06,"Dana_KO","Pf4","8"
"CTCCCTCGTCTAACTG-1-2",0.123872519418249,"Dana_KO","Unannotated","2"
"CTCCCTCTCATTCCTA-1-2",0.344955981810379,"Dana_KO","Car1","4"
"CTCCCTCTCATTTGCT-1-2",0.113626180257764,"Dana_KO","Ly86","0"
"CTCCCTCTCTTTGCTA-1-2",9.27506729198058e-07,"Dana_KO","Pf4","4"
"CTCCGATAGAGATTCA-1-2",3.71002691679223e-06,"Dana_KO","Fcnb","1"
"CTCCGATAGGATTTCC-1-2",6.29166862106213,"Dana_KO","Car1","6"
"CTCCGATAGGTAGCAC-1-2",0.513412789769988,"Dana_KO","Car1","4"
"CTCCGATAGTCATAGA-1-2",0.478802382253335,"Dana_KO","Pf4","8"
"CTCCGATCAAATAGCA-1-2",0.08715759385922,"Dana_KO","Gstm1/CD63","0"
"CTCCGATCAGGACATG-1-2",1.34488475733718e-06,"Dana_KO","Unannotated","4"
"CTCCGATTCACTTCTA-1-2",0.80807169149249,"Dana_KO","Car1","2"
"CTCCTCCAGATAACGT-1-2",0.0940301659168965,"Dana_KO","Ly86","0"
"CTCCTCCCAAGACTGG-1-2",8.81131392738155e-07,"Dana_KO","Car1","3"
"CTCCTCCCAATACGAA-1-2",4.20094890967819,"Dana_KO","Car1","2"
"CTCCTCCGTGTCTTCC-1-2",1.36315827048497,"Dana_KO","Fcnb","1"
"CTCCTCCTCTAAGCCA-1-2",17.5552427335105,"Dana_KO","Ltf","12"
"CTCCTCCTCTTGGTCC-1-2",2.88488353705476,"Dana_KO","Car1","2"
"CTCCTTTAGAGCCATG-1-2",0.00914821169926716,"Dana_KO","CD34","1"
"CTCCTTTAGGGCGAAG-1-2",6.32234867086011,"Dana_KO","Car1","6"
"CTCCTTTAGGGTCACA-1-2",0.0569281427435444,"Dana_KO","Car1","3"
"CTCCTTTCAGTTAGGG-1-2",0.431944503848123,"Dana_KO","Car1","3"
"CTCCTTTGTAGATCCT-1-2",0.0820251993521957,"Dana_KO","Car1","3"
"CTCCTTTGTCATCACA-1-2",0.0980625136479167,"Dana_KO","Car1","3"
"CTCCTTTGTCGAACAG-1-2",3.43177489803281e-06,"Dana_KO","Pf4","8"
"CTCCTTTGTGACTGTT-1-2",3.95100852698335,"Dana_KO","Car1","2"
"CTCCTTTGTTGTATGC-1-2",0.0569280963682079,"Dana_KO","CD34","3"
"CTCCTTTGTTTGTTCT-1-2",0.676991878789498,"Dana_KO","Unannotated","8"
"CTCCTTTTCGTCTACC-1-2",2.88274201561086,"Dana_KO","Car1","2"
"CTCGAGGAGATACATG-1-2",1.96015786564009,"Dana_KO","Car1","2"
"CTCGAGGAGCCTGTCG-1-2",0.326101707672166,"Dana_KO","Car1","3"
"CTCGAGGAGCCTTTGA-1-2",3.47815023449272e-06,"Dana_KO","Pf4","4"
"CTCGAGGCAGCACAAG-1-2",8.34756056278252e-07,"Dana_KO","Pf4","3"
"CTCGAGGGTAAGCAAT-1-2",0.237181582104264,"Dana_KO","Pf4","3"
"CTCGAGGGTCTTAGTG-1-2",0.0461569553756722,"Dana_KO","Ly86","0"
"CTCGAGGTCAAATGCC-1-2",0.569120450624135,"Dana_KO","Car1","2"
"CTCGAGGTCGCGGACT-1-2",0.739040645811531,"Dana_KO","Ly86","1"
"CTCTCAGAGTGTGTTC-1-2",1.7295385572107,"Dana_KO","Fcnb","1"
"CTCTCAGCAAAGGAGA-1-2",0.0204450832345353,"Dana_KO","Gstm1/CD63","0"
"CTCTCAGCAACTTCTT-1-2",7.88380719818349e-07,"Dana_KO","Pf4","3"
"CTCTCAGCACAGCCAC-1-2",0.0291283165038587,"Dana_KO","CD34","1"
"CTCTCAGCATAACAGA-1-2",0.516220033003311,"Dana_KO","Car1","4"
"CTCTCAGGTAAGATCA-1-2",9.57937207984792,"Dana_KO","Hba-a2","6"
"CTCTCAGGTGCCTAAT-1-2",1.85501345839612e-07,"Dana_KO","CD34","1"
"CTCTCAGGTGTTCAGT-1-2",0.000414392929661389,"Dana_KO","Unannotated","8"
"CTCTCAGTCGGTATGT-1-2",7.42005383358446e-07,"Dana_KO","Pf4","8"
"CTCTCGAAGAGTAACT-1-2",0.0091481653239307,"Dana_KO","CD34","1"
"CTCTCGAAGATCGCTT-1-2",0.72946508204943,"Dana_KO","Pf4","8"
"CTCTCGAAGCCTCACG-1-2",4.26653095431107e-06,"Dana_KO","CD34","7"
"CTCTCGAAGGGAGGGT-1-2",6.29166866743746,"Dana_KO","Car1","6"
"CTCTCGACAAATGATG-1-2",0.0885145661042447,"Dana_KO","Car1","2"
"CTCTCGACATCACGGC-1-2",0.531080651080804,"Dana_KO","Gstm1/CD63","1"
"CTCTCGACATGTGTCA-1-2",2.82227240969195,"Dana_KO","Car1","2"
"CTCTCGAGTCACCACG-1-2",3.52452557095262e-06,"Dana_KO","Pf4","8"
"CTCTCGAGTCAGCTTA-1-2",0.0569280499928715,"Dana_KO","Car1","3"
"CTCTCGATCGCTGTTC-1-2",0.733362124475761,"Dana_KO","Pf4","11"
"CTCTCGATCGGCCCAA-1-2",9.57937212622326,"Dana_KO","Hba-a2","6"
"CTCTGGTAGAGCAGTC-1-2",3.57090090741252e-06,"Dana_KO","Pf4","8"
"CTCTGGTAGCACCTGC-1-2",0.016502108737668,"Dana_KO","Car1","4"
"CTCTGGTCAAGAGTGC-1-2",10.3681935810135,"Dana_KO","Hba-a2","6"
"CTCTGGTCACCCAATA-1-2",5.27289082684352,"Dana_KO","Car1","6"
"CTCTGGTGTACGGCAA-1-2",0.0647058968718,"Dana_KO","Ly86","0"
"CTCTGGTGTGGTCTAT-1-2",0.344956028185716,"Dana_KO","Car1","4"
"CTCTGGTTCACTACTT-1-2",0.00736634071304909,"Dana_KO","Pf4","2"
"CTCTGGTTCAGACAAA-1-2",0.00167787361965477,"Dana_KO","Gstm1/CD63","1"
"CTCTGGTTCCGCTAGG-1-2",0.0624171748972817,"Dana_KO","Ly86","0"
"CTGAATGAGAAGCTCG-1-2",0.116471531539867,"Dana_KO","Gstm1/Ly86","0"
"CTGAATGAGATCCCGC-1-2",0.0715234903638907,"Dana_KO","Gstm1/Ly86","0"
"CTGAATGAGGATCACG-1-2",6.09041274706358,"Dana_KO","Car1","6"
"CTGAATGCAGAGATGC-1-2",3.75640225325213e-06,"Dana_KO","Gstm1/CD63","1"
"CTGAATGCAGGTTACT-1-2",1.29401391443178,"Dana_KO","Car1","2"
"CTGAATGGTCGCAGTC-1-2",0.494875227707859,"Dana_KO","CD34","4"
"CTGAATGGTCTTTCAT-1-2",0.0111607205651301,"Dana_KO","Pf4","3"
"CTGAATGTCTGGGCCA-1-2",17.5547297721843,"Dana_KO","Ltf","12"
"CTGAGCGAGAAACCCG-1-2",0.056928003617535,"Dana_KO","Car1","3"
"CTGAGCGAGAAGGTAG-1-2",4.22015561785116e-06,"Dana_KO","CD34","7"
"CTGAGCGCACGCTGAC-1-2",3.80277758971204e-06,"Dana_KO","Gstm1/CD63","1"
"CTGAGCGGTACTAGCT-1-2",5.1317528036529,"Dana_KO","Car1","2"
"CTGAGCGGTCACAGTT-1-2",18.0483647789571,"Dana_KO","Ltf","12"
"CTGAGCGGTGTGTACT-1-2",4.17378028139126e-06,"Dana_KO","CD34","7"
"CTGAGCGGTTGCCGCA-1-2",0.0454540052429335,"Dana_KO","Pf4","3"
"CTGAGCGTCCAACCAA-1-2",3.84915292617194e-06,"Dana_KO","Gstm1/CD63","1"
"CTGAGCGTCTCTCCGA-1-2",0.98727009670657,"Dana_KO","Fcnb","1"
"CTGAGGCCACGCCAGT-1-2",2.1586070253077,"Dana_KO","Fcnb","1"
"CTGAGGCGTACCCGCA-1-2",2.09447975666973,"Dana_KO","Fcnb","1"
"CTGAGGCGTGAAAGTT-1-2",12.497918082989,"Dana_KO","Ltf","12"
"CTGAGGCTCGCGTGCA-1-2",4.38255440525244,"Dana_KO","Car1","2"
"CTGAGGCTCGGTAAGG-1-2",0.00432595455497753,"Dana_KO","Car1","11"
"CTGAGGCTCTGAATGC-1-2",6.2916687138128,"Dana_KO","Hba-a2","6"
"CTGATCCAGACTTGTC-1-2",0.071406212528359,"Dana_KO","Gstm1/CD63","1"
"CTGATCCAGTTGCCTA-1-2",3.61727624387242e-06,"Dana_KO","Pf4","8"
"CTGATCCCAAGGACAC-1-2",0.0104287183842939,"Dana_KO","Car1","4"
"CTGATCCCAATCGCCG-1-2",0.0733770430687642,"Dana_KO","Ly86","0"
"CTGATCCCACAGGATG-1-2",0.254488932177357,"Dana_KO","Ly86","0"
"CTGATCCGTCCCTGAG-1-2",0.0165021551130045,"Dana_KO","Car1","4"
"CTGATCCGTGTCCAAT-1-2",0.728939519993371,"Dana_KO","Pf4","8"
"CTGATCCTCACAACCA-1-2",4.14218414538441,"Dana_KO","Car1","2"
"CTGATCCTCCGTGGTG-1-2",0.0569279572421986,"Dana_KO","Car1","3"
"CTGATCCTCCTGTTGC-1-2",4.15614385693283,"Dana_KO","Car1","2"
"CTGCAGGAGAAACTCA-1-2",0.235353047157292,"Dana_KO","Gstm1/CD63","0"
"CTGCAGGAGCGGCTCT-1-2",0.950417610883735,"Dana_KO","Car1","2"
"CTGCAGGCAATAGTAG-1-2",1.55079933570028,"Dana_KO","Car1","3"
"CTGCAGGCACTCCTTG-1-2",0.588899809619696,"Dana_KO","Car1","4"
"CTGCAGGCATTCAGCA-1-2",0.459031710048913,"Dana_KO","CD34","7"
"CTGCAGGGTCCGAAGA-1-2",5.4800758019223,"Dana_KO","Hba-a2","11"
"CTGCAGGGTCGCGGTT-1-2",0.648750246973764,"Dana_KO","Pf4","2"
"CTGCAGGTCAAGCCGC-1-2",2.92920376938632,"Dana_KO","Car1","2"
"CTGCAGGTCGAAGGAC-1-2",5.55328908477822,"Dana_KO","Car1","2"
"CTGCATCCAACGGTAG-1-2",0.967833580913046,"Dana_KO","Ly86","0"
"CTGCATCCAGAGTGTG-1-2",0.0569279108668621,"Dana_KO","Car1","3"
"CTGCATCCATGGCCCA-1-2",0.00219123006965183,"Dana_KO","Gstm1/Ly86","7"
"CTGCATCGTAACATCC-1-2",1.00994753421852,"Dana_KO","Car1","2"
"CTGCATCGTGTAACGG-1-2",0.0569278644915256,"Dana_KO","Pf4","3"
"CTGCATCTCTGCGAGC-1-2",3.66365158033233e-06,"Dana_KO","Pf4","8"
"CTGCATCTCTGGAGAG-1-2",6.95630046898543e-07,"Dana_KO","Pf4","3"
"CTGCATCTCTTTCAGT-1-2",0.0467326175902567,"Dana_KO","Gstm1/CD63","1"
"CTGCCATAGCCTGTCG-1-2",0.170224886931634,"Dana_KO","Pf4","8"
"CTGCCATAGTACTCGT-1-2",0.235353093532628,"Dana_KO","Gstm1/CD63","0"
"CTGCCATCACACCTAA-1-2",3.71002691679223e-06,"Dana_KO","Pf4","8"
"CTGCCATCAGCATCTA-1-2",0.0128455733155546,"Dana_KO","Ly86","0"
"CTGCCATCATCCGTTC-1-2",12.4979181293644,"Dana_KO","Ltf","12"
"CTGCCATGTCCCACGA-1-2",0.515498726411898,"Dana_KO","Pf4","8"
"CTGCCATGTTGCTCCT-1-2",0.272978378626656,"Dana_KO","Ly86","1"
"CTGCCATTCAGTCTTT-1-2",1.08786042897387,"Dana_KO","Pf4","8"
"CTGCCATTCGATCCCT-1-2",0.0569278181161892,"Dana_KO","Pf4","3"
"CTGCCATTCTTTGCTA-1-2",0.0204450368591989,"Dana_KO","CD34","0"
"CTGCCTAAGCCGATAG-1-2",2.40339279029404,"Dana_KO","Car1","2"
"CTGCCTACAAGCGCAA-1-2",3.75640225325213e-06,"Dana_KO","Pf4","8"
"CTGCCTACAGACCTGC-1-2",0.0455352670045426,"Dana_KO","Car1","4"
"CTGCCTACAGAGGGTT-1-2",1.57243295735684,"Dana_KO","Gstm1/CD63","1"
"CTGCCTAGTACGGCAA-1-2",4.17067914064932,"Dana_KO","Car1","2"
"CTGCCTAGTTGGAGAC-1-2",1.96813926606878,"Dana_KO","Fcnb","1"
"CTGCCTATCAGAGCAG-1-2",0.0953365538215928,"Dana_KO","Car1","4"
"CTGCCTATCGCCACTT-1-2",0.0419810769907287,"Dana_KO","Car1","4"
"CTGCCTATCTTTCCAA-1-2",7.30088838234211,"Dana_KO","Car1","6"
"CTGCGAGAGACGACTG-1-2",5.30438765523477,"Dana_KO","Car1","2"
"CTGCGAGAGCATGCAG-1-2",2.89389801956162,"Dana_KO","Car1","2"
"CTGCGAGAGCCTCAAT-1-2",1.7058368786417,"Dana_KO","Car1","2"
"CTGCGAGCAACTCATG-1-2",0.58430533108448,"Dana_KO","Car1","3"
"CTGCGAGCAGGAGACT-1-2",1.96015791201543,"Dana_KO","Car1","2"
"CTGCGAGCAGTCGCAC-1-2",4.36730842596362,"Dana_KO","Car1","2"
"CTGCGAGCATGCCGCA-1-2",0.887424913563971,"Dana_KO","Ly86","0"
"CTGCGAGGTCGTGTTA-1-2",3.89552826263184e-06,"Dana_KO","Ly86","14"
"CTGCGAGGTGTTTGCA-1-2",2.51865425385496,"Dana_KO","Fcnb","1"
"CTGCGAGTCCTCACTG-1-2",0.0569277717408527,"Dana_KO","Car1","3"
"CTGCGAGTCTACGCGG-1-2",0.0569277253655163,"Dana_KO","Car1","3"
"CTGCTCAAGCATACTC-1-2",0.124397514699886,"Dana_KO","Pf4","2"
"CTGCTCAAGCGTGCTC-1-2",0.0419811233660652,"Dana_KO","Pf4","4"
"CTGCTCAAGTCGCCCA-1-2",0.00219118369431537,"Dana_KO","CD34","7"
"CTGCTCAGTAATGATG-1-2",0.673172245672111,"Dana_KO","Car1","2"
"CTGCTCAGTCTACACA-1-2",0.00560100134739061,"Dana_KO","Pf4","3"
"CTGCTCAGTCTTGCGG-1-2",0.0321839600107687,"Dana_KO","Car1","3"
"CTGCTCAGTGCTCTTC-1-2",1.78309177530057,"Dana_KO","Gstm1/CD63","1"
"CTGCTCAGTTGGGTAG-1-2",0.00432590817964107,"Dana_KO","Car1","11"
"CTGGACGAGAGCCTGA-1-2",6.4925471043864e-07,"Dana_KO","Pf4","8"
"CTGGACGAGGTAGCAC-1-2",0.0419811697414016,"Dana_KO","Pf4","4"
"CTGGACGCAAACGAGC-1-2",0.15240236470431,"Dana_KO","CD34","7"
"CTGGACGCAATACGCT-1-2",4.12740494493136e-06,"Dana_KO","CD34","7"
"CTGGACGCAGAAGCGT-1-2",3.80277758971204e-06,"Dana_KO","Pf4","11"
"CTGGACGCATAACCCA-1-2",0.834563631388438,"Dana_KO","Car1","3"
"CTGGACGTCCCTTGGT-1-2",0.131578989827572,"Dana_KO","Pf4","3"
"CTGGCAGAGACTGGGT-1-2",0.00867584086877315,"Dana_KO","Ly86","0"
"CTGGCAGAGTGGCCTC-1-2",6.58675249340571,"Dana_KO","Car1","6"
"CTGGCAGCAAAGAGTT-1-2",0.943660229361958,"Dana_KO","Car1","3"
"CTGGCAGCACAGTCAT-1-2",10.3681936273889,"Dana_KO","Hba-a2","6"
"CTGGCAGCAGAGGAAA-1-2",4.17378028139126e-07,"Dana_KO","Prg2","10"
"CTGGCAGGTAGGGTAC-1-2",0.00108002274283536,"Dana_KO","Pf4","3"
"CTGGTCTAGCCTGACC-1-2",0.027638395325865,"Dana_KO","Gstm1/CD63","1"
"CTGGTCTAGCTCGAAG-1-2",0.0325099334554633,"Dana_KO","Car1","4"
"CTGGTCTAGGCTGGAT-1-2",0.950417657259072,"Dana_KO","Car1","2"
"CTGGTCTCATGACACT-1-2",18.2641039953038,"Dana_KO","Ltf","12"
"CTGGTCTGTACAAGCG-1-2",3.84915292617194e-06,"Dana_KO","Pf4","8"
"CTGGTCTGTGGAAGTC-1-2",0.185998770590974,"Dana_KO","Pf4","2"
"CTGGTCTTCAAAGAAC-1-2",0.653512913746507,"Dana_KO","Car1","2"
"CTGGTCTTCATTATCC-1-2",2.75366446475511,"Dana_KO","Car1","2"
"CTGGTCTTCTACACTT-1-2",0.809513095840381,"Dana_KO","Ly86","0"
"CTGTACCAGCATCGAG-1-2",0.0609902291214819,"Dana_KO","Car1","3"
"CTGTACCAGGCGTCCT-1-2",4.08102960847145e-06,"Dana_KO","CD34","7"
"CTGTACCAGGCTTAAA-1-2",0.0769008239894913,"Dana_KO","Gstm1/Ly86","7"
"CTGTACCAGTCGAAGC-1-2",10.3681936737642,"Dana_KO","Hba-a2","6"
"CTGTACCCAACGGCCT-1-2",0.176150543579827,"Dana_KO","Car1","3"
"CTGTACCCAATAGGGC-1-2",0.556930707466413,"Dana_KO","Gstm1/CD63","0"
"CTGTACCGTAAGATTG-1-2",0.143965862004287,"Dana_KO","Gstm1/CD63","1"
"CTGTACCGTTGCATGT-1-2",3.89552826263184e-06,"Dana_KO","Pf4","4"
"CTGTACCTCCACGTCT-1-2",0.732215872335247,"Dana_KO","Pf4","8"
"CTGTACCTCGTGGAAG-1-2",0.00432586180430461,"Dana_KO","Unannotated","11"
"CTGTACCTCTCGACCT-1-2",0.045897508008748,"Dana_KO","Fcnb","1"
"CTGTACCTCTCTCAAT-1-2",0.0204449904838624,"Dana_KO","Gstm1/CD63","0"
"CTGTAGACAAGCAATA-1-2",0.00638089319076118,"Dana_KO","Gstm1/CD63","1"
"CTGTAGACACGCGTCA-1-2",0.387781538032019,"Dana_KO","Car1","2"
"CTGTAGAGTAGGTGCA-1-2",0.0528203041441367,"Dana_KO","Ly86","0"
"CTGTAGAGTCCGACGT-1-2",15.4022798685211,"Dana_KO","Ltf","12"
"CTGTAGAGTCCTACAA-1-2",3.94190359909175e-06,"Dana_KO","Pf4","8"
"CTGTAGAGTCTACGAT-1-2",1.43763543025699e-06,"Dana_KO","Car1","4"
"CTGTAGAGTGGAACAC-1-2",0.79667240891868,"Dana_KO","Car1","4"
"CTGTAGAGTTAAAGTG-1-2",0.00306952489773682,"Dana_KO","Pf4","8"
"CTGTAGATCCGTTTCG-1-2",0.636753377094237,"Dana_KO","Car1","2"
"CTGTAGATCTAGTACG-1-2",0.589346338011145,"Dana_KO","Car1","2"
"CTGTATTCAACGGTAG-1-2",0.0389274211989188,"Dana_KO","Ly86","13"
"CTGTATTCAGGATGAC-1-2",0.0165022014883409,"Dana_KO","CD34","3"
"CTGTATTCATGTTTGG-1-2",0.0569276789901798,"Dana_KO","Car1","3"
"CTGTATTCATTATGCG-1-2",0.950417703634408,"Dana_KO","Car1","2"
"CTGTATTGTCAAGTTC-1-2",0.0632085587931854,"Dana_KO","Car1","4"
"CTGTATTGTCAATCTG-1-2",0.728624865315083,"Dana_KO","Pf4","8"
"CTGTATTGTCGACTTA-1-2",0.167578706136389,"Dana_KO","CD34","4"
"CTGTATTTCCACCCTA-1-2",4.03465427201155e-06,"Dana_KO","Gstm1/Ly86","7"
"CTGTATTTCTATACTC-1-2",1.08581888149418,"Dana_KO","Fcnb","1"
"CTGTATTTCTGAATCG-1-2",0.047550388962913,"Dana_KO","Car1","3"
"CTGTCGTAGCGGACAT-1-2",0.816995830392194,"Dana_KO","Gstm1/CD63","1"
"CTGTCGTAGCGTTAGG-1-2",3.93935766577928,"Dana_KO","Car1","4"
"CTGTCGTCACTTCTCG-1-2",0.00560104772272707,"Dana_KO","Pf4","3"
"CTGTCGTCATATGAAG-1-2",4.20094895605353,"Dana_KO","Car1","2"
"CTGTCGTGTATGGTTC-1-2",3.98367660054068,"Dana_KO","Car1","2"
"CTGTCGTGTCACCTTC-1-2",3.98827893555165e-06,"Dana_KO","Pf4","8"
"CTGTCGTGTCGGTAAG-1-2",0.897821769024704,"Dana_KO","Car1","8"
"CTGTCGTGTGGTCTAT-1-2",0.518228261625955,"Dana_KO","Car1","2"
"CTGTCGTTCCGAAGGA-1-2",0.0261193902783252,"Dana_KO","Gstm1/Ly86","0"
"CTGTGAAAGCAATTCC-1-2",0.0267581172982139,"Dana_KO","Pf4","8"
"CTGTGAAAGGAACGAA-1-2",1.39126009379709e-06,"Dana_KO","Car1","4"
"CTGTGAAAGTGTTGTC-1-2",4.63753364599029e-07,"Dana_KO","Prg2","10"
"CTGTGAACAGACGGAT-1-2",1.72978594417825,"Dana_KO","Fcnb","1"
"CTGTGAACAGGGCTTC-1-2",0.0751152138026528,"Dana_KO","Ly86","0"
"CTGTGAAGTAGTTACC-1-2",0.368770718916614,"Dana_KO","Car1","3"
"CTGTGAAGTATGGTTC-1-2",4.22048048373409,"Dana_KO","Car1","2"
"CTGTGAAGTGAACGGT-1-2",0.00914811894859424,"Dana_KO","CD34","1"
"CTGTGAATCTTACACT-1-2",10.3681937201395,"Dana_KO","Hba-a2","6"
"CTGTGGGAGATTGCGG-1-2",3.98827893555165e-06,"Dana_KO","Ly86","7"
"CTGTGGGAGCCTGACC-1-2",0.010442374767795,"Dana_KO","Ly86","0"
"CTGTGGGAGGCAGTCA-1-2",0.0569276326148433,"Dana_KO","Car1","3"
"CTGTGGGCACGCGTCA-1-2",0.104703880488171,"Dana_KO","Car1","3"
"CTGTGGGGTTAAGAAC-1-2",0.0569275862395069,"Dana_KO","Car1","3"
"CTGTGGGGTTACCTGA-1-2",0.00167791999499123,"Dana_KO","Gstm1/CD63","1"
"CTGTGGGTCGGCTTGG-1-2",0.200422740629879,"Dana_KO","CD34","3"
"CTGTGGGTCGTTCTCG-1-2",9.5793721725986,"Dana_KO","Hba-a2","6"
"CTGTGGGTCTTCCCGA-1-2",4.03465427201155e-06,"Dana_KO","Pf4","8"
"CTTACCGAGATCCTAC-1-2",0.00167796637032769,"Dana_KO","Gstm1/CD63","1"
"CTTACCGAGATGTTCC-1-2",0.547300608122739,"Dana_KO","Gstm1/CD63","1"
"CTTACCGAGCATGTTC-1-2",0.0569275398641704,"Dana_KO","Car1","3"
"CTTACCGAGGTCATCT-1-2",3.93935771215461,"Dana_KO","Car1","4"
"CTTACCGCACGTAGAG-1-2",2.63822890892663,"Dana_KO","Car1","2"
"CTTACCGGTCCAAAGG-1-2",6.60104137649272,"Dana_KO","Car1","2"
"CTTACCGTCGCATTAG-1-2",0.00167801274566415,"Dana_KO","Gstm1/CD63","1"
"CTTAGGAAGACCATGG-1-2",0.0180980735461911,"Dana_KO","Pf4","3"
"CTTAGGAAGCATATGA-1-2",1.25079000835447,"Dana_KO","Pf4","11"
"CTTAGGAAGGGTATAT-1-2",0.459031663673577,"Dana_KO","CD34","7"
"CTTAGGACAAGAGCTG-1-2",2.73737785935896,"Dana_KO","Car1","2"
"CTTAGGAGTATGCGGA-1-2",5.10128701058932e-07,"Dana_KO","Prg2","10"
"CTTAGGAGTCATCCCT-1-2",2.33110932733348,"Dana_KO","Gstm1/CD63","1"
"CTTAGGAGTTTACCTT-1-2",6.27861388886508,"Dana_KO","Car1","6"
"CTTAGGATCTGGCTGG-1-2",0.00329714690336358,"Dana_KO","Pf4","8"
"CTTCAATCAACCCTAA-1-2",0.141967961308332,"Dana_KO","Car1","2"
"CTTCAATCACTGCACG-1-2",0.00167805912100061,"Dana_KO","Gstm1/CD63","1"
"CTTCAATCAGAAGCTG-1-2",0.172160125974593,"Dana_KO","Car1","4"
"CTTCAATGTATACCCA-1-2",0.0419812161167381,"Dana_KO","Pf4","4"
"CTTCAATGTGGGACAT-1-2",0.0165022478636774,"Dana_KO","Car1","4"
"CTTCCGAAGATGCGAC-1-2",0.00219113731897891,"Dana_KO","CD34","1"
"CTTCCGACAGTGTGCC-1-2",0.235353139907964,"Dana_KO","Gstm1/CD63","1"
"CTTCCGAGTAGATTAG-1-2",0.00462131301678495,"Dana_KO","Ly86","0"
"CTTCCGAGTGGTCTTA-1-2",0.0998564073433905,"Dana_KO","Pf4","4"
"CTTCCGAGTTATGACC-1-2",0.00432581542896815,"Dana_KO","Car1","11"
"CTTCCGAGTTGTTGCA-1-2",0.404841546464106,"Dana_KO","Pf4","8"
"CTTCCGAGTTTAGAGA-1-2",0.137202454332493,"Dana_KO","Gstm1/Ly86","1"
"CTTCCGATCCACGTGG-1-2",0.733229459773841,"Dana_KO","Pf4","8"
"CTTCCGATCCCAATAG-1-2",5.53846794674157,"Dana_KO","Car1","2"
"CTTCCGATCCCGAGAC-1-2",1.34488475733718e-06,"Dana_KO","Car1","4"
"CTTCCGATCTGCGAGC-1-2",0.0325099798307997,"Dana_KO","Unannotated","3"
"CTTCCTTAGGCAGTCA-1-2",3.95100857335869,"Dana_KO","Car1","2"
"CTTCCTTAGTCAGCCC-1-2",0.950417750009745,"Dana_KO","Unannotated","2"
"CTTCCTTCACTGAATC-1-2",4.08102960847145e-06,"Dana_KO","Pf4","8"
"CTTCCTTGTACTGAGG-1-2",0.884079218907198,"Dana_KO","Ly86","0"
"CTTCCTTGTATTTCTC-1-2",0.733362170851097,"Dana_KO","Pf4","11"
"CTTCCTTTCAAAGAAC-1-2",5.58567105479174,"Dana_KO","Car1","6"
"CTTCCTTTCAGGCGAA-1-2",0.627627882095735,"Dana_KO","Ly86","0"
"CTTCCTTTCGACGCTG-1-2",0.00432576905363169,"Dana_KO","Pf4","11"
"CTTCGGTAGACCATAA-1-2",3.94190359909175e-06,"Dana_KO","CD34","7"
"CTTCGGTAGATTAGCA-1-2",0.467629633044457,"Dana_KO","Ly86","0"
"CTTCGGTAGGTGCAGT-1-2",0.0165022942390138,"Dana_KO","Pf4","3"
"CTTCGGTAGTCGCTAT-1-2",0.733362217226434,"Dana_KO","Pf4","8"
"CTTCGGTGTACACTCA-1-2",0.00638084681542472,"Dana_KO","Gstm1/CD63","1"
"CTTCGGTGTCTCCTGT-1-2",0.950417796385081,"Dana_KO","Pf4","2"
"CTTCGGTTCTAGACCA-1-2",0.197596870622378,"Dana_KO","Pf4","4"
"CTTCGGTTCTGGCCAG-1-2",0.637857676367417,"Dana_KO","Car1","3"
"CTTCTAAAGCCGGATA-1-2",0.730127250518107,"Dana_KO","Pf4","8"
"CTTCTAAAGGGAGGTG-1-2",6.02879373978737e-07,"Dana_KO","Car1","3"
"CTTCTAACAAAGGGCT-1-2",0.955123452468852,"Dana_KO","Gstm1/CD63","1"
"CTTCTAATCTGACGCG-1-2",0.0450008168545297,"Dana_KO","Pf4","4"
"CTTCTCTCAAAGGCGT-1-2",0.344956074561052,"Dana_KO","Car1","4"
"CTTCTCTCACATAGCT-1-2",0.35501996669038,"Dana_KO","Ly86","0"
"CTTCTCTCACTTACAG-1-2",0.0655216692095353,"Dana_KO","Fcnb","1"
"CTTCTCTGTAATGCTC-1-2",0.056927493488834,"Dana_KO","Pf4","3"
"CTTCTCTGTGGATCGA-1-2",0.0569274471134975,"Dana_KO","Car1","3"
"CTTCTCTTCACTGAAC-1-2",18.0315148828033,"Dana_KO","Ltf","12"
"CTTCTCTTCATTCACT-1-2",0.0208468958621555,"Dana_KO","Ly86","0"
"CTTCTCTTCCAACACA-1-2",1.17089245906839,"Dana_KO","Car1","2"
"CTTGAGAAGCGCCCAT-1-2",5.39534627398215,"Dana_KO","Hba-a2","6"
"CTTGAGAAGGTGGCTA-1-2",0.00219109094364245,"Dana_KO","Gstm1/Ly86","7"
"CTTGAGAAGTGGAATT-1-2",0.056927400738161,"Dana_KO","Car1","3"
"CTTGAGACAAGCGGAT-1-2",0.412725948072357,"Dana_KO","CD34","1"
"CTTGAGACACATTGTG-1-2",0.00167810549633707,"Dana_KO","Gstm1/Ly86","1"
"CTTGAGACATCCGTGG-1-2",0.729364519659535,"Dana_KO","Pf4","8"
"CTTGAGATCGAGAAGC-1-2",0.0434945637665471,"Dana_KO","Gstm1/CD63","1"
"CTTGATTAGGCTGAAC-1-2",3.94190359909175e-06,"Dana_KO","Gstm1/CD63","1"
"CTTGATTAGGTAGGCT-1-2",4.12740494493136e-06,"Dana_KO","Pf4","8"
"CTTGATTCACGCACCA-1-2",0.235353186283301,"Dana_KO","Gstm1/CD63","0"
"CTTGATTCACTTTAGG-1-2",0.344956120936389,"Dana_KO","Car1","4"
"CTTGATTCATTCATCT-1-2",0.00914807257325778,"Dana_KO","CD34","1"
"CTTGATTGTAGACACG-1-2",0.0346760331191267,"Dana_KO","Pf4","8"
"CTTGATTGTATTTCTC-1-2",0.0325100262061362,"Dana_KO","Pf4","4"
"CTTGATTGTCTAGGCC-1-2",10.3681937665149,"Dana_KO","Hba-a2","6"
"CTTGATTTCCGCAACG-1-2",1.39126009379709e-06,"Dana_KO","Pf4","8"
"CTTGATTTCTATACGG-1-2",0.00904691887186648,"Dana_KO","Ly86","0"
"CTTGATTTCTTCACGC-1-2",4.17378028139126e-06,"Dana_KO","Pf4","8"
"CTTTCAAAGTTTGAGA-1-2",0.255687544561725,"Dana_KO","Ly86","0"
"CTTTCAACAGAAGTTA-1-2",3.89552826263184e-06,"Dana_KO","CD34","7"
"CTTTCAAGTATCGTAC-1-2",0.529932796529532,"Dana_KO","Pf4","8"
"CTTTCAAGTCAAGCCC-1-2",1.17844349799839,"Dana_KO","Car1","3"
"CTTTCAAGTCCTGTCT-1-2",0.0569273543628246,"Dana_KO","Car1","3"
"CTTTCAATCCAAGCAT-1-2",0.0090438841239735,"Dana_KO","Car1","2"
"CTTTCAATCCCATAAG-1-2",7.19102467145199,"Dana_KO","Hba-a2","6"
"CTTTCAATCCGCGAGT-1-2",1.0427642970052,"Dana_KO","Fcnb","1"
"CTTTCAATCGGTCTAA-1-2",0.13968458920855,"Dana_KO","CD34","7"
"CTTTCGGAGCTGAAGC-1-2",0.671609014182316,"Dana_KO","Car1","3"
"CTTTCGGAGGGTGGGA-1-2",3.98895864318433,"Dana_KO","Car1","2"
"CTTTCGGCACAATTCG-1-2",1.57243300373218,"Dana_KO","Gstm1/CD63","1"
"CTTTCGGCAGTTGTTG-1-2",0.45903161729824,"Dana_KO","CD34","7"
"GAAACCTAGCATACTC-1-2",0.732851062825837,"Dana_KO","Gstm1/CD63","1"
"GAAACCTCAAGAAATC-1-2",0.0165023406143503,"Dana_KO","Car1","4"
"GAAACCTCACTGATTG-1-2",0.0165023869896868,"Dana_KO","Unannotated","3"
"GAAACCTCATGGCCCA-1-2",0.0165024333650232,"Dana_KO","Pf4","9"
"GAAACCTGTGGGCTTC-1-2",0.228825263736156,"Dana_KO","Car1","4"
"GAAACCTGTTAAGTCC-1-2",0.105529293527215,"Dana_KO","Pf4","8"
"GAAACCTGTTATCTGG-1-2",0.434069963813969,"Dana_KO","CD34","4"
"GAAACCTTCAAGTCTG-1-2",0.00119903368742502,"Dana_KO","CD34","4"
"GAAACCTTCTAAGGAA-1-2",3.98827893555165e-06,"Dana_KO","Gstm1/CD63","1"
"GAAATGAAGCAGCAGT-1-2",0.11058180981958,"Dana_KO","CD34","7"
"GAAATGAAGGTACAGC-1-2",5.56504037518835e-07,"Dana_KO","Car1","3"
"GAAATGAAGTAGAATC-1-2",0.157340925404123,"Dana_KO","Pf4","8"
"GAAATGACACAAGCTT-1-2",0.767077374752183,"Dana_KO","Car1","2"
"GAAATGAGTAATCAGA-1-2",0.0636862589746352,"Dana_KO","Fcnb","1"
"GAAATGAGTGTCCCTT-1-2",0.133970204508887,"Dana_KO","CD34","0"
"GAAATGATCCCAGGAC-1-2",0.182496204507409,"Dana_KO","CD34","2"
"GAAATGATCCTCTAAT-1-2",0.0694811356819169,"Dana_KO","Pf4","4"
"GAAATGATCTTACGGA-1-2",4.22015561785116e-06,"Dana_KO","Pf4","8"
"GAACACTAGGGCAAGG-1-2",4.26653095431107e-06,"Dana_KO","Pf4","8"
"GAACACTCAACCACAT-1-2",1.85501345839612e-07,"Dana_KO","Car1","4"
"GAACACTCAATAGTGA-1-2",0.711297109499766,"Dana_KO","Pf4","4"
"GAACACTGTGGACAGT-1-2",4.01440112093761,"Dana_KO","Car1","2"
"GAACACTTCAACACCA-1-2",1.43763543025699e-06,"Dana_KO","Pf4","8"
"GAACACTTCATTGCGA-1-2",0.974829260160238,"Dana_KO","Ly86","0"
"GAACACTTCCAAGAGG-1-2",2.92920381576166,"Dana_KO","Car1","2"
"GAACGTTAGGCACAAC-1-2",0.748632798169709,"Dana_KO","Car1","2"
"GAACGTTCAACACGTT-1-2",0.203582314387103,"Dana_KO","CD34","4"
"GAACGTTCAAGTGGTG-1-2",3.84915292617194e-06,"Dana_KO","CD34","7"
"GAACGTTCACGACGCT-1-2",1.48401076671689e-06,"Dana_KO","Pf4","4"
"GAACGTTCAGGCCCTA-1-2",0.0367539696452668,"Dana_KO","Car1","2"
"GAACGTTCAGTCAGAG-1-2",3.96048905655516,"Dana_KO","Car1","2"
"GAACGTTGTTCGCGTG-1-2",0.0323869439715296,"Dana_KO","Gstm1/CD63","7"
"GAACGTTTCGCCTAGG-1-2",6.71663792848501,"Dana_KO","Car1","2"
"GAACTGTAGCAGGCAT-1-2",0.0325100725814726,"Dana_KO","Pf4","4"
"GAACTGTAGCGTGAGT-1-2",3.93935775852995,"Dana_KO","Car1","4"
"GAACTGTAGCGTGTTT-1-2",0.106872092588917,"Dana_KO","Pf4","3"
"GAACTGTCAAACGTGG-1-2",0.860615762668782,"Dana_KO","Car1","4"
"GAACTGTCACGGGCTT-1-2",0.00167815187167353,"Dana_KO","Gstm1/CD63","1"
"GAACTGTCAGCCGGTT-1-2",0.950417842760418,"Dana_KO","Pf4","2"
"GAACTGTGTGAGGAAA-1-2",0.0876873365341717,"Dana_KO","Gstm1/CD63","0"
"GAACTGTTCCACAAGT-1-2",0.731421595874058,"Dana_KO","Pf4","8"
"GAACTGTTCCGACGGT-1-2",0.148436957097964,"Dana_KO","CD34","7"
"GAACTGTTCCTCACTG-1-2",0.0151210796611849,"Dana_KO","Car1","3"
"GAACTGTTCGTACACA-1-2",0.0675822563430976,"Dana_KO","CD34","1"
"GAAGAATAGGTGCTAG-1-2",4.31290629077097e-06,"Dana_KO","Pf4","8"
"GAAGAATAGGTTTACC-1-2",0.365765005727376,"Dana_KO","Pf4","3"
"GAAGAATCAAGCGCTC-1-2",0.0273815984914569,"Dana_KO","Gstm1/CD63","1"
"GAAGAATCAAGGACAC-1-2",1.73260359189295,"Dana_KO","Gstm1/CD63","1"
"GAAGAATCAATCGCGC-1-2",0.0569273079874881,"Dana_KO","Unannotated","3"
"GAAGAATCACAAATAG-1-2",15.5662727451999,"Dana_KO","Ltf","12"
"GAAGAATCACCCAAGC-1-2",4.35928162723087e-06,"Dana_KO","Pf4","8"
"GAAGAATGTACCCGCA-1-2",0.713249180258088,"Dana_KO","Fcnb","1"
"GAAGAATGTGACCGAA-1-2",0.0581625321360004,"Dana_KO","CD34","7"
"GAAGAATGTGCGCTCA-1-2",0.344956167311725,"Dana_KO","Car1","4"
"GAAGAATGTTGCATCA-1-2",0.0165024797403597,"Dana_KO","Car1","4"
"GAAGAATTCGATTGGT-1-2",0.0143326384687312,"Dana_KO","Ly86","0"
"GAAGAATTCGCATGAT-1-2",0.00432572267829523,"Dana_KO","Hba-a2","11"
"GAAGCCCAGACGCTCC-1-2",0.413783905977689,"Dana_KO","Car1","3"
"GAAGCCCAGCGACTTT-1-2",0.459031570922904,"Dana_KO","CD34","7"
"GAAGCCCAGGTTAGTA-1-2",0.513504366983666,"Dana_KO","Car1","4"
"GAAGCCCAGTCCCAAT-1-2",0.00102212628686466,"Dana_KO","Ly86","0"
"GAAGCCCCACAACGCC-1-2",0.0517585086941175,"Dana_KO","Ly86","0"
"GAAGCCCCACTGTCCT-1-2",5.10128701058932e-07,"Dana_KO","Pf4","3"
"GAAGCCCGTCGACTTA-1-2",4.20094900242886,"Dana_KO","Car1","2"
"GAAGCCCTCTCTCAAT-1-2",0.337476576453606,"Dana_KO","Ly86","0"
"GAAGCGAAGCGTCTCG-1-2",3.82560707172177,"Dana_KO","Car1","2"
"GAAGCGACACTTGAAC-1-2",0.445511400825933,"Dana_KO","Car1","4"
"GAAGCGACAGGTACGA-1-2",0.255441691288136,"Dana_KO","Car1","2"
"GAAGCGACATCTTTCA-1-2",0.702679107750176,"Dana_KO","Ly86","0"
"GAAGCGAGTCAGTCTA-1-2",2.3171628303597,"Dana_KO","Car1","2"
"GAAGCGAGTCTCAAGT-1-2",3.80277758971204e-06,"Dana_KO","Ly86","7"
"GAAGCGAGTGCATCTA-1-2",4.40565696369077e-06,"Dana_KO","Pf4","8"
"GAAGCGAGTTTACTTC-1-2",0.963452661678979,"Dana_KO","Fcnb","1"
"GAAGCGATCGTCCTTG-1-2",0.72915128015757,"Dana_KO","Pf4","8"
"GAAGCGATCTGGGCAC-1-2",2.15860707168303,"Dana_KO","Gstm1/CD63","1"
"GAAGGACCACAAAGCG-1-2",0.0169582652747045,"Dana_KO","Car1","3"
"GAAGGACCACTCCCTA-1-2",0.238057787968936,"Dana_KO","Fcnb","1"
"GAAGGACCAGCGCGTT-1-2",0.0992828040058849,"Dana_KO","Gstm1/CD63","1"
"GAAGGACGTTGCCGAC-1-2",4.63753364599029e-07,"Dana_KO","Pf4","3"
"GAAGGACTCCCTTCCC-1-2",0.452758756995242,"Dana_KO","Car1","4"
"GAAGGACTCGGTATGT-1-2",1.39126009379709e-07,"Dana_KO","CD34","4"
"GAAGGGTAGATGAATC-1-2",0.459031524547567,"Dana_KO","CD34","7"
"GAAGGGTAGTAAACTG-1-2",0.672252712384876,"Dana_KO","Car1","2"
"GAAGGGTAGTTAACAG-1-2",0.0010799763674989,"Dana_KO","Pf4","3"
"GAAGGGTCAACACGAG-1-2",1.03442048575093,"Dana_KO","Car1","3"
"GAAGGGTCAGGTTCGC-1-2",1.99577406027906,"Dana_KO","Car1","2"
"GAAGGGTCATGCCGCA-1-2",0.232604308733185,"Dana_KO","Pf4","8"
"GAAGGGTGTCGAAACG-1-2",0.513412836145324,"Dana_KO","Car1","4"
"GAAGGGTTCATTTGTC-1-2",1.08581892786951,"Dana_KO","Fcnb","1"
"GAAGGGTTCTATGCCC-1-2",0.0687469231148197,"Dana_KO","CD34","7"
"GAAGGGTTCTGCTGAA-1-2",1.5303861031768e-06,"Dana_KO","Pf4","4"
"GAAGTAAAGAGCAACC-1-2",4.2009490488042,"Dana_KO","Car1","2"
"GAAGTAAAGATACGAT-1-2",1.13844111617351,"Dana_KO","Car1","7"
"GAAGTAACAACAAGAT-1-2",0.0569272616121517,"Dana_KO","Car1","3"
"GAAGTAACAGGCCCTA-1-2",0.459031478172231,"Dana_KO","Unannotated","7"
"GAAGTAAGTACTTGTG-1-2",0,"Dana_KO","Pf4","3"
"GAAGTAAGTCCAGCAC-1-2",0.762177791061632,"Dana_KO","Ly86","0"
"GAAGTAATCCATCTGC-1-2",0.127427277919129,"Dana_KO","CD34","7"
"GAAGTAATCGGATTAC-1-2",4.21209115948942,"Dana_KO","Car1","2"
"GAATAGAAGACTCATC-1-2",4.45203230015068e-06,"Dana_KO","Pf4","8"
"GAATAGAAGCACTAGG-1-2",1.64611128576815,"Dana_KO","Car1","2"
"GAATAGAAGCCAGAGT-1-2",0.060012640355122,"Dana_KO","Car1","2"
"GAATAGACAAGAGGCT-1-2",4.49840763661058e-06,"Dana_KO","Pf4","8"
"GAATAGACAATCCTTT-1-2",3.93935780490529,"Dana_KO","Car1","2"
"GAATAGATCCATGCAA-1-2",4.54478297307048e-06,"Dana_KO","Pf4","8"
"GAATAGATCCCAAGTA-1-2",0.0483163983842084,"Dana_KO","Car1","2"
"GAATAGATCCGTACGG-1-2",3.75640225325213e-06,"Dana_KO","CD34","7"
"GAATCACAGCGAGTAC-1-2",0.0270492696660223,"Dana_KO","Car1","2"
"GAATCACAGGATGTTA-1-2",10.3681938128902,"Dana_KO","Hba-a2","6"
"GAATCACCAACACTAC-1-2",1.5767614396367e-06,"Dana_KO","Pf4","4"
"GAATCACCAGGCATTT-1-2",0.729559995999989,"Dana_KO","Pf4","8"
"GAATCACGTATCGGTT-1-2",5.28581910437469,"Dana_KO","Car1","2"
"GAATCACTCCGATGTA-1-2",4.03465427201155e-06,"Dana_KO","Gstm1/CD63","1"
"GAATCACTCGACCATA-1-2",7.19102471782733,"Dana_KO","Car1","6"
"GAATCACTCGCTATTT-1-2",5.47804697992879,"Dana_KO","Car1","2"
"GAATCACTCGGTCTGG-1-2",4.59115830953039e-06,"Dana_KO","Pf4","8"
"GAATCGTAGACGCAGT-1-2",0.0165025261156961,"Dana_KO","Car1","3"
"GAATCGTAGCCACTCG-1-2",0.513412882520661,"Dana_KO","Car1","4"
"GAATCGTAGGTTTGAA-1-2",0.0204449441085259,"Dana_KO","Gstm1/CD63","0"
"GAATCGTAGTCGAATA-1-2",0.0284993951938977,"Dana_KO","Car1","4"
"GAATCGTCACAGTCAT-1-2",0.979030799081833,"Dana_KO","Gstm1/CD63","1"
"GAATCGTCACATACTG-1-2",9.73882065657961e-07,"Dana_KO","Gstm1/Ly86","0"
"GAATCGTCAGAGTGTG-1-2",0.0165025724910326,"Dana_KO","Car1","4"
"GAATCGTGTATACGGG-1-2",0.0217622560852715,"Dana_KO","Pf4","8"
"GAATCGTGTATCGAGG-1-2",0.0280947494762107,"Dana_KO","Pf4","2"
"GAATCGTGTTCGGTTA-1-2",4.17378028139126e-07,"Dana_KO","Pf4","3"
"GAATCGTTCAAGCCTA-1-2",4.63753364599029e-06,"Dana_KO","Pf4","4"
"GAATCGTTCGAGAGAC-1-2",4.68390898245019e-06,"Dana_KO","Pf4","8"
"GAATCGTTCTGGTGGC-1-2",0.0391938989110652,"Dana_KO","Pf4","8"
"GACACGCAGAAGTGTT-1-2",2.40339283666938,"Dana_KO","Car1","2"
"GACACGCAGGTGCCTC-1-2",3.71002691679223e-06,"Dana_KO","CD34","7"
"GACACGCAGTTAACAG-1-2",0.00277419810815216,"Dana_KO","Ly86","0"
"GACACGCCAATCCAGT-1-2",3.71002691679223e-07,"Dana_KO","Car1","4"
"GACACGCCAGGACATG-1-2",2.30478045425818,"Dana_KO","Gstm1/CD63","1"
"GACACGCGTAAGTTAG-1-2",0.459031431796894,"Dana_KO","CD34","7"
"GACACGCGTACGAGTG-1-2",0.586297461802412,"Dana_KO","Gstm1/CD63","1"
"GACACGCGTAGATCCT-1-2",0.60089856987753,"Dana_KO","Ly86","0"
"GACACGCGTAGGTACG-1-2",0.752370348220739,"Dana_KO","Pf4","8"
"GACACGCGTCGAATTC-1-2",9.57937221897393,"Dana_KO","Hba-a2","6"
"GACACGCGTTGTCTAG-1-2",0.106200807162678,"Dana_KO","Gstm1/Ly86","0"
"GACACGCTCATTTCGT-1-2",0.0165026188663691,"Dana_KO","Car1","4"
"GACACGCTCCCGAGAC-1-2",4.73028431891009e-06,"Dana_KO","Pf4","8"
"GACACGCTCTAGTTCT-1-2",0.15397781804768,"Dana_KO","Gstm1/CD63","1"
"GACAGCCAGCCGCACT-1-2",1.21461648203628,"Dana_KO","Fcnb","1"
"GACAGCCAGGAGCAAA-1-2",0.0569272152368152,"Dana_KO","Car1","3"
"GACAGCCAGGTCACTT-1-2",4.20094909517954,"Dana_KO","Car1","2"
"GACAGCCAGTACGAGC-1-2",4.10016551076173,"Dana_KO","Car1","2"
"GACAGCCCAATAGGAT-1-2",4.77665965537e-06,"Dana_KO","Pf4","8"
"GACAGCCCAATAGTGA-1-2",3.66365158033233e-06,"Dana_KO","CD34","7"
"GACAGCCCAATTGAGA-1-2",0.0354179970722901,"Dana_KO","Unannotated","2"
"GACAGCCCAGCTGAGA-1-2",1.6231367760966e-06,"Dana_KO","Pf4","8"
"GACAGCCCAGGACAGT-1-2",0.00107992999216244,"Dana_KO","Car1","3"
"GACAGCCGTTTCACAG-1-2",2.80698820652626,"Dana_KO","Car1","2"
"GACAGCCTCAAACCTG-1-2",0,"Dana_KO","Car1","2"
"GACAGCCTCAACGTGT-1-2",0.44103081557587,"Dana_KO","Pf4","8"
"GACAGCCTCTCGTCAC-1-2",5.30327581865049,"Dana_KO","Car1","2"
"GACATCAAGGATTTCC-1-2",4.8230349918299e-06,"Dana_KO","Pf4","8"
"GACATCACAAATTAGG-1-2",4.8694103282898e-06,"Dana_KO","Pf4","8"
"GACATCACAGCTATAC-1-2",0.211368183443332,"Dana_KO","Pf4","3"
"GACATCACAGTCGGAA-1-2",0.675149843461982,"Dana_KO","Pf4","2"
"GACATCACATCCGGCA-1-2",0.00560109409806353,"Dana_KO","Pf4","3"
"GACATCACATGGAATA-1-2",0.152805986761617,"Dana_KO","Pf4","3"
"GACATCAGTATTGACC-1-2",0.618873318433527,"Dana_KO","Car1","4"
"GACATCAGTGCCTACG-1-2",1.1873548462789,"Dana_KO","Car1","3"
"GACATCATCCCTCGAT-1-2",7.19102476420267,"Dana_KO","Hba-a2","6"
"GACCAATAGACGGATC-1-2",0.55693075384175,"Dana_KO","Gstm1/CD63","1"
"GACCAATAGATTGGGC-1-2",0.144520466948381,"Dana_KO","Car1","2"
"GACCAATAGCCAACCC-1-2",0.140458451568043,"Dana_KO","Pf4","8"
"GACCAATAGCTCCGAC-1-2",0.208621363096389,"Dana_KO","Unannotated","2"
"GACCAATCAAGCGCAA-1-2",0.021762302460608,"Dana_KO","Pf4","8"
"GACCAATCAGGATGAC-1-2",0.459031385421558,"Dana_KO","CD34","7"
"GACCAATCAGTTTCAG-1-2",0.5737742016076,"Dana_KO","Car1","2"
"GACCAATGTCCTTGTC-1-2",0.0474183423471252,"Dana_KO","Ly86","0"
"GACCAATGTTAGGGTG-1-2",0.69374881639569,"Dana_KO","Fcnb","1"
"GACCAATTCACCCATC-1-2",1.85501345839612e-07,"Dana_KO","CD34","4"
"GACCAATTCAGCTAGT-1-2",5.66206343184504,"Dana_KO","Car1","2"
"GACCAATTCATTGGTG-1-2",4.08102960847145e-06,"Dana_KO","Gstm1/CD63","1"
"GACCAATTCCTCGATC-1-2",0.0419812624920746,"Dana_KO","Car1","4"
"GACCAATTCTCGTCGT-1-2",3.2462735521932e-07,"Dana_KO","Pf4","3"
"GACCCAGCAACGTAAA-1-2",1.0531850889302,"Dana_KO","Fcnb","1"
"GACCCAGGTTCCGCGA-1-2",0.0569271688614787,"Dana_KO","Car1","3"
"GACCCAGTCAGGGATG-1-2",0.0465267661628928,"Dana_KO","Car1","4"
"GACCCAGTCCCGAATA-1-2",1.96015795839077,"Dana_KO","Car1","2"
"GACCCAGTCCGTAGTA-1-2",1.29850942087728e-06,"Dana_KO","Car1","4"
"GACCCAGTCCTAAGTG-1-2",4.91578566474971e-06,"Dana_KO","Pf4","8"
"GACCCTTAGTTTGAGA-1-2",0.0019566918545979,"Dana_KO","CD34","3"
"GACCCTTCAAGAATAC-1-2",0.701362208671997,"Dana_KO","Fcnb","1"
"GACCCTTCAAGAGAGA-1-2",4.96216100120961e-06,"Dana_KO","Pf4","8"
"GACCCTTCAAGAGGTC-1-2",1.25213408441738e-06,"Dana_KO","Car1","4"
"GACCCTTCAATGTCTG-1-2",1.20575874795747e-06,"Dana_KO","Car1","4"
"GACCCTTCACACCAGC-1-2",0.497200154373738,"Dana_KO","Car1","3"
"GACCCTTCAGCATACT-1-2",18.2646380035361,"Dana_KO","Ltf","12"
"GACCCTTGTAGCGAGT-1-2",5.00853633766951e-06,"Dana_KO","Pf4","8"
"GACCCTTGTGCGGTAA-1-2",5.05491167412941e-06,"Dana_KO","CD34","1"
"GACCCTTGTTGGAGGT-1-2",0.0647089208148242,"Dana_KO","Car1","2"
"GACCCTTGTTTCGGCG-1-2",0.200856087908996,"Dana_KO","Car1","3"
"GACCGTGAGACAGTCG-1-2",4.12740494493136e-06,"Dana_KO","Gstm1/CD63","1"
"GACCGTGAGGGACAGG-1-2",0.0644843436428455,"Dana_KO","CD34","7"
"GACCGTGCAGTTCCAA-1-2",0.0569271224861423,"Dana_KO","Pf4","3"
"GACCGTGCATCATCCC-1-2",0.0605455275139968,"Dana_KO","Gstm1/CD63","1"
"GACCGTGGTACCAATC-1-2",1.15938341149757e-06,"Dana_KO","CD34","4"
"GACCGTGGTACCCAGC-1-2",0.0569270761108058,"Dana_KO","Car1","3"
"GACCGTGGTAGATGTA-1-2",0.780225694114617,"Dana_KO","Gstm1/CD63","1"
"GACCGTGGTGTAAACA-1-2",2.78252018759417e-07,"Dana_KO","Car1","3"
"GACCGTGGTTACCTGA-1-2",5.10128701058932e-06,"Dana_KO","Pf4","8"
"GACCGTGTCCTAGCTC-1-2",2.85885018688446,"Dana_KO","Car1","2"
"GACCGTGTCTCCGATC-1-2",0.0785680042170445,"Dana_KO","Car1","2"
"GACCTTCAGTTCACTG-1-2",5.14766234704922e-06,"Dana_KO","Pf4","8"
"GACCTTCCATTCCTAT-1-2",10.3681938592655,"Dana_KO","Hba-a2","6"
"GACCTTCGTGGATACG-1-2",3.61727624387242e-06,"Dana_KO","CD34","7"
"GACCTTCGTTTGCAGT-1-2",0.088217464353413,"Dana_KO","CD34","7"
"GACCTTCTCTTCGGTC-1-2",5.19403768350912e-06,"Dana_KO","Pf4","8"
"GACGCTGAGATACATG-1-2",2.13326547715553e-06,"Dana_KO","CD34","1"
"GACGCTGAGCACCGAA-1-2",5.24041301996903e-06,"Dana_KO","Pf4","8"
"GACGCTGAGCGGACAT-1-2",1.72364206013787,"Dana_KO","Gstm1/CD63","1"
"GACGCTGAGTTGAAAC-1-2",0.0646482351940714,"Dana_KO","Fcnb","1"
"GACGCTGGTACTCCCT-1-2",2.40339288304472,"Dana_KO","Car1","2"
"GACGCTGGTCTACACA-1-2",10.3681939056409,"Dana_KO","Hba-a2","6"
"GACGCTGGTGGTATGG-1-2",0.828874150135438,"Dana_KO","Car1","3"
"GACGCTGGTTGCGGAA-1-2",0.041981308867411,"Dana_KO","Car1","4"
"GACGCTGTCAAAGGTA-1-2",0.0569270297354694,"Dana_KO","Car1","3"
"GACGCTGTCAGAATAG-1-2",7.191024810578,"Dana_KO","Car1","6"
"GACGCTGTCGCAATGT-1-2",1.9601580047661,"Dana_KO","Car1","2"
"GACGCTGTCGGAGTAG-1-2",1.99736958792806,"Dana_KO","Car1","2"
"GACGCTGTCGGTCGAC-1-2",0.763084593311597,"Dana_KO","Ly86","0"
"GACGTTAAGGAAACGA-1-2",0.0764247280112194,"Dana_KO","Car1","2"
"GACGTTACAGCGCTTG-1-2",4.20094914155487,"Dana_KO","Car1","2"
"GACGTTAGTAGTCCTA-1-2",0.00432567630295877,"Dana_KO","Unannotated","11"
"GACGTTATCCCACAGG-1-2",0.00269932017958885,"Dana_KO","Gstm1/Ly86","0"
"GACTATGAGCAGATAT-1-2",10.3681939520162,"Dana_KO","Hba-a2","6"
"GACTATGAGCAGTCTT-1-2",0.212953323079532,"Dana_KO","Car1","4"
"GACTATGAGCCGTTAT-1-2",0.0136166194718348,"Dana_KO","Ly86","0"
"GACTATGAGCGCTGCT-1-2",2.51865430023029,"Dana_KO","Gstm1/CD63","1"
"GACTATGAGCGTTGTT-1-2",0.556930800217086,"Dana_KO","Gstm1/CD63","0"
"GACTATGGTGAGACCA-1-2",0.00964561005462394,"Dana_KO","Gstm1/Ly86","0"
"GACTATGGTTGGGTAG-1-2",0.00748922202663382,"Dana_KO","Car1","3"
"GACTATGTCAAAGGTA-1-2",0.104096731481078,"Dana_KO","Car1","3"
"GACTATGTCGCCACTT-1-2",10.3681939983916,"Dana_KO","Hba-a2","6"
"GACTATGTCGCCAGTG-1-2",6.74561282931366,"Dana_KO","Car1","2"
"GACTCAAAGGCGCTCT-1-2",5.28678835642893e-06,"Dana_KO","Pf4","8"
"GACTCAAAGGGAGTGG-1-2",1.98566054094312,"Dana_KO","Car1","2"
"GACTCAAAGTCTGCGC-1-2",7.19102485695334,"Dana_KO","Hba-a2","6"
"GACTCAACACTTGTGA-1-2",6.29166876018814,"Dana_KO","Hba-a2","6"
"GACTCAAGTACAGTAA-1-2",0.179775040510088,"Dana_KO","Pf4","3"
"GACTCAAGTCAGACGA-1-2",0.00993410598111168,"Dana_KO","CD34","7"
"GACTCAAGTCATAGTC-1-2",0.01774293110328,"Dana_KO","Pf4","8"
"GACTCAATCACACCGG-1-2",7.14010556432824,"Dana_KO","Hba-a2","6"
"GACTCAATCGCTGTTC-1-2",2.31876682299514e-07,"Dana_KO","CD34","3"
"GACTCTCAGAAGGCTC-1-2",0.0325101189568091,"Dana_KO","Pf4","4"
"GACTCTCAGGACAAGA-1-2",0.0174732617604962,"Dana_KO","Ly86","0"
"GACTCTCAGGCTTAAA-1-2",0.0409423010767074,"Dana_KO","Pf4","4"
"GACTCTCAGTTGAAAC-1-2",5.53749086866624,"Dana_KO","Car1","2"
"GACTCTCCAAGGCTTT-1-2",5.33316369288883e-06,"Dana_KO","Pf4","8"
"GACTCTCCAGAGCGTA-1-2",0.665751196259847,"Dana_KO","Unannotated","2"
"GACTCTCGTCGACTGC-1-2",0.798708785616711,"Dana_KO","Ly86","0"
"GACTCTCGTTACGCCG-1-2",0,"Dana_KO","CD34","2"
"GACTCTCGTTTACCAG-1-2",5.37953902934873e-06,"Dana_KO","Pf4","8"
"GACTCTCTCAAAGCCT-1-2",5.42591436580864e-06,"Dana_KO","Pf4","8"
"GACTGATAGTCAAGCG-1-2",2.69881030184406,"Dana_KO","Car1","2"
"GACTGATCACAGCCTG-1-2",0.459031339046221,"Dana_KO","Unannotated","7"
"GACTGATCATTGAAGA-1-2",2.133835341807,"Dana_KO","Car1","2"
"GACTGATGTATGTCCA-1-2",0.211230867825011,"Dana_KO","Car1","2"
"GACTGATGTCGTATGT-1-2",0.55123079568362,"Dana_KO","Ly86","0"
"GACTGATGTGATTCTG-1-2",0.0655358937436817,"Dana_KO","Ly86","0"
"GACTGATGTTTGAACC-1-2",0.0152203965613154,"Dana_KO","Unannotated","2"
"GACTGATTCCCGTGTT-1-2",0.436485495225387,"Dana_KO","Pf4","11"
"GACTGATTCTGACGCG-1-2",0.00603057099503124,"Dana_KO","Car1","3"
"GACTTCCAGTTGGAGC-1-2",0.10538944526714,"Dana_KO","CD34","7"
"GACTTCCCAACAAGTA-1-2",0.731718911618651,"Dana_KO","Pf4","8"
"GACTTCCCATCTCATT-1-2",0.141433075781694,"Dana_KO","Car1","3"
"GACTTCCGTTACGGAG-1-2",5.8518965978988,"Dana_KO","Car1","6"
"GACTTCCTCCGCACGA-1-2",0.0569269833601329,"Dana_KO","Car1","3"
"GAGAAATAGATTGTGA-1-2",4.17378028139126e-06,"Dana_KO","Gstm1/CD63","1"
"GAGAAATAGGAACTAT-1-2",9.27506729198058e-08,"Dana_KO","Car1","4"
"GAGAAATAGGTCACTT-1-2",3.57090090741252e-06,"Dana_KO","CD34","7"
"GAGAAATCACGCGCTA-1-2",3.52452557095262e-06,"Dana_KO","CD34","7"
"GAGAAATCAGAGTTCT-1-2",5.47228970226854e-06,"Dana_KO","Pf4","8"
"GAGAAATCATCGATCA-1-2",12.4979181757397,"Dana_KO","Ltf","12"
"GAGAAATGTCGCCACA-1-2",16.4244830514616,"Dana_KO","Ltf","12"
"GAGAAATTCCGGCAAC-1-2",1.85501345839612e-07,"Dana_KO","Pf4","3"
"GAGAAATTCGGATACT-1-2",6.69496472701659,"Dana_KO","Hba-a2","6"
"GAGACCCAGCCTTTGA-1-2",0.825974274386512,"Dana_KO","Pf4","2"
"GAGACCCAGGATTCCT-1-2",0.0569269369847965,"Dana_KO","Pf4","3"
"GAGACCCCAGTGTGGA-1-2",0.0294023364551207,"Dana_KO","Car1","2"
"GAGACCCGTACGTACT-1-2",7.25718668103782,"Dana_KO","Hba-a2","6"
"GAGACCCGTATACGGG-1-2",9.57937226534927,"Dana_KO","Hba-a2","6"
"GAGACCCGTATCGTTG-1-2",0.459031292670885,"Dana_KO","CD34","7"
"GAGACCCGTCGGCCTA-1-2",0.597759032151576,"Dana_KO","Car1","3"
"GAGACCCGTTTCACAG-1-2",0.793769328306185,"Dana_KO","Car1","2"
"GAGACCCTCGCTAAAC-1-2",0.0204448977331895,"Dana_KO","CD34","0"
"GAGACCCTCGGTGTAT-1-2",0.0632484111059137,"Dana_KO","Unannotated","11"
"GAGACCCTCTGTTCAT-1-2",0.432166526074563,"Dana_KO","Pf4","8"
"GAGACTTAGAGGGTCT-1-2",0.0165026652417055,"Dana_KO","Car1","4"
"GAGACTTAGTGCACCC-1-2",0.931176711360159,"Dana_KO","Fcnb","1"
"GAGACTTCACCGTGCA-1-2",0.94977379548914,"Dana_KO","Gstm1/CD63","1"
"GAGACTTCAGTGACCC-1-2",7.08828770203472,"Dana_KO","Car1","6"
"GAGACTTCATACAGCT-1-2",0.05692689060946,"Dana_KO","Car1","3"
"GAGACTTGTCCGATCG-1-2",0.219477111958738,"Dana_KO","Car1","3"
"GAGACTTTCAGCTAGT-1-2",10.3681940447669,"Dana_KO","Hba-a2","6"
"GAGACTTTCCGTCACT-1-2",0.0033746836579498,"Dana_KO","Pf4","8"
"GAGACTTTCTTCCTAA-1-2",0.016502711617042,"Dana_KO","Car1","4"
"GAGAGGTAGAAGATCT-1-2",4.22015561785116e-06,"Dana_KO","Ly86","0"
"GAGAGGTAGAAGCTCG-1-2",0.020444851357853,"Dana_KO","CD34","0"
"GAGAGGTAGCAACCAG-1-2",0.240729117827141,"Dana_KO","Car1","4"
"GAGAGGTAGTAAACAC-1-2",3.47815023449272e-06,"Dana_KO","Ly86","7"
"GAGAGGTCAAGAATAC-1-2",3.93935785128062,"Dana_KO","Car1","2"
"GAGAGGTCAGTTCCAA-1-2",1.6695121125565e-06,"Dana_KO","Pf4","4"
"GAGAGGTCAGTTGGTT-1-2",10.3681940911422,"Dana_KO","Hba-a2","6"
"GAGAGGTGTAACATAG-1-2",1.71588744901641e-06,"Dana_KO","Pf4","8"
"GAGAGGTGTAGGACTG-1-2",1.9973696343034,"Dana_KO","Car1","2"
"GAGAGGTGTTCGGTAT-1-2",0.00107988361682598,"Dana_KO","Pf4","3"
"GAGAGGTTCCATAGAC-1-2",0.0569268442341235,"Dana_KO","Car1","3"
"GAGAGGTTCCTGATAG-1-2",1.07779879238729,"Dana_KO","Fcnb","1"
"GAGATGGAGGTCGTAG-1-2",0.0877226656408969,"Dana_KO","Pf4","3"
"GAGATGGAGTAGCAAT-1-2",1.96015805114144,"Dana_KO","Car1","2"
"GAGATGGCAAGGTTGG-1-2",18.2622663986202,"Dana_KO","Ltf","12"
"GAGATGGCATGTGACT-1-2",1.13871269321567,"Dana_KO","Car1","3"
"GAGATGGGTATATGGA-1-2",5.51866503872844e-06,"Dana_KO","Pf4","8"
"GAGATGGGTCACTCGG-1-2",1.99736968067874,"Dana_KO","Car1","2"
"GAGATGGGTCTTGTCC-1-2",5.56504037518835e-06,"Dana_KO","Pf4","8"
"GAGATGGGTGTTTGCA-1-2",0.0409423474520438,"Dana_KO","Car1","4"
"GAGATGGTCCGTGGCA-1-2",1.39126009379709e-07,"Dana_KO","CD34","1"
"GAGCCTGAGATTGGGC-1-2",3.43177489803281e-06,"Dana_KO","CD34","7"
"GAGCCTGCATCTAACG-1-2",0.0569267978587871,"Dana_KO","Pf4","3"
"GAGCCTGGTGTGTGGA-1-2",0.873085419383027,"Dana_KO","Ly86","0"
"GAGCTGCAGAATGTTG-1-2",7.31091461428201,"Dana_KO","Car1","6"
"GAGCTGCAGTAGGAAG-1-2",0.795205816343589,"Dana_KO","Fcnb","1"
"GAGCTGCAGTATGATG-1-2",0.0325101653321456,"Dana_KO","Car1","4"
"GAGCTGCCAAGCGAAC-1-2",0.122567897124528,"Dana_KO","Car1","2"
"GAGCTGCCAAGTGATA-1-2",17.6488422781898,"Dana_KO","Ltf","12"
"GAGCTGCCACTGCATA-1-2",0.513412928895997,"Dana_KO","Car1","4"
"GAGCTGCCAGCTACAT-1-2",0.0781489242843509,"Dana_KO","Car1","4"
"GAGCTGCGTAGTGTGG-1-2",5.99129258083946,"Dana_KO","Car1","6"
"GAGCTGCTCCCGTGTT-1-2",0.032510211707482,"Dana_KO","Car1","4"
"GAGCTGCTCGATCCAA-1-2",6.29166880656347,"Dana_KO","Car1","6"
"GAGCTGCTCGCCTTTG-1-2",5.61141571164825e-06,"Dana_KO","Pf4","8"
"GAGGCAAAGACAGCGT-1-2",0.052868152453153,"Dana_KO","Ly86","0"
"GAGGCAACAGCTACAT-1-2",0.0771556971187892,"Dana_KO","Gstm1/CD63","1"
"GAGGCAAGTCGTTCAA-1-2",0.70966881733806,"Dana_KO","Car1","2"
"GAGGCAAGTTCCGCTT-1-2",12.4979182221151,"Dana_KO","Ltf","12"
"GAGGCAATCAACTACG-1-2",0.0488622572649966,"Dana_KO","Pf4","8"
"GAGGCAATCCGTGGTG-1-2",0.0325102580828185,"Dana_KO","Car1","4"
"GAGGCAATCTCATGGA-1-2",2.929203862137,"Dana_KO","Car1","2"
"GAGGCCTAGTAAACAC-1-2",0.278185467177317,"Dana_KO","Ly86","0"
"GAGGCCTAGTGCAAAT-1-2",0.215922235638391,"Dana_KO","Car1","4"
"GAGGCCTCAGCAGAAC-1-2",0.0204448049825166,"Dana_KO","CD34","0"
"GAGGCCTCAGTCAGAG-1-2",0.143525227207495,"Dana_KO","Pf4","8"
"GAGGCCTTCGCGTAGC-1-2",5.78823013431138,"Dana_KO","Car1","2"
"GAGGCCTTCGTCCATC-1-2",1.11300807503767e-06,"Dana_KO","Car1","4"
"GAGGCCTTCTGGGTCG-1-2",1.76226278547631e-06,"Dana_KO","Pf4","8"
"GAGGGATAGCCTCGTG-1-2",0.343407386119479,"Dana_KO","Gstm1/Ly86","0"
"GAGGGATAGGGCAGTT-1-2",0.0569267514834506,"Dana_KO","Car1","3"
"GAGGGATCACCTTCCA-1-2",1.06663273857777e-06,"Dana_KO","Car1","4"
"GAGGGATGTATCGCAT-1-2",0.00167819824700999,"Dana_KO","Gstm1/CD63","1"
"GAGGGATGTCGACTGC-1-2",1.80863812193621e-06,"Dana_KO","Pf4","8"
"GAGGGATGTGCAGATG-1-2",15.2031763383171,"Dana_KO","Ltf","12"
"GAGGGATTCGAGAAGC-1-2",0.00641972277040459,"Dana_KO","Car1","4"
"GAGGGTAAGACCCTTA-1-2",0.0926746883001532,"Dana_KO","Gstm1/Ly86","1"
"GAGGGTAAGGTTCTTG-1-2",8.02728200100399,"Dana_KO","Hba-a2","6"
"GAGGGTAAGTAGGTTA-1-2",6.29166885293881,"Dana_KO","Car1","6"
"GAGGGTAAGTCCTACA-1-2",5.65779104810815e-06,"Dana_KO","Pf4","8"
"GAGGGTACAACTCGAT-1-2",0.808071737867826,"Dana_KO","Car1","2"
"GAGTCATAGAGAGCCT-1-2",2.80963844546007,"Dana_KO","Car1","2"
"GAGTCATCAGATACCT-1-2",0.0569267051081142,"Dana_KO","Car1","3"
"GAGTCATCATTCCTAT-1-2",0.513412975271334,"Dana_KO","Car1","4"
"GAGTCATGTACAAAGT-1-2",0.93038100559513,"Dana_KO","Gstm1/CD63","1"
"GAGTCTAAGACCTTTG-1-2",0.435515061513243,"Dana_KO","Ly86","0"
"GAGTCTACACCTGCAG-1-2",1.74509461525952,"Dana_KO","Fcnb","1"
"GAGTCTACAGCTGTTA-1-2",0.199499358122586,"Dana_KO","Car1","4"
"GAGTCTACATCAGCTA-1-2",0.128725864720337,"Dana_KO","Pf4","8"
"GAGTCTAGTCTGATCA-1-2",1.39126009379709e-07,"Dana_KO","Car1","3"
"GAGTCTAGTGGGTCAA-1-2",18.2785761047776,"Dana_KO","Ltf","12"
"GAGTCTATCCGTGTGG-1-2",0.0123047042907796,"Dana_KO","CD34","7"
"GAGTCTATCGACGATT-1-2",1.34646198817325,"Dana_KO","Gstm1/CD63","1"
"GAGTCTATCTACACTT-1-2",0.128547286548912,"Dana_KO","Unannotated","2"
"GAGTGAGAGAGCAGAA-1-2",5.70416638456805e-06,"Dana_KO","Pf4","8"
"GAGTGAGAGCTTAAGA-1-2",0.0016512963323303,"Dana_KO","Unannotated","11"
"GAGTGAGAGGACGCTA-1-2",2.78252018759417e-07,"Dana_KO","CD34","4"
"GAGTGAGCAAATAAGC-1-2",1.96833001588781,"Dana_KO","Car1","2"
"GAGTGAGCAGTAACGG-1-2",5.75054172102796e-06,"Dana_KO","Pf4","8"
"GAGTGAGGTTCTCCAC-1-2",0.0342802777729632,"Dana_KO","Pf4","8"
"GAGTGAGTCAAGGACG-1-2",5.79691705748786e-06,"Dana_KO","Pf4","8"
"GAGTGAGTCCACTGGG-1-2",0.0065006057354271,"Dana_KO","Fcnb","1"
"GAGTGAGTCCCTCTCC-1-2",0.598053949498136,"Dana_KO","Car1","4"
"GAGTGTTCAATAACGA-1-2",1.02025740211786e-06,"Dana_KO","CD34","4"
"GAGTGTTCAGAATTCC-1-2",0.159199805833402,"Dana_KO","Car1","4"
"GAGTGTTGTCCTTAAG-1-2",0.19696934825883,"Dana_KO","Pf4","8"
"GAGTGTTTCCGCACTT-1-2",0.111985100080593,"Dana_KO","Pf4","3"
"GAGTGTTTCTTTCCAA-1-2",10.3681941375176,"Dana_KO","Hba-a2","6"
"GAGTTACAGTCAATCC-1-2",0.00914802619792132,"Dana_KO","CD34","1"
"GAGTTACCAAAGAGTT-1-2",0.00156902340998832,"Dana_KO","Pf4","2"
"GAGTTACTCAAACCCA-1-2",6.45105578409912,"Dana_KO","Car1","2"
"GAGTTACTCCGGACGT-1-2",3.95100861973402,"Dana_KO","Car1","2"
"GAGTTACTCCGTGGCA-1-2",4.20094918793021,"Dana_KO","Car1","2"
"GAGTTACTCGTAGCCG-1-2",3.68579235282942,"Dana_KO","Car1","2"
"GAGTTGTAGCAGCCTC-1-2",0.219588907604198,"Dana_KO","Car1","3"
"GAGTTGTCAAATGAAC-1-2",0.00167824462234645,"Dana_KO","Gstm1/Ly86","1"
"GAGTTGTGTACGGTTT-1-2",4.16053567533655,"Dana_KO","Car1","2"
"GAGTTGTGTCAACGCC-1-2",1.02934094194968,"Dana_KO","Ly86","0"
"GAGTTGTGTGTGTTTG-1-2",0.0599082523993841,"Dana_KO","Pf4","4"
"GAGTTGTTCCACACAA-1-2",10.3681941838929,"Dana_KO","Hba-a2","6"
"GAGTTTGAGAAGTGTT-1-2",4.26653095431107e-06,"Dana_KO","Gstm1/CD63","1"
"GAGTTTGAGTAACAGT-1-2",9.27506729198058e-08,"Dana_KO","Pf4","3"
"GAGTTTGCAGAGAGGG-1-2",5.14864785365994,"Dana_KO","Car1","2"
"GAGTTTGGTCCTGAAT-1-2",1.0541982966786,"Dana_KO","Car1","2"
"GAGTTTGGTGCCCAGT-1-2",0.0204447586071801,"Dana_KO","CD34","0"
"GAGTTTGGTTCAGCGC-1-2",0.479380940828793,"Dana_KO","CD34","4"
"GAGTTTGGTTGAGTCT-1-2",0.0244464305303616,"Dana_KO","Gstm1/CD63","1"
"GAGTTTGTCACCGCTT-1-2",5.48007584829764,"Dana_KO","Car1","2"
"GATAGAAAGACCATAA-1-2",9.27506729198058e-07,"Dana_KO","CD34","1"
"GATAGAAAGATGATTG-1-2",0.000521485519139997,"Dana_KO","Gstm1/CD63","1"
"GATAGAAAGCCAACCC-1-2",0.0569266587327777,"Dana_KO","Car1","3"
"GATAGAAAGTATGACA-1-2",9.57937231172461,"Dana_KO","Hba-a2","6"
"GATAGAACAAGCACCC-1-2",5.84329239394776e-06,"Dana_KO","Pf4","8"
"GATAGAACACTGTGTA-1-2",0.0217623488359444,"Dana_KO","Pf4","8"
"GATAGAACAGACGCTC-1-2",0.0923686325356385,"Dana_KO","Pf4","8"
"GATAGAATCCCGAAAT-1-2",1.03155891513862,"Dana_KO","Car1","7"
"GATAGAATCGAAGCCC-1-2",0.210936034737384,"Dana_KO","Car1","4"
"GATAGAATCTATCCAT-1-2",0.0654996256765168,"Dana_KO","Car1","3"
"GATAGAATCTGGACCG-1-2",5.48007589467298,"Dana_KO","Hba-a2","11"
"GATAGCTCAAGAGATT-1-2",10.3681942302682,"Dana_KO","Hba-a2","6"
"GATAGCTCACATTGTG-1-2",0.651602371961725,"Dana_KO","Pf4","2"
"GATAGCTCATGACCCG-1-2",0.034705752492278,"Dana_KO","Pf4","8"
"GATAGCTGTAACGTTC-1-2",1.27779162961873,"Dana_KO","Gstm1/CD63","10"
"GATAGCTGTATTGACC-1-2",2.22731531216577,"Dana_KO","Fcnb","1"
"GATAGCTGTCTTCGAA-1-2",0.0671299475580001,"Dana_KO","Car1","4"
"GATAGCTGTTGAGGAC-1-2",9.57937235809995,"Dana_KO","Hba-a2","6"
"GATAGCTGTTTACCAG-1-2",0.00219104456830599,"Dana_KO","Gstm1/CD63","7"
"GATAGCTTCGAGCACC-1-2",0.00432562992762231,"Dana_KO","Pf4","11"
"GATAGCTTCGAGTCCG-1-2",0.0325103044581549,"Dana_KO","Car1","4"
"GATCACACATCCGGCA-1-2",15.6390702872189,"Dana_KO","Ltf","12"
"GATCACAGTTTGCCGG-1-2",0.0569266123574412,"Dana_KO","Car1","3"
"GATCACATCGGTTAGT-1-2",0.00119908006276148,"Dana_KO","Car1","4"
"GATCAGTAGCCTTTCC-1-2",0.800684164686928,"Dana_KO","Gstm1/CD63","1"
"GATCAGTAGCGCTGAA-1-2",1.96871578524712,"Dana_KO","Car1","2"
"GATCAGTAGTCCGCGT-1-2",0.76707742112752,"Dana_KO","Car1","2"
"GATCAGTAGTTAGTGA-1-2",0.459031246295548,"Dana_KO","CD34","7"
"GATCAGTCAAGCGATG-1-2",2.83383158337175,"Dana_KO","Car1","2"
"GATCATGAGCGTCGAA-1-2",0.0059571926352464,"Dana_KO","Ly86","7"
"GATCATGAGGCCTAAG-1-2",0.0165027579923784,"Dana_KO","Car1","3"
"GATCATGAGGCTAACG-1-2",10.3681942766436,"Dana_KO","Hba-a2","6"
"GATCATGCAAAGGAGA-1-2",0.0419813552427475,"Dana_KO","Car1","4"
"GATCATGCAGGAGGAG-1-2",2.51865434660563,"Dana_KO","Fcnb","1"
"GATCATGCATAACGGG-1-2",1.07009756465627,"Dana_KO","Pf4","2"
"GATCATGCATCCTATT-1-2",1.85501345839612e-06,"Dana_KO","CD34","4"
"GATCATGCATGTGACT-1-2",0.019480084848202,"Dana_KO","CD34","7"
"GATCATGCATGTTACG-1-2",5.88966773040767e-06,"Dana_KO","Pf4","8"
"GATCATGGTATCGCGC-1-2",0.00269936655492531,"Dana_KO","Ly86","0"
"GATCATGGTTAGAAAC-1-2",5.93604306686757e-06,"Dana_KO","Pf4","8"
"GATCATGTCAGCTTCC-1-2",0.978576929459071,"Dana_KO","Fcnb","1"
"GATCATGTCCGGACTG-1-2",5.48007594104831,"Dana_KO","Car1","2"
"GATCCCTAGACTTCAC-1-2",6.29166889931415,"Dana_KO","Car1","6"
"GATCCCTAGCAAGGAA-1-2",0.0108002737949562,"Dana_KO","Gstm1/CD63","1"
"GATCCCTAGGGATGTC-1-2",0.0569265659821048,"Dana_KO","Car1","3"
"GATCCCTCAAACTCGT-1-2",2.14098620577155,"Dana_KO","Gstm1/CD63","1"
"GATCCCTCAACAAGTA-1-2",0.00111935015041076,"Dana_KO","Ly86","0"
"GATCCCTCAATAGTAG-1-2",1.82746539996061,"Dana_KO","Gstm1/CD63","1"
"GATCCCTCATAGGTTC-1-2",0.00219099819296953,"Dana_KO","CD34","1"
"GATCCCTCATGCGGTC-1-2",0.434159478920278,"Dana_KO","Gstm1/CD63","1"
"GATCCCTGTATACCTG-1-2",4.63753364599029e-08,"Dana_KO","Car1","4"
"GATCCCTGTGAGTAGC-1-2",0.195742706292852,"Dana_KO","Pf4","3"
"GATCCCTGTGCAATAA-1-2",1.08581897424485,"Dana_KO","Fcnb","1"
"GATCCCTGTGGGTTGA-1-2",0.776981136620816,"Dana_KO","Ly86","0"
"GATCCCTTCACATTGG-1-2",0.0103776277418612,"Dana_KO","Car1","2"
"GATCCCTTCAGGTAAA-1-2",0.72924129400452,"Dana_KO","Pf4","8"
"GATCCCTTCCATTTGT-1-2",0.0569265196067683,"Dana_KO","Pf4","3"
"GATCCCTTCCTACCAC-1-2",10.3681943230189,"Dana_KO","Hba-a2","6"
"GATCCCTTCGACCCAG-1-2",0.467747995320154,"Dana_KO","Pf4","8"
"GATCCCTTCGCTTAAG-1-2",0.0821668152253623,"Dana_KO","Car1","3"
"GATCGTAAGAGCCCAA-1-2",6.10836382410687,"Dana_KO","Car1","6"
"GATCGTACACCAGTTA-1-2",1.57243305010752,"Dana_KO","Gstm1/CD63","1"
"GATCGTAGTAGACAGC-1-2",5.98241840332747e-06,"Dana_KO","Pf4","8"
"GATCGTAGTGCATGTT-1-2",0.0165028043677149,"Dana_KO","Car1","3"
"GATCGTAGTGTTCGTA-1-2",0.141003502917815,"Dana_KO","Gstm1/CD63","1"
"GATGACTCAAGGTACG-1-2",4.63753364599029e-08,"Dana_KO","Car1","3"
"GATGACTCAATTCTTC-1-2",0.719064300177298,"Dana_KO","Car1","2"
"GATGACTCAGCCTACG-1-2",1.02772731434688,"Dana_KO","Gstm1/CD63","1"
"GATGACTTCCTTTGAT-1-2",0.651602418337061,"Dana_KO","Car1","4"
"GATGAGGAGCCAAGGT-1-2",0.0340950439562655,"Dana_KO","CD34","2"
"GATGAGGAGCTCCATA-1-2",0.0169583116500409,"Dana_KO","Car1","3"
"GATGAGGAGGAAAGAC-1-2",0.0137753826730811,"Dana_KO","Car1","4"
"GATGAGGAGTCATGAA-1-2",7.07621888045164,"Dana_KO","Car1","6"
"GATGAGGCAACTGATC-1-2",0.456434985462125,"Dana_KO","Unannotated","2"
"GATGAGGCAAGGTACG-1-2",0.0325103508334914,"Dana_KO","Pf4","4"
"GATGAGGCACTCTCGT-1-2",0.658896668117357,"Dana_KO","Pf4","2"
"GATGAGGGTCAGCGTC-1-2",0.140212312587066,"Dana_KO","Ly86","0"
"GATGAGGGTCCATAGT-1-2",10.3681943693943,"Dana_KO","Hba-a2","6"
"GATGAGGGTCGCAACC-1-2",18.0651160988513,"Dana_KO","Ltf","12"
"GATGAGGGTCTGATCA-1-2",0.000631434834928779,"Dana_KO","Unannotated","2"
"GATGAGGTCAAGCGTT-1-2",0.556930846592423,"Dana_KO","Gstm1/CD63","0"
"GATGAGGTCACCACAA-1-2",0.00432558355228585,"Dana_KO","Pf4","11"
"GATGATCAGACGCCAA-1-2",0,"Dana_KO","Car1","3"
"GATGATCAGTGAGGCT-1-2",6.02879373978737e-06,"Dana_KO","Pf4","8"
"GATGATCCACATGTTG-1-2",0.00432553717694939,"Dana_KO","Car1","11"
"GATGATCCAGTGACCC-1-2",0.743831343305773,"Dana_KO","Car1","2"
"GATGATCCAGTTGTTG-1-2",0.0484432284321501,"Dana_KO","CD34","0"
"GATGATCCATCAGTCA-1-2",15.7907331860638,"Dana_KO","Ltf","12"
"GATGATCGTACAAGTA-1-2",0.0409423938273803,"Dana_KO","Car1","4"
"GATGATCGTCGTCTCT-1-2",5.30302079833334,"Dana_KO","Car1","6"
"GATGATCGTTTAGAGA-1-2",0.0846735067414197,"Dana_KO","CD34","1"
"GATGATCTCTGAGATC-1-2",1.08581902062019,"Dana_KO","Fcnb","1"
"GATGCTAAGGTATCTC-1-2",4.31290629077097e-06,"Dana_KO","Gstm1/CD63","1"
"GATGCTAAGTCGGCCT-1-2",0.0569264732314319,"Dana_KO","Car1","3"
"GATGCTACACCCTTAC-1-2",0.158190954722468,"Dana_KO","Car1","4"
"GATGCTACACTATCCC-1-2",0.748672874333599,"Dana_KO","Car1","2"
"GATGCTACATCTCCCA-1-2",0.0204447122318436,"Dana_KO","CD34","0"
"GATGCTAGTAGATTGA-1-2",4.35928162723087e-06,"Dana_KO","Gstm1/CD63","1"
"GATGCTAGTGTCCATA-1-2",6.07516907624728e-06,"Dana_KO","Pf4","8"
"GATGCTAGTTTGACAC-1-2",5.137371473616,"Dana_KO","Car1","6"
"GATGCTATCCCTTGTG-1-2",10.3681944157696,"Dana_KO","Hba-a2","6"
"GATGCTATCGACACCG-1-2",6.12154441270718e-06,"Dana_KO","Pf4","8"
"GATGGAGAGACCAGAC-1-2",0.206770233247854,"Dana_KO","Car1","4"
"GATGGAGAGATGGTAT-1-2",0.167159897855655,"Dana_KO","CD34","4"
"GATGGAGCAACTCCAA-1-2",0.0846735531167562,"Dana_KO","CD34","1"
"GATGGAGCAATCGCGC-1-2",0.0239389136327326,"Dana_KO","Car1","3"
"GATGGAGCATCCGGCA-1-2",1.21928360065041,"Dana_KO","Fcnb","1"
"GATGGAGGTAGGAGTC-1-2",4.24762000747049,"Dana_KO","Car1","2"
"GATGGAGGTATCGATC-1-2",4.40565696369077e-06,"Dana_KO","Fcnb","1"
"GATGGAGGTGGCTTGC-1-2",6.16791974916708e-06,"Dana_KO","Pf4","8"
"GATGGAGTCATACAGC-1-2",0.651602464712398,"Dana_KO","Unannotated","3"
"GATGGAGTCGCTCTAC-1-2",2.30597806474398,"Dana_KO","Gstm1/CD63","1"
"GATGGAGTCGTTATCT-1-2",0.0569264268560954,"Dana_KO","Car1","3"
"GATGGAGTCTAAGCGT-1-2",0.106894768269617,"Dana_KO","Car1","3"
"GATGTTGAGGAGACCT-1-2",0.210865980430015,"Dana_KO","Gstm1/CD63","1"
"GATGTTGAGTCATAGA-1-2",0.0669994790216006,"Dana_KO","CD34","4"
"GATGTTGCACACCGAC-1-2",0.0533400654562444,"Dana_KO","Fcnb","1"
"GATGTTGCAGACAAAT-1-2",10.3681944621449,"Dana_KO","Hba-a2","6"
"GATGTTGCAGGTGTGA-1-2",0.0132018250851975,"Dana_KO","Car1","2"
"GATGTTGCATTCAGGT-1-2",6.29166894568948,"Dana_KO","Car1","6"
"GATGTTGGTCCGACGT-1-2",0.232604355108521,"Dana_KO","Pf4","8"
"GATTCGAAGGTAGGCT-1-2",0.459031199920212,"Dana_KO","CD34","7"
"GATTCGAAGGTGCGAT-1-2",0.435603693597838,"Dana_KO","Car1","2"
"GATTCGAAGTTTCTTC-1-2",0.18599881696631,"Dana_KO","Car1","2"
"GATTCGACAATAACGA-1-2",4.36345428095127,"Dana_KO","Car1","2"
"GATTCGACACAGCTTA-1-2",0.701362255047333,"Dana_KO","Fcnb","1"
"GATTCGACAGGCAATG-1-2",0.65068435069127,"Dana_KO","Car1","3"
"GATTCGAGTCGAATGG-1-2",0.682870456397555,"Dana_KO","Car1","3"
"GATTCGATCGTCTACC-1-2",0.0327311051566914,"Dana_KO","Ly86","0"
"GATTCTTAGAATCTAG-1-2",0.30704287573437,"Dana_KO","CD34","7"
"GATTCTTAGCGTGAAC-1-2",3.38539956157291e-06,"Dana_KO","CD34","7"
"GATTCTTAGCTACTAC-1-2",0,"Dana_KO","Car1","2"
"GATTCTTCAGAGTCAG-1-2",0.0220610650785225,"Dana_KO","Prg2","10"
"GATTCTTCATGGCACC-1-2",0.0340115541534609,"Dana_KO","Car1","4"
"GATTCTTGTGAACGGT-1-2",0.242284679172275,"Dana_KO","Gstm1/CD63","1"
"GATTCTTGTGAGACGT-1-2",1.26927646038717,"Dana_KO","Gstm1/CD63","1"
"GATTCTTTCTGAGATC-1-2",4.45203230015068e-06,"Dana_KO","Gstm1/CD63","1"
"GATTGGTAGAGCATTA-1-2",0.931797337110868,"Dana_KO","Pf4","2"
"GATTGGTGTAGCGCCT-1-2",0.391107708639978,"Dana_KO","CD34","4"
"GATTGGTGTGGAAATT-1-2",0.00432549080161293,"Dana_KO","Unannotated","11"
"GATTGGTGTTCTTCAT-1-2",4.63753364599029e-08,"Dana_KO","Pf4","4"
"GATTGGTTCCGCGAGT-1-2",0.0169583580253774,"Dana_KO","Car1","3"
"GATTGGTTCGAGAAAT-1-2",0.0774640311162836,"Dana_KO","Car1","2"
"GATTGGTTCGGAACTT-1-2",0.809276187156649,"Dana_KO","Ly86","0"
"GATTGGTTCTATCGCC-1-2",0.0569263804807589,"Dana_KO","Car1","3"
"GATTTCTCAGTCTTCC-1-2",6.21429508562699e-06,"Dana_KO","Pf4","8"
"GATTTCTCATTCTTCA-1-2",0.0205044659887832,"Dana_KO","Car1","11"
"GATTTCTTCATAAGGA-1-2",0.696788023849393,"Dana_KO","Pf4","8"
"GCAACATAGAAGGCTC-1-2",0.221373921194862,"Dana_KO","Car1","4"
"GCAACATGTAACAGTA-1-2",0.0727554795885346,"Dana_KO","Car1","4"
"GCAACATGTACGTGAG-1-2",0.0409424402027168,"Dana_KO","Car1","4"
"GCAACATGTGATACCT-1-2",4.49840763661058e-06,"Dana_KO","Gstm1/CD63","1"
"GCAACATGTGGCCTCA-1-2",9.73882065657961e-07,"Dana_KO","Car1","4"
"GCAACATGTTCGGGTC-1-2",2.40339292942005,"Dana_KO","Car1","2"
"GCAACATTCATAGCAC-1-2",0.00167829099768291,"Dana_KO","Gstm1/CD63","1"
"GCAACATTCATGACAC-1-2",0.0487293263088553,"Dana_KO","Car1","4"
"GCAACATTCGGTCATA-1-2",8.81131392738155e-07,"Dana_KO","Ly86","0"
"GCAACATTCGTTGTGA-1-2",6.08120047918053,"Dana_KO","Car1","6"
"GCAACCGAGAACTGAT-1-2",1.90138879485602e-06,"Dana_KO","CD34","4"
"GCAACCGAGCTACGTT-1-2",0.0165028507430514,"Dana_KO","Car1","3"
"GCAACCGAGTTTCGAC-1-2",0.0325103972088279,"Dana_KO","Pf4","4"
"GCAACCGCAACGACAG-1-2",0.0569263341054225,"Dana_KO","CD34","3"
"GCAACCGCATATAGCC-1-2",4.63753364599029e-08,"Dana_KO","Car1","4"
"GCAACCGGTACGTTCA-1-2",0.00432544442627647,"Dana_KO","CD34","11"
"GCAACCGGTAGGCTGA-1-2",0.816844019705656,"Dana_KO","Car1","3"
"GCAACCGGTTGTGTAC-1-2",2.72779087230394,"Dana_KO","Car1","2"
"GCAACCGTCAGCCCAG-1-2",0.056926287730086,"Dana_KO","Car1","3"
"GCAACCGTCATTGCTT-1-2",6.26067042208689e-06,"Dana_KO","Pf4","8"
"GCAACCGTCTTTGCTA-1-2",9.27506729198058e-08,"Dana_KO","Pf4","3"
"GCACATAAGTTCTACG-1-2",0.00107983724148952,"Dana_KO","Car1","3"
"GCACATAGTACTCAAC-1-2",0.00167833737301937,"Dana_KO","Gstm1/CD63","1"
"GCACATATCACATCAG-1-2",1.04276434338054,"Dana_KO","Gstm1/CD63","1"
"GCACATATCTTGGATG-1-2",2.57344562631917,"Dana_KO","Car1","2"
"GCACATATCTTTCGAT-1-2",18.2553421439408,"Dana_KO","Ltf","12"
"GCACGGTAGATAACGT-1-2",2.0016518822419,"Dana_KO","Gstm1/CD63","1"
"GCACGGTAGTAATACG-1-2",0.70136230142267,"Dana_KO","Fcnb","1"
"GCACGGTAGTATGAAC-1-2",5.30792026782291,"Dana_KO","Car1","2"
"GCACGGTCACCCAAGC-1-2",1.65159060381975,"Dana_KO","Car1","2"
"GCACGGTCACCTTCCA-1-2",1.94776413131592e-06,"Dana_KO","Pf4","8"
"GCACGGTCAGCCGTCA-1-2",0.00753027295091124,"Dana_KO","Unannotated","4"
"GCACGGTGTACGAGTG-1-2",4.54478297307048e-06,"Dana_KO","Ly86","14"
"GCACGGTGTCATAAAG-1-2",0.0367540160206032,"Dana_KO","Car1","2"
"GCACGGTTCCATTCGC-1-2",1.2692765067625,"Dana_KO","Fcnb","1"
"GCACGTGAGCAACTTC-1-2",0.381680785765362,"Dana_KO","Ly86","0"
"GCACGTGAGGTGTGAC-1-2",0.0569262413547496,"Dana_KO","Car1","3"
"GCACGTGCAAATGGAT-1-2",1.39126009379709e-07,"Dana_KO","Pf4","3"
"GCACGTGGTACTAAGA-1-2",5.14476311569475,"Dana_KO","Hba-a2","6"
"GCACGTGGTGAGGAAA-1-2",0.0659662545838753,"Dana_KO","Fcnb","1"
"GCACGTGGTGAGTTGG-1-2",15.4009777388122,"Dana_KO","Car1","2"
"GCACGTGTCGCAATTG-1-2",15.730906557317,"Dana_KO","Ltf","12"
"GCACTAAAGAAGCGAA-1-2",0.0871849061668353,"Dana_KO","Car1","3"
"GCACTAAAGCATTGAA-1-2",1.99413946777582e-06,"Dana_KO","Pf4","8"
"GCACTAAAGCTAGTTC-1-2",0.625380812299162,"Dana_KO","CD34","2"
"GCACTAAAGGTGCATG-1-2",1.09605457814954,"Dana_KO","Car1","2"
"GCACTAAAGTTCGGTT-1-2",0.0321839136354323,"Dana_KO","Car1","3"
"GCACTAACAAATTGGA-1-2",0.614188462909998,"Dana_KO","Car1","4"
"GCACTAATCACTTATC-1-2",6.30704575854679e-06,"Dana_KO","Pf4","8"
"GCACTAATCCGAGTGC-1-2",5.48007598742365,"Dana_KO","Car1","2"
"GCACTAATCGGCTGAC-1-2",2.78022168188745,"Dana_KO","Car1","2"
"GCACTAATCGTACCTC-1-2",4.59115830953039e-06,"Dana_KO","Fcnb","1"
"GCAGCCAAGGGTATAT-1-2",0.0169584044007138,"Dana_KO","Car1","3"
"GCAGCCACACCTGCAG-1-2",0.0771704551107235,"Dana_KO","Car1","2"
"GCAGCCAGTGGCTTAT-1-2",3.93935789765596,"Dana_KO","Car1","2"
"GCAGCCATCCTGCCAT-1-2",0.820427839330975,"Dana_KO","Gstm1/CD63","4"
"GCAGCCATCGCTAATG-1-2",6.35342109500669e-06,"Dana_KO","Pf4","8"
"GCAGCTGCACAACCGC-1-2",0.0325104435841643,"Dana_KO","Pf4","4"
"GCAGCTGCACAATCTG-1-2",6.69868342642087,"Dana_KO","Car1","2"
"GCAGCTGCACATGGTT-1-2",0.0499709226662817,"Dana_KO","CD34","7"
"GCAGCTGCAGTCTACA-1-2",0.0425016329073322,"Dana_KO","Pf4","3"
"GCAGCTGGTGAAGCTG-1-2",0.511078045790132,"Dana_KO","Pf4","8"
"GCAGCTGGTTGTCATG-1-2",0.0367540623959397,"Dana_KO","Car1","2"
"GCAGCTGTCTCGTCAC-1-2",0.0325104899595008,"Dana_KO","Pf4","4"
"GCAGCTGTCTGCGGCA-1-2",6.29166899206482,"Dana_KO","Car1","6"
"GCAGGCTAGAAATGGG-1-2",0.218975244459915,"Dana_KO","Pf4","3"
"GCAGGCTCAAGTGATA-1-2",0.291032893348485,"Dana_KO","Car1","4"
"GCAGGCTCAGCAAGAC-1-2",5.19828247390821,"Dana_KO","Car1","2"
"GCAGGCTCAGGAGGAG-1-2",0.0778803843737728,"Dana_KO","Car1","4"
"GCAGGCTCAGGCCCTA-1-2",2.04051480423573e-06,"Dana_KO","Pf4","8"
"GCAGGCTGTACCCACG-1-2",4.07518053050551,"Dana_KO","Car1","2"
"GCAGGCTGTAGTGGCA-1-2",0.0409424865780532,"Dana_KO","Pf4","4"
"GCAGGCTGTTCCGCGA-1-2",0.72973093882334,"Dana_KO","Pf4","8"
"GCAGGCTTCGCTACAA-1-2",2.08689014069563e-06,"Dana_KO","Pf4","4"
"GCAGTTAAGAATAACC-1-2",0.0878595119541425,"Dana_KO","CD34","7"
"GCAGTTAAGATCCGAG-1-2",0.0395721854640136,"Dana_KO","Car1","3"
"GCAGTTAGTAACCCTA-1-2",0.00128762995340193,"Dana_KO","Pf4","8"
"GCAGTTAGTGCTGATT-1-2",0.732147818066377,"Dana_KO","Pf4","8"
"GCAGTTAGTGGCTCTG-1-2",0.426786461985503,"Dana_KO","Car1","3"
"GCAGTTATCTCTGAGA-1-2",0.0102309225667225,"Dana_KO","Fcnb","1"
"GCATCGGCACTGGAAG-1-2",4.63753364599029e-06,"Dana_KO","Gstm1/CD63","1"
"GCATCGGCATCGTGCG-1-2",1.04230366918222,"Dana_KO","Car1","2"
"GCATCGGCATGAGGGT-1-2",0.0371170097641416,"Dana_KO","Car1","4"
"GCATCGGCATGGCGCT-1-2",8.34756056278252e-07,"Dana_KO","Ly86","0"
"GCATCGGGTGGAGAAA-1-2",0.176392099361417,"Dana_KO","Ly86","0"
"GCATCGGTCCACGTCT-1-2",0.0962428194282152,"Dana_KO","Gstm1/CD63","1"
"GCATCGGTCGTGTTCC-1-2",0.651337908718931,"Dana_KO","Pf4","8"
"GCATCTCCATCGTTCC-1-2",0.0258739548491631,"Dana_KO","Gstm1/CD63","1"
"GCATCTCGTATGCGTT-1-2",0.728666820639814,"Dana_KO","Pf4","8"
"GCATCTCTCAAGTGTC-1-2",2.71975264948972,"Dana_KO","Car1","2"
"GCATGATAGACTGGGT-1-2",1.85501345839612e-07,"Dana_KO","Pf4","4"
"GCATGATAGATGCCGA-1-2",0.730324075942455,"Dana_KO","Pf4","8"
"GCATGATAGTAGGAAG-1-2",0.0419814016180839,"Dana_KO","Pf4","4"
"GCATGATAGTCGTTAC-1-2",0.552479808218675,"Dana_KO","Car1","4"
"GCATGATCAACCGCCA-1-2",9.27506729198058e-08,"Dana_KO","Car1","4"
"GCATGATCAGGTAGTG-1-2",1.1914753133076,"Dana_KO","Pf4","11"
"GCATGATCAGTTACCA-1-2",0.144501788482571,"Dana_KO","CD34","4"
"GCATGATGTCCTCAGG-1-2",17.5746087836482,"Dana_KO","Ltf","12"
"GCATGATGTGTAAATG-1-2",6.3997964314666e-06,"Dana_KO","Pf4","8"
"GCATGATTCATGAGAA-1-2",0.512250154332079,"Dana_KO","Ly86","0"
"GCATGATTCCCGAATA-1-2",2.31876682299514e-07,"Dana_KO","Pf4","3"
"GCATGATTCGATTTCT-1-2",0.0569261949794131,"Dana_KO","Car1","3"
"GCATTAGCAACGGGTA-1-2",5.63687713477773,"Dana_KO","Car1","6"
"GCATTAGGTTCTCCTG-1-2",0.114480933531199,"Dana_KO","CD34","7"
"GCATTAGTCCTTATCA-1-2",0.51341302164667,"Dana_KO","Car1","4"
"GCATTAGTCCTTATGT-1-2",4.38255445162777,"Dana_KO","Car1","2"
"GCATTAGTCCTTTGAT-1-2",0.0770391610422385,"Dana_KO","Car1","2"
"GCATTAGTCGGCTGAC-1-2",0.0409425329533897,"Dana_KO","Pf4","4"
"GCATTAGTCTCAGTCC-1-2",0.124761135554734,"Dana_KO","Gstm1/CD63","1"
"GCCAACGAGTCATAGA-1-2",0.978308090431486,"Dana_KO","Car1","4"
"GCCAACGAGTGGAATT-1-2",0.0189072791590323,"Dana_KO","Gstm1/CD63","1"
"GCCAACGCAACTTCTT-1-2",2.92920390851233,"Dana_KO","Car1","2"
"GCCAACGCACAATCTG-1-2",7.19102490332867,"Dana_KO","Hba-a2","6"
"GCCAACGCAGCGGATA-1-2",0.0962428658035517,"Dana_KO","Fcnb","1"
"GCCAACGCAGTCCCGA-1-2",6.4461717679265e-06,"Dana_KO","Pf4","8"
"GCCAACGGTGTATTGC-1-2",0.344956213687062,"Dana_KO","Car1","4"
"GCCAACGGTTGGTACT-1-2",0.715320039015582,"Dana_KO","Car1","2"
"GCCAACGGTTGTATGC-1-2",1.57243309648285,"Dana_KO","Gstm1/Ly86","1"
"GCCAACGTCACTACGA-1-2",0.610934942365401,"Dana_KO","Car1","2"
"GCCAACGTCGAACACT-1-2",3.33902422511301e-06,"Dana_KO","C1qb","14"
"GCCAACGTCGTGGCGT-1-2",0.699342558865636,"Dana_KO","Car1","2"
"GCCAGCAAGTCTCGTA-1-2",5.80836071088988,"Dana_KO","Car1","2"
"GCCAGCACAACTCGAT-1-2",2.16663427994926,"Dana_KO","Gstm1/CD63","1"
"GCCAGCACAGGTTTAC-1-2",2.78252018759417e-07,"Dana_KO","Car1","4"
"GCCAGGTAGACTCTTG-1-2",1.99736972705407,"Dana_KO","Car1","2"
"GCCAGGTAGCAGCGAT-1-2",0.161682118952699,"Dana_KO","CD34","4"
"GCCAGGTAGTCGAAAT-1-2",0.0569261486040766,"Dana_KO","Car1","3"
"GCCAGGTGTGTTCAGT-1-2",0.168016044985891,"Dana_KO","Car1","2"
"GCCAGGTTCCCATAAG-1-2",4.68390898245019e-06,"Dana_KO","Gstm1/CD63","1"
"GCCAGGTTCGCAACAT-1-2",9.57937240447528,"Dana_KO","Hba-a2","6"
"GCCAGTGAGCCTCTTC-1-2",2.92920395488767,"Dana_KO","Car1","2"
"GCCAGTGAGGATACCG-1-2",0.728942069192959,"Dana_KO","Pf4","8"
"GCCAGTGAGGTCATCT-1-2",0.00432539805094001,"Dana_KO","Hba-a2","11"
"GCCAGTGAGGTTCCAT-1-2",0.536724266241618,"Dana_KO","Car1","3"
"GCCAGTGAGTATGCAA-1-2",0.556930892967759,"Dana_KO","Gstm1/CD63","0"
"GCCAGTGCACAGGATG-1-2",0.619705082843964,"Dana_KO","Car1","3"
"GCCAGTGCACTGAATC-1-2",0.513413068022007,"Dana_KO","Car1","4"
"GCCAGTGCAGAGATTA-1-2",1.72862836091118,"Dana_KO","Car1","2"
"GCCAGTGCAGCCTATA-1-2",2.83755947691279,"Dana_KO","Car1","2"
"GCCAGTGGTAGCTAAA-1-2",0.539336422564616,"Dana_KO","Fcnb","1"
"GCCAGTGGTTGCCTAA-1-2",18.278576151153,"Dana_KO","Ltf","12"
"GCCAGTGGTTTCACTT-1-2",6.4925471043864e-06,"Dana_KO","Pf4","8"
"GCCAGTGTCGACACCG-1-2",6.53892244084631e-06,"Dana_KO","Pf4","8"
"GCCATGGCACGTGAGA-1-2",0.0569261022287402,"Dana_KO","Car1","3"
"GCCATGGGTGGTCTTA-1-2",3.2926488886531e-06,"Dana_KO","CD34","7"
"GCCATGGGTTCCGCTT-1-2",0.0325105363348372,"Dana_KO","Car1","4"
"GCCATTCAGCGTGCTC-1-2",6.58529777730621e-06,"Dana_KO","Pf4","8"
"GCCATTCAGGTACTGG-1-2",0.721881981009816,"Dana_KO","Car1","3"
"GCCATTCCATAGATCC-1-2",17.638006085851,"Dana_KO","Ltf","12"
"GCCATTCCATCAGCGC-1-2",17.5539500795888,"Dana_KO","Ltf","12"
"GCCATTCGTAAGTAGT-1-2",0.180803068404271,"Dana_KO","Car1","2"
"GCCATTCGTACAGTAA-1-2",0.00432535167560355,"Dana_KO","Pf4","3"
"GCCATTCTCAAGAGTA-1-2",0.00432530530026709,"Dana_KO","Car1","11"
"GCCATTCTCAGCTTGA-1-2",1.73729003158399,"Dana_KO","Car1","2"
"GCCATTCTCGGCATCG-1-2",0.00432525892493063,"Dana_KO","Pf4","11"
"GCCATTCTCGGTAGAG-1-2",0.00879856599966722,"Dana_KO","Gstm1/CD63","1"
"GCCATTCTCTTAATCC-1-2",0.0217095199365018,"Dana_KO","CD34","11"
"GCCCAGAAGCGGTAGT-1-2",3.2462735521932e-06,"Dana_KO","CD34","7"
"GCCCAGAAGGTCTGGA-1-2",6.22402585342824,"Dana_KO","Car1","6"
"GCCCAGAAGTTGGAGC-1-2",9.27506729198058e-07,"Dana_KO","Car1","4"
"GCCCAGACACGTCATA-1-2",6.63167311376611e-06,"Dana_KO","Pf4","8"
"GCCCAGACAGAGACTG-1-2",0.165929275411847,"Dana_KO","Car1","3"
"GCCCAGACAGGTCCCA-1-2",0.0346045666564208,"Dana_KO","Car1","4"
"GCCCAGAGTATGCTAC-1-2",4.73028431891009e-06,"Dana_KO","Gstm1/CD63","1"
"GCCCAGAGTCAAAGTA-1-2",4.77665965537e-06,"Dana_KO","Gstm1/Ly86","1"
"GCCCAGAGTTAAACCC-1-2",0.159720511807915,"Dana_KO","Gstm1/CD63","1"
"GCCCAGATCGTTATCT-1-2",0.0580000521503563,"Dana_KO","Car1","3"
"GCCCGAAAGAAGGATG-1-2",0.0325105827101737,"Dana_KO","Pf4","4"
"GCCCGAAAGCCTCTCT-1-2",0.444987367932708,"Dana_KO","Car1","4"
"GCCCGAAAGTACTCGT-1-2",2.40339297579539,"Dana_KO","Car1","2"
"GCCCGAACACATATCG-1-2",0.0962429121788881,"Dana_KO","Fcnb","1"
"GCCCGAACAGGTGACA-1-2",7.19102494970401,"Dana_KO","Hba-a2","6"
"GCCCGAACATACTGTG-1-2",2.13326547715553e-06,"Dana_KO","Pf4","4"
"GCCCGAAGTGAACGGT-1-2",0.0363605860683303,"Dana_KO","CD34","7"
"GCCCGAAGTGATTGGG-1-2",0.459031153544875,"Dana_KO","CD34","7"
"GCCCGAATCAACTCTT-1-2",1.39126009379709e-07,"Dana_KO","Car1","4"
"GCCGATGAGGCACTAG-1-2",0.0976607851541449,"Dana_KO","Pf4","3"
"GCCGATGAGGCCGCTT-1-2",0.0204446658565072,"Dana_KO","CD34","0"
"GCCGATGCAGTACTAC-1-2",0.0569260558534037,"Dana_KO","Car1","3"
"GCCGATGGTTCGGCGT-1-2",0.0962429585542246,"Dana_KO","Gstm1/CD63","1"
"GCCGATGGTTGCAAGG-1-2",0.0910874439241476,"Dana_KO","Car1","4"
"GCCGATGTCGCACGAC-1-2",15.8251437237939,"Dana_KO","Ltf","12"
"GCCGATGTCGTACACA-1-2",6.67804845022602e-06,"Dana_KO","Pf4","8"
"GCCGTGAAGTCGCCAC-1-2",0.0153995419079251,"Dana_KO","Gstm1/CD63","1"
"GCCGTGACACAGTCGC-1-2",0.0217623952112809,"Dana_KO","Pf4","8"
"GCCGTGACACGGCGTT-1-2",0.0165028971183878,"Dana_KO","Car1","4"
"GCCGTGACATCGCCTT-1-2",2.92920400126301,"Dana_KO","Car1","2"
"GCCGTGAGTATTAAGG-1-2",5.48007603379899,"Dana_KO","Car1","2"
"GCCGTGAGTGGCAACA-1-2",0.527376932449684,"Dana_KO","Fcnb","1"
"GCCGTGATCCTCGATC-1-2",7.22590989776062,"Dana_KO","Car1","6"
"GCCGTGATCGCTTGCT-1-2",0.0604675778575268,"Dana_KO","Gstm1/Ly86","0"
"GCCTGTTAGAGGTTTA-1-2",0.0292457442770448,"Dana_KO","Gstm1/CD63","1"
"GCCTGTTCAGAGTCAG-1-2",4.8230349918299e-06,"Dana_KO","Ly86","14"
"GCCTGTTGTCTGTAGT-1-2",6.72442378668592e-06,"Dana_KO","Pf4","8"
"GCCTGTTTCATGAGTC-1-2",0.994616691057076,"Dana_KO","Pf4","8"
"GCCTGTTTCCCGTGTT-1-2",4.99827576615829,"Dana_KO","Car1","2"
"GCGAGAAAGTAGCTCT-1-2",0.0479574733224917,"Dana_KO","Car1","4"
"GCGAGAACAAAGCGTG-1-2",0.73336226360177,"Dana_KO","Pf4","8"
"GCGAGAACACGGCACT-1-2",0.731502273008871,"Dana_KO","Pf4","8"
"GCGAGAAGTAGCTGTT-1-2",0.0846735994920926,"Dana_KO","CD34","1"
"GCGAGAATCAATCTCT-1-2",0.0325106290855102,"Dana_KO","Car1","4"
"GCGAGAATCTGGGAGA-1-2",0.388022109010686,"Dana_KO","Ly86","0"
"GCGATCGAGCCAACCC-1-2",0.808071784243163,"Dana_KO","Car1","2"
"GCGATCGAGCCTGACC-1-2",3.1998982157333e-06,"Dana_KO","CD34","7"
"GCGATCGAGGATATAC-1-2",3.2462735521932e-07,"Dana_KO","Pf4","3"
"GCGATCGAGGCCACTC-1-2",2.88346074132359,"Dana_KO","Car1","2"
"GCGATCGAGTCTAGAA-1-2",0.0569260094780673,"Dana_KO","Car1","3"
"GCGATCGCAAATCCCA-1-2",0.0789824973726212,"Dana_KO","CD34","0"
"GCGATCGCAGCGAACA-1-2",0.459031107169539,"Dana_KO","CD34","7"
"GCGATCGCAGTGTACT-1-2",0.0179007560102447,"Dana_KO","Gstm1/CD63","1"
"GCGATCGGTGAGCTCC-1-2",0.0165029434937243,"Dana_KO","Car1","4"
"GCGATCGGTGCATTAC-1-2",5.49443165100574,"Dana_KO","Car1","2"
"GCGATCGTCATTATCC-1-2",7.88380719818349e-07,"Dana_KO","Ly86","0"
"GCGGAAAAGCTATCTG-1-2",1.85501345839612e-07,"Dana_KO","Car1","4"
"GCGGAAAAGGTCACTT-1-2",3.16696591028616,"Dana_KO","Car1","2"
"GCGGAAACAACCGCTG-1-2",0.0569259631027308,"Dana_KO","Car1","3"
"GCGGAAACAAGTAGTA-1-2",0.0409425793287261,"Dana_KO","Car1","3"
"GCGGAAACACAAAGCG-1-2",0.0569259167273943,"Dana_KO","Car1","3"
"GCGGAAACATGGAAGC-1-2",0.0317725030860183,"Dana_KO","Pf4","8"
"GCGGAAAGTATCGAGG-1-2",3.1535228792734e-06,"Dana_KO","CD34","7"
"GCGGAAAGTGTCTAAC-1-2",0.0325106754608466,"Dana_KO","Pf4","4"
"GCGGAAATCACGATAC-1-2",6.77079912314582e-06,"Dana_KO","Pf4","8"
"GCGGAAATCATCGCAA-1-2",0.682870502772892,"Dana_KO","Car1","3"
"GCGGAAATCCGAAATC-1-2",0.0554570900397071,"Dana_KO","Gstm1/CD63","0"
"GCGGAAATCGGAACTT-1-2",0.209590845824502,"Dana_KO","CD34","7"
"GCGGATCAGAGAGTTT-1-2",6.81717445960572e-06,"Dana_KO","Pf4","8"
"GCGGATCAGAGTTGCG-1-2",6.86354979606563e-06,"Dana_KO","Car1","4"
"GCGGATCAGGTATAGT-1-2",2.92920404763834,"Dana_KO","Car1","2"
"GCGGATCAGTTGTAAG-1-2",0.0569258703520579,"Dana_KO","Car1","3"
"GCGGATCCACAGCCAC-1-2",0.0409426257040626,"Dana_KO","CD34","3"
"GCGGATCCACTAACGT-1-2",6.90992513252553e-06,"Dana_KO","Pf4","8"
"GCGGATCGTGATGTAA-1-2",0.459031060794203,"Dana_KO","CD34","7"
"GCGGATCGTTGCTAGT-1-2",0.210873731688331,"Dana_KO","Ly86","0"
"GCGGATCTCGCTGATA-1-2",1.44721409375429,"Dana_KO","Car1","3"
"GCGGATCTCGTGGGTC-1-2",0.0868015861151341,"Dana_KO","Car1","4"
"GCGTGCAAGAAGATCT-1-2",4.37903589261346,"Dana_KO","Car1","2"
"GCGTGCAAGAGAGTTT-1-2",0.0537233745893417,"Dana_KO","Gstm1/CD63","1"
"GCGTGCAAGATCGCCC-1-2",2.24962761403286,"Dana_KO","Fcnb","1"
"GCGTGCAAGATTGATG-1-2",10.3681945085203,"Dana_KO","Hba-a2","6"
"GCGTGCAAGCAATAAC-1-2",0.459031014418866,"Dana_KO","CD34","7"
"GCGTGCAAGGAAGTCC-1-2",2.31876682299514e-07,"Dana_KO","Car1","4"
"GCGTGCAGTCTTCTAT-1-2",0.00990958838585876,"Dana_KO","Ly86","0"
"GCGTGCAGTGTGTACT-1-2",1.18312721765633,"Dana_KO","Ly86","1"
"GCGTGCATCCTAAACG-1-2",0.0569258239767214,"Dana_KO","Car1","3"
"GCGTTTCAGCGCCTCA-1-2",0.000768144890913647,"Dana_KO","Ly86","0"
"GCGTTTCAGGCTTCCG-1-2",0.0325107218361831,"Dana_KO","Car1","4"
"GCGTTTCCACCCTGAG-1-2",10.3681945548956,"Dana_KO","Hba-a2","6"
"GCGTTTCCACGTAGAG-1-2",8.81131392738155e-07,"Dana_KO","Car1","4"
"GCGTTTCGTAGAGATT-1-2",0.950417889135754,"Dana_KO","Car1","2"
"GCGTTTCGTTGTATGC-1-2",0.0274429143604639,"Dana_KO","Car1","3"
"GCGTTTCTCAGCTAGT-1-2",0.00560114047339999,"Dana_KO","Pf4","3"
"GCGTTTCTCTATGTGG-1-2",5.48007608017432,"Dana_KO","Car1","3"
"GCGTTTCTCTGGCTGG-1-2",1.99736977342941,"Dana_KO","Car1","2"
"GCTACAACAAAGGGCT-1-2",0.513413114397343,"Dana_KO","Car1","4"
"GCTACAACACTTCCTG-1-2",0.0409426720793991,"Dana_KO","Car1","3"
"GCTACAACAGAACGCA-1-2",2.40806458798732,"Dana_KO","Fcnb","1"
"GCTACAAGTACTCAAC-1-2",0.0314048609566751,"Dana_KO","Unannotated","11"
"GCTACAAGTCTTGGTA-1-2",2.17964081361544e-06,"Dana_KO","Pf4","8"
"GCTACAAGTGGTCCCA-1-2",0.0447136721548107,"Dana_KO","Ly86","0"
"GCTACAAGTGTAGTGG-1-2",4.20094923430555,"Dana_KO","Car1","2"
"GCTACAATCGCCAGTG-1-2",5.96088055564959,"Dana_KO","Car1","6"
"GCTACAATCGCTGTTC-1-2",0.00432521254959417,"Dana_KO","Gstm1/Ly86","11"
"GCTACAATCTACACAG-1-2",3.10714754281349e-06,"Dana_KO","CD34","7"
"GCTACCTCAATGTGGG-1-2",0.0648992330873244,"Dana_KO","CD34","3"
"GCTACCTCACGACTAT-1-2",12.4979182684904,"Dana_KO","Ltf","12"
"GCTACCTCAGAGGAAA-1-2",6.95630046898543e-06,"Dana_KO","Pf4","8"
"GCTACCTGTTGGGAAC-1-2",16.0710511610804,"Dana_KO","Ltf","12"
"GCTACCTTCCGTCACT-1-2",7.00267580544534e-06,"Dana_KO","Pf4","8"
"GCTCAAACAGACCTGC-1-2",7.04905114190524e-06,"Dana_KO","Pf4","8"
"GCTCAAATCGAGAAAT-1-2",0.637857722742754,"Dana_KO","Car1","2"
"GCTCAAATCTTACCGC-1-2",1.27779167599407,"Dana_KO","CD34","10"
"GCTGAATAGCGATGCA-1-2",0.0320165148980065,"Dana_KO","CD34","4"
"GCTGAATAGTTCACTG-1-2",0.729660100539633,"Dana_KO","Pf4","8"
"GCTGAATCAACGATCT-1-2",0.727886199832812,"Dana_KO","Car1","2"
"GCTGAATCACCCTGAG-1-2",0.0165029898690607,"Dana_KO","Car1","4"
"GCTGAATGTAGGCAAC-1-2",4.19395683051561,"Dana_KO","Car1","2"
"GCTGAATGTGGATGAC-1-2",0.336668404778961,"Dana_KO","Ly86","0"
"GCTGAATTCGAACTCA-1-2",0.056925777601385,"Dana_KO","Car1","3"
"GCTGAATTCGCTTTAT-1-2",0.535188406526625,"Dana_KO","Car1","3"
"GCTGCAGAGTGCTCAT-1-2",0.0835380321125405,"Dana_KO","Pf4","8"
"GCTGCAGCAATTGCCA-1-2",0.0569257312260485,"Dana_KO","Car1","3"
"GCTGCAGCACGACAAG-1-2",3.71002691679223e-07,"Dana_KO","Car1","4"
"GCTGCAGGTCCTGGTG-1-2",0.128933431690357,"Dana_KO","Car1","4"
"GCTGCAGGTGTGTCCG-1-2",4.17378028139126e-07,"Dana_KO","Car1","3"
"GCTGCAGTCTTGAGCA-1-2",4.63753364599029e-07,"Dana_KO","Pf4","3"
"GCTGGGTAGCCGGAAT-1-2",0.0204446194811707,"Dana_KO","Gstm1/CD63","0"
"GCTGGGTAGTCTAGAA-1-2",4.8694103282898e-06,"Dana_KO","Gstm1/CD63","1"
"GCTGGGTAGTTAGAAC-1-2",3.06077220635359e-06,"Dana_KO","CD34","7"
"GCTGGGTCAACGGTAG-1-2",0.649974155174869,"Dana_KO","Car1","3"
"GCTGGGTCAATTGCCA-1-2",0.00107979086615306,"Dana_KO","Car1","3"
"GCTGGGTCACCTGATA-1-2",10.3681946012709,"Dana_KO","Hba-a2","6"
"GCTGGGTCAGAGTCTT-1-2",5.10128701058932e-07,"Dana_KO","Pf4","4"
"GCTGGGTCATGAAGCG-1-2",0.00128639801975444,"Dana_KO","Gstm1/Ly86","0"
"GCTGGGTGTACCACGC-1-2",0,"Dana_KO","CD34","0"
"GCTGGGTTCTGAGAGG-1-2",0.70234950468039,"Dana_KO","Car1","2"
"GCTTCACAGATGGCAC-1-2",0.0367541087712762,"Dana_KO","Car1","2"
"GCTTCACCACTCTCGT-1-2",5.56504037518835e-07,"Dana_KO","Pf4","3"
"GCTTCACGTTCGGTTA-1-2",0.000403401840243622,"Dana_KO","Ly86","0"
"GCTTCACTCTGTTCAT-1-2",0.654645161218478,"Dana_KO","Car1","4"
"GCTTGGGAGCTTAAGA-1-2",10.3681946476463,"Dana_KO","Hba-a2","6"
"GCTTGGGAGGTCCCTG-1-2",0.116941899487673,"Dana_KO","Car1","4"
"GCTTGGGCAACTCCCT-1-2",0.00167838374835583,"Dana_KO","Gstm1/CD63","1"
"GCTTGGGCACAGAGCA-1-2",8.34756056278252e-07,"Dana_KO","Car1","4"
"GCTTGGGCATTCTCCG-1-2",2.78252018759417e-07,"Dana_KO","Car1","4"
"GCTTGGGGTAGACTGG-1-2",3.9393579440313,"Dana_KO","Car1","2"
"GCTTGGGTCTCCGTGT-1-2",7.09542647836514e-06,"Dana_KO","Pf4","8"
"GCTTTCGAGGCTAAAT-1-2",7.14180181482504e-06,"Dana_KO","Pf4","8"
"GCTTTCGAGTTCACTG-1-2",18.2776983162488,"Dana_KO","Ltf","12"
"GCTTTCGGTGCCCAGT-1-2",7.18817715128495e-06,"Dana_KO","Pf4","8"
"GCTTTCGGTTGAGGAC-1-2",1.03392923310477,"Dana_KO","Fcnb","1"
"GCTTTCGTCTGCCTGT-1-2",0.115148676006965,"Dana_KO","Pf4","3"
"GGAACCCAGCCTGGAA-1-2",2.92920409401368,"Dana_KO","Car1","2"
"GGAACCCCAAAGAACT-1-2",4.91578566474971e-06,"Dana_KO","Ly86","14"
"GGAACCCCACCCTTAC-1-2",4.96216100120961e-06,"Dana_KO","Gstm1/CD63","1"
"GGAACCCGTCCTTTGC-1-2",0.0165030362443972,"Dana_KO","Car1","4"
"GGAACCCGTGAACGGT-1-2",7.23455248774485e-06,"Dana_KO","Pf4","8"
"GGAACCCGTGCCCACA-1-2",0.525181963790394,"Dana_KO","Ly86","0"
"GGAACCCTCATTGTTC-1-2",1.20628246122278,"Dana_KO","Car1","2"
"GGAACCCTCGCTCATC-1-2",0.500458890151443,"Dana_KO","Car1","4"
"GGAACCCTCTTGCAGA-1-2",7.28092782420475e-06,"Dana_KO","Pf4","8"
"GGAAGTGAGACGACGT-1-2",2.22601615007534e-06,"Dana_KO","Unannotated","4"
"GGAAGTGCAAAGCTAA-1-2",5.00853633766951e-06,"Dana_KO","Gstm1/CD63","1"
"GGAAGTGCAACGGCCT-1-2",0.232604401483858,"Dana_KO","Pf4","8"
"GGAAGTGCAATCACGT-1-2",0.0419814479934204,"Dana_KO","CD34","4"
"GGAAGTGCACCCTAAA-1-2",0.701362347798006,"Dana_KO","Fcnb","1"
"GGAAGTGCAGACCGCT-1-2",0.0110072288535357,"Dana_KO","Pf4","11"
"GGAAGTGGTCCTGTCT-1-2",3.98360728380191,"Dana_KO","Car1","2"
"GGAAGTGGTGTTCGTA-1-2",0.344956260062398,"Dana_KO","Car1","4"
"GGAAGTGGTTGCTCCT-1-2",3.2462735521932e-07,"Dana_KO","Car1","4"
"GGAAGTGTCATAGACC-1-2",3.95100866610936,"Dana_KO","Car1","2"
"GGAATCTAGAAGTGTT-1-2",0.0165030826197337,"Dana_KO","Car1","4"
"GGAATCTAGAGGCGGA-1-2",0.0208804092521051,"Dana_KO","Car1","4"
"GGAATCTCAATACGAA-1-2",6.02879373978737e-07,"Dana_KO","Car1","3"
"GGAATCTCATCGCTGG-1-2",0.0342296965084179,"Dana_KO","Pf4","4"
"GGAATCTGTATCTTCT-1-2",7.32730316066466e-06,"Dana_KO","Pf4","8"
"GGAATCTGTGCATGTT-1-2",6.4925471043864e-07,"Dana_KO","Pf4","3"
"GGAATCTTCCTTTAGT-1-2",1.96813931244411,"Dana_KO","Gstm1/CD63","1"
"GGAATGGAGGGAGTGG-1-2",7.37367849712456e-06,"Dana_KO","Pf4","8"
"GGAATGGAGTAATCCC-1-2",18.262763929545,"Dana_KO","Ltf","12"
"GGAATGGAGTCCTGTA-1-2",0.253255750696847,"Dana_KO","Pf4","2"
"GGAATGGGTGTTGCCG-1-2",7.42005383358446e-06,"Dana_KO","Pf4","8"
"GGAATGGTCACCTCAC-1-2",2.40339302217073,"Dana_KO","Car1","2"
"GGAATGGTCGAACTCA-1-2",0.0568935186739672,"Dana_KO","Gstm1/Ly86","0"
"GGACGTCAGAAGCGCT-1-2",6.39459393248143,"Dana_KO","Car1","2"
"GGACGTCCAGGTACGA-1-2",0.129352898038554,"Dana_KO","Ly86","1"
"GGACGTCCATGAGGGT-1-2",7.46642917004436e-06,"Dana_KO","Pf4","8"
"GGACGTCGTAGTGTGG-1-2",7.51280450650427e-06,"Dana_KO","Pf4","4"
"GGACGTCGTTAAGGAT-1-2",3.01439686989369e-06,"Dana_KO","Gstm1/Ly86","7"
"GGACGTCGTTGTGGCC-1-2",0.0570556480953828,"Dana_KO","Car1","2"
"GGACGTCTCATGCATG-1-2",0.702427375128022,"Dana_KO","Pf4","8"
"GGACGTCTCCTACAAG-1-2",7.88380719818349e-07,"Dana_KO","Car1","4"
"GGACGTCTCGAGTCCG-1-2",0.415937343514668,"Dana_KO","Car1","4"
"GGAGAACAGCCATTCA-1-2",0.315082454148502,"Dana_KO","Ly86","0"
"GGAGAACAGCTACAAA-1-2",0.00219095181763307,"Dana_KO","Gstm1/CD63","7"
"GGAGAACAGTGCACAG-1-2",2.60125506115088,"Dana_KO","Car1","2"
"GGAGAACCACTCAGAT-1-2",0.0616257871859711,"Dana_KO","Gstm1/Ly86","0"
"GGAGAACCATCGCTCT-1-2",0.169641121989921,"Dana_KO","Ly86","0"
"GGAGAACGTAATGCTC-1-2",0.0796361093699923,"Dana_KO","Car1","2"
"GGAGAACGTTAGTCGT-1-2",0.0325107682115195,"Dana_KO","Pf4","8"
"GGAGAACTCACTACGA-1-2",4.37352437517385,"Dana_KO","Car1","2"
"GGAGATGAGCATTTGC-1-2",1.72500231503767,"Dana_KO","Gstm1/CD63","1"
"GGAGATGGTAAGACCG-1-2",0.686659026277793,"Dana_KO","Car1","2"
"GGAGATGGTAGCACGA-1-2",6.95630046898543e-07,"Dana_KO","Pf4","3"
"GGAGATGGTCATGCAT-1-2",7.42005383358446e-07,"Dana_KO","Pf4","8"
"GGAGATGTCAAGAGGC-1-2",0.0166842256623796,"Dana_KO","Car1","4"
"GGAGATGTCTCTTCAA-1-2",4.08487489953461,"Dana_KO","Car1","2"
"GGAGATGTCTGTACAG-1-2",1.25310735656334,"Dana_KO","Car1","2"
"GGAGCAAAGAGGGTGG-1-2",0.820922328179228,"Dana_KO","Ly86","0"
"GGAGCAAAGGTGCTAG-1-2",0.309099099491683,"Dana_KO","Car1","3"
"GGAGCAACAAGTTTGC-1-2",7.55917984296417e-06,"Dana_KO","Pf4","8"
"GGAGCAACAGTTGTCA-1-2",5.24974259606517,"Dana_KO","Car1","6"
"GGAGCAACATACAGCT-1-2",6.29166903844016,"Dana_KO","Car1","6"
"GGAGCAAGTCGAGCTC-1-2",0.00063355441338997,"Dana_KO","CD34","0"
"GGAGCAATCCTAGCCT-1-2",0.0763333302266762,"Dana_KO","Pf4","3"
"GGAGGATAGACTCGAG-1-2",17.4777769122165,"Dana_KO","Ltf","12"
"GGAGGATAGCTAGCCC-1-2",0.733362309977106,"Dana_KO","Pf4","8"
"GGAGGATCACACGGAA-1-2",7.60555517942407e-06,"Dana_KO","Pf4","8"
"GGAGGATCACTCTCGT-1-2",0.00432516617425771,"Dana_KO","Ly86","11"
"GGAGGATGTGGCTGCT-1-2",0.748657312948519,"Dana_KO","Fcnb","1"
"GGAGGTAAGAAAGTCT-1-2",10.3681946940216,"Dana_KO","Hba-a2","6"
"GGAGGTACACATATGC-1-2",2.96802153343378e-06,"Dana_KO","CD34","7"
"GGAGGTACATGATAGA-1-2",0.056925684850712,"Dana_KO","Car1","3"
"GGAGGTACATTGGCAT-1-2",0.00432511979892125,"Dana_KO","Car1","11"
"GGAGGTAGTGGGACAT-1-2",1.28268799893773,"Dana_KO","Car1","11"
"GGAGGTAGTTCTCACC-1-2",6.40188209976491,"Dana_KO","Car1","6"
"GGAGGTATCGTCAAAC-1-2",0.348449020068369,"Dana_KO","Unannotated","7"
"GGATCTAAGGAAACGA-1-2",0.529932842904868,"Dana_KO","Pf4","8"
"GGATCTACAGCGTTGC-1-2",15.5058320231807,"Dana_KO","Ly86","12"
"GGATCTACAGGCCCTA-1-2",0.145216988836926,"Dana_KO","Pf4","3"
"GGATCTACAGTTCACA-1-2",0.139799304329027,"Dana_KO","Car1","3"
"GGATCTATCACCCTTG-1-2",16.4141063627927,"Dana_KO","Ltf","12"
"GGATCTATCATGGAGG-1-2",0.0409427184547355,"Dana_KO","Pf4","4"
"GGATCTATCCACTGAA-1-2",0.782088393155717,"Dana_KO","CD34","3"
"GGATCTATCGGTCACG-1-2",5.48007612654966,"Dana_KO","Hba-a2","11"
"GGATGTTAGGACAGCT-1-2",6.68881757973951,"Dana_KO","Car1","6"
"GGATGTTAGTCTAGCT-1-2",1.28122418192919,"Dana_KO","Car1","2"
"GGATGTTCAGACCTGC-1-2",1.09944244804575,"Dana_KO","Ly86","1"
"GGATGTTGTAGGCTGA-1-2",7.88380719818349e-07,"Dana_KO","Pf4","3"
"GGATGTTGTATGCGTT-1-2",7.26118412629287,"Dana_KO","Car1","6"
"GGATGTTTCCATCTAT-1-2",4.33707789499042,"Dana_KO","Car1","2"
"GGATGTTTCTCATGCC-1-2",0.093249090982523,"Dana_KO","Car1","4"
"GGATGTTTCTCTCGCA-1-2",0.032510814586856,"Dana_KO","Pf4","4"
"GGATGTTTCTGTAACG-1-2",0.168635512815832,"Dana_KO","Ly86","1"
"GGCACGTAGACGAGCT-1-2",1.96015809751677,"Dana_KO","Car1","2"
"GGCACGTAGAGCATCG-1-2",10.368194740397,"Dana_KO","Hba-a2","6"
"GGCACGTAGCACACCC-1-2",7.42005383358446e-07,"Dana_KO","Car1","4"
"GGCACGTAGGAGCTGT-1-2",0.0250669922834984,"Dana_KO","Pf4","11"
"GGCACGTAGTAGCTCT-1-2",0.0424716526286085,"Dana_KO","Ly86","0"
"GGCACGTCATAGGCGA-1-2",0.504203429078892,"Dana_KO","Fcnb","1"
"GGCACGTCATCCGAGC-1-2",10.3681947867723,"Dana_KO","Hba-a2","6"
"GGCACGTCATCTTAGG-1-2",1.0846838851087,"Dana_KO","Car1","2"
"GGCACGTGTTGGGTTT-1-2",4.38255449800311,"Dana_KO","Car1","2"
"GGCACGTTCGGTCTGG-1-2",0.0569256384753756,"Dana_KO","Car1","3"
"GGCACGTTCTGAGAGG-1-2",6.62673758868694,"Dana_KO","Car1","2"
"GGCAGTCAGAGATGCC-1-2",0.135945003704959,"Dana_KO","Ly86","0"
"GGCAGTCAGCACCGTC-1-2",3.71002691679223e-07,"Dana_KO","CD34","4"
"GGCAGTCAGGCATCAG-1-2",0.730440012611189,"Dana_KO","Pf4","11"
"GGCAGTCCAGTGTGGA-1-2",10.3681948331476,"Dana_KO","Hba-a2","6"
"GGCAGTCCATGATAGA-1-2",1.18312726403167,"Dana_KO","Gstm1/CD63","1"
"GGCAGTCGTCACTGAT-1-2",0.0836711364207297,"Dana_KO","Ly86","0"
"GGCAGTCGTGATTGGG-1-2",0.0321838672600958,"Dana_KO","Car1","3"
"GGCAGTCGTGTTCGTA-1-2",0.0513809300752202,"Dana_KO","Car1","3"
"GGCAGTCTCGCACGGT-1-2",0.95041793551109,"Dana_KO","Pf4","2"
"GGCAGTCTCTTACGTT-1-2",6.33455438967025,"Dana_KO","Car1","2"
"GGCGTCAAGAGAGGTA-1-2",0.656101481403591,"Dana_KO","Unannotated","2"
"GGCGTCAAGCACAAAT-1-2",1.48183111341734,"Dana_KO","Gstm1/CD63","1"
"GGCGTCACAACTCCCT-1-2",0.00891328613838127,"Dana_KO","Pf4","11"
"GGCGTCACAATCTCGA-1-2",2.14098625214689,"Dana_KO","Gstm1/CD63","1"
"GGCGTCACACTAGGCC-1-2",18.0984832821656,"Dana_KO","Ltf","12"
"GGCGTCACAGAGGAAA-1-2",2.73485337140373,"Dana_KO","Car1","2"
"GGCGTCACATGTGCCG-1-2",1.09924684158202,"Dana_KO","Car1","2"
"GGCGTCACATTGACTG-1-2",0,"Dana_KO","Pf4","2"
"GGCGTCAGTCGATTAC-1-2",0.0569255921000391,"Dana_KO","Car1","3"
"GGCGTCATCAACCTTT-1-2",0.356159923845367,"Dana_KO","Pf4","8"
"GGCGTCATCAGCCTCT-1-2",0.665184563405691,"Dana_KO","Pf4","8"
"GGCGTCATCCGTGTAA-1-2",8.73722675423713,"Dana_KO","Hba-a2","6"
"GGCGTCATCCTCTCGA-1-2",10.368194879523,"Dana_KO","Hba-a2","6"
"GGCTGTGAGATCCAAA-1-2",7.65193051588398e-06,"Dana_KO","Pf4","8"
"GGCTGTGAGGAAAGAC-1-2",0.204733633337697,"Dana_KO","Gstm1/CD63","1"
"GGCTGTGAGGGCAGGA-1-2",7.69830585234388e-06,"Dana_KO","Pf4","8"
"GGCTGTGAGGGCATGT-1-2",7.74468118880378e-06,"Dana_KO","Pf4","8"
"GGCTGTGAGTAGCATA-1-2",3.55830898492105,"Dana_KO","Car1","2"
"GGCTGTGCAAGCGGAT-1-2",0.81977103955467,"Dana_KO","Gstm1/CD63","1"
"GGCTGTGCACTATCCC-1-2",0.0569255457247027,"Dana_KO","Car1","3"
"GGCTGTGGTTGCCTAA-1-2",0.974774231739324,"Dana_KO","Gstm1/CD63","1"
"GGCTGTGTCAGTGATC-1-2",5.05491167412941e-06,"Dana_KO","Gstm1/CD63","1"
"GGCTGTGTCATGGAGG-1-2",2.27239148653524e-06,"Dana_KO","Unannotated","4"
"GGCTGTGTCGCCGTGA-1-2",0.00432507342358479,"Dana_KO","Pf4","11"
"GGCTGTGTCTAGATCG-1-2",1.65347237164259,"Dana_KO","Car1","2"
"GGCTTGGCAACTCCAA-1-2",2.31876682299514e-06,"Dana_KO","Pf4","4"
"GGCTTGGCATATCTGG-1-2",5.10128701058932e-06,"Dana_KO","Gstm1/CD63","1"
"GGCTTGGGTAGACACG-1-2",0.643530013306524,"Dana_KO","Car1","2"
"GGCTTGGGTATCACCA-1-2",5.50482965230915,"Dana_KO","Car1","2"
"GGCTTGGTCCGAAATC-1-2",1.6391639006458,"Dana_KO","Car1","2"
"GGCTTGGTCTGGGAGA-1-2",0.100046675411745,"Dana_KO","Ly86","0"
"GGCTTTCAGCGATTCT-1-2",8.34756056278252e-07,"Dana_KO","Pf4","3"
"GGCTTTCAGTTGGCTT-1-2",0.995736992983234,"Dana_KO","Fcnb","1"
"GGCTTTCCAAAGGATT-1-2",6.29166908481549,"Dana_KO","Car1","6"
"GGCTTTCCAGGAATCG-1-2",0.0569254993493662,"Dana_KO","CD34","3"
"GGCTTTCCATAGATCC-1-2",0.316854750091499,"Dana_KO","Gstm1/Ly86","1"
"GGCTTTCCATGATGCT-1-2",0.0199732162577151,"Dana_KO","Car1","3"
"GGCTTTCGTCCACGCA-1-2",10.3681949258983,"Dana_KO","Hba-a2","6"
"GGCTTTCGTTAAAGTG-1-2",0.0180424548278526,"Dana_KO","Ly86","0"
"GGCTTTCTCGATGCTA-1-2",4.17378028139126e-07,"Dana_KO","Car1","4"
"GGGAAGTAGAGCCGAT-1-2",0.0569254529740297,"Dana_KO","CD34","3"
"GGGAAGTAGCCTCCAG-1-2",0.0661179723718543,"Dana_KO","Car1","4"
"GGGAAGTAGGTGCATG-1-2",6.60431654983268,"Dana_KO","Car1","6"
"GGGAAGTCAGAGAATT-1-2",0.616970445525434,"Dana_KO","Car1","3"
"GGGAAGTGTAAGTTAG-1-2",1.99736981980475,"Dana_KO","Car1","2"
"GGGAAGTGTAGGCAGT-1-2",7.79105652526368e-06,"Dana_KO","Pf4","8"
"GGGAAGTGTTGCACGC-1-2",15.163498404451,"Dana_KO","Ltf","12"
"GGGAAGTTCGTTCGCT-1-2",0.740412003205043,"Dana_KO","Car1","2"
"GGGAAGTTCTTACCGC-1-2",0.177344146773716,"Dana_KO","Pf4","3"
"GGGACAAAGAACCGCA-1-2",0.529932889280205,"Dana_KO","Pf4","8"
"GGGACAAAGTGCGCTC-1-2",2.36514215945505e-06,"Dana_KO","Pf4","8"
"GGGACAAGTAAGTTAG-1-2",7.83743186172359e-06,"Dana_KO","Pf4","8"
"GGGACAAGTACGACTT-1-2",0.00219090544229661,"Dana_KO","Gstm1/CD63","7"
"GGGACAATCAACACGT-1-2",7.88380719818349e-06,"Dana_KO","Pf4","8"
"GGGACAATCGGACCAC-1-2",1.04665845172823,"Dana_KO","CD34","7"
"GGGACCTAGACCAGCA-1-2",0.0169584507760503,"Dana_KO","Car1","3"
"GGGACCTAGCCACCGT-1-2",3.93935799040663,"Dana_KO","Car1","4"
"GGGACCTAGCTTCTAG-1-2",0.152399360618687,"Dana_KO","Car1","4"
"GGGACCTAGGTGATCG-1-2",7.93018253464339e-06,"Dana_KO","Pf4","8"
"GGGACCTAGGTTGCCC-1-2",0.089155090684045,"Dana_KO","Gstm1/CD63","1"
"GGGACCTAGTCCTGTA-1-2",0.0485910974901427,"Dana_KO","Car1","4"
"GGGACCTGTGGCTTGC-1-2",0.0146304239629849,"Dana_KO","Gstm1/CD63","1"
"GGGACCTGTTAAGGGC-1-2",0.0569254065986933,"Dana_KO","Car1","3"
"GGGACCTTCAATCAGC-1-2",4.63753364599029e-07,"Dana_KO","Car1","4"
"GGGACCTTCATTTCCA-1-2",2.28412528960215,"Dana_KO","Fcnb","1"
"GGGACCTTCGCTAAAC-1-2",6.95630046898543e-07,"Dana_KO","Car1","4"
"GGGACCTTCTAAGCGT-1-2",0.0569253602233568,"Dana_KO","Car1","3"
"GGGACCTTCTCGCTTG-1-2",0.188413948443805,"Dana_KO","Car1","2"
"GGGACTCAGCACCTGC-1-2",7.9765578711033e-06,"Dana_KO","Pf4","8"
"GGGACTCAGGTTCAGG-1-2",8.0229332075632e-06,"Dana_KO","Pf4","8"
"GGGACTCGTCCTGGGT-1-2",0.435515107888579,"Dana_KO","Ly86","0"
"GGGACTCGTGTAACGG-1-2",2.92164619697388e-06,"Dana_KO","CD34","7"
"GGGACTCTCAAGTAAG-1-2",6.4925471043864e-07,"Dana_KO","Car1","4"
"GGGACTCTCAAGTCGT-1-2",2.87527086051398e-06,"Dana_KO","CD34","7"
"GGGACTCTCAAGTCTG-1-2",8.0693085440231e-06,"Dana_KO","Pf4","8"
"GGGACTCTCCCAGGCA-1-2",0.0948554427411075,"Dana_KO","Gstm1/CD63","1"
"GGGACTCTCTACGCAA-1-2",0.736662105127272,"Dana_KO","Pf4","8"
"GGGAGATAGGGCTAAC-1-2",0.000153198011622946,"Dana_KO","Ly86","1"
"GGGAGATCAACCAGAG-1-2",8.115683880483e-06,"Dana_KO","Pf4","8"
"GGGAGATCACGCACCA-1-2",0.766687720365506,"Dana_KO","Car1","2"
"GGGAGATCACTGCGTG-1-2",15.6775560935784,"Dana_KO","Ltf","12"
"GGGAGATGTCCTACGG-1-2",1.31876034152293,"Dana_KO","Car1","3"
"GGGAGATTCAGCAGAG-1-2",7.42005383358446e-07,"Dana_KO","Gstm1/Ly86","0"
"GGGAGATTCGGACGTC-1-2",0.0686691760417024,"Dana_KO","Car1","2"
"GGGAGATTCGTTTACT-1-2",0.0667836804097908,"Dana_KO","Car1","4"
"GGGAGATTCTAAGGAA-1-2",0.215086998207425,"Dana_KO","Pf4","8"
"GGGAGATTCTTCCCGA-1-2",0.040942764830072,"Dana_KO","Pf4","4"
"GGGAGTAAGAACGTGC-1-2",0.729215739888759,"Dana_KO","Pf4","8"
"GGGAGTAAGAGAGGTA-1-2",4.06283139086089,"Dana_KO","Car1","2"
"GGGAGTAAGGTCCGAA-1-2",6.97362916306965,"Dana_KO","Car1","2"
"GGGAGTACAACTGCTA-1-2",0.224991153624797,"Dana_KO","Ly86","0"
"GGGAGTACACACCTGG-1-2",15.7158929801236,"Dana_KO","Car1","12"
"GGGAGTACACCATATG-1-2",0.0264888824575011,"Dana_KO","Car1","4"
"GGGAGTACACGTCGTG-1-2",0.0196656619140132,"Dana_KO","Gstm1/CD63","1"
"GGGAGTACATCGGAAG-1-2",0.00560118684873645,"Dana_KO","Pf4","3"
"GGGAGTAGTCACTCTC-1-2",5.12279287938456,"Dana_KO","Car1","6"
"GGGAGTAGTGATACTC-1-2",16.0410548946031,"Dana_KO","Ltf","12"
"GGGAGTAGTTGATGTC-1-2",0.03149146588202,"Dana_KO","Car1","4"
"GGGAGTATCCATATGG-1-2",9.57937245085062,"Dana_KO","Car1","6"
"GGGATCCAGCATGGGT-1-2",2.41151749591495e-06,"Dana_KO","Pf4","8"
"GGGATCCAGTTAGTGA-1-2",0.289235691905586,"Dana_KO","Gstm1/CD63","1"
"GGGATCCCAAAGAACT-1-2",0.00432502704824833,"Dana_KO","Car1","11"
"GGGATCCCACTGTCGG-1-2",8.16205921694291e-06,"Dana_KO","Pf4","8"
"GGGATCCGTGGAGAAA-1-2",0.0419814943687569,"Dana_KO","Pf4","4"
"GGGATGAAGGATACCG-1-2",0.00441889141161367,"Dana_KO","Car1","3"
"GGGATGATCAGACCGC-1-2",6.72977415751366,"Dana_KO","Car1","6"
"GGGATGATCCAACTGA-1-2",2.40339306854606,"Dana_KO","Car1","2"
"GGGATGATCCTACTGC-1-2",1.25331573896925,"Dana_KO","Car1","11"
"GGGATGATCGCCAATA-1-2",0.0569253138480204,"Dana_KO","CD34","3"
"GGGATGATCTTACGTT-1-2",0.0569252674726839,"Dana_KO","Pf4","3"
"GGGCCATAGCCATTGT-1-2",6.70829734131472,"Dana_KO","Car1","6"
"GGGCCATCAACAGTGG-1-2",5.14766234704922e-06,"Dana_KO","Gstm1/CD63","1"
"GGGCCATCAGACATCT-1-2",5.7877380529894,"Dana_KO","Car1","2"
"GGGCCATTCACTGTCC-1-2",1.57243314285819,"Dana_KO","Gstm1/Ly86","1"
"GGGCCATTCATGAAAG-1-2",0.203605232802591,"Dana_KO","Car1","4"
"GGGCCATTCCACAGGC-1-2",1.99736986618008,"Dana_KO","Car1","2"
"GGGCGTTAGTCACTGT-1-2",8.20843455340281e-06,"Dana_KO","Pf4","8"
"GGGCGTTGTAACACGG-1-2",8.81131392738155e-07,"Dana_KO","Pf4","8"
"GGGCGTTGTTCTCTAT-1-2",3.0469274473379,"Dana_KO","Car1","2"
"GGGCGTTTCGCTTGAA-1-2",9.27506729198058e-07,"Dana_KO","Pf4","3"
"GGGCGTTTCGTGTTCC-1-2",0.0988603423005128,"Dana_KO","Gstm1/CD63","1"
"GGGCGTTTCTCATTTG-1-2",2.44879267217273,"Dana_KO","Fcnb","1"
"GGGCTACAGATTAGCA-1-2",0.17952797209434,"Dana_KO","Pf4","3"
"GGGCTACAGGGTATAT-1-2",0.0419815407440933,"Dana_KO","Pf4","3"
"GGGCTACCACAATGCT-1-2",0.0569252210973474,"Dana_KO","Car1","3"
"GGGCTACCATGAATAG-1-2",0.0314063465833905,"Dana_KO","CD34","4"
"GGGCTACGTAGAGGAA-1-2",0.45903096804353,"Dana_KO","CD34","7"
"GGGCTACGTATGGGAC-1-2",0.0664872664944822,"Dana_KO","Gstm1/CD63","13"
"GGGCTACGTCTGTGAT-1-2",0.0342808817885574,"Dana_KO","CD34","7"
"GGGCTACGTGCAACGA-1-2",0.0717812682941188,"Dana_KO","Gstm1/Ly86","1"
"GGGCTACTCAGCATTG-1-2",0.214209577682462,"Dana_KO","Car1","4"
"GGGCTACTCTGGGTCG-1-2",0.694010863806166,"Dana_KO","Pf4","2"
"GGGCTACTCTGGTGCG-1-2",0.120216173541677,"Dana_KO","Car1","2"
"GGGCTCAAGCGCTGAA-1-2",0.0010797444908166,"Dana_KO","Car1","3"
"GGGCTCAAGCTGAGTG-1-2",5.19403768350912e-06,"Dana_KO","Gstm1/CD63","1"
"GGGCTCAAGGTTCTAC-1-2",0.199386003355046,"Dana_KO","Pf4","8"
"GGGCTCAAGTTGCCCG-1-2",4.40622427519485,"Dana_KO","Car1","2"
"GGGCTCAGTACTTGTG-1-2",0.175037296796055,"Dana_KO","CD34","4"
"GGGCTCAGTCATCTAG-1-2",1.0329290125002,"Dana_KO","Gstm1/CD63","1"
"GGGCTCATCGTTCATT-1-2",0.97868649016446,"Dana_KO","Fcnb","1"
"GGGCTCATCTCATAGG-1-2",2.82889552405408e-06,"Dana_KO","CD34","7"
"GGGTAGAAGAGGTGCT-1-2",0.497497198073052,"Dana_KO","Ly86","0"
"GGGTAGAAGGGCATGT-1-2",0.00107969811548014,"Dana_KO","Pf4","3"
"GGGTAGAAGGGCCAAT-1-2",0.0493774449932789,"Dana_KO","Car1","2"
"GGGTAGAAGTAACGAT-1-2",0.967879590760177,"Dana_KO","Fcnb","1"
"GGGTAGACAAACGTGG-1-2",0.303218742217496,"Dana_KO","Pf4","8"
"GGGTAGACAGGTGAGT-1-2",0.646479663819521,"Dana_KO","Car1","2"
"GGGTAGAGTGGAAATT-1-2",0.672760552802464,"Dana_KO","Car1","2"
"GGGTAGATCCCATACC-1-2",0.0981262683444135,"Dana_KO","Gstm1/CD63","1"
"GGGTAGATCCCGTGTT-1-2",1.67344948167507,"Dana_KO","Car1","2"
"GGGTAGATCGTCCATC-1-2",0.0624694022703216,"Dana_KO","Car1","3"
"GGGTATTAGGAACGCT-1-2",9.73882065657961e-07,"Dana_KO","Pf4","3"
"GGGTATTCATCTCGTC-1-2",0.0409428112054084,"Dana_KO","Car1","4"
"GGGTATTGTACGAGTG-1-2",0.217099524685721,"Dana_KO","Gstm1/CD63","1"
"GGGTATTGTAGGCTGA-1-2",0.783352969609596,"Dana_KO","Fcnb","1"
"GGGTATTGTTACGGAG-1-2",3.59464155677148,"Dana_KO","Car1","2"
"GGGTATTTCACATTGG-1-2",16.5111031300515,"Dana_KO","Ltf","12"
"GGGTATTTCATGCATG-1-2",17.4834827059063,"Dana_KO","Ltf","12"
"GGGTATTTCCAGCCTT-1-2",1.29173003196879,"Dana_KO","Car1","2"
"GGGTCACAGTATGAGT-1-2",1.02025740211786e-06,"Dana_KO","Pf4","3"
"GGGTCACCAATAGGAT-1-2",0.965287070683232,"Dana_KO","Ly86","0"
"GGGTCACCACTTGAGT-1-2",6.17164944063296,"Dana_KO","Car1","6"
"GGGTCACGTCTTGAAC-1-2",2.45789283237485e-06,"Dana_KO","Pf4","4"
"GGGTCACGTTCAAGGG-1-2",16.9274631828709,"Dana_KO","Ltf","12"
"GGGTCACGTTTGCCGG-1-2",8.25480988986271e-06,"Dana_KO","Pf4","8"
"GGGTCACTCGACCCAG-1-2",2.40036679278859,"Dana_KO","Car1","2"
"GGGTCACTCTCCGCAT-1-2",8.30118522632262e-06,"Dana_KO","Pf4","8"
"GGGTCTGCAAGCCTGC-1-2",0.056925174722011,"Dana_KO","Car1","3"
"GGGTCTGCACGCTGTG-1-2",3.16053577614044,"Dana_KO","Car1","2"
"GGGTCTGCACTCAGAT-1-2",0.00432498067291187,"Dana_KO","Hba-a2","11"
"GGGTCTGGTGAGGATC-1-2",0.0221833648205325,"Dana_KO","Unannotated","4"
"GGGTCTGTCGTCTACC-1-2",2.50426816883476e-06,"Dana_KO","Pf4","4"
"GGGTGAACACACCGCA-1-2",0.0415027955441767,"Dana_KO","Car1","2"
"GGGTGAAGTGAAGCTG-1-2",8.34756056278252e-06,"Dana_KO","Pf4","8"
"GGGTGAAGTGCCCAGT-1-2",2.01498729714878,"Dana_KO","Car1","2"
"GGGTGAAGTTCTCAGA-1-2",2.84809431099668,"Dana_KO","Car1","2"
"GGGTGAATCCTAAGTG-1-2",3.96151048296899,"Dana_KO","Car1","2"
"GGGTGAATCGACTCCT-1-2",0.0566226474518805,"Dana_KO","Ly86","0"
"GGGTGTCCAAACAGGC-1-2",0.733362356352443,"Dana_KO","Pf4","8"
"GGGTGTCCATCGAACT-1-2",0.00107965174014368,"Dana_KO","Pf4","3"
"GGGTGTCCATGTGGTT-1-2",0.981144587614049,"Dana_KO","Fcnb","1"
"GGGTGTCCATTACGGT-1-2",8.39393589924242e-06,"Dana_KO","Pf4","8"
"GGGTGTCCATTAGGAA-1-2",0.118583008889556,"Dana_KO","Pf4","2"
"GGGTGTCCATTGTACG-1-2",0.0769341685291758,"Dana_KO","Unannotated","2"
"GGGTGTCGTGTCCAAT-1-2",2.78252018759417e-06,"Dana_KO","Gstm1/Ly86","7"
"GGGTGTCGTTGCATCA-1-2",8.44031123570232e-06,"Dana_KO","Pf4","8"
"GGGTGTCTCAAAGACA-1-2",8.48668657216223e-06,"Dana_KO","Pf4","8"
"GGGTGTCTCAGCATTG-1-2",8.53306190862213e-06,"Dana_KO","Pf4","8"
"GGGTGTCTCGCGCTGA-1-2",2.15860711805837,"Dana_KO","Fcnb","1"
"GGGTTATAGATGCTTC-1-2",0.00219085906696015,"Dana_KO","CD34","0"
"GGGTTATAGGAACTAT-1-2",10.3681949722736,"Dana_KO","Hba-a2","6"
"GGGTTATAGGACTGGT-1-2",8.57943724508203e-06,"Dana_KO","Pf4","8"
"GGGTTATCACGGATCC-1-2",0.730366763482742,"Dana_KO","Pf4","8"
"GGGTTATCATTATGCG-1-2",6.02879373978737e-07,"Dana_KO","Car1","4"
"GGGTTATTCAAGAATG-1-2",0.00440247054855503,"Dana_KO","CD34","4"
"GGGTTATTCAAGTTGC-1-2",0.0829285349056632,"Dana_KO","Car1","7"
"GGGTTATTCTAGAACC-1-2",8.62581258154194e-06,"Dana_KO","Pf4","8"
"GGGTTTAAGGTAGGCT-1-2",1.96766142968963,"Dana_KO","Car1","2"
"GGGTTTAAGTTGTACC-1-2",8.67218791800184e-06,"Dana_KO","Pf4","8"
"GGGTTTACATATCTCT-1-2",0.435515154263916,"Dana_KO","Ly86","0"
"GGGTTTAGTAACGCGA-1-2",0.568793663893921,"Dana_KO","Car1","4"
"GGGTTTAGTAAGCGGT-1-2",0.0409428575807449,"Dana_KO","Pf4","4"
"GGGTTTAGTCAACACT-1-2",0.0228356360143094,"Dana_KO","Car1","4"
"GGGTTTAGTGTGATGG-1-2",0.0569251283466745,"Dana_KO","Car1","3"
"GGGTTTATCACCATGA-1-2",0.0165031289950701,"Dana_KO","Car1","4"
"GGGTTTATCGTTCTGC-1-2",5.24041301996903e-06,"Dana_KO","Gstm1/CD63","1"
"GGTAACTAGATCCCGC-1-2",2.92920414038901,"Dana_KO","Car1","2"
"GGTAACTCAACCGTGC-1-2",0.254488978552694,"Dana_KO","Gstm1/Ly86","0"
"GGTAACTGTGCCTAAT-1-2",15.3224744153835,"Dana_KO","Ltf","12"
"GGTAACTGTTCGAGCC-1-2",0.731355705189699,"Dana_KO","Car1","2"
"GGTAATCAGCGTTCAT-1-2",2.39890447570364,"Dana_KO","Fcnb","1"
"GGTAATCCAAGGTTGG-1-2",8.71856325446174e-06,"Dana_KO","Pf4","8"
"GGTAATCGTACGAGTG-1-2",0.00432493429757541,"Dana_KO","Car1","11"
"GGTAATCGTGTTAGCT-1-2",1.10634907636837,"Dana_KO","Car1","2"
"GGTAATCGTTCATCGA-1-2",0.00904383774863704,"Dana_KO","Car1","2"
"GGTAATCGTTGTGGAG-1-2",2.73614485113427e-06,"Dana_KO","CD34","7"
"GGTAATCTCACACCGG-1-2",5.10128701058932e-07,"Dana_KO","Car1","4"
"GGTAATCTCCCTCGTA-1-2",2.55064350529466e-06,"Dana_KO","Pf4","8"
"GGTAATCTCTGCTTAT-1-2",5.56504037518835e-07,"Dana_KO","Car1","4"
"GGTAATCTCTTAAGGC-1-2",1.2161592749148,"Dana_KO","Car1","3"
"GGTAGAGAGATAGTGT-1-2",1.06663273857777e-06,"Dana_KO","Pf4","3"
"GGTAGAGAGGATCATA-1-2",0.410879507410977,"Dana_KO","Fcnb","1"
"GGTAGAGCAAGACCGA-1-2",0.53022863090241,"Dana_KO","Fcnb","1"
"GGTAGAGGTTACCTTT-1-2",2.59701884175456e-06,"Dana_KO","Pf4","4"
"GGTAGAGGTTATTCTC-1-2",0.0204445731058343,"Dana_KO","Gstm1/CD63","0"
"GGTAGAGTCATGGAGG-1-2",1.29401396080712,"Dana_KO","Car1","2"
"GGTAGAGTCTTGGGCG-1-2",0.289235738280923,"Dana_KO","Gstm1/CD63","1"
"GGTCACGAGAAGGTAG-1-2",0.0993629908231706,"Dana_KO","Ly86","0"
"GGTCACGAGTTAGAAC-1-2",8.76493859092164e-06,"Dana_KO","Pf4","8"
"GGTCACGCAAACTCTG-1-2",2.64339417821446e-06,"Dana_KO","Pf4","4"
"GGTCACGCACTTACAG-1-2",8.81131392738155e-06,"Dana_KO","Pf4","8"
"GGTCACGCAGTCTGGC-1-2",18.1112839163828,"Dana_KO","Ltf","12"
"GGTCACGCATTCCTCG-1-2",5.56504037518835e-07,"Dana_KO","Car1","4"
"GGTCACGGTACAAAGT-1-2",1.48183115979268,"Dana_KO","Gstm1/CD63","1"
"GGTCACGGTACCACGC-1-2",0.256381980157719,"Dana_KO","Car1","4"
"GGTCACGGTAGAATGT-1-2",0.211276679067022,"Dana_KO","Ly86","1"
"GGTCACGGTCTCGACG-1-2",0.377990965668717,"Dana_KO","CD34","0"
"GGTCACGGTGCACATT-1-2",0.0204445267304978,"Dana_KO","Gstm1/CD63","0"
"GGTCACGGTTGCATCA-1-2",0.121822019088792,"Dana_KO","Unannotated","2"
"GGTCACGGTTGTCATG-1-2",0.701362394173343,"Dana_KO","Fcnb","1"
"GGTCACGTCTAGATCG-1-2",0.665278886486107,"Dana_KO","Car1","3"
"GGTCTGGAGGAGAGGC-1-2",1.11300807503767e-06,"Dana_KO","Pf4","3"
"GGTCTGGCAATTGAAG-1-2",2.68976951467437e-06,"Dana_KO","Pf4","4"
"GGTCTGGGTCCAACGC-1-2",0.0143605481982076,"Dana_KO","Gstm1/CD63","1"
"GGTCTGGGTGTGCTTA-1-2",0.154207291950558,"Dana_KO","Pf4","3"
"GGTCTGGGTTAATCGC-1-2",18.1391522321429,"Dana_KO","Ltf","12"
"GGTCTGGGTTTGGCTA-1-2",0.0888360973495519,"Dana_KO","Car1","2"
"GGTGAAGAGACGCAGT-1-2",8.85768926384145e-06,"Dana_KO","Pf4","4"
"GGTGAAGAGCTGAGTG-1-2",5.28678835642893e-06,"Dana_KO","Gstm1/CD63","1"
"GGTGAAGAGGTACCTT-1-2",2.1586071644337,"Dana_KO","Gstm1/CD63","1"
"GGTGAAGGTGTATTGC-1-2",7.19102499607935,"Dana_KO","Hba-a2","6"
"GGTGAAGTCAGATGCT-1-2",1.26726026252515,"Dana_KO","Car1","2"
"GGTGAAGTCCCTAGGG-1-2",0.144300228318937,"Dana_KO","Unannotated","3"
"GGTGAAGTCGTTGCCT-1-2",0.72949678306924,"Dana_KO","Pf4","8"
"GGTGAAGTCTTTCGAT-1-2",1.96015814389211,"Dana_KO","Car1","4"
"GGTGATTAGAAATTCG-1-2",0.0569250819713381,"Dana_KO","Car1","3"
"GGTGATTCACCGTACG-1-2",8.90406460030135e-06,"Dana_KO","Pf4","8"
"GGTGATTCATAATGCC-1-2",0.372713680502211,"Dana_KO","Ly86","0"
"GGTGATTTCCCTCAAC-1-2",0.0189887554952664,"Dana_KO","Car1","2"
"GGTGATTTCTCGGTAA-1-2",9.27506729198058e-08,"Dana_KO","Ly86","0"
"GGTGATTTCTCTCTTC-1-2",0.903906531411794,"Dana_KO","Ly86","0"
"GGTGGCTAGCAAATCA-1-2",0.0569250355960016,"Dana_KO","Car1","3"
"GGTGGCTAGTGCGACA-1-2",5.33316369288883e-06,"Dana_KO","Gstm1/CD63","1"
"GGTGGCTCAAATTAGG-1-2",0.00219081269162369,"Dana_KO","CD34","7"
"GGTGGCTCACCCTCTA-1-2",0.0103712373906653,"Dana_KO","Pf4","11"
"GGTGGCTCATGGTACT-1-2",0.0962430049295611,"Dana_KO","Gstm1/CD63","1"
"GGTGGCTGTTCATCGA-1-2",0.0655756970601375,"Dana_KO","Car1","4"
"GGTGGCTTCCACTAGA-1-2",0.0351010802808469,"Dana_KO","Car1","4"
"GGTGTCGAGCTAGAGC-1-2",0.208355172041736,"Dana_KO","CD34","4"
"GGTGTCGAGCTAGCCC-1-2",0.257241037034412,"Dana_KO","Gstm1/CD63","1"
"GGTGTCGAGTACTCGT-1-2",0.767077467502856,"Dana_KO","Car1","2"
"GGTGTCGCAGAGAGGG-1-2",8.95043993676126e-06,"Dana_KO","Pf4","8"
"GGTGTCGCAGCATGCC-1-2",0.232116886151351,"Dana_KO","Pf4","3"
"GGTGTCGGTCAGACTT-1-2",2.73614485113427e-06,"Dana_KO","Pf4","4"
"GGTGTTAAGTCCCAAT-1-2",0.0217624415866173,"Dana_KO","Pf4","8"
"GGTGTTAAGTTCATGC-1-2",2.78252018759417e-06,"Dana_KO","CD34","4"
"GGTGTTACAACCTATG-1-2",6.95630046898543e-07,"Dana_KO","Ly86","0"
"GGTGTTACAAGGCCTC-1-2",4.22568780712401,"Dana_KO","Car1","2"
"GGTGTTACAAGGCGTA-1-2",0.0569249892206651,"Dana_KO","Pf4","3"
"GGTGTTAGTACTGAGG-1-2",0.0846736458674291,"Dana_KO","Gstm1/Ly86","1"
"GGTGTTATCCGGTTCT-1-2",1.35265690287185,"Dana_KO","Gstm1/CD63","1"
"GGTGTTATCGACCATA-1-2",0.348912203653669,"Dana_KO","Car1","2"
"GGTTAACAGCCAAGTG-1-2",0.0399635066973145,"Dana_KO","Pf4","8"
"GGTTAACCAGAGCCCT-1-2",0.00432488792223895,"Dana_KO","Car1","11"
"GGTTAACCAGGTTCGC-1-2",8.99681527322116e-06,"Dana_KO","Pf4","8"
"GGTTAACCAGTAGATA-1-2",9.04319060968106e-06,"Dana_KO","Pf4","8"
"GGTTAACCAGTGCGCT-1-2",0.0797672412215695,"Dana_KO","Gstm1/CD63","1"
"GGTTAACGTATCAGCT-1-2",16.7353706595069,"Dana_KO","Ltf","12"
"GGTTAACGTCACAATC-1-2",1.95983465208918,"Dana_KO","Gstm1/CD63","1"
"GGTTAACGTTACTCAG-1-2",9.08956594614097e-06,"Dana_KO","Pf4","8"
"GGTTAACGTTTCGTTT-1-2",2.80014302261178,"Dana_KO","Car1","2"
"GGTTAACTCCCAGTGG-1-2",0.122286558562743,"Dana_KO","Car1","4"
"GGTTAACTCTCGCTCA-1-2",2.92920418676435,"Dana_KO","Car1","2"
"GGTTCTCAGTGTAGTA-1-2",0.720054483441115,"Dana_KO","Car1","2"
"GGTTCTCCACAACATC-1-2",1.99736991255542,"Dana_KO","Car1","2"
"GGTTCTCCACCGGAAA-1-2",0.00914797982258486,"Dana_KO","CD34","1"
"GGTTCTCGTAACGTTC-1-2",0.115785664981449,"Dana_KO","Car1","3"
"GGTTCTCGTCAATGGG-1-2",9.13594128260087e-06,"Dana_KO","Car1","8"
"GGTTCTCGTGAAGCGT-1-2",2.68976951467437e-06,"Dana_KO","CD34","7"
"GGTTCTCGTTCCACAA-1-2",0,"Dana_KO","Gstm1/CD63","10"
"GGTTCTCTCTAGCCAA-1-2",9.18231661906077e-06,"Dana_KO","Pf4","8"
"GGTTGTAAGAAGCGGG-1-2",0.086076750358564,"Dana_KO","CD34","4"
"GGTTGTAAGCGTCTGC-1-2",10.368195018649,"Dana_KO","Hba-a2","6"
"GGTTGTAAGGATGTTA-1-2",0.46005687396921,"Dana_KO","Pf4","2"
"GGTTGTAAGTTGGACG-1-2",2.31527866011657,"Dana_KO","Gstm1/CD63","1"
"GGTTGTAAGTTGGGAC-1-2",9.22869195552067e-06,"Dana_KO","Pf4","8"
"GGTTGTACACGACTAT-1-2",3.9510087124847,"Dana_KO","Car1","2"
"GGTTGTACAGAGATGC-1-2",2.64339417821446e-06,"Dana_KO","CD34","7"
"GGTTGTAGTGTTAACC-1-2",9.27506729198058e-06,"Dana_KO","Pf4","8"
"GGTTGTATCACGGACC-1-2",10.3681950650243,"Dana_KO","Hba-a2","6"
"GGTTGTATCTTCCACG-1-2",0.459030921668193,"Dana_KO","CD34","7"
"GTAACACAGAGCCTGA-1-2",0.0169584971513868,"Dana_KO","Car1","3"
"GTAACACAGTATAGGT-1-2",0.00432484154690249,"Dana_KO","Car1","11"
"GTAACACCAAATGGCG-1-2",0.0217624879619538,"Dana_KO","Pf4","8"
"GTAACACCAGACCAGA-1-2",9.32144262844048e-06,"Dana_KO","Pf4","8"
"GTAACACCAGGTCAGA-1-2",0.385515556601532,"Dana_KO","Gstm1/Ly86","1"
"GTAACACGTGCAATGG-1-2",0.1099198233098,"Dana_KO","Car1","7"
"GTAACACTCCTAAGTG-1-2",0.0871119875330165,"Dana_KO","Car1","2"
"GTAACACTCGGCACTG-1-2",0.729157780065453,"Dana_KO","Pf4","8"
"GTAACCAGTATCAAGA-1-2",10.3681951113997,"Dana_KO","Hba-a2","6"
"GTAACCAGTGTTACTG-1-2",0.729089407812184,"Dana_KO","Pf4","8"
"GTAACCAGTTCGGCGT-1-2",0.0569249428453287,"Dana_KO","Unannotated","3"
"GTAACCATCCGCCTAT-1-2",0.00904379137330058,"Dana_KO","Car1","2"
"GTAACCATCGGCGATC-1-2",0.0325108609621925,"Dana_KO","Pf4","3"
"GTAAGTCAGCTAAACA-1-2",0.0325109073375289,"Dana_KO","Pf4","4"
"GTAAGTCAGCTCGGCT-1-2",5.2075673889332,"Dana_KO","Car1","6"
"GTAAGTCAGTCCCGAC-1-2",6.72053344727011,"Dana_KO","Car1","6"
"GTAAGTCAGTGTACAA-1-2",5.48007617292499,"Dana_KO","Hba-a2","11"
"GTAAGTCCAGGCCCTA-1-2",0.0895036515685597,"Dana_KO","Car1","2"
"GTAAGTCGTAACCCGC-1-2",1.14049485199395,"Dana_KO","Car1","2"
"GTAAGTCGTATGGAGC-1-2",9.36781796490038e-06,"Dana_KO","Pf4","8"
"GTAAGTCGTCCCTCAT-1-2",7.0835539772694,"Dana_KO","Hba-a2","6"
"GTAAGTCGTTCACCGG-1-2",5.37953902934873e-06,"Dana_KO","Gstm1/CD63","1"
"GTAAGTCGTTTCGCTC-1-2",0.978308136806822,"Dana_KO","Car1","4"
"GTAAGTCTCACTGAAC-1-2",7.19102504245468,"Dana_KO","Car1","6"
"GTAATCGCACCCTAAA-1-2",9.41419330136029e-06,"Dana_KO","Pf4","8"
"GTAATCGGTCGGTGAA-1-2",9.46056863782019e-06,"Dana_KO","Pf4","8"
"GTAATCGGTGGTCTGC-1-2",18.2785761975283,"Dana_KO","Ltf","12"
"GTAATCGGTTATCTGG-1-2",6.29166913119083,"Dana_KO","Car1","6"
"GTAATCGGTTTGGAGG-1-2",3.95641732636216,"Dana_KO","Car1","2"
"GTAATGCAGTCTGGTT-1-2",0.0165031753704066,"Dana_KO","Car1","4"
"GTAATGCCAAGTGGCA-1-2",1.73727617795585,"Dana_KO","Fcnb","1"
"GTAATGCCAGGTTCCG-1-2",0.0325109537128654,"Dana_KO","CD34","4"
"GTAATGCCATCGCTAA-1-2",0.0051195167747804,"Dana_KO","CD34","0"
"GTAATGCGTAAGGAGA-1-2",5.46241580323841,"Dana_KO","Car1","2"
"GTAATGCGTACAGGTG-1-2",1.2223427730826,"Dana_KO","Car1","2"
"GTAATGCGTCGCAACC-1-2",4.19898792030032,"Dana_KO","Car1","2"
"GTAATGCGTGCTCTTC-1-2",5.93571743523171,"Dana_KO","Car1","6"
"GTAATGCGTGTGACCC-1-2",0.0419815871194298,"Dana_KO","Pf4","4"
"GTAATGCTCGGAAACG-1-2",0.747795632610258,"Dana_KO","Car1","2"
"GTAATGCTCGTAGGAG-1-2",6.22859622044406,"Dana_KO","Car1","6"
"GTACAACAGCGAGAAA-1-2",3.76195742771104,"Dana_KO","Car1","2"
"GTACAACAGTATGACA-1-2",1.17825668681919,"Dana_KO","Car1","2"
"GTACAACCAAACACCT-1-2",0.131797579157965,"Dana_KO","Car1","2"
"GTACAACCAAGATCCT-1-2",5.42591436580864e-06,"Dana_KO","Fcnb","1"
"GTACAACCAGGAACCA-1-2",2.75231317260047,"Dana_KO","Car1","2"
"GTACAACCAGTTGTCA-1-2",0.00560123322407291,"Dana_KO","Pf4","3"
"GTACAACCATCAGTGT-1-2",0.732654321689853,"Dana_KO","Pf4","8"
"GTACAACTCACTAGCA-1-2",1.15938341149757e-06,"Dana_KO","Pf4","3"
"GTACAACTCATTACGG-1-2",0.10653756542011,"Dana_KO","Pf4","4"
"GTACAACTCGCGGACT-1-2",0.705750334410247,"Dana_KO","Car1","2"
"GTACAACTCGGCATAT-1-2",0.0148160587667764,"Dana_KO","Ly86","0"
"GTACAGTAGCGCTGAA-1-2",9.50694397428009e-06,"Dana_KO","Pf4","8"
"GTACAGTAGGGATCAC-1-2",0.0569248964699922,"Dana_KO","Car1","3"
"GTACAGTCAACGACTT-1-2",0.67447453598962,"Dana_KO","Pf4","2"
"GTACAGTGTTAGGAGC-1-2",0.965287117058569,"Dana_KO","Ly86","0"
"GTACAGTGTTCTCACC-1-2",0.0638159546801189,"Dana_KO","Gstm1/CD63","10"
"GTACAGTTCAGACCCG-1-2",0.0325110000882018,"Dana_KO","CD34","4"
"GTACAGTTCGCAACAT-1-2",0.908499223783492,"Dana_KO","Car1","4"
"GTACAGTTCTGTCCGT-1-2",1.14850505289085,"Dana_KO","Car1","2"
"GTAGAAAAGGAATCGC-1-2",6.40692464708995,"Dana_KO","Hba-a2","2"
"GTAGAAAAGGTACCTT-1-2",9.55331931073999e-06,"Dana_KO","Pf4","8"
"GTAGAAACAAGAGGCT-1-2",0.336241670257028,"Dana_KO","Car1","2"
"GTAGAAACAGAGTTGG-1-2",2.4033931149214,"Dana_KO","Car1","2"
"GTAGAAAGTACTAAGA-1-2",1.20575874795747e-06,"Dana_KO","Pf4","3"
"GTAGAAAGTACTGAGG-1-2",5.27799135352223,"Dana_KO","Car1","2"
"GTAGAAAGTCAGGTAG-1-2",5.58911169038961,"Dana_KO","Car1","6"
"GTAGAAAGTCCTGTTC-1-2",1.25213408441738e-06,"Dana_KO","Pf4","3"
"GTAGAAAGTCGGTGAA-1-2",0.306660769300035,"Dana_KO","Car1","4"
"GTAGAAAGTGGTCTAT-1-2",0.347458643992431,"Dana_KO","Gstm1/CD63","1"
"GTAGAAATCGTGGCTG-1-2",6.02879373978737e-07,"Dana_KO","Car1","4"
"GTAGAGGAGCGAATGC-1-2",2.32265218120602,"Dana_KO","Gstm1/CD63","1"
"GTAGAGGAGGGTAATT-1-2",1.26927655313784,"Dana_KO","Gstm1/CD63","1"
"GTAGAGGCAGGGCTTC-1-2",9.5996946471999e-06,"Dana_KO","Pf4","8"
"GTAGAGGGTCCTTTGC-1-2",0.116806999434101,"Dana_KO","Pf4","3"
"GTAGAGGGTGCTCCGA-1-2",0.0776109219414276,"Dana_KO","Pf4","4"
"GTAGAGGGTTCTATCT-1-2",0.0569248500946558,"Dana_KO","Car1","3"
"GTAGATCAGGATTACA-1-2",0.0325110464635383,"Dana_KO","Pf4","4"
"GTAGATCAGGGTATAT-1-2",2.59701884175456e-06,"Dana_KO","CD34","7"
"GTAGATCAGTGCAGCA-1-2",9.6460699836598e-06,"Dana_KO","Pf4","8"
"GTAGATCAGTTTGCTG-1-2",0.00638080044008826,"Dana_KO","Gstm1/CD63","1"
"GTAGATCCATCGATCA-1-2",0.00560127959940937,"Dana_KO","Pf4","3"
"GTAGATCGTCCACTTC-1-2",6.06171563830993,"Dana_KO","Car1","6"
"GTAGATCGTTCGGCCA-1-2",0.0615694840735432,"Dana_KO","Unannotated","3"
"GTAGATCGTTGCCATA-1-2",0.0116185422210445,"Dana_KO","Car1","2"
"GTAGCTAAGAGTCTGG-1-2",9.6924453201197e-06,"Dana_KO","Pf4","8"
"GTAGCTACAGAAACCG-1-2",5.18467093876419,"Dana_KO","Car1","2"
"GTAGCTAGTAACATAG-1-2",1.29850942087728e-06,"Dana_KO","Car1","3"
"GTAGCTAGTTCCGCTT-1-2",0.0569248037193193,"Dana_KO","Car1","3"
"GTAGCTATCGACCATA-1-2",0.0325110928388748,"Dana_KO","Pf4","4"
"GTAGCTATCGAGATAA-1-2",0.0217625343372903,"Dana_KO","Pf4","8"
"GTAGCTATCGGTAGGA-1-2",0.0578364031720784,"Dana_KO","Car1","4"
"GTAGGAGCAAGACTGG-1-2",0.0345389576316406,"Dana_KO","Pf4","8"
"GTAGGAGGTTCAAACC-1-2",5.45711565128848,"Dana_KO","Car1","2"
"GTAGGAGTCTGGGCAC-1-2",18.2785373171648,"Dana_KO","Ltf","12"
"GTAGGTTAGAGGTCAC-1-2",0.188335406586274,"Dana_KO","Unannotated","2"
"GTAGGTTCAAGCACAG-1-2",0.016503221745743,"Dana_KO","Car1","3"
"GTAGGTTCAAGGTCGA-1-2",5.63770373427952,"Dana_KO","Car1","2"
"GTAGGTTCAAGTGCAG-1-2",0.00219076631628723,"Dana_KO","CD34","7"
"GTAGGTTTCCCGAGAC-1-2",0.00195208998195712,"Dana_KO","Ly86","0"
"GTAGGTTTCTCGGTCT-1-2",1.34488475733718e-06,"Dana_KO","Pf4","3"
"GTAGTACAGATGCTGG-1-2",0.0217625807126267,"Dana_KO","Pf4","8"
"GTAGTACAGTACCGGA-1-2",0.66549928168725,"Dana_KO","Car1","2"
"GTAGTACCATGGAATA-1-2",0.0325111392142112,"Dana_KO","Pf4","3"
"GTAGTACCATGTACGT-1-2",9.73882065657961e-06,"Dana_KO","Pf4","8"
"GTAGTACGTACCCAGC-1-2",0.72546875582471,"Dana_KO","Car1","2"
"GTAGTACGTACTCCGG-1-2",9.78519599303951e-06,"Dana_KO","Pf4","8"
"GTAGTACGTCATCCCT-1-2",0.153482178501021,"Dana_KO","Gstm1/CD63","10"
"GTAGTACGTCTAGATC-1-2",0.0569247573439828,"Dana_KO","Car1","3"
"GTAGTACTCGGTAGGA-1-2",7.19102508883002,"Dana_KO","Hba-a2","6"
"GTATTGGAGACCTGGA-1-2",10.4464587486066,"Dana_KO","Hba-a2","6"
"GTATTGGCAAGGATGC-1-2",0.0479575196978281,"Dana_KO","CD34","4"
"GTATTGGGTAGGCTGA-1-2",2.55064350529466e-06,"Dana_KO","Ly86","7"
"GTATTGGGTGTCGCTG-1-2",0.289822527321506,"Dana_KO","Ly86","0"
"GTATTGGGTGTTTCTT-1-2",0,"Dana_KO","Car1","4"
"GTATTGGTCAAAGACA-1-2",0.720695225868649,"Dana_KO","Pf4","8"
"GTATTGGTCAGGCGAA-1-2",9.83157132949941e-06,"Dana_KO","Pf4","8"
"GTATTGGTCATTCATC-1-2",0.0303731543594354,"Dana_KO","Pf4","8"
"GTATTGGTCCCTTTGG-1-2",0.0569247109686464,"Dana_KO","Car1","3"
"GTATTGGTCTCCTGCA-1-2",5.53935781018676,"Dana_KO","Car1","2"
"GTATTGGTCTGGAGAG-1-2",0.031773817010208,"Dana_KO","Car1","11"
"GTATTGGTCTTGGTGA-1-2",9.87794666595931e-06,"Dana_KO","Pf4","8"
"GTATTTCAGAGAGCAA-1-2",0.188172326594658,"Dana_KO","Pf4","8"
"GTATTTCAGCAAACAT-1-2",0.0569246645933099,"Dana_KO","Car1","3"
"GTATTTCAGCGTCAGA-1-2",2.31876682299514e-07,"Dana_KO","Car1","4"
"GTATTTCAGTTCGGTT-1-2",0.636546744907565,"Dana_KO","Car1","3"
"GTATTTCCAACGTATC-1-2",0.0782502401511262,"Dana_KO","CD34","4"
"GTATTTCCAATAACGA-1-2",0.980589244012002,"Dana_KO","Unannotated","8"
"GTATTTCCAATCAAGA-1-2",0.180625671169395,"Dana_KO","Gstm1/CD63","1"
"GTATTTCCACAATGCT-1-2",3.95100875886003,"Dana_KO","Car1","2"
"GTATTTCCAGAGATTA-1-2",0.349812212157049,"Dana_KO","Car1","3"
"GTATTTCCATCTGGGC-1-2",0.694225747036199,"Dana_KO","Car1","2"
"GTATTTCGTAACGTTC-1-2",9.92432200241922e-06,"Dana_KO","Pf4","8"
"GTATTTCGTTAGGACG-1-2",5.28382083371349,"Dana_KO","Car1","6"
"GTATTTCGTTGCTAGT-1-2",0.723265827652246,"Dana_KO","Car1","2"
"GTATTTCTCCCATTCG-1-2",0.00665514592408356,"Dana_KO","CD34","1"
"GTATTTCTCCTTTAGT-1-2",0.0521107986520728,"Dana_KO","Car1","4"
"GTCAAACGTTTGGCTA-1-2",18.0314074294887,"Dana_KO","Ltf","12"
"GTCAAACTCTGCACCT-1-2",0.618583243607203,"Dana_KO","Car1","4"
"GTCAAGTAGTCATCCA-1-2",9.97069733887912e-06,"Dana_KO","Car1","8"
"GTCAAGTCACGTACAT-1-2",1.75980704438924,"Dana_KO","Car1","2"
"GTCAAGTCATGGATCT-1-2",0.0325111855895477,"Dana_KO","Pf4","4"
"GTCAAGTCATTGGCAT-1-2",6.29055955839166,"Dana_KO","Car1","6"
"GTCAAGTGTAACGGTG-1-2",6.4925471043864e-07,"Dana_KO","Car1","4"
"GTCAAGTGTCTCAGGC-1-2",0.0298641038225766,"Dana_KO","Pf4","8"
"GTCAAGTGTGAGGAAA-1-2",2.92920423313969,"Dana_KO","Car1","2"
"GTCAAGTGTGTCCACG-1-2",0.0643797058185271,"Dana_KO","Ly86","0"
"GTCAAGTTCTACTGCC-1-2",1.57243318923353,"Dana_KO","Gstm1/CD63","1"
"GTCAAGTTCTATCCAT-1-2",0.0325112319648841,"Dana_KO","Pf4","4"
"GTCACGGAGACTTCAC-1-2",0.0409429039560814,"Dana_KO","Car1","4"
"GTCACGGAGTAGCCAG-1-2",1.0017072675339e-05,"Dana_KO","Pf4","8"
"GTCACGGCAAACAGGC-1-2",4.97467656647767,"Dana_KO","Car1","2"
"GTCACGGCAACTTGGT-1-2",0.038707805135088,"Dana_KO","CD34","0"
"GTCACGGCACAACCGC-1-2",1.39126009379709e-06,"Dana_KO","Pf4","3"
"GTCACGGCATGTGCTA-1-2",0.00432479517156603,"Dana_KO","Car1","11"
"GTCACGGGTCTACGTA-1-2",0.0823819289884202,"Dana_KO","Pf4","8"
"GTCACGGGTGTCACAT-1-2",1.27903057752785,"Dana_KO","Fcnb","1"
"GTCACGGGTTCTCACC-1-2",0.459030875292857,"Dana_KO","CD34","7"
"GTCACGGTCCCGTTCA-1-2",0.0569246182179735,"Dana_KO","CD34","3"
"GTCACTCAGCTAGTTC-1-2",16.7362355357209,"Dana_KO","Ltf","12"
"GTCACTCAGTCTCCTC-1-2",0.000212012772624559,"Dana_KO","Ly86","0"
"GTCACTCCAACCGACC-1-2",0.0321838208847594,"Dana_KO","CD34","3"
"GTCACTCGTCCCTGAG-1-2",0.0539984085843919,"Dana_KO","CD34","7"
"GTCACTCGTGAGTTGG-1-2",0.0389068501404002,"Dana_KO","CD34","0"
"GTCACTCGTTCTCGCT-1-2",6.4925471043864e-07,"Dana_KO","Ly86","0"
"GTCACTCTCCGATCTC-1-2",1.00634480117989e-05,"Dana_KO","Pf4","8"
"GTCAGCGAGCCGTCGT-1-2",0.45903082891752,"Dana_KO","CD34","7"
"GTCAGCGAGGACTATA-1-2",0.00167843012369229,"Dana_KO","Gstm1/CD63","1"
"GTCAGCGCAATCCTTT-1-2",5.10128701058932e-07,"Dana_KO","Car1","4"
"GTCAGCGCACAATGCT-1-2",2.50426816883476e-06,"Dana_KO","CD34","7"
"GTCAGCGCATTGCAAC-1-2",2.82889552405408e-06,"Dana_KO","Pf4","4"
"GTCAGCGGTACCTATG-1-2",0.0164144375002848,"Dana_KO","Ly86","0"
"GTCAGCGGTTAAGACA-1-2",0.0510091433802176,"Dana_KO","Car1","4"
"GTCATCCAGCATATGA-1-2",0.730950436407918,"Dana_KO","Pf4","8"
"GTCATCCCAAAGACTA-1-2",1.01098233482588e-05,"Dana_KO","Pf4","4"
"GTCATCCCAGCGAACA-1-2",0.728803613693446,"Dana_KO","Pf4","8"
"GTCATCCCAGGCAATG-1-2",1.01561986847187e-05,"Dana_KO","CD34","4"
"GTCATGAAGATCCAAA-1-2",0.0419816334947662,"Dana_KO","Pf4","4"
"GTCATGAAGGCCTGCT-1-2",0.0363098810396436,"Dana_KO","Pf4","8"
"GTCATGAAGTGCAGCA-1-2",0.235353232658637,"Dana_KO","Gstm1/CD63","1"
"GTCATGACAAGAAATC-1-2",1.99736995893075,"Dana_KO","Car1","2"
"GTCATGACAGTCGCAC-1-2",0.0232639941496569,"Dana_KO","Gstm1/CD63","1"
"GTCATGAGTGTATTCG-1-2",1.02025740211786e-05,"Dana_KO","Pf4","8"
"GTCATGAGTTTAGAGA-1-2",0.0418812926128531,"Dana_KO","Ly86","1"
"GTCATGATCGAGTCTA-1-2",0.0160805304607923,"Dana_KO","C1qb","8"
"GTCATGATCTAACGGT-1-2",1.43763543025699e-06,"Dana_KO","Pf4","3"
"GTCATTTAGCCTCTCT-1-2",1.02489493576385e-05,"Dana_KO","Pf4","8"
"GTCATTTAGCGACTTT-1-2",2.15860721080904,"Dana_KO","Fcnb","1"
"GTCATTTAGGCTGAAC-1-2",1.57243323560886,"Dana_KO","Fcnb","1"
"GTCATTTCAACTCCAA-1-2",15.6945890104256,"Dana_KO","Ltf","12"
"GTCATTTCATGTGGCC-1-2",0.0315954164389165,"Dana_KO","Ly86","0"
"GTCATTTGTGATACCT-1-2",0.729557660963329,"Dana_KO","Pf4","8"
"GTCATTTGTGTAAACA-1-2",0.0367541551466126,"Dana_KO","Car1","2"
"GTCATTTGTGTACAGG-1-2",10.368195157775,"Dana_KO","Hba-a2","6"
"GTCATTTGTGTGATGG-1-2",1.02953246940984e-05,"Dana_KO","Pf4","8"
"GTCATTTTCTCTCGCA-1-2",10.3681952041503,"Dana_KO","Hba-a2","6"
"GTCCACTAGCCGGATA-1-2",0.0543247045835611,"Dana_KO","Car1","2"
"GTCCACTAGTGGTGAC-1-2",0.056924571842637,"Dana_KO","CD34","3"
"GTCCACTGTCCAAATC-1-2",2.16770263785704,"Dana_KO","Fcnb","1"
"GTCCACTGTGCATTAC-1-2",0.0422297713090514,"Dana_KO","Car1","2"
"GTCCACTTCCTGGGTG-1-2",0.139650134761545,"Dana_KO","Pf4","3"
"GTCCCATCAACCGCTG-1-2",2.45789283237485e-06,"Dana_KO","CD34","7"
"GTCCCATCAATTGGTC-1-2",4.63753364599029e-07,"Dana_KO","Car1","4"
"GTCCCATCAGAATGTA-1-2",2.41151749591495e-06,"Dana_KO","CD34","7"
"GTCCCATCATCGGAAG-1-2",0.0204444803551613,"Dana_KO","CD34","0"
"GTCCCATGTAATGCGG-1-2",1.5724332819842,"Dana_KO","Gstm1/CD63","1"
"GTCCCATTCCATTGGA-1-2",5.47228970226854e-06,"Dana_KO","Gstm1/CD63","1"
"GTCCTCAAGCCTTTGA-1-2",0.721424732041043,"Dana_KO","Car1","2"
"GTCCTCACACGCTGAC-1-2",6.64767072612266,"Dana_KO","Hba-a2","6"
"GTCCTCACACTCAGAT-1-2",0.226163959076692,"Dana_KO","Pf4","3"
"GTCCTCACATGAAGGC-1-2",0.232604447859194,"Dana_KO","Pf4","8"
"GTCCTCAGTTTACACG-1-2",0.0453973892167439,"Dana_KO","Car1","3"
"GTCCTCATCGCTCATC-1-2",0.0409429503314178,"Dana_KO","Car1","4"
"GTCCTCATCTGGTTGA-1-2",0.00867579449343669,"Dana_KO","Ly86","0"
"GTCGAATAGTGACCTT-1-2",0.00733367582471178,"Dana_KO","Fcnb","1"
"GTCGAATCAATACCCA-1-2",0.686063914186582,"Dana_KO","Fcnb","1"
"GTCGAATCACGCGTCA-1-2",0,"Dana_KO","Car1","2"
"GTCGAATTCCGTAGTA-1-2",0.00107960536480722,"Dana_KO","Car1","3"
"GTCGAATTCGCGTGCA-1-2",0.270664960830187,"Dana_KO","Ly86","0"
"GTCGAATTCTGGTGCG-1-2",0.0325112783402206,"Dana_KO","Pf4","4"
"GTCGCGAAGAAGCGCT-1-2",0.00432474879622957,"Dana_KO","Hba-a2","11"
"GTCGCGAAGATGCAGC-1-2",0.0220985720981031,"Dana_KO","CD34","0"
"GTCGCGAAGTTCCATG-1-2",0.223774285330236,"Dana_KO","Car1","4"
"GTCGCGACAATAACGA-1-2",0.0503986846864524,"Dana_KO","Car1","4"
"GTCGCGACACAGCTGC-1-2",0.0272894788284599,"Dana_KO","CD34","10"
"GTCGCGACATGGAGAC-1-2",0.597759078526912,"Dana_KO","Car1","3"
"GTCGCGAGTACGGCAA-1-2",1.48401076671689e-06,"Dana_KO","Car1","4"
"GTCGCGAGTACGGTTT-1-2",0.357591121558132,"Dana_KO","Ly86","0"
"GTCGCGAGTCAGCTTA-1-2",0.100660619368865,"Dana_KO","Car1","2"
"GTCGCGAGTGAGACGT-1-2",2.00557045504189,"Dana_KO","Gstm1/CD63","1"
"GTCGCGAGTGCCCAGT-1-2",0.396329449887465,"Dana_KO","Pf4","3"
"GTCGCGAGTTACGTAC-1-2",1.5303861031768e-06,"Dana_KO","Pf4","3"
"GTCGCGATCAGCGCGT-1-2",5.51866503872844e-06,"Dana_KO","Fcnb","1"
"GTCGCGATCGTGTTCC-1-2",9.57937249722596,"Dana_KO","Hba-a2","6"
"GTCGTAAAGGTAACTA-1-2",2.36514215945505e-06,"Dana_KO","Gstm1/Ly86","7"
"GTCGTAACAGCCGTTG-1-2",2.31876682299514e-06,"Dana_KO","Ly86","14"
"GTCGTAACAGCTGTAT-1-2",0.106509242545262,"Dana_KO","Pf4","3"
"GTCGTAATCGTACCTC-1-2",5.30394652089862,"Dana_KO","Car1","2"
"GTCGTAATCTCGGTAA-1-2",0.0844739990296097,"Dana_KO","Pf4","8"
"GTCGTAATCTTAGCTT-1-2",0.0182590631868726,"Dana_KO","Car1","4"
"GTCGTTCAGGTTCATC-1-2",0.00107955898947076,"Dana_KO","Pf4","3"
"GTCGTTCAGTCATGCT-1-2",1.03417000305583e-05,"Dana_KO","CD34","8"
"GTCGTTCAGTTTGGCT-1-2",0.0150480546860277,"Dana_KO","CD34","7"
"GTCGTTCCAAATCGGG-1-2",0.0165032681210795,"Dana_KO","Car1","4"
"GTCGTTCCACGCGCTA-1-2",1.03880753670182e-05,"Dana_KO","Pf4","8"
"GTCGTTCGTAACTGCT-1-2",0.729206492083936,"Dana_KO","Pf4","8"
"GTCGTTCGTATGTCCA-1-2",1.07529167312853,"Dana_KO","Car1","2"
"GTCGTTCGTCAACCAT-1-2",2.33206325767963,"Dana_KO","Fcnb","1"
"GTCGTTCTCACTTGTT-1-2",1.75223667519166,"Dana_KO","Gstm1/CD63","1"
"GTCTACCAGACTAAGT-1-2",0.0325113247155571,"Dana_KO","Car1","4"
"GTCTACCAGTTGGCTT-1-2",0.00904374499796412,"Dana_KO","Car1","2"
"GTCTACCGTAGCGTCC-1-2",0.0569245254673005,"Dana_KO","Car1","3"
"GTCTACCGTCCGGCAT-1-2",5.12519737361362,"Dana_KO","Hba-a2","6"
"GTCTACCGTGAACCGA-1-2",5.51213311998075,"Dana_KO","Car1","2"
"GTCTACCTCATGCGGC-1-2",2.27239148653524e-06,"Dana_KO","CD34","7"
"GTCTACCTCCTTGGAA-1-2",0.00547046230567094,"Dana_KO","Pf4","2"
"GTCTAGAAGATGCGAC-1-2",5.56504037518835e-06,"Dana_KO","Ly86","1"
"GTCTAGAAGCGACTAG-1-2",0.0569244790919641,"Dana_KO","Car1","3"
"GTCTAGACACGCACCA-1-2",4.19695849829706,"Dana_KO","Car1","2"
"GTCTAGACACTACTTT-1-2",0.426786508360839,"Dana_KO","Car1","3"
"GTCTAGACAGAGTAAT-1-2",0.0569244327166276,"Dana_KO","Pf4","3"
"GTCTAGAGTACTCGCG-1-2",0.016503314496416,"Dana_KO","Car1","4"
"GTCTAGAGTTAAACAG-1-2",0.852825318717866,"Dana_KO","Pf4","2"
"GTCTAGATCACCGGGT-1-2",0,"Dana_KO","Car1","4"
"GTCTCACAGCATGAAT-1-2",0.347458690367768,"Dana_KO","Ly86","1"
"GTCTCACCACATACGT-1-2",1.45063057952051,"Dana_KO","Fcnb","1"
"GTCTCACCACGTTCGG-1-2",0.0613032856016624,"Dana_KO","CD34","0"
"GTCTCACCATATGGCT-1-2",18.0819037293477,"Dana_KO","Ltf","12"
"GTCTCACGTACATACC-1-2",5.61141571164825e-06,"Dana_KO","Gstm1/CD63","1"
"GTCTCACGTAGCTCGC-1-2",0.183384904211472,"Dana_KO","Car1","4"
"GTCTCACGTGTTGATC-1-2",0.0569243863412912,"Dana_KO","Car1","3"
"GTCTGTCAGATGGCGT-1-2",0.0573138187114681,"Dana_KO","Fcnb","1"
"GTCTGTCAGTGATCGG-1-2",4.06688597557384,"Dana_KO","Car1","2"
"GTCTGTCCAAATCAAG-1-2",0.132190784606479,"Dana_KO","CD34","4"
"GTCTGTCCAGCGAACA-1-2",0.682646918340904,"Dana_KO","Pf4","2"
"GTCTGTCGTGGCTGAA-1-2",6.95630046898543e-07,"Dana_KO","Car1","4"
"GTCTGTCGTTAGTTCG-1-2",0.0100283660108913,"Dana_KO","Gstm1/CD63","1"
"GTCTTTAAGACCAGAC-1-2",0.0325113710908935,"Dana_KO","Pf4","3"
"GTCTTTAAGCCAACCC-1-2",0.600898616252866,"Dana_KO","Gstm1/Ly86","0"
"GTCTTTAAGGGACACT-1-2",2.87527086051398e-06,"Dana_KO","Pf4","3"
"GTCTTTACAAGTAGTA-1-2",0.0204444339798249,"Dana_KO","CD34","0"
"GTCTTTAGTACACGCC-1-2",15.664239002734,"Dana_KO","Ltf","12"
"GTCTTTAGTACCTTCC-1-2",5.2440017018363,"Dana_KO","Car1","6"
"GTCTTTAGTTCAATCG-1-2",1.00447417287745,"Dana_KO","Ly86","0"
"GTCTTTAGTTTGTTGG-1-2",0.68781825062434,"Dana_KO","Ly86","0"
"GTCTTTATCAATCTCT-1-2",0.00330108391231465,"Dana_KO","Car1","2"
"GTCTTTATCCCAGGAC-1-2",0.0204443876044884,"Dana_KO","Gstm1/Ly86","0"
"GTCTTTATCGATAACC-1-2",0.224384615800649,"Dana_KO","Ly86","0"
"GTCTTTATCGGTCGAC-1-2",0.728865612109191,"Dana_KO","Pf4","8"
"GTGACGCAGAACGCGT-1-2",5.65779104810815e-06,"Dana_KO","Gstm1/CD63","1"
"GTGACGCAGACGGATC-1-2",0.230285688985873,"Dana_KO","Gstm1/CD63","10"
"GTGACGCCAACCGTGC-1-2",0.489513938020324,"Dana_KO","Car1","4"
"GTGACGCCACTAACGT-1-2",0.0621324673828414,"Dana_KO","Ly86","1"
"GTGACGCCAGCCGGTT-1-2",2.92164619697388e-06,"Dana_KO","Pf4","8"
"GTGACGCGTACACTCA-1-2",0.950417981886427,"Dana_KO","Car1","2"
"GTGACGCGTGTTCCAA-1-2",1.29506527943184,"Dana_KO","Pf4","11"
"GTGACGCTCACGTCCT-1-2",0.0193194115679196,"Dana_KO","Gstm1/Ly86","1"
"GTGACGCTCGCTGACG-1-2",0.307165685592971,"Dana_KO","Pf4","8"
"GTGAGCCAGAACCCGA-1-2",0.600450164328774,"Dana_KO","Car1","3"
"GTGAGCCAGCATATGA-1-2",0.539705203665727,"Dana_KO","Gstm1/CD63","1"
"GTGAGCCTCCATGCAA-1-2",0.44615761716338,"Dana_KO","Car1","3"
"GTGAGCCTCCGCATAA-1-2",0.459030782542184,"Dana_KO","CD34","7"
"GTGAGCCTCTCCCATG-1-2",1.04344507034781e-05,"Dana_KO","Pf4","8"
"GTGAGGAAGGTCCCTG-1-2",0.0165033608717524,"Dana_KO","Car1","3"
"GTGAGGACAGATTAAG-1-2",1.5767614396367e-06,"Dana_KO","CD34","3"
"GTGAGGACATTGGATC-1-2",2.22601615007534e-06,"Dana_KO","CD34","7"
"GTGAGTTAGTGAGTTA-1-2",0.0165034072470889,"Dana_KO","Car1","4"
"GTGAGTTCAGGCTCTG-1-2",10.3681952505257,"Dana_KO","Hba-a2","6"
"GTGAGTTCAGTCAGTT-1-2",0.0569243399659547,"Dana_KO","Car1","3"
"GTGAGTTGTCGAGTGA-1-2",0.430684770271021,"Dana_KO","Ly86","0"
"GTGAGTTTCCATTGCC-1-2",10.368195296901,"Dana_KO","Hba-a2","6"
"GTGATGTAGCCTTCTC-1-2",2.07841112691754,"Dana_KO","Gstm1/CD63","1"
"GTGATGTAGGTCTGGA-1-2",0.0675841727923694,"Dana_KO","Gstm1/Ly86","1"
"GTGATGTCACTTCCTG-1-2",2.94379875601576,"Dana_KO","Car1","2"
"GTGATGTCATAGACTC-1-2",3.90951185225529,"Dana_KO","Car1","2"
"GTGATGTGTTAGGGAC-1-2",1.04808260399381e-05,"Dana_KO","Pf4","8"
"GTGATGTTCTCAATCT-1-2",0.0464971520503537,"Dana_KO","Car1","4"
"GTGCACGCACGGGTAA-1-2",0.743503192755071,"Dana_KO","Car1","2"
"GTGCACGCAGCACACC-1-2",0.0569242935906182,"Dana_KO","Car1","3"
"GTGCACGGTAACACCT-1-2",1.6231367760966e-06,"Dana_KO","Pf4","3"
"GTGCACGGTACTCGCG-1-2",0.767077513878193,"Dana_KO","Car1","2"
"GTGCACGGTCTTACTT-1-2",0.16208858572422,"Dana_KO","Pf4","8"
"GTGCACGGTGGCACTC-1-2",1.0527201376398e-05,"Dana_KO","Pf4","8"
"GTGCACGTCAAGTTGC-1-2",0.126266528108104,"Dana_KO","Car1","2"
"GTGCACGTCATTTACC-1-2",1.6695121125565e-06,"Dana_KO","Pf4","3"
"GTGCAGCCAAGCACCC-1-2",0.712414187486468,"Dana_KO","Fcnb","1"
"GTGCAGCCAGGCCTGT-1-2",0.220282643026453,"Dana_KO","Pf4","8"
"GTGCAGCCATGTTCAG-1-2",0.185085543948963,"Dana_KO","Pf4","8"
"GTGCAGCGTAAGTAGT-1-2",4.45382033714847,"Dana_KO","Car1","2"
"GTGCGTGAGAGATCGC-1-2",0.0165034536224253,"Dana_KO","Car1","4"
"GTGCGTGAGCGACTTT-1-2",0.03251141746623,"Dana_KO","Pf4","3"
"GTGCGTGAGCTGAGCA-1-2",0.00432470242089311,"Dana_KO","Hba-a2","11"
"GTGCGTGAGTGAGGTC-1-2",5.58122505773728,"Dana_KO","Car1","2"
"GTGCGTGCACCAGGTC-1-2",0.0467547459023527,"Dana_KO","Pf4","8"
"GTGCGTGCACTGGACC-1-2",1.05735767128579e-05,"Dana_KO","Pf4","8"
"GTGCGTGCAGACTCTA-1-2",0.0091479334472484,"Dana_KO","CD34","0"
"GTGCGTGGTCATGACT-1-2",1.71588744901641e-06,"Dana_KO","Car1","3"
"GTGCGTGGTGCCGAAA-1-2",0.096275589569504,"Dana_KO","Gstm1/CD63","1"
"GTGCGTGTCGCTTACC-1-2",0.0325114638415664,"Dana_KO","Pf4","4"
"GTGCTGGAGTAAACGT-1-2",1.76226278547631e-06,"Dana_KO","Pf4","3"
"GTGCTGGCAGCTGTAT-1-2",0.0552210676267124,"Dana_KO","Car1","3"
"GTGCTGGCAGGTGTTT-1-2",0.0521963796220413,"Dana_KO","Car1","4"
"GTGCTGGTCACGGTCG-1-2",0.151412600383667,"Dana_KO","Car1","4"
"GTGCTGGTCCTGTTAT-1-2",0.344956306437735,"Dana_KO","Car1","4"
"GTGCTTCAGCTAATGA-1-2",0.0325115102169029,"Dana_KO","Pf4","4"
"GTGCTTCAGTTCAACC-1-2",2.76325712255793,"Dana_KO","Car1","2"
"GTGCTTCCAGCGCTTG-1-2",0.556930939343096,"Dana_KO","Gstm1/CD63","0"
"GTGCTTCCAGCTTTGA-1-2",14.9986686140584,"Dana_KO","Ltf","12"
"GTGCTTCCATATCTCT-1-2",6.02879373978737e-07,"Dana_KO","Ly86","0"
"GTGCTTCGTATCGTTG-1-2",5.48007621930033,"Dana_KO","Hba-a2","11"
"GTGCTTCGTGCTATTG-1-2",1.67119353484058,"Dana_KO","Car1","2"
"GTGCTTCTCACACCCT-1-2",0.120722819656649,"Dana_KO","CD34","1"
"GTGCTTCTCACTGATG-1-2",0.0325115565922394,"Dana_KO","Pf4","4"
"GTGCTTCTCCACCTGT-1-2",0.529932935655541,"Dana_KO","Pf4","8"
"GTGCTTCTCGAGTTGT-1-2",1.80863812193621e-06,"Dana_KO","Car1","3"
"GTGCTTCTCTGTGCTC-1-2",0.0569242472152818,"Dana_KO","Car1","3"
"GTGGAAGCACCAACAT-1-2",0.0534560184860089,"Dana_KO","Pf4","8"
"GTGGAAGCACTTGTGA-1-2",1.17844354437372,"Dana_KO","Car1","3"
"GTGGAAGCATATCGGT-1-2",0.104919656647374,"Dana_KO","Pf4","2"
"GTGGAAGGTCAAAGTA-1-2",0.0569242008399453,"Dana_KO","Car1","3"
"GTGGAAGGTTGGTAGG-1-2",0.699273868966972,"Dana_KO","Car1","2"
"GTGGAGAAGCACCGAA-1-2",0.0419816798701027,"Dana_KO","Pf4","4"
"GTGGAGAAGGACAGTC-1-2",0.767077560253529,"Dana_KO","Car1","2"
"GTGGAGACAGGGAGAG-1-2",7.19102513520536,"Dana_KO","Hba-a2","6"
"GTGGAGACATAGTCGT-1-2",1.06199520493178e-05,"Dana_KO","Pf4","8"
"GTGGAGAGTCATTCCC-1-2",10.3681953432763,"Dana_KO","Hba-a2","6"
"GTGGAGAGTTGAATCC-1-2",10.3681953896517,"Dana_KO","Hba-a2","6"
"GTGGAGATCCGCAGTG-1-2",0.0479575660731646,"Dana_KO","CD34","4"
"GTGGAGATCTCTGGTC-1-2",0.289235784656259,"Dana_KO","Ly86","1"
"GTGGCGTAGAGAGGTA-1-2",0.0419817262454392,"Dana_KO","Car1","4"
"GTGGCGTAGCGGACAT-1-2",0.0569241544646089,"Dana_KO","CD34","3"
"GTGGCGTAGTATGACA-1-2",12.4979183148657,"Dana_KO","Ltf","12"
"GTGGCGTCAACAGAGC-1-2",1.96015819026745,"Dana_KO","Car1","2"
"GTGGCGTCAAGTGACG-1-2",0.00167847649902875,"Dana_KO","Gstm1/CD63","1"
"GTGGCGTCAGGTGTTT-1-2",0.0426252576743753,"Dana_KO","Pf4","8"
"GTGGCGTCATAGGAGC-1-2",0.0539114801465267,"Dana_KO","Ly86","0"
"GTGGCGTGTTCGGTCG-1-2",2.96802153343378e-06,"Dana_KO","Pf4","8"
"GTGGCGTGTTTAGACC-1-2",2.17964081361544e-06,"Dana_KO","CD34","7"
"GTGGCGTTCCCGAACG-1-2",3.01439686989369e-06,"Dana_KO","Pf4","8"
"GTGGGAAAGTCGGCAA-1-2",0.0165034999977618,"Dana_KO","Car1","2"
"GTGGGAACACTTGAAC-1-2",1.06663273857777e-05,"Dana_KO","Car1","8"
"GTGGGAACAGGCGATA-1-2",1.07127027222376e-05,"Dana_KO","Pf4","8"
"GTGGGAACATTGTAGC-1-2",0.0479576124485011,"Dana_KO","CD34","4"
"GTGGGAAGTATCGTGT-1-2",0.0569241080892724,"Dana_KO","Car1","3"
"GTGGGAAGTGCTGCAC-1-2",0.950418028261763,"Dana_KO","Pf4","2"
"GTGGGAAGTTCTCGCT-1-2",3.12519361736838,"Dana_KO","Car1","3"
"GTGGGAAGTTGGGTAG-1-2",7.32708355965871,"Dana_KO","Car1","6"
"GTGGGAATCCGACAGC-1-2",0,"Dana_KO","Unannotated","7"
"GTGGGAATCCGAGAAG-1-2",0.0887246333392253,"Dana_KO","Gstm1/CD63","1"
"GTGGGAATCCGTGGGT-1-2",3.93935803678197,"Dana_KO","Car1","2"
"GTGGGAATCGCCTAGG-1-2",0.268780613144822,"Dana_KO","Car1","3"
"GTGGGAATCGTCAGAT-1-2",0.140608150022671,"Dana_KO","Gstm1/Ly86","1"
"GTGGTTAAGAATCCCT-1-2",0.034475553554784,"Dana_KO","CD34","0"
"GTGGTTACAGAGGCTA-1-2",0.390674522809103,"Dana_KO","Pf4","8"
"GTGGTTATCATAAGGA-1-2",0.260064402129883,"Dana_KO","Car1","4"
"GTGGTTATCCTGGCTT-1-2",0.0741426306433892,"Dana_KO","Unannotated","7"
"GTGGTTATCGTAGGGA-1-2",0.382203969321215,"Dana_KO","Ly86","0"
"GTGGTTATCTTCGATT-1-2",0.459030736166847,"Dana_KO","Unannotated","7"
"GTGTAACAGAAGAGCA-1-2",5.56504037518835e-07,"Dana_KO","Ly86","0"
"GTGTAACCAACCAATC-1-2",4.17378028139126e-07,"Dana_KO","Car1","4"
"GTGTAACCAATGAGCG-1-2",7.42005383358446e-07,"Dana_KO","CD34","4"
"GTGTAACCACATGTTG-1-2",0.541980821385619,"Dana_KO","Car1","2"
"GTGTAACCAGTATTCG-1-2",0.665499328062586,"Dana_KO","Car1","4"
"GTGTAACCATCGATGT-1-2",5.70416638456805e-06,"Dana_KO","Gstm1/CD63","1"
"GTGTAACTCTCCGTGT-1-2",0.00167852287436521,"Dana_KO","CD34","1"
"GTGTCCTAGATTAGTG-1-2",15.8606083284268,"Dana_KO","Ltf","12"
"GTGTCCTAGCGTGTCC-1-2",0.0419817726207756,"Dana_KO","CD34","4"
"GTGTCCTCAATACGCT-1-2",0,"Dana_KO","Car1","4"
"GTGTCCTCAGTGTACT-1-2",0.0325116029675758,"Dana_KO","Pf4","4"
"GTGTCCTCATGGCGCT-1-2",0.00432465604555665,"Dana_KO","Car1","11"
"GTGTCCTGTATAGGGC-1-2",0.00219071994095077,"Dana_KO","Gstm1/CD63","7"
"GTGTCCTGTCGTTGCG-1-2",1.85501345839612e-06,"Dana_KO","Pf4","3"
"GTGTCCTTCACAAGGG-1-2",0.23260449423453,"Dana_KO","Pf4","8"
"GTGTGATAGGCCTAAG-1-2",0.0901446054143809,"Dana_KO","Car1","2"
"GTGTGATAGTATCTGC-1-2",0.729672062870152,"Dana_KO","Pf4","8"
"GTGTGATCATCGTTCC-1-2",1.07590780586975e-05,"Dana_KO","Pf4","8"
"GTGTGATCATTCTGTT-1-2",4.46809787022512,"Dana_KO","Car1","2"
"GTGTGATGTCTCGGGT-1-2",3.06077220635359e-06,"Dana_KO","Pf4","4"
"GTGTGATGTGGCAACA-1-2",3.10714754281349e-06,"Dana_KO","Pf4","8"
"GTGTGATTCAACGTGT-1-2",1.08054533951574e-05,"Dana_KO","Pf4","8"
"GTGTGATTCAATCAGC-1-2",5.75054172102796e-06,"Dana_KO","Ly86","14"
"GTGTGATTCACATACG-1-2",0.211437516450756,"Dana_KO","Gstm1/CD63","1"
"GTGTGATTCCCGAATA-1-2",5.79691705748786e-06,"Dana_KO","Ly86","0"
"GTGTGATTCGGCATAT-1-2",0.0419818189961121,"Dana_KO","Car1","4"
"GTGTGATTCTTCGGAA-1-2",0.0355248095509503,"Dana_KO","Car1","2"
"GTGTGGCAGAAGCGCT-1-2",0.459030689791511,"Dana_KO","CD34","7"
"GTGTGGCAGAGGATGA-1-2",0.023207347669792,"Dana_KO","CD34","7"
"GTGTGGCAGTAGGATT-1-2",0.0455071277021748,"Dana_KO","Pf4","8"
"GTGTGGCAGTCATTGC-1-2",0.103371424465235,"Dana_KO","Car1","4"
"GTGTGGCCATCATCCC-1-2",1.08518287316173e-05,"Dana_KO","Pf4","8"
"GTGTGGCTCCTCAGAA-1-2",1.90138879485602e-06,"Dana_KO","Pf4","4"
"GTGTGGCTCTAGCCTC-1-2",5.84329239394776e-06,"Dana_KO","Gstm1/CD63","1"
"GTGTGGCTCTCGGTCT-1-2",10.368195436027,"Dana_KO","Hba-a2","6"
"GTGTTAGAGACCTCAT-1-2",0.239403737841178,"Dana_KO","Ly86","0"
"GTGTTAGAGGCAGTCA-1-2",0.0569240617139359,"Dana_KO","Car1","3"
"GTGTTAGCAGTAGAAT-1-2",6.70599095335308,"Dana_KO","Car1","2"
"GTGTTAGGTATCGAGG-1-2",0.0602567490961965,"Dana_KO","Fcnb","1"
"GTGTTAGGTCGTCGGT-1-2",9.57937254360129,"Dana_KO","Hba-a2","6"
"GTGTTAGGTGACACGA-1-2",2.61830496899945,"Dana_KO","Car1","2"
"GTGTTAGGTTACCTGA-1-2",0.115304136251894,"Dana_KO","Ly86","0"
"GTGTTAGTCTCGGCTT-1-2",3.95100880523537,"Dana_KO","Car1","2"
"GTGTTAGTCTGAATGC-1-2",0.0649130711836285,"Dana_KO","Fcnb","1"
"GTGTTCCCATCATGAC-1-2",3.10344525045044,"Dana_KO","Car1","2"
"GTGTTCCCATCCGAAT-1-2",0.0569240153385995,"Dana_KO","Pf4","3"
"GTGTTCCTCCTTATAC-1-2",3.1535228792734e-06,"Dana_KO","Pf4","4"
"GTGTTCCTCGAACGGA-1-2",2.13326547715553e-06,"Dana_KO","CD34","7"
"GTTACAGAGAAACCAT-1-2",0.00167856924970167,"Dana_KO","Gstm1/Ly86","1"
"GTTACAGAGTCATGGG-1-2",0.0479576588238375,"Dana_KO","Car1","4"
"GTTACAGCACTTGAAC-1-2",0.044504805383223,"Dana_KO","Car1","6"
"GTTACAGGTACACTCA-1-2",0.144127305603774,"Dana_KO","Pf4","3"
"GTTACAGTCACCGCTT-1-2",1.00659997047814,"Dana_KO","Pf4","8"
"GTTACAGTCATGGGAG-1-2",0.914600036057691,"Dana_KO","Gstm1/CD63","1"
"GTTACAGTCCTCACCA-1-2",1.08982040680772e-05,"Dana_KO","Pf4","8"
"GTTACAGTCTCGCTTG-1-2",0.729044107967389,"Dana_KO","Car1","8"
"GTTACCCAGGGCAAGG-1-2",1.09445794045371e-05,"Dana_KO","Pf4","8"
"GTTACCCAGTATGGCG-1-2",0.0291264309381281,"Dana_KO","Gstm1/CD63","10"
"GTTACCCCAATTCGTG-1-2",0.828591658339662,"Dana_KO","Ly86","0"
"GTTACCCCACACCTGG-1-2",0.179477428217478,"Dana_KO","Pf4","2"
"GTTACCCGTAACCCGC-1-2",0.0440109172989465,"Dana_KO","Car1","3"
"GTTACCCGTGAACCGA-1-2",0.0217626270879632,"Dana_KO","Pf4","8"
"GTTACCCTCATAGAGA-1-2",7.19102518158069,"Dana_KO","Hba-a2","6"
"GTTACCCTCGATCCAA-1-2",0.159020838280058,"Dana_KO","Car1","2"
"GTTACCCTCTTAGTTC-1-2",0.767251888251772,"Dana_KO","Car1","3"
"GTTACGAAGACATATG-1-2",0.000917568227775889,"Dana_KO","Gstm1/CD63","1"
"GTTACGAAGAGTTGCG-1-2",0.100345842539354,"Dana_KO","Car1","4"
"GTTACGAAGCAGTAAT-1-2",0.0794640650118537,"Dana_KO","Ly86","7"
"GTTACGAAGCGACAGT-1-2",0.056923968963263,"Dana_KO","Car1","3"
"GTTACGAAGGCTTAAA-1-2",1.94776413131592e-06,"Dana_KO","Pf4","3"
"GTTACGACAACAGCTT-1-2",1.57243332835954,"Dana_KO","Gstm1/CD63","1"
"GTTACGACAAGTACCT-1-2",1.0990954740997e-05,"Dana_KO","Car1","8"
"GTTACGACATGAATAG-1-2",0.9504180746371,"Dana_KO","Car1","2"
"GTTACGAGTGCCTACG-1-2",0.206091380092568,"Dana_KO","Gstm1/CD63","1"
"GTTACGATCAGTAGGG-1-2",2.92920427951502,"Dana_KO","Car1","2"
"GTTACGATCGGTCATA-1-2",2.08689014069563e-06,"Dana_KO","Gstm1/CD63","7"
"GTTACGATCTCGCAGG-1-2",2.90026424294028,"Dana_KO","Car1","2"
"GTTAGACAGAGCCATG-1-2",0.0217626734632996,"Dana_KO","Pf4","8"
"GTTAGACAGCCGTTGC-1-2",0.0208551330127074,"Dana_KO","Car1","3"
"GTTAGACCAACCAACT-1-2",0.0217627198386361,"Dana_KO","Pf4","8"
"GTTAGACCAGCATCTA-1-2",1.10373300774569e-05,"Dana_KO","Pf4","8"
"GTTAGACGTACGTGTT-1-2",0.597759124902249,"Dana_KO","Car1","3"
"GTTAGACGTAGGTGCA-1-2",0.527589778035555,"Dana_KO","Car1","4"
"GTTAGACGTTCTCAGA-1-2",5.48007626567567,"Dana_KO","Car1","2"
"GTTAGACTCACCATGA-1-2",0.0569239225879266,"Dana_KO","Car1","3"
"GTTAGTGAGTGCCCGT-1-2",7.88380719818349e-07,"Dana_KO","Car1","4"
"GTTAGTGTCGGTGAAG-1-2",8.34756056278252e-07,"Dana_KO","Car1","4"
"GTTAGTGTCGTGCAGC-1-2",1.05351088710003,"Dana_KO","Fcnb","1"
"GTTATGGGTACCCGAC-1-2",1.10837054139168e-05,"Dana_KO","Pf4","8"
"GTTATGGGTCCCAAAT-1-2",2.5938626608718,"Dana_KO","Car1","2"
"GTTATGGGTCGCATCG-1-2",0.0330352739903739,"Dana_KO","Car1","11"
"GTTATGGGTCTAGATC-1-2",0.0990439109725405,"Dana_KO","CD34","4"
"GTTATGGGTCTCGGAC-1-2",0.00854753258472907,"Dana_KO","Unannotated","2"
"GTTATGGGTGACCTGC-1-2",15.8517922234015,"Dana_KO","Ltf","12"
"GTTATGGTCAAACTGC-1-2",2.92920432589036,"Dana_KO","Car1","2"
"GTTATGGTCACCCTGT-1-2",2.74301452964629,"Dana_KO","Car1","2"
"GTTATGGTCCGTTTCG-1-2",0.0324906119063444,"Dana_KO","Car1","4"
"GTTATGGTCGGCCTTT-1-2",2.9292043722657,"Dana_KO","Car1","2"
"GTTCATTCACGATAGG-1-2",0.216397570802233,"Dana_KO","Gstm1/CD63","0"
"GTTCATTCAGAGGTTG-1-2",18.0842479308379,"Dana_KO","Ltf","12"
"GTTCATTGTAACATCC-1-2",0.0325116493429123,"Dana_KO","Car1","4"
"GTTCATTGTAACATGA-1-2",5.17473327435134,"Dana_KO","Car1","2"
"GTTCATTGTACCCAGC-1-2",0.81010312367275,"Dana_KO","CD34","4"
"GTTCATTGTCCTACAA-1-2",0.098592659167672,"Dana_KO","Gstm1/CD63","1"
"GTTCATTGTTTGAAAG-1-2",0.818597151225517,"Dana_KO","Ly86","0"
"GTTCATTTCAGAACCT-1-2",0.0321837745094229,"Dana_KO","Car1","3"
"GTTCATTTCCATCAGA-1-2",0.706209371704044,"Dana_KO","Pf4","8"
"GTTCATTTCGTGCAGC-1-2",1.11300807503767e-05,"Dana_KO","Pf4","8"
"GTTCCGTAGCGCGTTC-1-2",6.22824779081741,"Dana_KO","Car1","6"
"GTTCCGTAGGCGACAT-1-2",1.99413946777582e-06,"Dana_KO","CD34","3"
"GTTCCGTCACGGAAGT-1-2",1.11764560868366e-05,"Dana_KO","Pf4","8"
"GTTCCGTCAGGATGAC-1-2",0.0313307104185152,"Dana_KO","CD34","0"
"GTTCCGTCAGTATACC-1-2",0.00502309883859975,"Dana_KO","Car1","3"
"GTTCCGTCATGACTAC-1-2",1.12228314232965e-05,"Dana_KO","Pf4","8"
"GTTCCGTGTTATAGAG-1-2",6.14457587125409,"Dana_KO","Car1","6"
"GTTCCGTGTTTAAGGA-1-2",0.0419818653714485,"Dana_KO","Car1","4"
"GTTCCGTTCAACCTTT-1-2",16.7280911564729,"Dana_KO","Ltf","12"
"GTTCCGTTCGAGTGGA-1-2",2.17414693081702,"Dana_KO","Gstm1/CD63","1"
"GTTCCGTTCTGGCCAG-1-2",2.04051480423573e-06,"Dana_KO","CD34","7"
"GTTCCGTTCTTCGTAT-1-2",5.51021826833686,"Dana_KO","Car1","6"
"GTTCGCTAGGCGAACT-1-2",0.0574462876295403,"Dana_KO","Ly86","0"
"GTTCGCTCACTGTGAT-1-2",0.162323766076926,"Dana_KO","Pf4","3"
"GTTCGCTGTACGCTAT-1-2",1.12692067597564e-05,"Dana_KO","Pf4","8"
"GTTCGCTGTTAGCGGA-1-2",0.995834333205649,"Dana_KO","Fcnb","1"
"GTTCGCTGTTATGTGC-1-2",1.13155820962163e-05,"Dana_KO","Pf4","8"
"GTTCGCTGTTCGTGCG-1-2",0.144338036357946,"Dana_KO","CD34","0"
"GTTCGCTTCACCGACG-1-2",15.8437778109011,"Dana_KO","Ltf","12"
"GTTCGCTTCACTGGTA-1-2",0.000731568735819366,"Dana_KO","Ly86","0"
"GTTCGCTTCACTGTTT-1-2",0.0325116957182487,"Dana_KO","Pf4","4"
"GTTCGCTTCAGTGTCA-1-2",0.692763625519808,"Dana_KO","Ly86","0"
"GTTCGCTTCATCGACA-1-2",0.0569238762125901,"Dana_KO","Hba-a2","3"
"GTTCGCTTCATCGCCT-1-2",5.96704585904383,"Dana_KO","Car1","6"
"GTTCGCTTCCTACCAC-1-2",5.61686868591017,"Dana_KO","Car1","6"
"GTTCGCTTCTAGATCG-1-2",0.00219067356561431,"Dana_KO","Gstm1/Ly86","7"
"GTTCGCTTCTCTGGTC-1-2",0.501648749182267,"Dana_KO","Car1","3"
"GTTCTATGTCGCGGTT-1-2",0.459030643416174,"Dana_KO","CD34","7"
"GTTCTATTCACAACCA-1-2",0.0362391711813495,"Dana_KO","Car1","2"
"GTTCTATTCCTTATAC-1-2",1.24349598464673,"Dana_KO","Car1","3"
"GTTGAACAGAACAAGG-1-2",0.0217627662139726,"Dana_KO","Pf4","8"
"GTTGAACGTAGAAACT-1-2",1.72670462211084,"Dana_KO","Car1","3"
"GTTGAACGTGACTCTA-1-2",6.0077930190978,"Dana_KO","Car1","6"
"GTTGAACTCAAACGTC-1-2",0.947375906137762,"Dana_KO","Ly86","0"
"GTTGAACTCGGAGTAG-1-2",0.832412302332675,"Dana_KO","Car1","4"
"GTTGCGGAGCGGGTAT-1-2",1.13619574326762e-05,"Dana_KO","Pf4","8"
"GTTGCGGAGGCTAGCA-1-2",4.09909425334234,"Dana_KO","Car1","2"
"GTTGCGGAGTCAAGCG-1-2",0.295545566150361,"Dana_KO","Car1","4"
"GTTGCGGAGTCACACT-1-2",2.64410622930663,"Dana_KO","Car1","2"
"GTTGCGGAGTGATTCC-1-2",1.14083327691361e-05,"Dana_KO","Pf4","4"
"GTTGCGGCAACCGGAA-1-2",15.8539093426043,"Dana_KO","Ltf","12"
"GTTGCGGGTCCACTTC-1-2",0.597759171277585,"Dana_KO","Car1","3"
"GTTGCGGTCGGTTCAA-1-2",0.000858875792965952,"Dana_KO","Car1","3"
"GTTGCGGTCTGCCTGT-1-2",0.0863469581033445,"Dana_KO","CD34","4"
"GTTGCTCAGAGGTCAC-1-2",0.754822985069548,"Dana_KO","Car1","2"
"GTTGCTCAGGTCGACA-1-2",4.63753364599029e-08,"Dana_KO","Car1","2"
"GTTGCTCCACTCTAGA-1-2",0.0325117420935852,"Dana_KO","Pf4","4"
"GTTGCTCGTTTCTATC-1-2",0.047957705199174,"Dana_KO","Car1","4"
"GTTGCTCTCGAGATAA-1-2",1.1454708105596e-05,"Dana_KO","Pf4","8"
"GTTGTAGAGGTGCTGA-1-2",0.220645765736354,"Dana_KO","CD34","4"
"GTTGTAGAGTAGCCAG-1-2",0.339705795796361,"Dana_KO","Pf4","4"
"GTTGTAGAGTCATACC-1-2",0.0165035463730983,"Dana_KO","Car1","4"
"GTTGTAGAGTTCATGC-1-2",0.0479577515745104,"Dana_KO","CD34","4"
"GTTGTAGCAGCTCTGG-1-2",10.3681954824024,"Dana_KO","Hba-a2","6"
"GTTGTAGCAGTTAGAA-1-2",2.04051480423573e-06,"Dana_KO","Pf4","4"
"GTTGTAGCATATCTGG-1-2",0.111860348918051,"Dana_KO","Ly86","0"
"GTTGTAGCATTGCCTC-1-2",2.08689014069563e-06,"Dana_KO","Pf4","4"
"GTTGTAGGTAGGAGTC-1-2",0.0253963417938463,"Dana_KO","CD34","7"
"GTTGTAGGTTGACGGA-1-2",0.079299815892656,"Dana_KO","Gstm1/CD63","0"
"GTTGTCCAGCACGGAT-1-2",2.40339316129674,"Dana_KO","Car1","2"
"GTTGTCCAGGTTGTTC-1-2",1.15010834420559e-05,"Dana_KO","Pf4","8"
"GTTGTCCCAGCCGTTG-1-2",0.648710210764859,"Dana_KO","Unannotated","8"
"GTTGTCCGTCTTCGAA-1-2",0.0322524964453113,"Dana_KO","Car1","3"
"GTTGTCCTCCTGGCTT-1-2",2.13326547715553e-06,"Dana_KO","Pf4","3"
"GTTGTCCTCTAGGCAT-1-2",2.08382299296095,"Dana_KO","Gstm1/CD63","1"
"GTTGTGAAGGCTGGAT-1-2",0.082791483520106,"Dana_KO","Fcnb","1"
"GTTGTGACACAATGTC-1-2",0.702100059901728,"Dana_KO","Car1","2"
"GTTGTGACACAGCTTA-1-2",0.0693834796225654,"Dana_KO","Car1","4"
"GTTGTGACACGCTATA-1-2",3.1998982157333e-06,"Dana_KO","Pf4","4"
"GTTGTGACAGACCTGC-1-2",18.2694141032741,"Dana_KO","Ltf","12"
"GTTGTGACATGTGTCA-1-2",0.94517293019824,"Dana_KO","Pf4","2"
"GTTGTGAGTAAGTCAA-1-2",5.1002630453944,"Dana_KO","Car1","2"
"GTTGTGAGTACCTATG-1-2",1.57243337473487,"Dana_KO","Gstm1/CD63","1"
"GTTGTGAGTGCTGTCG-1-2",3.71002691679223e-07,"Dana_KO","Car1","4"
"GTTGTGAGTTTCCATT-1-2",0.0569238298372536,"Dana_KO","Car1","3"
"GTTGTGATCACTTGTT-1-2",15.9206850365063,"Dana_KO","Ltf","12"
"GTTGTGATCTAGATCG-1-2",0.68264696471624,"Dana_KO","Pf4","8"
"GTTGTGATCTGGGCCA-1-2",1.99413946777582e-06,"Dana_KO","Ly86","14"
"GTTTACTAGGCGTTAG-1-2",0.729511557899589,"Dana_KO","Pf4","8"
"GTTTACTCAATTGCAC-1-2",0.316432845644092,"Dana_KO","Gstm1/Ly86","1"
"GTTTACTCATCGGTTA-1-2",1.15474587785158e-05,"Dana_KO","Pf4","8"
"GTTTACTGTGGCATCC-1-2",0.0568566160099229,"Dana_KO","Car1","4"
"GTTTACTGTGGGCTCT-1-2",3.2462735521932e-07,"Dana_KO","Car1","4"
"GTTTACTGTTAAACAG-1-2",15.682762106748,"Dana_KO","Ltf","12"
"GTTTACTTCACTGGGC-1-2",0.244475250072475,"Dana_KO","CD34","7"
"GTTTACTTCAGTCAGT-1-2",2.17964081361544e-06,"Dana_KO","Pf4","3"
"GTTTACTTCATGAAAG-1-2",5.4285019745658,"Dana_KO","Car1","2"
"GTTTACTTCTAGAACC-1-2",5.88966773040767e-06,"Dana_KO","Ly86","14"
"GTTTACTTCTCATTGT-1-2",0.118184937708317,"Dana_KO","Car1","3"
"GTTTACTTCTTTGGAG-1-2",0.0569237834619172,"Dana_KO","Car1","3"
"GTTTGGAAGAATTTGG-1-2",2.12629280428339,"Dana_KO","Car1","2"
"GTTTGGAAGGACAGCT-1-2",0.0325117884689217,"Dana_KO","Pf4","4"
"GTTTGGAAGTTAACGA-1-2",10.3681955287777,"Dana_KO","Hba-a2","6"
"GTTTGGAGTCCCTCAT-1-2",0.0569237370865807,"Dana_KO","Car1","3"
"GTTTGGATCTCTTGCG-1-2",1.15938341149757e-05,"Dana_KO","Pf4","8"
"TAACACGAGGCTTCCG-1-2",0.143231508940454,"Dana_KO","Pf4","2"
"TAACACGCAATACGAA-1-2",1.16402094514356e-05,"Dana_KO","Pf4","8"
"TAACACGCAATCGCAT-1-2",0.0612000143436924,"Dana_KO","Car1","4"
"TAACACGCAGAAGCTG-1-2",0.25448902492803,"Dana_KO","Ly86","0"
"TAACACGCAGCTACCG-1-2",0.459030597040838,"Dana_KO","CD34","7"
"TAACACGCAGGTCTCG-1-2",6.97314541810678,"Dana_KO","Car1","6"
"TAACACGGTTAGGGAC-1-2",0.0325118348442581,"Dana_KO","Pf4","4"
"TAACACGTCCGTTGAA-1-2",5.12250721766707,"Dana_KO","Car1","6"
"TAACCAGCAGAGGAAA-1-2",0.041981911746785,"Dana_KO","CD34","4"
"TAACCAGCAGCGTGCT-1-2",0.0421242112293978,"Dana_KO","Ly86","0"
"TAACCAGGTACAGCGA-1-2",0.0274113565419398,"Dana_KO","Gstm1/CD63","1"
"TAACCAGGTAGCGTTT-1-2",0.156955748511756,"Dana_KO","Car1","2"
"TAACCAGGTAGTGCGA-1-2",0.0569236907112443,"Dana_KO","Car1","3"
"TAACGACAGACCATAA-1-2",10.368195575153,"Dana_KO","Hba-a2","6"
"TAACGACAGGCCTTGC-1-2",0.0318260275412681,"Dana_KO","CD34","3"
"TAACGACCACAAGCAG-1-2",3.9393580831573,"Dana_KO","Car1","2"
"TAACGACCAGGGACTA-1-2",0.0569236443359078,"Dana_KO","Car1","3"
"TAACGACCATGGGCAA-1-2",0.232604540609867,"Dana_KO","Pf4","8"
"TAACGACGTATTGACC-1-2",0.0107756749340467,"Dana_KO","Ly86","0"
"TAACGACTCACCATAG-1-2",0.0826756163079936,"Dana_KO","Car1","3"
"TAACGACTCAGTGTCA-1-2",0.0439325647716475,"Dana_KO","Pf4","8"
"TAACGACTCCGTTGGG-1-2",0.0569235979605713,"Dana_KO","Car1","3"
"TAACTTCAGCTTGTGT-1-2",0.920519307214725,"Dana_KO","Gstm1/CD63","1"
"TAACTTCAGGGCAGAG-1-2",1.16865847878955e-05,"Dana_KO","Pf4","8"
"TAACTTCCAGACCAAG-1-2",0.119783313307525,"Dana_KO","Car1","4"
"TAACTTCGTTGCAAGG-1-2",1.17329601243554e-05,"Dana_KO","Pf4","8"
"TAAGCACAGGTAGTAT-1-2",0.0118208409586069,"Dana_KO","Gstm1/CD63","7"
"TAAGCACAGTCCTACA-1-2",1.96015823664278,"Dana_KO","Car1","2"
"TAAGCACCAGAACTCT-1-2",1.06160061469968,"Dana_KO","Ly86","0"
"TAAGCACGTAGACGTG-1-2",1.01572702689862,"Dana_KO","Fcnb","1"
"TAAGCACGTCGACTGC-1-2",0.0325118812195946,"Dana_KO","Pf4","4"
"TAAGCACTCACTAGCA-1-2",0.891345231677368,"Dana_KO","Gstm1/CD63","1"
"TAAGCCAAGAGGCGTT-1-2",0.032511927594931,"Dana_KO","Pf4","4"
"TAAGCCAAGCACCGAA-1-2",3.2462735521932e-06,"Dana_KO","Pf4","4"
"TAAGCCAAGTCATAGA-1-2",16.127497329024,"Dana_KO","Ltf","12"
"TAAGCCAAGTTTCTTC-1-2",0.0325119739702675,"Dana_KO","Pf4","4"
"TAAGCCACAACTCGTA-1-2",1.39126009379709e-07,"Dana_KO","Unannotated","8"
"TAAGCCACACAGCGCT-1-2",0.741728875369633,"Dana_KO","Prg2","10"
"TAAGCCATCTCCACTG-1-2",5.93604306686757e-06,"Dana_KO","Fcnb","1"
"TAAGCGTAGAAGATCT-1-2",3.2926488886531e-06,"Dana_KO","Car1","4"
"TAAGCGTAGCAAATCA-1-2",0.271441835149763,"Dana_KO","Pf4","3"
"TAAGCGTAGCCAGAGT-1-2",0.0213071027401448,"Dana_KO","Ly86","0"
"TAAGCGTCACAGCTTA-1-2",2.17964081361544e-06,"Dana_KO","Gstm1/CD63","1"
"TAAGCGTCACCCTAAA-1-2",1.94776413131592e-06,"Dana_KO","Gstm1/CD63","7"
"TAAGCGTGTCCATAGT-1-2",0.0183653469667098,"Dana_KO","Gstm1/CD63","1"
"TAAGCGTTCCCATAGA-1-2",1.96015828301812,"Dana_KO","Car1","2"
"TAAGCGTTCCTTCACG-1-2",0.032512020345604,"Dana_KO","Pf4","4"
"TAAGTCGAGCTCGGCT-1-2",2.92920441864103,"Dana_KO","Car1","2"
"TAAGTCGAGGAAACGA-1-2",0.313722763415431,"Dana_KO","CD34","7"
"TAAGTCGCATATGAAG-1-2",5.45610005562372,"Dana_KO","Car1","6"
"TAAGTCGCATGAGTAA-1-2",0.00547041593033448,"Dana_KO","Car1","2"
"TAAGTCGGTCATACCA-1-2",8.44664129565184,"Dana_KO","Car1","6"
"TAAGTCGGTCCTGGGT-1-2",0.277433767605761,"Dana_KO","Car1","4"
"TAAGTCGGTCTTCATT-1-2",1.73222825118463,"Dana_KO","Car1","2"
"TAAGTCGGTGCGACAA-1-2",0.000238541695850025,"Dana_KO","Ly86","0"
"TAAGTCGTCAGGTGTT-1-2",1.17793354608153e-05,"Dana_KO","Pf4","8"
"TAAGTCGTCTTCCCAG-1-2",0.0409429967067543,"Dana_KO","Car1","4"
"TAAGTCGTCTTGGCTC-1-2",0.269698515630989,"Dana_KO","Ly86","0"
"TAATCTCAGATCGGTG-1-2",0.651602511087734,"Dana_KO","Pf4","2"
"TAATCTCAGTAGGATT-1-2",5.98241840332747e-06,"Dana_KO","Fcnb","1"
"TAATCTCAGTGGTGGT-1-2",2.22601615007534e-06,"Dana_KO","Pf4","3"
"TAATCTCCACGAAGAC-1-2",2.92920446501637,"Dana_KO","Car1","2"
"TAATCTCCATGGCCAC-1-2",6.02879373978737e-06,"Dana_KO","Gstm1/CD63","1"
"TAATCTCGTCTATGAC-1-2",2.78358785630182,"Dana_KO","Car1","2"
"TAATCTCGTTCTTGCC-1-2",0.32322448238924,"Dana_KO","Ly86","0"
"TAATCTCTCAGTCATG-1-2",1.04276438975588,"Dana_KO","Gstm1/CD63","1"
"TAATCTCTCTGCAGCG-1-2",0.0569235515852349,"Dana_KO","Car1","3"
"TAATTCCAGGTTCCAT-1-2",0.0303375317179992,"Dana_KO","Ly86","0"
"TAATTCCAGTTGCTCA-1-2",12.4979183612411,"Dana_KO","Ltf","12"
"TAATTCCCACAGTATC-1-2",0.972720122440581,"Dana_KO","Car1","7"
"TAATTCCGTAGTCTGT-1-2",1.18257107972752e-05,"Dana_KO","Pf4","8"
"TAATTCCTCAAACCCA-1-2",5.50403683810287,"Dana_KO","Car1","2"
"TAATTCCTCAATCCGA-1-2",3.33902422511301e-06,"Dana_KO","Car1","4"
"TACAACGAGCTTTGTG-1-2",9.27506729198058e-08,"Dana_KO","Pf4","8"
"TACAACGAGGCTTAGG-1-2",1.05868299447177,"Dana_KO","Gstm1/CD63","1"
"TACAACGAGGTCGACA-1-2",0.0795470538336365,"Dana_KO","Car1","4"
"TACAACGAGTAGGGTC-1-2",0.000644009308345517,"Dana_KO","Ly86","0"
"TACAACGAGTTGCGCC-1-2",0.950418121012436,"Dana_KO","Pf4","2"
"TACAACGAGTTTCGAC-1-2",4.38914966089758,"Dana_KO","Car1","2"
"TACAACGCATGAGAAT-1-2",0.0496370626622187,"Dana_KO","Pf4","8"
"TACAACGCATGTCGTA-1-2",0.682553775948675,"Dana_KO","Ly86","0"
"TACAACGGTCAGACGA-1-2",0.00560132597474583,"Dana_KO","Pf4","3"
"TACAACGGTCTTCTAT-1-2",2.75678414972172,"Dana_KO","Car1","2"
"TACAACGGTGATGGCA-1-2",1.1533155583756,"Dana_KO","Car1","11"
"TACAACGGTTCCGGTG-1-2",0.00137414677490322,"Dana_KO","Ly86","0"
"TACAACGGTTCGGTAT-1-2",4.3394656859101,"Dana_KO","Car1","2"
"TACAACGTCGCGTCGA-1-2",1.08581906699552,"Dana_KO","Gstm1/CD63","1"
"TACAACGTCGCTGTTC-1-2",16.7149339278003,"Dana_KO","Ltf","12"
"TACAACGTCGGTTGTA-1-2",2.15860725718438,"Dana_KO","Fcnb","1"
"TACAACGTCTGGCTGG-1-2",1.18720861337351e-05,"Dana_KO","Pf4","8"
"TACACCCCAGCTCCTT-1-2",0.729286860397114,"Dana_KO","Pf4","8"
"TACACCCTCAAGCCCG-1-2",0.00432460967022019,"Dana_KO","Fcnb","11"
"TACACCCTCCAACACA-1-2",0.0266514415717198,"Dana_KO","Fcnb","1"
"TACACCCTCCAAGAGG-1-2",18.2785762439036,"Dana_KO","Ltf","12"
"TACACCCTCGCGCTGA-1-2",1.1918461470195e-05,"Dana_KO","Pf4","8"
"TACAGGTAGATAGCTA-1-2",0.0676657564471013,"Dana_KO","Car1","4"
"TACAGGTAGGATGCGT-1-2",0.00432456329488373,"Dana_KO","Hba-a2","11"
"TACAGGTAGGTCACTT-1-2",0.0606062077646934,"Dana_KO","Gstm1/CD63","1"
"TACAGGTAGTATAGGT-1-2",16.698491927238,"Dana_KO","Ltf","12"
"TACAGGTCATCGGATT-1-2",0.784811327006911,"Dana_KO","Pf4","2"
"TACAGGTCATGTACGT-1-2",2.78252018759417e-07,"Dana_KO","Car1","4"
"TACAGGTTCCTGCCAT-1-2",2.27239148653524e-06,"Dana_KO","Pf4","3"
"TACATTCAGAAGCCTG-1-2",0.0169585435267232,"Dana_KO","Car1","3"
"TACATTCAGCAAGGAA-1-2",0.180792332873926,"Dana_KO","Car1","2"
"TACATTCAGCTGTGCC-1-2",0.00246946055274988,"Dana_KO","Ly86","0"
"TACATTCAGGTGGCTA-1-2",0.762911229460589,"Dana_KO","Gstm1/CD63","1"
"TACATTCCAAGCTACT-1-2",0.017367787981631,"Dana_KO","CD34","11"
"TACATTCCAATGTGGG-1-2",16.637175133751,"Dana_KO","Ltf","12"
"TACATTCCACTGGACC-1-2",0.0538319114620349,"Dana_KO","Pf4","4"
"TACATTCCAGGCACTC-1-2",0.472173311797706,"Dana_KO","Fcnb","1"
"TACATTCCATGCGTGC-1-2",0.802818076721436,"Dana_KO","Car1","4"
"TACATTCGTTCGAAGG-1-2",0.729619962905149,"Dana_KO","Pf4","8"
"TACATTCGTTGTTGCA-1-2",2.19179931447416,"Dana_KO","Fcnb","1"
"TACATTCTCACCGCTT-1-2",0.563763743460134,"Dana_KO","Car1","4"
"TACCCACAGACATCCT-1-2",0.728538710158591,"Dana_KO","Pf4","8"
"TACCCACAGTCACTCA-1-2",3.38539956157291e-06,"Dana_KO","Pf4","4"
"TACCCACCAATCGCCG-1-2",0.195219336373617,"Dana_KO","Car1","3"
"TACCCACCACAACATC-1-2",1.19648368066549e-05,"Dana_KO","Pf4","8"
"TACCCACCACAGTCAT-1-2",0.0569235052098984,"Dana_KO","Pf4","3"
"TACCCACCACCACATA-1-2",0.982470826165697,"Dana_KO","Car1","3"
"TACCCACCACTTGAAC-1-2",0.806726865088613,"Dana_KO","Car1","4"
"TACCCACCATACACCA-1-2",2.15860730355971,"Dana_KO","Fcnb","1"
"TACCCACTCCAAGAGG-1-2",1.06036799660599,"Dana_KO","Car1","2"
"TACCCACTCCGTGGTG-1-2",0.437917184276264,"Dana_KO","Gstm1/Ly86","0"
"TACCCACTCTATACGG-1-2",0.730978176033856,"Dana_KO","Car1","2"
"TACCCGTAGGGCCCTT-1-2",6.07516907624728e-06,"Dana_KO","Gstm1/CD63","1"
"TACCCGTAGGTCACAG-1-2",0.0165035927484347,"Dana_KO","Car1","4"
"TACCCGTAGTGCAGCA-1-2",10.3681956215284,"Dana_KO","Hba-a2","6"
"TACCCGTGTCGGTGAA-1-2",2.31876682299514e-07,"Dana_KO","Car1","4"
"TACCCGTGTGAATAAC-1-2",0.599864641536757,"Dana_KO","Car1","2"
"TACCCGTTCCAAGCCG-1-2",3.43177489803281e-06,"Dana_KO","Pf4","4"
"TACCCGTTCCCGAGTG-1-2",0.459030550665501,"Dana_KO","CD34","7"
"TACCCGTTCCGGGACT-1-2",0.0165036391237712,"Dana_KO","Car1","4"
"TACCCGTTCGCAATGT-1-2",0.0325120667209404,"Dana_KO","Pf4","4"
"TACCGAAAGACTTCCA-1-2",4.24553600764716,"Dana_KO","Car1","2"
"TACCGAACACTGCGAC-1-2",1.20112121431148e-05,"Dana_KO","Pf4","8"
"TACCGAATCGTAGCCG-1-2",0.450483865206068,"Dana_KO","Ly86","0"
"TACCGAATCTAGACCA-1-2",0.0611121068370535,"Dana_KO","Car1","4"
"TACCGAATCTATCGGA-1-2",0.168530445072159,"Dana_KO","Car1","4"
"TACCGAATCTCTGCCA-1-2",0.0325121130962769,"Dana_KO","Pf4","4"
"TACCGGGCAAATAGCA-1-2",2.56741406452742,"Dana_KO","Car1","2"
"TACCGGGCAATCTGCA-1-2",0.0177221016774425,"Dana_KO","Car1","4"
"TACCGGGCATTCATCT-1-2",0.0167733816866025,"Dana_KO","Pf4","4"
"TACCGGGGTCAGACTT-1-2",1.90138879485602e-06,"Dana_KO","CD34","7"
"TACCTCGAGAATAGTC-1-2",0.0483130924503581,"Dana_KO","Ly86","0"
"TACCTCGCAAGATTGA-1-2",0.179391580286359,"Dana_KO","Gstm1/Ly86","1"
"TACCTCGCATAGGTTC-1-2",0.0325121594716133,"Dana_KO","Pf4","4"
"TACCTCGCATAGTCGT-1-2",0.0254532013174886,"Dana_KO","Gstm1/CD63","1"
"TACCTCGGTGTCTTCC-1-2",1.52042758150763,"Dana_KO","Gstm1/CD63","1"
"TACCTCGTCATCGCAA-1-2",0.262257644460413,"Dana_KO","Car1","3"
"TACCTCGTCCCTGGTT-1-2",5.480076312051,"Dana_KO","Car1","2"
"TACCTGCCAACTGCTA-1-2",6.12154441270718e-06,"Dana_KO","Ly86","14"
"TACCTGCCAAGGCAAC-1-2",0.056923458834562,"Dana_KO","Car1","3"
"TACCTGCCAATGTCAC-1-2",6.16791974916708e-06,"Dana_KO","Gstm1/CD63","1"
"TACCTGCCAGTGTACT-1-2",0.215072411572255,"Dana_KO","Pf4","3"
"TACCTGCCAGTTGAAA-1-2",0.0550472082620799,"Dana_KO","Car1","2"
"TACCTGCGTATTGCCA-1-2",1.70417476087788,"Dana_KO","Car1","2"
"TACCTGCGTGAGGCAT-1-2",0.0409430430820907,"Dana_KO","Car1","4"
"TACCTGCTCTAACGGT-1-2",0.344956352813071,"Dana_KO","Car1","4"
"TACGCTCAGAGGTGCT-1-2",0.0125919307910625,"Dana_KO","CD34","7"
"TACGCTCAGATAGTCA-1-2",0.0246973706455735,"Dana_KO","Pf4","8"
"TACGCTCCAAGCACCC-1-2",2.31876682299514e-06,"Dana_KO","Car1","3"
"TACGCTCGTCTCTCCA-1-2",17.5755281765379,"Dana_KO","Ltf","12"
"TACGCTCGTGTCCGGT-1-2",2.4395526467368,"Dana_KO","Gstm1/CD63","1"
"TACGCTCTCCGTGGGT-1-2",0.0808373797033037,"Dana_KO","Pf4","3"
"TACGCTCTCTGTGCAA-1-2",0.350961592561576,"Dana_KO","Car1","4"
"TACGGGCAGTCTTCGA-1-2",1.20575874795747e-05,"Dana_KO","Pf4","8"
"TACGGGCCAAATAAGC-1-2",1.99693959239627,"Dana_KO","Car1","2"
"TACGGGCCAATCTCGA-1-2",8.12210352813429,"Dana_KO","Hba-a2","6"
"TACGGGCCACAAATGA-1-2",1.21039628160347e-05,"Dana_KO","Pf4","8"
"TACGGGCCACCCTGTT-1-2",0.728631342038608,"Dana_KO","Pf4","8"
"TACGGGCCATGGAAGC-1-2",0.63785776911809,"Dana_KO","Car1","3"
"TACGGGCCATTGAGCT-1-2",10.3681956679037,"Dana_KO","Hba-a2","6"
"TACGGGCGTCTCTCAC-1-2",4.47013619506716,"Dana_KO","Car1","2"
"TACGGTAAGAAGCGCT-1-2",18.0723808082098,"Dana_KO","Ltf","12"
"TACGGTAAGGTTCTTG-1-2",6.48863960325604,"Dana_KO","Hba-a2","2"
"TACGGTACAGCGTATT-1-2",0.511455283707253,"Dana_KO","Ly86","0"
"TACGGTAGTAAGACCG-1-2",10.368195714279,"Dana_KO","Hba-a2","6"
"TACGGTAGTGGCCCAT-1-2",0.021762812589309,"Dana_KO","Pf4","8"
"TACGGTAGTTGGACCC-1-2",2.36514215945505e-06,"Dana_KO","Pf4","4"
"TACGGTATCATTATCC-1-2",0.0416480868334195,"Dana_KO","CD34","7"
"TACGGTATCTGCTTAT-1-2",0.124673322090746,"Dana_KO","Pf4","8"
"TACGGTATCTGTCAGA-1-2",0.00167861562503813,"Dana_KO","Gstm1/CD63","1"
"TACGTCCAGATCCCAT-1-2",1.72604575215297,"Dana_KO","Fcnb","1"
"TACGTCCAGCCATTTG-1-2",0.0169585899020597,"Dana_KO","Car1","3"
"TACGTCCCAATCGAAA-1-2",0.662399559267104,"Dana_KO","Car1","3"
"TACGTCCCAGTGCGCT-1-2",10.3681957606544,"Dana_KO","Hba-a2","6"
"TACGTCCCATACTGAC-1-2",0.0010795126141343,"Dana_KO","Pf4","3"
"TACGTCCGTAAGTAGT-1-2",0.0569234124592255,"Dana_KO","Car1","3"
"TACGTCCGTGCCTTTC-1-2",0.950418167387773,"Dana_KO","Pf4","2"
"TACGTCCGTTTGATCG-1-2",1.2608603649092,"Dana_KO","Fcnb","1"
"TACGTCCTCACCGACG-1-2",5.50167215143442,"Dana_KO","Car1","2"
"TACGTCCTCCGAGTGC-1-2",3.93935812953264,"Dana_KO","Car1","2"
"TACGTCCTCCTCTGCA-1-2",0.573416331543203,"Dana_KO","Car1","4"
"TACGTCCTCTGGACTA-1-2",0.056923366083889,"Dana_KO","Car1","3"
"TACGTCCTCTTCTGTA-1-2",0.148587460604396,"Dana_KO","Pf4","3"
"TACTGCCAGAATACAC-1-2",1.73803475113516,"Dana_KO","Car1","2"
"TACTGCCCAGCGAGTA-1-2",0.0325122058469498,"Dana_KO","Pf4","4"
"TACTGCCGTGGATCAG-1-2",5.48007635842634,"Dana_KO","Car1","2"
"TACTGCCTCGAGCCAC-1-2",0.00432451691954727,"Dana_KO","Car1","11"
"TACTGCCTCGAGGCAA-1-2",0.709298637096635,"Dana_KO","CD34","7"
"TACTGCCTCGTAACAC-1-2",7.19102522795603,"Dana_KO","Hba-a2","6"
"TACTTACAGCAAGTGC-1-2",4.20094928068088,"Dana_KO","Car1","2"
"TACTTACAGGTAAGGA-1-2",0.524230061449291,"Dana_KO","Car1","3"
"TACTTACCAGAAGCTG-1-2",0.0407052009328455,"Dana_KO","CD34","0"
"TACTTACGTAAGTAGT-1-2",0.0122337391894449,"Dana_KO","Car1","4"
"TACTTACTCCATGCAA-1-2",0.190626991498569,"Dana_KO","Pf4","8"
"TACTTACTCCGTGTAA-1-2",1.21503381524946e-05,"Dana_KO","Pf4","8"
"TACTTCAAGGATTTGA-1-2",4.99630857280421,"Dana_KO","Car1","2"
"TACTTCAAGGTCACTT-1-2",0.0165036854991076,"Dana_KO","Car1","4"
"TACTTCAAGTGCAAAT-1-2",6.63499339240138,"Dana_KO","Car1","6"
"TACTTCACAAGTGGGT-1-2",0.0569233197085526,"Dana_KO","Car1","3"
"TACTTCACAATAGTAG-1-2",5.92882958261801,"Dana_KO","Car1","6"
"TACTTCACAGACACAG-1-2",0.0538319578373714,"Dana_KO","Pf4","8"
"TACTTCACATACTGAC-1-2",1.21967134889545e-05,"Dana_KO","Pf4","4"
"TACTTCAGTATGAGGC-1-2",1.22430888254144e-05,"Dana_KO","Pf4","8"
"TACTTCAGTTACACTG-1-2",6.21429508562699e-06,"Dana_KO","Fcnb","1"
"TACTTGTAGATGGCGT-1-2",0.110766114696996,"Dana_KO","Ly86","0"
"TACTTGTAGGTAGATT-1-2",3.47815023449272e-06,"Dana_KO","Pf4","8"
"TACTTGTAGTGCGTCC-1-2",0.00219062719027785,"Dana_KO","CD34","7"
"TACTTGTCAAGGTCAG-1-2",0.622705875523246,"Dana_KO","Car1","3"
"TACTTGTCAGCGATTT-1-2",0.65128486439302,"Dana_KO","Car1","8"
"TACTTGTCATCCTATT-1-2",0.125444383015999,"Dana_KO","Car1","4"
"TACTTGTGTATCCCAA-1-2",0.733362402727779,"Dana_KO","Pf4","8"
"TACTTGTGTGGCATCC-1-2",5.10128701058932e-07,"Dana_KO","CD34","1"
"TACTTGTGTTCGAAGG-1-2",9.27506729198058e-08,"Dana_KO","Gstm1/CD63","1"
"TACTTGTTCGACACTA-1-2",0.0569232733332161,"Dana_KO","Car1","3"
"TACTTGTTCGTGCGAC-1-2",10.3681958070297,"Dana_KO","Hba-a2","6"
"TAGACCAAGATGGCAC-1-2",1.22894641618743e-05,"Dana_KO","Pf4","8"
"TAGACCAAGCATCCCG-1-2",1.0622911371487,"Dana_KO","Gstm1/CD63","1"
"TAGACCACAACATCGT-1-2",0.854364224025022,"Dana_KO","Prg2","10"
"TAGACCAGTACTCCCT-1-2",0.426786554736176,"Dana_KO","Car1","3"
"TAGACCATCAAACGAA-1-2",1.23358394983342e-05,"Dana_KO","Pf4","8"
"TAGACCATCCGCAGTG-1-2",0.0335988433793811,"Dana_KO","Ly86","0"
"TAGACCATCCGTCACT-1-2",0.446479668969075,"Dana_KO","Ly86","0"
"TAGACTGAGGCCTGCT-1-2",10.3681958534051,"Dana_KO","Hba-a2","6"
"TAGACTGCAATGGCAG-1-2",0,"Dana_KO","Ly86","0"
"TAGACTGCACAAATAG-1-2",3.52452557095262e-06,"Dana_KO","Pf4","4"
"TAGACTGCAGTGGTGA-1-2",6.53385450214782,"Dana_KO","Car1","2"
"TAGACTGCATGGCGCT-1-2",0.0409430894574272,"Dana_KO","Car1","4"
"TAGACTGTCACTACTT-1-2",10.3681958997804,"Dana_KO","Hba-a2","6"
"TAGACTGTCGCTGATA-1-2",0.529932982030878,"Dana_KO","Pf4","8"
"TAGACTGTCTTCGCTG-1-2",0.903383851109948,"Dana_KO","Ly86","0"
"TAGAGTCAGAGTCCGA-1-2",3.57090090741252e-06,"Dana_KO","Unannotated","4"
"TAGAGTCAGTGAGGTC-1-2",0.00560137235008229,"Dana_KO","Pf4","3"
"TAGAGTCAGTTTGCTG-1-2",0.0165037318744441,"Dana_KO","Car1","4"
"TAGAGTCCAACCGTGC-1-2",2.92920451139171,"Dana_KO","Car1","2"
"TAGAGTCCAAGAGGTC-1-2",0.0569232269578797,"Dana_KO","Car1","3"
"TAGAGTCCAAGGGCAT-1-2",0.0160451159535933,"Dana_KO","CD34","7"
"TAGAGTCCAATAGGGC-1-2",0.0955861148187092,"Dana_KO","Ly86","0"
"TAGAGTCCAGCACAAG-1-2",0.177846173914421,"Dana_KO","Pf4","3"
"TAGAGTCGTACGATGG-1-2",0.087743722851672,"Dana_KO","Pf4","3"
"TAGAGTCGTATCGAAA-1-2",0.0885122784835157,"Dana_KO","Ly86","1"
"TAGAGTCGTCCGGTGT-1-2",1.96813935881945,"Dana_KO","Fcnb","1"
"TAGATCGAGTCATGCT-1-2",6.29166917756617,"Dana_KO","Car1","6"
"TAGATCGCAGAGCGTA-1-2",0.0953824952906943,"Dana_KO","Gstm1/Ly86","1"
"TAGATCGGTCTTGGTA-1-2",1.23822148347941e-05,"Dana_KO","Pf4","8"
"TAGATCGTCGTAACCA-1-2",0.776817410325065,"Dana_KO","Pf4","8"
"TAGCACACAGCTGTCG-1-2",0.232604586985203,"Dana_KO","Pf4","8"
"TAGCACACAGGAATAT-1-2",0.000418304397172609,"Dana_KO","Gstm1/Ly86","1"
"TAGCACAGTCATATGC-1-2",0.128564140829554,"Dana_KO","Pf4","3"
"TAGCACAGTGTCCTAA-1-2",0.246193081580217,"Dana_KO","Ly86","1"
"TAGCACATCAGATTGC-1-2",1.2428590171254e-05,"Dana_KO","Pf4","8"
"TAGCACATCCTGTACC-1-2",4.63753364599029e-07,"Dana_KO","Ly86","0"
"TAGCACATCTATCCAT-1-2",0.733362449103116,"Dana_KO","Pf4","11"
"TAGGAGGAGAGGGTCT-1-2",0.00121564027787113,"Dana_KO","Gstm1/CD63","1"
"TAGGAGGCATACAGAA-1-2",3.93935817590798,"Dana_KO","Car1","4"
"TAGGAGGGTAACGCGA-1-2",6.26067042208689e-06,"Dana_KO","Gstm1/CD63","1"
"TAGGAGGGTAGATGTA-1-2",0.556930985718432,"Dana_KO","Gstm1/CD63","0"
"TAGGAGGGTCAAAGAT-1-2",0.753052942903216,"Dana_KO","Gstm1/CD63","1"
"TAGGAGGTCTCGCCTA-1-2",10.3681959461557,"Dana_KO","Hba-a2","6"
"TAGGAGGTCTGCGGAC-1-2",0.488755052169171,"Dana_KO","Ly86","0"
"TAGGGTTAGAAGCCTG-1-2",0.0165037782497806,"Dana_KO","Car1","4"
"TAGGGTTAGCAATAGT-1-2",0.0351035040736589,"Dana_KO","Car1","3"
"TAGGGTTAGGTCCCGT-1-2",0.662116895414678,"Dana_KO","Pf4","8"
"TAGGGTTCAAAGGCGT-1-2",1.24749655077139e-05,"Dana_KO","Pf4","8"
"TAGGGTTCACATCCCT-1-2",0.0587774884049028,"Dana_KO","Car1","4"
"TAGGGTTCATCGCTCT-1-2",0.529933028406214,"Dana_KO","Pf4","8"
"TAGGGTTCATCTTAGG-1-2",1.9440300444252,"Dana_KO","Gstm1/CD63","1"
"TAGGGTTTCAGGAGAC-1-2",6.77940637618783,"Dana_KO","Car1","6"
"TAGGGTTTCGCAGTTA-1-2",2.15860734993505,"Dana_KO","Gstm1/CD63","1"
"TAGGGTTTCTGAGAAA-1-2",0.0962430513048975,"Dana_KO","Fcnb","1"
"TAGGTACAGGATACAT-1-2",1.85501345839612e-06,"Dana_KO","Vpreb1","0"
"TAGGTACAGGGAGTGG-1-2",0.194532152752128,"Dana_KO","Pf4","2"
"TAGGTACAGGGCAATC-1-2",1.25213408441738e-05,"Dana_KO","Hba-a2","8"
"TAGGTACAGTCGTTAC-1-2",1.23028334761018,"Dana_KO","Car1","2"
"TAGGTACAGTTCATGC-1-2",0.0082364465394511,"Dana_KO","Unannotated","2"
"TAGGTACGTGATTCTG-1-2",2.43344204802604,"Dana_KO","Fcnb","1"
"TAGGTACGTGTGTCGC-1-2",0.016503824625117,"Dana_KO","Car1","4"
"TAGGTACGTTGACTGT-1-2",0.185081989338681,"Dana_KO","Gstm1/Ly86","0"
"TAGGTACTCGAGAAAT-1-2",0.00432447054421081,"Dana_KO","Car1","11"
"TAGGTTGAGAATTTGG-1-2",0.733362495478452,"Dana_KO","Pf4","8"
"TAGGTTGGTGCTCTCT-1-2",0.0325122522222863,"Dana_KO","Pf4","4"
"TAGGTTGTCCATCTCG-1-2",3.61727624387242e-06,"Dana_KO","Car1","4"
"TAGTGCAAGACGAGCT-1-2",0.00950160751007623,"Dana_KO","Gstm1/CD63","1"
"TAGTGCACACTGGAAG-1-2",0.677444702558018,"Dana_KO","Unannotated","2"
"TAGTGCACAGGCTCTG-1-2",0.0923160475323632,"Dana_KO","Fcnb","1"
"TAGTGCACATCCGGTG-1-2",10.3681959925311,"Dana_KO","Hba-a2","6"
"TAGTGCAGTCTCACGG-1-2",0.0581911928548231,"Dana_KO","CD34","4"
"TAGTGCAGTGCCGTAC-1-2",0.0569231805825432,"Dana_KO","Car1","3"
"TAGTGCATCACTGGGC-1-2",0.0222132742632859,"Dana_KO","Gstm1/CD63","1"
"TAGTGCATCCCGAGGT-1-2",0.0063807540647518,"Dana_KO","Gstm1/CD63","1"
"TAGTGCATCGCGCTGA-1-2",0.982504159403173,"Dana_KO","Fcnb","1"
"TAGTGCATCTACCACC-1-2",1.25677161806337e-05,"Dana_KO","Pf4","8"
"TATACCTAGCCGCACT-1-2",0.771605499405138,"Dana_KO","Fcnb","1"
"TATACCTAGCCTTTCC-1-2",1.26140915170936e-05,"Dana_KO","Pf4","4"
"TATACCTAGCTACAAA-1-2",0.000903150765446281,"Dana_KO","Ly86","0"
"TATACCTGTGGAACCA-1-2",0.529933074781551,"Dana_KO","Car1","2"
"TATATCCAGGTGCCTC-1-2",0.0217628589646455,"Dana_KO","Car1","8"
"TATATCCCAGAGCCCT-1-2",0.0137073537157417,"Dana_KO","Car1","3"
"TATATCCCAGCAATTC-1-2",1.14464167405664,"Dana_KO","Car1","2"
"TATATCCGTCGATTTG-1-2",1.26604668535535e-05,"Dana_KO","Pf4","8"
"TATATCCGTGACAACG-1-2",0.00186716571676665,"Dana_KO","Ly86","0"
"TATATCCTCATGCCAA-1-2",6.30704575854679e-06,"Dana_KO","Fcnb","1"
"TATATCCTCTTGAACG-1-2",8.81131392738155e-07,"Dana_KO","Car1","4"
"TATCAGGAGACTGGGT-1-2",0.72645848622136,"Dana_KO","Fcnb","1"
"TATCAGGAGCCTTTCC-1-2",0.000106486078577106,"Dana_KO","CD34","1"
"TATCAGGAGCTGACTT-1-2",0.096243097680234,"Dana_KO","Gstm1/CD63","1"
"TATCAGGAGTGGTCAG-1-2",17.5516558408694,"Dana_KO","Ltf","12"
"TATCAGGCACCTATCC-1-2",0.0920555601463859,"Dana_KO","Pf4","4"
"TATCAGGCATCCTTGC-1-2",2.82668744142002,"Dana_KO","Car1","2"
"TATCAGGTCAAACCTG-1-2",0.0165038710004535,"Dana_KO","Car1","4"
"TATCAGGTCCTAAACG-1-2",0.0984494393443378,"Dana_KO","CD34","7"
"TATCAGGTCGCATAGT-1-2",12.4979184076164,"Dana_KO","Ltf","12"
"TATCAGGTCTGAATCG-1-2",0.00167866200037459,"Dana_KO","Gstm1/Ly86","1"
"TATCCTACACCAGACC-1-2",2.6290272929847,"Dana_KO","Car1","2"
"TATCCTACACGCGTGT-1-2",0.115810915785083,"Dana_KO","CD34","1"
"TATCCTACATCGATCA-1-2",0.00107946623879784,"Dana_KO","Pf4","3"
"TATCCTAGTGCAAGAC-1-2",6.35342109500669e-06,"Dana_KO","Ly86","14"
"TATCCTAGTGCTCTCT-1-2",3.66365158033233e-06,"Dana_KO","Pf4","4"
"TATCGCCAGGCTAGCA-1-2",0.0615746843102447,"Dana_KO","Car1","2"
"TATCGCCAGGGCCCTT-1-2",0.0569231342072067,"Dana_KO","Car1","3"
"TATCGCCAGGTAGCAC-1-2",0.0501072893424044,"Dana_KO","Car1","4"
"TATCGCCAGTATGACA-1-2",0.995744335833005,"Dana_KO","Gstm1/CD63","1"
"TATCGCCCAATGTGGG-1-2",0.185998863341647,"Dana_KO","Pf4","2"
"TATCGCCCACACGGAA-1-2",0.295208687371194,"Dana_KO","Unannotated","2"
"TATCGCCCATGGGAAC-1-2",9.27506729198058e-07,"Dana_KO","Pf4","4"
"TATCGCCGTACAGCGA-1-2",0.00167870837571105,"Dana_KO","Gstm1/CD63","1"
"TATCGCCGTTATAGAG-1-2",15.7371484194724,"Dana_KO","Ltf","12"
"TATCGCCTCGGCTCTT-1-2",4.17378028139126e-07,"Dana_KO","CD34","1"
"TATCGCCTCTTCCAGC-1-2",10.402573921997,"Dana_KO","Hba-a2","6"
"TATCTGTAGCACGTCC-1-2",0.0657648155019659,"Dana_KO","Ly86","0"
"TATCTGTCAACTGAAA-1-2",0.014570909908405,"Dana_KO","Pf4","4"
"TATCTGTCAAGGTTGG-1-2",0.343475784418705,"Dana_KO","Ly86","0"
"TATCTGTCAGATGCGA-1-2",0.462501832513144,"Dana_KO","Car1","4"
"TATCTGTCAGCATACT-1-2",1.04648046220218,"Dana_KO","Gstm1/CD63","1"
"TATCTGTCATGGGCAA-1-2",0.0675842191677059,"Dana_KO","Gstm1/Ly86","0"
"TATCTGTGTTACACAC-1-2",0.0409431358327637,"Dana_KO","Car1","4"
"TATCTGTGTTAGAAGT-1-2",0.734423804385287,"Dana_KO","Car1","2"
"TATCTGTGTTGCTCCT-1-2",2.92920455776704,"Dana_KO","Car1","2"
"TATCTTGGTTTCGTAG-1-2",0.0325122985976227,"Dana_KO","Pf4","4"
"TATCTTGTCCTTTAGT-1-2",0.0902714082465685,"Dana_KO","Pf4","8"
"TATGTTCAGCTCGAAG-1-2",0.103882393977407,"Dana_KO","Fcnb","1"
"TATGTTCAGGTTGAGC-1-2",0.344956399188407,"Dana_KO","Car1","4"
"TATGTTCAGTTGCATC-1-2",2.75970553867905,"Dana_KO","Car1","2"
"TATGTTCCAGCTCGGT-1-2",0.00167875475104751,"Dana_KO","Gstm1/CD63","1"
"TATGTTCCAGGCCTGT-1-2",2.41151749591495e-06,"Dana_KO","Car1","3"
"TATGTTCCATCGAACT-1-2",1.0447634047932,"Dana_KO","Gstm1/CD63","1"
"TATGTTCGTAAGCAAT-1-2",2.76434408533374,"Dana_KO","Car1","2"
"TATGTTCGTACGTGTT-1-2",0.069208773383896,"Dana_KO","Ly86","0"
"TATGTTCGTCTCTCAC-1-2",15.2571360901927,"Dana_KO","Ltf","12"
"TATGTTCGTGCATTTG-1-2",15.2033592888763,"Dana_KO","Ltf","12"
"TATGTTCTCGCGGTAC-1-2",10.3681960389064,"Dana_KO","Hba-a2","6"
"TATGTTCTCTTGTGCC-1-2",0.0409431822081001,"Dana_KO","Car1","4"
"TATTCCAAGGAGTCTG-1-2",2.40339320767207,"Dana_KO","Car1","2"
"TATTCCACAGTAACAA-1-2",0.0569230878318703,"Dana_KO","Car1","3"
"TATTCCATCCAGCACG-1-2",1.27068421900134e-05,"Dana_KO","Pf4","8"
"TATTCCATCCCGTAAA-1-2",0.0876852186242005,"Dana_KO","Ly86","1"
"TATTGCTAGAAGTCTA-1-2",0.0456165389034751,"Dana_KO","Pf4","3"
"TATTGCTAGCTCGACC-1-2",0.22665971323852,"Dana_KO","Car1","4"
"TATTGCTAGGGTTGCA-1-2",2.24812669097445,"Dana_KO","Fcnb","1"
"TATTGCTAGTAACCTC-1-2",2.45789283237485e-06,"Dana_KO","Car1","3"
"TATTGCTCAATCGCGC-1-2",0.0144649178024752,"Dana_KO","Gstm1/CD63","1"
"TATTGCTCATCTGTTT-1-2",1.27532175264733e-05,"Dana_KO","Pf4","8"
"TATTGCTCATGACACT-1-2",0.0495091497532296,"Dana_KO","Car1","2"
"TATTGCTGTTAAGCAA-1-2",1.27995928629332e-05,"Dana_KO","Pf4","4"
"TATTGCTTCGAAACAA-1-2",0.0409432285834366,"Dana_KO","Car1","4"
"TATTGCTTCGCCTATC-1-2",0.128655363636368,"Dana_KO","Car1","4"
"TATTGCTTCTACAGGT-1-2",2.40339325404741,"Dana_KO","Car1","2"
"TATTGGGGTACATTGC-1-2",6.62496795158698,"Dana_KO","Car1","6"
"TATTGGGGTCGATTAC-1-2",2.84844045265529,"Dana_KO","Car1","2"
"TATTGGGGTGAGTCAG-1-2",0.247296325660002,"Dana_KO","Car1","4"
"TATTGGGTCAAAGAAC-1-2",2.40339330042274,"Dana_KO","Car1","2"
"TATTGGGTCGCTGTCT-1-2",0.0846736922427656,"Dana_KO","CD34","1"
"TATTGGGTCGGTCTGG-1-2",1.28459681993931e-05,"Dana_KO","Pf4","8"
"TATTTCGAGCCGAACA-1-2",0.00127490699223032,"Dana_KO","Ly86","0"
"TATTTCGAGGAACGTC-1-2",6.3997964314666e-06,"Dana_KO","Fcnb","1"
"TATTTCGAGGGACAGG-1-2",0.061589626373497,"Dana_KO","Gstm1/CD63","1"
"TATTTCGAGTCATGGG-1-2",1.26927659951318,"Dana_KO","Fcnb","1"
"TATTTCGCAACAAGAT-1-2",0.0044071121932806,"Dana_KO","Unannotated","11"
"TATTTCGCAATCTCGA-1-2",0.729164088825833,"Dana_KO","Pf4","8"
"TATTTCGCATGAGTAA-1-2",0.867322443635256,"Dana_KO","Ly86","0"
"TATTTCGGTCATAGTC-1-2",0.140890734125343,"Dana_KO","Unannotated","2"
"TATTTCGGTTGCCAAT-1-2",2.50426816883476e-06,"Dana_KO","Pf4","3"
"TATTTCGTCGCAAGAG-1-2",10.3681960852817,"Dana_KO","Hba-a2","6"
"TATTTCGTCTCAACCC-1-2",3.71002691679223e-06,"Dana_KO","Car1","4"
"TATTTCGTCTGTAACG-1-2",0.0750265022495089,"Dana_KO","Pf4","3"
"TCAAGACAGACAAGCC-1-2",0.0689321640013536,"Dana_KO","Ly86","0"
"TCAAGACGTTTGCAGT-1-2",5.96442074510118,"Dana_KO","Car1","6"
"TCAAGACTCCCTTCCC-1-2",0.0165039173757899,"Dana_KO","Car1","4"
"TCAAGCAAGAGAATCT-1-2",0.728804158098528,"Dana_KO","Pf4","8"
"TCAAGCACACGCCACA-1-2",0.0569230414565338,"Dana_KO","Car1","3"
"TCAAGCAGTTAACCTG-1-2",0.00167880112638397,"Dana_KO","Gstm1/CD63","1"
"TCAAGCAGTTATTCCT-1-2",0.00432442416887435,"Dana_KO","Car1","11"
"TCAAGCATCAGGCGAA-1-2",3.9510088516107,"Dana_KO","Car1","2"
"TCAAGCATCGCCTTGT-1-2",0.0325123449729592,"Dana_KO","CD34","4"
"TCAAGCATCGCTAATG-1-2",0.667646675954538,"Dana_KO","Car1","2"
"TCAAGTGAGTATTGCC-1-2",1.80863812193621e-06,"Dana_KO","Ly86","7"
"TCAAGTGCAATTCACG-1-2",1.2892343535853e-05,"Dana_KO","Pf4","8"
"TCAAGTGCACCAGCTG-1-2",0.91703541743268,"Dana_KO","Pf4","8"
"TCAAGTGCACTAGAGG-1-2",0.0325123913482956,"Dana_KO","Pf4","4"
"TCAAGTGGTAAGGAGA-1-2",0.741312995831596,"Dana_KO","Ly86","0"
"TCAAGTGGTGTTGACT-1-2",1.25034530293146,"Dana_KO","Car1","3"
"TCAAGTGGTTAGGGTG-1-2",6.04414022771557,"Dana_KO","Car1","6"
"TCAAGTGGTTCGGACC-1-2",0.00330113028765111,"Dana_KO","Pf4","2"
"TCAAGTGTCCTACGAA-1-2",0.529933121156887,"Dana_KO","Pf4","8"
"TCAAGTGTCGCAACAT-1-2",0.0495470348199163,"Dana_KO","Pf4","8"
"TCAATCTCACTGTCGG-1-2",3.75640225325213e-06,"Dana_KO","Pf4","4"
"TCAATCTCAGGTTTAC-1-2",0.0899367190959051,"Dana_KO","CD34","1"
"TCAATCTGTCTGTGCG-1-2",1.29387188723129e-05,"Dana_KO","Hba-a2","6"
"TCAATCTTCCGCATAA-1-2",3.13985214122318,"Dana_KO","Car1","3"
"TCAATCTTCCTGCTAC-1-2",0.0691860055948701,"Dana_KO","Gstm1/CD63","1"
"TCAATTCAGCAGCACA-1-2",3.95100889798604,"Dana_KO","Car1","2"
"TCAATTCAGTAAGAGG-1-2",0.0258047322126473,"Dana_KO","CD34","0"
"TCAATTCCAAGACGAC-1-2",5.98192037944356,"Dana_KO","Car1","6"
"TCAATTCCAATTTCTC-1-2",0.556931032093769,"Dana_KO","Gstm1/CD63","0"
"TCAATTCGTATGAGCG-1-2",0.019683976247209,"Dana_KO","Car1","3"
"TCAATTCGTCACTCAA-1-2",5.48007640480168,"Dana_KO","Hba-a2","11"
"TCAATTCGTCAGGTAG-1-2",1.26106076548716,"Dana_KO","Gstm1/CD63","1"
"TCAATTCGTCGGTACC-1-2",0.139814466917238,"Dana_KO","Pf4","4"
"TCAATTCTCAACCGAT-1-2",2.55064350529466e-06,"Dana_KO","Pf4","3"
"TCACAAGGTCGCACAC-1-2",0.736168589905244,"Dana_KO","Car1","2"
"TCACAAGGTTGTGCCG-1-2",0.767077606628866,"Dana_KO","Car1","2"
"TCACAAGTCCCTGGTT-1-2",1.29850942087728e-05,"Dana_KO","Pf4","8"
"TCACACCAGAGTCTTC-1-2",0.779906580412091,"Dana_KO","Car1","3"
"TCACACCAGGCTTAGG-1-2",0.177245409961156,"Dana_KO","Car1","4"
"TCACACCAGTAGATCA-1-2",1.2050122825352,"Dana_KO","Ly86","0"
"TCACACCAGTCGCCAC-1-2",2.22601615007534e-06,"Dana_KO","Ly86","1"
"TCACACCAGTCGGGAT-1-2",0.0575430977302813,"Dana_KO","CD34","2"
"TCACACCCACCGTGGT-1-2",0.733362541853789,"Dana_KO","Pf4","11"
"TCACACCCACTTCAGA-1-2",0.0165039637511264,"Dana_KO","Car1","4"
"TCACACCCAGGTGTTT-1-2",2.70028355174535,"Dana_KO","Car1","2"
"TCACACCTCAAAGGTA-1-2",1.76226278547631e-06,"Dana_KO","CD34","7"
"TCACACCTCATCTATC-1-2",0.00156177754691034,"Dana_KO","Gstm1/CD63","1"
"TCACACCTCCTCGCAT-1-2",0.0754105213927685,"Dana_KO","Car1","2"
"TCACACCTCGCTAGCG-1-2",0.657044524795549,"Dana_KO","Car1","3"
"TCACACCTCTACTTCA-1-2",2.51865439298097,"Dana_KO","Fcnb","1"
"TCACACCTCTAGGCCG-1-2",0.0123080719433946,"Dana_KO","Ly86","0"
"TCACACCTCTCACGAA-1-2",0.0367542015219491,"Dana_KO","Car1","2"
"TCACACCTCTCTTGCG-1-2",0.101947107896438,"Dana_KO","Car1","2"
"TCACATTAGCCAGACA-1-2",15.0445285366255,"Dana_KO","Ltf","12"
"TCACATTAGCGACAGT-1-2",0.908084298918796,"Dana_KO","Pf4","2"
"TCACATTAGTGGTGAC-1-2",0.767077653004202,"Dana_KO","Car1","2"
"TCACATTAGTTAGTAG-1-2",0.80569921562925,"Dana_KO","Car1","4"
"TCACATTGTATACCCA-1-2",0.733362588229125,"Dana_KO","Pf4","8"
"TCACATTGTCTCAAGT-1-2",0.668802290906381,"Dana_KO","Pf4","2"
"TCACATTGTTACAGCT-1-2",0.00432437779353789,"Dana_KO","Hba-a2","11"
"TCACATTTCACCTTAT-1-2",0.517700465939631,"Dana_KO","Car1","4"
"TCACATTTCGCACTCT-1-2",0.00432433141820143,"Dana_KO","Hba-a2","11"
"TCACATTTCGTAGGAG-1-2",0.120782293353652,"Dana_KO","Pf4","8"
"TCACATTTCGTGGCTG-1-2",0.0816693278706788,"Dana_KO","Fcnb","1"
"TCACGCTAGATTCGAA-1-2",1.71588744901641e-06,"Dana_KO","CD34","7"
"TCACGCTAGTGGCCTC-1-2",0.00376385301259408,"Dana_KO","Gstm1/CD63","1"
"TCACGCTCACCAGACC-1-2",6.72298837822915,"Dana_KO","Car1","6"
"TCACGCTCATCCGGCA-1-2",10.3681961316571,"Dana_KO","Hba-a2","6"
"TCACGCTCATGAATAG-1-2",0.0325124377236321,"Dana_KO","Pf4","4"
"TCACGCTGTCTTCCGT-1-2",0.00107941986346138,"Dana_KO","CD34","3"
"TCACGCTGTTGCAACT-1-2",18.276161708525,"Dana_KO","Hba-a2","12"
"TCACGCTTCCAACCGG-1-2",0.858528689361405,"Dana_KO","Fcnb","1"
"TCACGGGAGAATACAC-1-2",0.318791336395964,"Dana_KO","Prg2","10"
"TCACGGGAGCCGGATA-1-2",1.30314695452327e-05,"Dana_KO","Pf4","8"
"TCACGGGCAATCAGCT-1-2",0.0689533288334083,"Dana_KO","Car1","2"
"TCACGGGCAGTCGAGA-1-2",0.953547217907747,"Dana_KO","Ly86","0"
"TCACGGGCATATGCGT-1-2",0.0569229950811974,"Dana_KO","Car1","3"
"TCACGGGGTAGTGCGA-1-2",0.271978431846257,"Dana_KO","Gstm1/CD63","1"
"TCACGGGGTATCGCTA-1-2",0.0165040101264629,"Dana_KO","CD34","3"
"TCACGGGGTGTTGCCG-1-2",0.00167884750172043,"Dana_KO","Gstm1/CD63","1"
"TCACGGGTCATTCACT-1-2",0.0312215826209234,"Dana_KO","Car1","4"
"TCACTATAGACAACTA-1-2",0.000418219005545228,"Dana_KO","Ly86","0"
"TCACTATAGCACTCTA-1-2",3.80277758971204e-06,"Dana_KO","Pf4","4"
"TCACTATGTCGAAGCA-1-2",5.21967109098738,"Dana_KO","Car1","6"
"TCACTATGTCTTGCGG-1-2",0.0569229487058609,"Dana_KO","Car1","3"
"TCACTATGTGATTAGA-1-2",7.19102527433137,"Dana_KO","Car1","6"
"TCACTATTCAGGAAAT-1-2",6.4461717679265e-06,"Dana_KO","Ly86","14"
"TCACTATTCAGGTGTT-1-2",0.00560141872541875,"Dana_KO","Pf4","3"
"TCACTATTCCACATAG-1-2",0.147934952576039,"Dana_KO","CD34","2"
"TCACTATTCTACCCAC-1-2",0.0656410436579815,"Dana_KO","Pf4","3"
"TCACTCGAGACTCTAC-1-2",0.0203299440900174,"Dana_KO","Car1","3"
"TCACTCGGTGCGAACA-1-2",1.30778448816926e-05,"Dana_KO","Car1","8"
"TCAGCAAAGACATCCT-1-2",3.95100894436138,"Dana_KO","Car1","2"
"TCAGCAAAGCAGTAAT-1-2",0.0569229023305244,"Dana_KO","Car1","3"
"TCAGCAAAGGGCATGT-1-2",0.729816144803961,"Dana_KO","Pf4","8"
"TCAGCAACATCCGTTC-1-2",1.31242202181525e-05,"Dana_KO","Pf4","8"
"TCAGCAAGTACGTGTT-1-2",1.31400030494515,"Dana_KO","Gstm1/CD63","1"
"TCAGCAAGTATCGATC-1-2",0.056922855955188,"Dana_KO","Car1","3"
"TCAGCAAGTGCGAGTA-1-2",0.665499374437923,"Dana_KO","Car1","4"
"TCAGCAATCATAGACC-1-2",1.85501345839612e-07,"Dana_KO","Car1","4"
"TCAGCAATCTACCTTA-1-2",0.0395470211049842,"Dana_KO","CD34","4"
"TCAGCCTAGATTACCC-1-2",1.31705955546124e-05,"Dana_KO","Pf4","8"
"TCAGCCTAGTCAGGGT-1-2",4.11329594004195,"Dana_KO","Car1","2"
"TCAGCCTCAACGGGTA-1-2",0.017279419727334,"Dana_KO","Car1","3"
"TCAGCCTCACCGGAAA-1-2",2.35217181745922,"Dana_KO","Car1","2"
"TCAGCCTCATTAGGAA-1-2",0.0569228095798515,"Dana_KO","Car1","3"
"TCAGCCTGTACGTGAG-1-2",3.93935822228331,"Dana_KO","Car1","2"
"TCAGCCTGTTCTGAGT-1-2",10.3681961780324,"Dana_KO","Hba-a2","6"
"TCAGCCTTCGGCCTTT-1-2",5.18736076028288,"Dana_KO","Car1","2"
"TCAGCCTTCGTAGTCA-1-2",3.71002691679223e-07,"Dana_KO","Ly86","0"
"TCAGCCTTCTTTGCAT-1-2",10.3681962244078,"Dana_KO","Hba-a2","6"
"TCAGGGCAGTTGTACC-1-2",0.0569227632045151,"Dana_KO","Car1","3"
"TCAGGGCCAACTCCAA-1-2",1.32169708910723e-05,"Dana_KO","Pf4","8"
"TCAGGGCCAAGGATGC-1-2",2.43654155325072,"Dana_KO","Gstm1/CD63","1"
"TCAGGGCCAGCATTGT-1-2",1.32633462275322e-05,"Dana_KO","Pf4","4"
"TCAGGGCCATGACGGA-1-2",0.0610739304298407,"Dana_KO","Car1","2"
"TCAGGGCGTAGTGATA-1-2",0.000424076351651426,"Dana_KO","Gstm1/CD63","1"
"TCAGGGCGTGGCACTC-1-2",4.20094932705622,"Dana_KO","Car1","2"
"TCAGGGCGTTACACTG-1-2",1.39126009379709e-07,"Dana_KO","Ly86","0"
"TCAGGGCTCCAAGAGG-1-2",6.72774653384389,"Dana_KO","Car1","2"
"TCAGGGCTCGCTTTAT-1-2",0.056577100999913,"Dana_KO","Ly86","0"
"TCAGGTAAGACCAACG-1-2",3.98649046024312,"Dana_KO","Car1","2"
"TCAGGTAAGCTGAGCA-1-2",0.0963685231562608,"Dana_KO","Ly86","1"
"TCAGGTAAGTCACGAG-1-2",0.733362634604462,"Dana_KO","Pf4","8"
"TCAGGTACAAATACAG-1-2",4.28271232010223,"Dana_KO","Car1","2"
"TCAGGTACACAATGAA-1-2",1.6695121125565e-06,"Dana_KO","CD34","7"
"TCAGGTACACGACAAG-1-2",0.109545092161831,"Dana_KO","Car1","4"
"TCAGGTAGTACAATAG-1-2",0.00167889387705689,"Dana_KO","Gstm1/CD63","1"
"TCAGGTAGTCTGTGTA-1-2",1.6231367760966e-06,"Dana_KO","CD34","7"
"TCAGGTAGTTGAAGTA-1-2",0.00107937348812492,"Dana_KO","Pf4","3"
"TCAGGTATCCTAGAGT-1-2",1.85501345839612e-07,"Dana_KO","Pf4","4"
"TCAGTCCAGCGCCCAT-1-2",0.0169586362773961,"Dana_KO","Car1","3"
"TCAGTCCAGGGTAGCT-1-2",15.1922330260108,"Dana_KO","Ltf","12"
"TCAGTCCAGTCCGTCG-1-2",0.0325124840989686,"Dana_KO","Pf4","4"
"TCAGTCCGTTCGGCGT-1-2",2.92920460414238,"Dana_KO","Car1","2"
"TCAGTCCTCCTATTGT-1-2",0.207972307504768,"Dana_KO","Car1","3"
"TCAGTCCTCGAGCACC-1-2",0.00560146510075521,"Dana_KO","Car1","3"
"TCAGTGAAGCACCGAA-1-2",0.0767573143019271,"Dana_KO","Car1","2"
"TCAGTGAAGGTAGATT-1-2",1.08581911337086,"Dana_KO","Fcnb","1"
"TCAGTGAAGTGAGGTC-1-2",3.93935826865865,"Dana_KO","Car1","4"
"TCAGTGACAATGTGGG-1-2",0.187677454568321,"Dana_KO","Car1","2"
"TCAGTGACAGAGGCTA-1-2",0.23260463336054,"Dana_KO","Pf4","8"
"TCAGTGACAGGAGACT-1-2",0.040943274958773,"Dana_KO","Pf4","4"
"TCAGTGACAGGCGTTC-1-2",0.0926062535876202,"Dana_KO","Pf4","8"
"TCAGTGAGTAACATCC-1-2",0.0569227168291786,"Dana_KO","Car1","3"
"TCAGTGAGTTAGTCGT-1-2",0.0124453012038721,"Dana_KO","Gstm1/CD63","1"
"TCAGTTTAGGATCATA-1-2",0.0121991156160376,"Dana_KO","Pf4","11"
"TCAGTTTAGTATCCTG-1-2",1.26219294050403,"Dana_KO","Gstm1/CD63","1"
"TCAGTTTCAACCAGAG-1-2",10.3681962707831,"Dana_KO","Car1","6"
"TCAGTTTCACAGCCTG-1-2",1.5767614396367e-06,"Dana_KO","CD34","7"
"TCAGTTTCAGCCGTCA-1-2",2.74558668069235,"Dana_KO","Car1","2"
"TCAGTTTCAGTAACCT-1-2",2.78392344516302,"Dana_KO","Car1","2"
"TCAGTTTGTAGATCCT-1-2",3.95100899073671,"Dana_KO","Car1","2"
"TCAGTTTGTAGTGGCA-1-2",0.646066781746709,"Dana_KO","Car1","2"
"TCAGTTTGTCAACGCC-1-2",0.020444341229152,"Dana_KO","Gstm1/CD63","0"
"TCAGTTTGTCAGGCAA-1-2",0.459030504290165,"Dana_KO","CD34","7"
"TCAGTTTTCGAAGCCC-1-2",6.78885889946782,"Dana_KO","Car1","2"
"TCAGTTTTCGTCGGGT-1-2",0.084673738618102,"Dana_KO","CD34","1"
"TCATACTAGGTAGTCG-1-2",0.00904369862262766,"Dana_KO","Unannotated","2"
"TCATACTAGTGGTGGT-1-2",0.032512530474305,"Dana_KO","Pf4","3"
"TCATACTCAATAACCC-1-2",0.385744325984053,"Dana_KO","Car1","3"
"TCATACTCATGGTACT-1-2",1.03513614146168,"Dana_KO","Fcnb","1"
"TCATACTCATTGCCGG-1-2",2.40339334679808,"Dana_KO","Car1","2"
"TCATACTTCACCGACG-1-2",0.754511109911864,"Dana_KO","Pf4","8"
"TCATACTTCATCGGGC-1-2",0.0325125768496415,"Dana_KO","Pf4","4"
"TCATACTTCCAATCCC-1-2",0.0197564956094902,"Dana_KO","Unannotated","11"
"TCATACTTCTTCCCGA-1-2",0.145482648250762,"Dana_KO","Car1","4"
"TCATATCAGATCGCCC-1-2",2.59701884175456e-06,"Dana_KO","Pf4","3"
"TCATATCAGTAGAATC-1-2",0.0658428513806055,"Dana_KO","Pf4","8"
"TCATATCCAGGCTCTG-1-2",0.0919665556025615,"Dana_KO","Ly86","1"
"TCATATCCAGGTACGA-1-2",5.48007645117701,"Dana_KO","Hba-a2","11"
"TCATATCCATGACGAG-1-2",9.73882065657961e-07,"Dana_KO","Car1","4"
"TCATATCGTAAGTCAA-1-2",1.33097215639921e-05,"Dana_KO","Pf4","8"
"TCATATCGTCCACATA-1-2",0.0299164016254014,"Dana_KO","Pf4","8"
"TCATATCGTCTAGGCC-1-2",16.2344418962655,"Dana_KO","Ltf","12"
"TCATATCTCCACGTCT-1-2",10.3681963171584,"Dana_KO","Hba-a2","6"
"TCATCATAGCTAAACA-1-2",15.9082517684003,"Dana_KO","Ltf","12"
"TCATCATCATTCAGGT-1-2",1.3356096900452e-05,"Dana_KO","Pf4","8"
"TCATCATGTAGTCACT-1-2",0.185998909716983,"Dana_KO","Unannotated","2"
"TCATCATTCAATCAGC-1-2",1.66801009519031,"Dana_KO","Fcnb","1"
"TCATCATTCAGCTGTA-1-2",1.5303861031768e-06,"Dana_KO","Ly86","7"
"TCATCATTCGTTCAGA-1-2",1.39126009379709e-07,"Dana_KO","Unannotated","4"
"TCATCATTCTTCACAT-1-2",1.34024722369119e-05,"Dana_KO","Pf4","8"
"TCATCCGAGTAAGAGG-1-2",0.0569226704538421,"Dana_KO","Car1","3"
"TCATCCGAGTGACACG-1-2",0.0461570017510087,"Dana_KO","Ly86","0"
"TCATCCGAGTGGGAAA-1-2",5.56504037518835e-07,"Dana_KO","Prg2","10"
"TCATCCGCATCATGAC-1-2",1.34488475733718e-05,"Dana_KO","Pf4","8"
"TCATCCGCATCTCCCA-1-2",0.0569226240785057,"Dana_KO","Car1","3"
"TCATCCGGTAGCTGCC-1-2",0.219176478621078,"Dana_KO","CD34","7"
"TCATCCGGTTTCTATC-1-2",14.9901515300598,"Dana_KO","Ltf","12"
"TCATCCGTCGGCTGAC-1-2",0.185998956092319,"Dana_KO","Car1","2"
"TCATCCGTCTTAGCCC-1-2",0.732643997431745,"Dana_KO","Pf4","8"
"TCATGAGAGACGCATG-1-2",0.372262982149426,"Dana_KO","Car1","3"
"TCATGAGAGAGCACTG-1-2",0.0321837281340864,"Dana_KO","Car1","3"
"TCATGAGAGCACCCAC-1-2",0.0517608177469451,"Dana_KO","Pf4","8"
"TCATGAGAGGGTAGCT-1-2",2.64339417821446e-06,"Dana_KO","Pf4","3"
"TCATGAGCAAGTGCAG-1-2",5.43746965611046,"Dana_KO","Car1","2"
"TCATGAGGTATGCGGA-1-2",0.347458736743104,"Dana_KO","Ly86","1"
"TCATGAGGTTTACACG-1-2",1.25047878624862,"Dana_KO","Car1","2"
"TCATGAGTCGAGAAGC-1-2",10.3681963635338,"Dana_KO","Hba-a2","6"
"TCATGAGTCGCTACGG-1-2",0.0251578813637048,"Dana_KO","Pf4","8"
"TCATGAGTCGTCGGGT-1-2",1.48401076671689e-06,"Dana_KO","CD34","7"
"TCATGAGTCTGTAAGC-1-2",2.40339339317342,"Dana_KO","Car1","2"
"TCATGCCAGTCTTGGT-1-2",0.0280671239353354,"Dana_KO","CD34","1"
"TCATGCCCATATCTGG-1-2",0.908732796302255,"Dana_KO","Gstm1/CD63","1"
"TCATGCCTCCAACTGA-1-2",2.68976951467437e-06,"Dana_KO","Pf4","3"
"TCATGCCTCTCTTGCG-1-2",0.0569225777031692,"Dana_KO","Car1","3"
"TCATGCCTCTTGGTGA-1-2",10.3681964099091,"Dana_KO","Hba-a2","6"
"TCATGGAAGCCAACCC-1-2",0.860615809044118,"Dana_KO","Car1","4"
"TCATGGACACAAATAG-1-2",0.00432428504286497,"Dana_KO","Car1","11"
"TCATGGACATCCTTGC-1-2",0.669532541275992,"Dana_KO","Pf4","2"
"TCATGGACATTCCTAT-1-2",0.0729142671918501,"Dana_KO","Car1","0"
"TCATGGAGTTGCTCCT-1-2",0.162211554621247,"Dana_KO","Ly86","0"
"TCATGTTAGACCGTTT-1-2",5.48007649755235,"Dana_KO","Hba-a2","11"
"TCATGTTAGCCACCGT-1-2",6.76412441969664,"Dana_KO","Car1","6"
"TCATGTTCAAATGAGT-1-2",0.00219058081494139,"Dana_KO","Gstm1/CD63","7"
"TCATGTTCAACAGATA-1-2",0.0138465676440092,"Dana_KO","Car1","4"
"TCATGTTTCAGCGCGT-1-2",0.465310122493354,"Dana_KO","Car1","2"
"TCATTACAGGACCCAA-1-2",1.39126009379709e-07,"Dana_KO","Car1","4"
"TCATTACAGTTACGGG-1-2",0.00219053443960493,"Dana_KO","CD34","7"
"TCATTACCAAGAAATC-1-2",0.0419819581221215,"Dana_KO","Unannotated","4"
"TCATTACCAAGCGCAA-1-2",1.34952229098317e-05,"Dana_KO","Pf4","8"
"TCATTACCACACCTAA-1-2",3.20931201488492,"Dana_KO","Car1","2"
"TCATTACCACTGCATA-1-2",0.0165040565017993,"Dana_KO","Unannotated","3"
"TCATTACCAGAGTGTG-1-2",0.295342938914181,"Dana_KO","Car1","3"
"TCATTACGTACCGTGC-1-2",2.72919255428527,"Dana_KO","Car1","2"
"TCATTACGTCAGCTTA-1-2",1.57243342111021,"Dana_KO","Gstm1/Ly86","1"
"TCATTACGTGCCCGTA-1-2",0.135589541240197,"Dana_KO","Gstm1/CD63","1"
"TCATTACTCCCGAGAC-1-2",0,"Dana_KO","Ly86","0"
"TCATTACTCGGCACTG-1-2",6.4925471043864e-06,"Dana_KO","Gstm1/CD63","1"
"TCATTACTCGTCCATC-1-2",0.276476742309831,"Dana_KO","Car1","4"
"TCATTCAAGATTAGCA-1-2",0.0325126232249779,"Dana_KO","Pf4","4"
"TCATTCAAGTATAACG-1-2",5.47117838798859,"Dana_KO","Car1","2"
"TCATTCAGTGTGGACA-1-2",0.2055676347007,"Dana_KO","Pf4","3"
"TCATTCATCAGAGCGA-1-2",0.319508862648617,"Dana_KO","Fcnb","1"
"TCATTCATCCCGAGGT-1-2",0.748974588713947,"Dana_KO","Car1","2"
"TCATTCATCGTTGCCT-1-2",1.35415982462916e-05,"Dana_KO","Pf4","8"
"TCATTGTAGACCACGA-1-2",0.818455726668942,"Dana_KO","Ly86","0"
"TCATTGTAGTAGTCTC-1-2",0.235353279033974,"Dana_KO","Gstm1/CD63","0"
"TCATTGTAGTGACACG-1-2",10.3681964562844,"Dana_KO","Hba-a2","6"
"TCATTGTCAAGACCGA-1-2",0.0569225313278328,"Dana_KO","Car1","3"
"TCATTGTCACGGAAGT-1-2",10.3681965026598,"Dana_KO","Hba-a2","6"
"TCATTGTGTGGATACG-1-2",0.03218368175875,"Dana_KO","Car1","3"
"TCATTGTTCCTAAACG-1-2",0.444572749131252,"Dana_KO","Car1","6"
"TCATTTGAGCCGTTGC-1-2",6.8972200758037,"Dana_KO","Car1","6"
"TCATTTGAGTTACGTC-1-2",0.0567307791584648,"Dana_KO","Car1","4"
"TCATTTGGTAAGTCAA-1-2",0.00100120323347841,"Dana_KO","Gstm1/CD63","1"
"TCCACCAAGACCTCAT-1-2",1.02025740211786e-06,"Dana_KO","Car1","4"
"TCCACCACAGAGATGC-1-2",0.0569224849524963,"Dana_KO","Pf4","3"
"TCCACCACAGATTCGT-1-2",0.00432423866752851,"Dana_KO","Hba-a2","11"
"TCCACCACATGCCGCA-1-2",0.190300000331836,"Dana_KO","Unannotated","3"
"TCCACCAGTAGGAGGG-1-2",0.0998456659438393,"Dana_KO","Car1","2"
"TCCACCAGTGTTCGAT-1-2",0.0526906347507513,"Dana_KO","Car1","2"
"TCCACCAGTTTCGATG-1-2",2.73614485113427e-06,"Dana_KO","Pf4","3"
"TCCACCATCTATCGCC-1-2",0.27568162474317,"Dana_KO","Car1","4"
"TCCACCATCTGCGAGC-1-2",0.00319821277107601,"Dana_KO","Pf4","11"
"TCCACCATCTTCTAAC-1-2",0.0268641743202285,"Dana_KO","Car1","2"
"TCCACGTAGCCTGCCA-1-2",0.726485094308763,"Dana_KO","Fcnb","1"
"TCCACGTAGGCTCCCA-1-2",0.0707094154893617,"Dana_KO","Gstm1/CD63","0"
"TCCACGTCAAGCAATA-1-2",12.4979184539917,"Dana_KO","Ltf","12"
"TCCACGTCAATAACGA-1-2",0.00638070768941534,"Dana_KO","Gstm1/CD63","1"
"TCCACGTCACGTGAGA-1-2",5.30140818110878,"Dana_KO","Car1","2"
"TCCACGTCAGTGGGTA-1-2",0.0165041028771358,"Dana_KO","Car1","4"
"TCCACGTCATAATCGC-1-2",4.38255454437845,"Dana_KO","Car1","2"
"TCCACGTGTCAGACGA-1-2",0.00682741862642133,"Dana_KO","Car1","11"
"TCCAGAAAGACTTCGT-1-2",1.06663273857777e-06,"Dana_KO","Car1","4"
"TCCAGAAAGAGCCTGA-1-2",0.0569224385771598,"Dana_KO","Car1","3"
"TCCAGAAAGCGAGTCA-1-2",0.518596003344958,"Dana_KO","Pf4","8"
"TCCAGAAAGGACTATA-1-2",9.27506729198058e-08,"Dana_KO","Car1","4"
"TCCAGAAAGTCTTGGT-1-2",1.08733384181967,"Dana_KO","Car1","2"
"TCCAGAACAACGCCCA-1-2",1.43763543025699e-06,"Dana_KO","CD34","7"
"TCCAGAACAAGACCGA-1-2",0.3725865837702,"Dana_KO","Car1","4"
"TCCAGAACAGACGCTC-1-2",0.682088550296973,"Dana_KO","Fcnb","1"
"TCCAGAACAGGCATGA-1-2",1.11300807503767e-06,"Dana_KO","Car1","4"
"TCCAGAACAGTTAGAA-1-2",1.35879735827515e-05,"Dana_KO","Pf4","8"
"TCCAGAATCAGACAAA-1-2",0.0309293426084617,"Dana_KO","Car1","11"
"TCCAGAATCATGCCAA-1-2",0.0232108847900365,"Dana_KO","Pf4","8"
"TCCAGAATCGAGCACC-1-2",1.64727022726742,"Dana_KO","Car1","2"
"TCCAGAATCGAGTCCG-1-2",0.00167894025239335,"Dana_KO","Gstm1/CD63","1"
"TCCAGAATCGGTATGT-1-2",0.00497157274388949,"Dana_KO","Gstm1/CD63","7"
"TCCATCGAGCACTCCG-1-2",0.000238588071186485,"Dana_KO","Ly86","0"
"TCCATCGAGCCAGAGT-1-2",1.39126009379709e-06,"Dana_KO","CD34","7"
"TCCATCGAGGGTTAGC-1-2",1.36343489192114e-05,"Dana_KO","Pf4","8"
"TCCATCGCACTTCAAG-1-2",0.0325126696003144,"Dana_KO","Pf4","4"
"TCCATCGCAGGCGAAT-1-2",0.113733765809916,"Dana_KO","Pf4","4"
"TCCATCGCAGTTGCGC-1-2",0.00104954964270848,"Dana_KO","Ly86","0"
"TCCATCGGTACACTCA-1-2",1.16506574637978,"Dana_KO","Gstm1/CD63","1"
"TCCATCGGTTCATCGA-1-2",0.0323772160694009,"Dana_KO","CD34","1"
"TCCATCGTCAGACCGC-1-2",1.06460543447656,"Dana_KO","Fcnb","1"
"TCCATCGTCATTACTC-1-2",0.0192474754490841,"Dana_KO","Unannotated","4"
"TCCATCGTCATTGCTT-1-2",0.0204442948538155,"Dana_KO","CD34","0"
"TCCATCGTCCTAGCTC-1-2",0.130462432585216,"Dana_KO","Pf4","3"
"TCCATCGTCGTTGTTT-1-2",6.13382818584288,"Dana_KO","Car1","6"
"TCCATCGTCTACACAG-1-2",0.039391117637902,"Dana_KO","Ly86","0"
"TCCATCGTCTTACGTT-1-2",7.1910253207067,"Dana_KO","Car1","6"
"TCCATGCAGACTCTAC-1-2",0.435515200639252,"Dana_KO","Ly86","0"
"TCCATGCAGTAAGCAT-1-2",0.733362680979798,"Dana_KO","Pf4","8"
"TCCATGCAGTCACAGG-1-2",4.38255459075378,"Dana_KO","Car1","2"
"TCCATGCCACCACATA-1-2",0.304298179420223,"Dana_KO","Car1","3"
"TCCATGCCACTATGTG-1-2",0.0479577979498469,"Dana_KO","Car1","4"
"TCCATGCCACTGTTCC-1-2",0.0325127159756509,"Dana_KO","Pf4","4"
"TCCATGCTCCCTTGTG-1-2",0.175784258858086,"Dana_KO","Unannotated","3"
"TCCATGCTCTCCATAT-1-2",0.0169586826527326,"Dana_KO","Car1","3"
"TCCCACAAGTGTACAA-1-2",5.93098561381364,"Dana_KO","Car1","6"
"TCCCACACACAAATAG-1-2",0.0206064414419835,"Dana_KO","Car1","3"
"TCCCACACATGATCTG-1-2",0.0773265129221352,"Dana_KO","Pf4","8"
"TCCCACAGTGAGCGAT-1-2",0.0025462422105742,"Dana_KO","Car1","2"
"TCCCACAGTGCGTTTA-1-2",0.0272498911453955,"Dana_KO","Ly86","0"
"TCCCACATCCGTGTAA-1-2",0.122526135116462,"Dana_KO","Unannotated","3"
"TCCCACATCCTCTAGC-1-2",0.0843995813497689,"Dana_KO","Ly86","0"
"TCCCACATCGCCTAGG-1-2",0.675186913917573,"Dana_KO","Pf4","8"
"TCCCACATCGCGTGAC-1-2",4.29287687478995,"Dana_KO","Car1","2"
"TCCCACATCGTCGGGT-1-2",0.130639804215282,"Dana_KO","Car1","2"
"TCCCAGTAGACGATAT-1-2",6.64178033025723,"Dana_KO","Car1","6"
"TCCCAGTAGAGATCGC-1-2",0.406354860775113,"Dana_KO","Car1","3"
"TCCCAGTAGGTAAGTT-1-2",1.57243346748554,"Dana_KO","Gstm1/CD63","1"
"TCCCAGTAGTAAAGCT-1-2",0.0325127623509873,"Dana_KO","Car1","4"
"TCCCAGTAGTAGCCAG-1-2",0.0325128087263238,"Dana_KO","Pf4","8"
"TCCCAGTCAAGTCCCG-1-2",1.34488475733718e-06,"Dana_KO","CD34","7"
"TCCCAGTCAATTGGTC-1-2",6.53892244084631e-06,"Dana_KO","Gstm1/CD63","1"
"TCCCAGTCACAACGTT-1-2",0.00432419229219205,"Dana_KO","Pf4","3"
"TCCCAGTCAGGTTTAC-1-2",0.00432414591685559,"Dana_KO","Ly86","11"
"TCCCAGTCAGTGTGCC-1-2",0.0118092886012249,"Dana_KO","Ly86","0"
"TCCCAGTGTAAGGCTG-1-2",1.36807242556714e-05,"Dana_KO","Pf4","8"
"TCCCAGTTCACCATCC-1-2",0.0165041492524722,"Dana_KO","Car1","3"
"TCCCAGTTCCTAAGTG-1-2",6.58529777730621e-06,"Dana_KO","Gstm1/CD63","1"
"TCCCATGCAAATCAAG-1-2",0.368370998896063,"Dana_KO","Car1","3"
"TCCCATGCATACGCAT-1-2",5.4837719764601,"Dana_KO","Car1","6"
"TCCCATGGTTACTCAG-1-2",0.0325128551016602,"Dana_KO","Pf4","4"
"TCCCATGTCAAGCCAT-1-2",3.84915292617194e-06,"Dana_KO","Pf4","8"
"TCCCATGTCATTACGG-1-2",10.3681965490351,"Dana_KO","Car1","6"
"TCCCATGTCGACACCG-1-2",2.78252018759417e-06,"Dana_KO","Pf4","3"
"TCCGAAAAGAATTTGG-1-2",0.836958673350813,"Dana_KO","Fcnb","1"
"TCCGAAAAGGAAAGTG-1-2",1.99737000530609,"Dana_KO","Car1","2"
"TCCGAAAAGGTACAGC-1-2",12.4979185003671,"Dana_KO","Ltf","12"
"TCCGAAAAGGTCGCCT-1-2",3.89552826263184e-06,"Dana_KO","Pf4","4"
"TCCGAAAGTATCAGCT-1-2",1.37270995921313e-05,"Dana_KO","Pf4","8"
"TCCGAAAGTCCGATCG-1-2",0.00499451877702439,"Dana_KO","Car1","2"
"TCCGAAAGTCTTTATC-1-2",1.32198067805552,"Dana_KO","Gstm1/CD63","1"
"TCCGAAATCTGAGATC-1-2",0.00560151147609167,"Dana_KO","Pf4","3"
"TCCGAAATCTTCTTCC-1-2",0.682870549148228,"Dana_KO","Car1","3"
"TCCGATCAGATACGAT-1-2",0.194625088416471,"Dana_KO","Car1","4"
"TCCGATCAGTTGGAGC-1-2",1.0858191597462,"Dana_KO","Fcnb","1"
"TCCGATCCATGTGGTT-1-2",1.37734749285912e-05,"Dana_KO","Pf4","8"
"TCCGATCGTTGCGGCT-1-2",0.950418213763109,"Dana_KO","Unannotated","2"
"TCCGATCTCCGCACTT-1-2",1.38198502650511e-05,"Dana_KO","Pf4","4"
"TCCGATCTCGTCGGGT-1-2",2.5186544393563,"Dana_KO","Fcnb","1"
"TCCGGGAAGGAGCAAA-1-2",5.18733518059214,"Dana_KO","Car1","2"
"TCCGGGAAGGTACTGG-1-2",0.651602557463071,"Dana_KO","Unannotated","2"
"TCCGGGACAATCACGT-1-2",3.94190359909175e-06,"Dana_KO","Pf4","4"
"TCCGGGACACGACGAA-1-2",2.82889552405408e-06,"Dana_KO","Pf4","3"
"TCCGGGAGTAAGTTGA-1-2",1.15938341149757e-06,"Dana_KO","CD34","4"
"TCCGGGAGTGAGATTA-1-2",10.3681965954105,"Dana_KO","Hba-a2","6"
"TCCGGGAGTGATAGAT-1-2",1.16203195215453,"Dana_KO","Ly86","0"
"TCCGGGAGTGTCTCCT-1-2",0.00867574811810023,"Dana_KO","Ly86","0"
"TCCGGGAGTTCGGGTC-1-2",0.292973947605766,"Dana_KO","Car1","4"
"TCCGGGATCATGCCCT-1-2",0.0569223922018234,"Dana_KO","Car1","3"
"TCCGGGATCGAGAAGC-1-2",0.0569223458264869,"Dana_KO","Car1","3"
"TCCGGGATCGTAGTCA-1-2",0.790377728581764,"Dana_KO","Gstm1/CD63","1"
"TCCGGGATCGTGGTAT-1-2",0.0409433213341095,"Dana_KO","Car1","4"
"TCCGGGATCTCGCCTA-1-2",3.98827893555165e-06,"Dana_KO","Pf4","8"
"TCCGGGATCTGTCAGA-1-2",0.0648146280908772,"Dana_KO","CD34","4"
"TCCGTGTCAAACCATC-1-2",1.96015832939346,"Dana_KO","Car1","2"
"TCCGTGTCAACCGCTG-1-2",2.87527086051398e-06,"Dana_KO","Pf4","3"
"TCCGTGTCAATCCAGT-1-2",0.0165041956278087,"Dana_KO","Car1","4"
"TCCGTGTGTATAGGAT-1-2",2.68707310374994,"Dana_KO","Car1","2"
"TCCGTGTGTGGCCTCA-1-2",0.730174848309704,"Dana_KO","Pf4","8"
"TCCGTGTTCATCGCAA-1-2",0.0773017341136209,"Dana_KO","Ly86","0"
"TCCGTGTTCGAGATGG-1-2",0.020444248478479,"Dana_KO","CD34","0"
"TCCGTGTTCTCTATGT-1-2",0.289235831031596,"Dana_KO","Fcnb","1"
"TCCTAATAGGGTTGCA-1-2",1.20575874795747e-06,"Dana_KO","Car1","4"
"TCCTAATCAAAGGCTG-1-2",0.0847059829372627,"Dana_KO","Car1","2"
"TCCTAATCACTGTGTA-1-2",0.0461570481263451,"Dana_KO","Ly86","0"
"TCCTAATGTCCGTTTC-1-2",4.03465427201155e-06,"Dana_KO","Car1","4"
"TCCTAATGTTCGGCCA-1-2",1.34595499147386,"Dana_KO","Car1","3"
"TCCTAATGTTGACTGT-1-2",10.3681966417858,"Dana_KO","Hba-a2","6"
"TCCTAATGTTTACACG-1-2",1.29850942087728e-06,"Dana_KO","Ccl5","7"
"TCCTAATTCCATAGGT-1-2",0.100756372276813,"Dana_KO","Car1","3"
"TCCTAATTCGACGTCG-1-2",0.23535332540931,"Dana_KO","Gstm1/CD63","1"
"TCCTAATTCGCAGAGA-1-2",0.0569222994511505,"Dana_KO","Car1","3"
"TCCTAATTCGGCATCG-1-2",0.0407635188143685,"Dana_KO","Car1","4"
"TCCTCCCCAGCTTTCC-1-2",2.92164619697388e-06,"Dana_KO","Pf4","3"
"TCCTCCCGTCCATACA-1-2",4.38255463712912,"Dana_KO","Car1","2"
"TCCTCCCGTGTTCCAA-1-2",0.108337906718752,"Dana_KO","Pf4","3"
"TCCTCCCGTTCATCTT-1-2",9.57937258997663,"Dana_KO","Hba-a2","6"
"TCCTCCCTCCACGGGT-1-2",0.759468939368821,"Dana_KO","Car1","2"
"TCCTCCCTCCCTAGGG-1-2",1.25213408441738e-06,"Dana_KO","Gstm1/Ly86","7"
"TCCTCCCTCCTGTAAG-1-2",0.728877681978821,"Dana_KO","Pf4","8"
"TCCTCCCTCTAGCCAA-1-2",0.056922253075814,"Dana_KO","Car1","3"
"TCCTCGAAGATCCAAA-1-2",0.00107932711278846,"Dana_KO","Pf4","3"
"TCCTCGAAGCATAGGC-1-2",1.29623369373244,"Dana_KO","Fcnb","1"
"TCCTCGACAAATGGCG-1-2",15.9468717047443,"Dana_KO","Ltf","12"
"TCCTCGACAACCTATG-1-2",0.04961839755717,"Dana_KO","Fcnb","1"
"TCCTCGACATTGACTG-1-2",4.11840227180719,"Dana_KO","Car1","2"
"TCCTCGAGTATGAAGT-1-2",3.2462735521932e-07,"Dana_KO","Ly86","0"
"TCCTCGAGTATGTCCA-1-2",0.0204442021031426,"Dana_KO","CD34","1"
"TCCTCGAGTATTGAGA-1-2",0.0960275165757418,"Dana_KO","Gstm1/CD63","1"
"TCCTCGAGTCAGCGTC-1-2",4.08102960847145e-06,"Dana_KO","Pf4","4"
"TCCTCGAGTCCTGGGT-1-2",10.3681966881611,"Dana_KO","Hba-a2","6"
"TCCTCGAGTTCCGCAG-1-2",1.3866225601511e-05,"Dana_KO","Pf4","8"
"TCCTCGATCGATACGT-1-2",0.435515247014589,"Dana_KO","Ly86","0"
"TCCTCGATCTTCACGC-1-2",1.04276443613121,"Dana_KO","Gstm1/CD63","1"
"TCCTCTTAGGCTCAAG-1-2",1.39126009379709e-05,"Dana_KO","Pf4","8"
"TCCTCTTAGGTTCACT-1-2",0.313876751290857,"Dana_KO","Pf4","2"
"TCCTCTTGTCCTATAG-1-2",0.344956445563744,"Dana_KO","CD34","4"
"TCCTCTTGTCGAATGG-1-2",2.92920465051772,"Dana_KO","Car1","2"
"TCCTCTTTCTATCACT-1-2",0.150790359114973,"Dana_KO","Car1","4"
"TCCTCTTTCTTGCGCT-1-2",6.63167311376611e-06,"Dana_KO","Fcnb","1"
"TCCTGCACAGGAATAT-1-2",5.47573139001284,"Dana_KO","Car1","2"
"TCCTGCAGTCGATTAC-1-2",5.96122583196389,"Dana_KO","Car1","6"
"TCCTGCAGTTGCCGCA-1-2",1.96015837576879,"Dana_KO","Car1","2"
"TCCTGCAGTTGCGGAA-1-2",18.0556634551616,"Dana_KO","Fcnb","12"
"TCCTGCATCTTAGCCC-1-2",0.0190583133363729,"Dana_KO","Car1","6"
"TCCTTCTCAACGTATC-1-2",0.300289953541189,"Dana_KO","Ly86","0"
"TCCTTCTCAGCGTACC-1-2",0.118632516363336,"Dana_KO","Car1","4"
"TCCTTCTCATCCTATT-1-2",0.0169587290280691,"Dana_KO","Car1","3"
"TCCTTCTCATGGTACT-1-2",0.0569222067004775,"Dana_KO","Car1","3"
"TCCTTCTGTAAGAACT-1-2",0.865279934435082,"Dana_KO","Ly86","0"
"TCCTTCTGTAGGCTCC-1-2",7.19102536708204,"Dana_KO","Hba-a2","6"
"TCCTTCTGTCCATCTC-1-2",0.0325129014769967,"Dana_KO","Car1","4"
"TCCTTCTGTTGCATTG-1-2",5.57342460866059,"Dana_KO","Car1","6"
"TCCTTCTTCAGCTGAT-1-2",1.20575874795747e-06,"Dana_KO","CD34","7"
"TCCTTCTTCATTTGCT-1-2",2.56951090344698,"Dana_KO","Car1","2"
"TCCTTCTTCGCCGAAC-1-2",3.95100903711205,"Dana_KO","Car1","2"
"TCCTTTCAGAACGTGC-1-2",1.39589762744308e-05,"Dana_KO","Pf4","8"
"TCCTTTCAGAGTGTGC-1-2",0.0165042420031452,"Dana_KO","Car1","4"
"TCCTTTCAGGGTGGGA-1-2",0.733325002716305,"Dana_KO","Pf4","11"
"TCCTTTCCACCCTATC-1-2",10.3681967345365,"Dana_KO","Hba-a2","6"
"TCCTTTCCACGACCTG-1-2",1.40053516108907e-05,"Dana_KO","Pf4","4"
"TCCTTTCCAGAGTGTG-1-2",0.0165042883784816,"Dana_KO","Car1","4"
"TCCTTTCGTATGAGCG-1-2",3.93935831503399,"Dana_KO","Car1","2"
"TCCTTTCGTATTGAGA-1-2",0.139234844466271,"Dana_KO","Gstm1/CD63","1"
"TCCTTTCGTGGACTAG-1-2",2.96802153343378e-06,"Dana_KO","Pf4","3"
"TCCTTTCGTGGCCACT-1-2",0.233452689073779,"Dana_KO","Ly86","0"
"TCGAACAAGAACAGGA-1-2",0.808071830618499,"Dana_KO","Car1","4"
"TCGAACAAGACGAGCT-1-2",4.63753364599029e-08,"Dana_KO","Car1","4"
"TCGAACAAGTAAACAC-1-2",10.3681967809118,"Dana_KO","Hba-a2","6"
"TCGAACACAACCAACT-1-2",6.67804845022602e-06,"Dana_KO","Ly86","14"
"TCGAACACACACACTA-1-2",7.19102541345738,"Dana_KO","Hba-a2","6"
"TCGAACACATAGATCC-1-2",0.194214127164361,"Dana_KO","Pf4","8"
"TCGAACACATAGCACT-1-2",1.24455831268618,"Dana_KO","Car1","3"
"TCGAACACATCGAACT-1-2",0.0569221603251411,"Dana_KO","Car1","3"
"TCGAACAGTGGTGATG-1-2",0.510284570367733,"Dana_KO","Pf4","4"
"TCGAACATCCCGGTAG-1-2",3.01439686989369e-06,"Dana_KO","Pf4","3"
"TCGAACATCTGTCTCG-1-2",0.0165043347538181,"Dana_KO","Car1","4"
"TCGAAGTAGATGACCG-1-2",0.142128738176921,"Dana_KO","Car1","3"
"TCGAAGTAGCGATGCA-1-2",1.40517269473506e-05,"Dana_KO","Pf4","8"
"TCGAAGTAGGTTGGAC-1-2",0.00331045823572129,"Dana_KO","Ly86","1"
"TCGAAGTAGTTCAACC-1-2",0.303713501414539,"Dana_KO","Ly86","0"
"TCGAAGTCACCCTAGG-1-2",0.996565614712709,"Dana_KO","Car1","2"
"TCGAAGTCAGAAGCGT-1-2",0.0165043811291545,"Dana_KO","Car1","7"
"TCGAAGTCATAACGGG-1-2",0.181199672756271,"Dana_KO","Pf4","8"
"TCGAAGTGTAAGCGGT-1-2",0.016504427504491,"Dana_KO","Car1","4"
"TCGAAGTGTTACGTAC-1-2",0.0637248494648676,"Dana_KO","Gstm1/Ly86","0"
"TCGAAGTGTTCCTAGA-1-2",6.72442378668592e-06,"Dana_KO","Ly86","1"
"TCGAAGTTCAGTCATG-1-2",6.77079912314582e-06,"Dana_KO","Gstm1/CD63","1"
"TCGAAGTTCGACGAGA-1-2",0.0076310596984861,"Dana_KO","Fcnb","1"
"TCGAAGTTCTGAGAGG-1-2",0.279713534502661,"Dana_KO","Car1","3"
"TCGACCTAGGCTTCCG-1-2",15.4365166257033,"Dana_KO","Ltf","12"
"TCGACCTAGGTTCCGC-1-2",1.40981022838105e-05,"Dana_KO","Pf4","8"
"TCGACCTAGTCGAAGC-1-2",1.6235785239208,"Dana_KO","Car1","3"
"TCGACCTAGTTCCATG-1-2",12.4979185467424,"Dana_KO","Ltf","12"
"TCGACCTGTATATGGA-1-2",0.0183756011823521,"Dana_KO","Ly86","0"
"TCGACCTGTCACTTCC-1-2",0.108326264074063,"Dana_KO","Car1","4"
"TCGACCTGTGGCCTCA-1-2",1.41444776202704e-05,"Dana_KO","Pf4","4"
"TCGACGGAGAATTTGG-1-2",1.41908529567303e-05,"Dana_KO","Pf4","8"
"TCGACGGAGCGTCTCG-1-2",1.96015842214413,"Dana_KO","Car1","2"
"TCGACGGAGCTATCTG-1-2",0.0503496454387662,"Dana_KO","Pf4","8"
"TCGACGGAGCTCGGCT-1-2",3.06077220635359e-06,"Dana_KO","Pf4","3"
"TCGACGGGTAACACCT-1-2",0.00432409954151913,"Dana_KO","Unannotated","11"
"TCGACGGGTACGTACT-1-2",3.95100908348739,"Dana_KO","Car1","2"
"TCGACGGTCCTACGGG-1-2",1.99737005168143,"Dana_KO","Car1","2"
"TCGATTTGTCGTGGTC-1-2",1.72902799577808,"Dana_KO","Fcnb","1"
"TCGATTTGTTTAGAGA-1-2",0.436476847155956,"Dana_KO","Unannotated","2"
"TCGATTTTCGCGTAGC-1-2",3.10714754281349e-06,"Dana_KO","Pf4","3"
"TCGATTTTCGGTCTAA-1-2",16.6454232203924,"Dana_KO","Ltf","12"
"TCGATTTTCTCCGCAT-1-2",1.42372282931902e-05,"Dana_KO","Pf4","8"
"TCGCACTAGGCGAAGG-1-2",18.0241203423986,"Dana_KO","Ltf","12"
"TCGCACTAGGCGTTAG-1-2",0.0325129478523332,"Dana_KO","Car1","4"
"TCGCACTCAAGAAATC-1-2",0.0325129942276696,"Dana_KO","Pf4","3"
"TCGCACTCACCTTCGT-1-2",1.04276448250655,"Dana_KO","Gstm1/CD63","1"
"TCGCACTCAGGACTAG-1-2",0.00167898662772981,"Dana_KO","Gstm1/CD63","1"
"TCGCACTGTCTGTGCG-1-2",1.27111093352444,"Dana_KO","Car1","2"
"TCGCACTGTGATTGGG-1-2",0.199360773451297,"Dana_KO","Car1","4"
"TCGCACTGTTACACTG-1-2",0,"Dana_KO","Car1","4"
"TCGCACTGTTAGAGAT-1-2",1.42836036296501e-05,"Dana_KO","Pf4","4"
"TCGCACTTCCGGGACT-1-2",1.432997896611e-05,"Dana_KO","Pf4","8"
"TCGCACTTCGAAACAA-1-2",0.701362440548679,"Dana_KO","Gstm1/CD63","1"
"TCGCACTTCGTGAGAG-1-2",0,"Dana_KO","Car1","4"
"TCGCAGGAGCGAAACC-1-2",0.0325130406030061,"Dana_KO","Pf4","4"
"TCGCAGGCACCGCTGA-1-2",0.00219048806426847,"Dana_KO","CD34","7"
"TCGCAGGCACCTGTCT-1-2",0.00560155785142813,"Dana_KO","Pf4","3"
"TCGCAGGGTCCATACA-1-2",0.0953366001969292,"Dana_KO","Car1","4"
"TCGCAGGGTCGACTTA-1-2",0.0204441557278061,"Dana_KO","CD34","0"
"TCGCAGGGTGAAAGTT-1-2",5.48007654392769,"Dana_KO","Hba-a2","6"
"TCGCAGGGTGATAGAT-1-2",0.121249133171534,"Dana_KO","Ly86","0"
"TCGCAGGGTTATGTCG-1-2",0.0204441093524697,"Dana_KO","CD34","0"
"TCGCAGGTCTACTGCC-1-2",0.0625447003085839,"Dana_KO","Ly86","0"
"TCGCAGGTCTATGCCC-1-2",3.1535228792734e-06,"Dana_KO","Car1","3"
"TCGCAGGTCTGCATGA-1-2",4.12740494493136e-06,"Dana_KO","Pf4","4"
"TCGCTCACACACGGAA-1-2",0.0891926505352401,"Dana_KO","Car1","3"
"TCGCTCACACTTGTCC-1-2",0.00167903300306627,"Dana_KO","Gstm1/CD63","1"
"TCGCTCACAGCGATTT-1-2",0.0325130869783425,"Dana_KO","Pf4","4"
"TCGCTCAGTAGTCGTT-1-2",0.637397550935384,"Dana_KO","Gstm1/CD63","1"
"TCGCTCAGTCACCCTT-1-2",0.529933167532224,"Dana_KO","Pf4","8"
"TCGCTCAGTCCAAGAG-1-2",0.116350071065134,"Dana_KO","Car1","4"
"TCGCTCAGTGTGACCC-1-2",4.17378028139126e-06,"Dana_KO","Pf4","4"
"TCGCTTGAGACCGCCT-1-2",0.844683002698833,"Dana_KO","Fcnb","1"
"TCGCTTGAGTAAAGCT-1-2",1.13251873225487,"Dana_KO","Car1","2"
"TCGCTTGCAGGCAATG-1-2",10.3681968272871,"Dana_KO","Hba-a2","6"
"TCGCTTGCATGTGTCA-1-2",0.820003664257836,"Dana_KO","Car1","2"
"TCGCTTGTCTGGGAGA-1-2",1.99737009805676,"Dana_KO","Car1","2"
"TCGCTTGTCTTACGTT-1-2",0.0273622622726196,"Dana_KO","Gstm1/CD63","0"
"TCGGATAAGCGACATG-1-2",1.57243351386088,"Dana_KO","Gstm1/CD63","1"
"TCGGATAAGCGCCATC-1-2",0.0402999610399011,"Dana_KO","Car1","3"
"TCGGATACACGCGCAT-1-2",2.78252018759417e-07,"Dana_KO","Ly86","0"
"TCGGATACAGTAACCT-1-2",6.15514322824252,"Dana_KO","Hba-a2","6"
"TCGGATACATAGGAGC-1-2",0.757164171684971,"Dana_KO","Car1","4"
"TCGGATAGTAGCCCTG-1-2",6.81717445960572e-06,"Dana_KO","Gstm1/CD63","1"
"TCGGATAGTCACTACA-1-2",0.0940651426759316,"Dana_KO","Car1","3"
"TCGGATAGTGATATAG-1-2",0.040943367709446,"Dana_KO","Car1","4"
"TCGGATAGTGGATTTC-1-2",0.032513133353679,"Dana_KO","Pf4","4"
"TCGGATATCGAGAACG-1-2",1.15938341149757e-06,"Dana_KO","CD34","7"
"TCGGATATCTACGGTA-1-2",4.22015561785116e-06,"Dana_KO","Car1","4"
"TCGGATATCTCGCTCA-1-2",1.46747313591949,"Dana_KO","Car1","3"
"TCGGGACGTAGCGTTT-1-2",6.86354979606563e-06,"Dana_KO","Ly86","14"
"TCGGGACGTCCTTGTC-1-2",10.3681968736625,"Dana_KO","Hba-a2","6"
"TCGGGACGTCGGCACT-1-2",2.92920469689305,"Dana_KO","Car1","2"
"TCGGGACTCAAAGACA-1-2",0.0395747559330997,"Dana_KO","Pf4","4"
"TCGGGACTCACGTCCT-1-2",0.107626325031561,"Dana_KO","Pf4","8"
"TCGGGACTCCAACACA-1-2",0.743183993067895,"Dana_KO","Car1","2"
"TCGGGACTCCCGTTGT-1-2",4.38255468350445,"Dana_KO","Car1","2"
"TCGGGACTCGAGTACT-1-2",15.089232237404,"Dana_KO","Ltf","12"
"TCGGGACTCGCCAGTG-1-2",0.0204440629771332,"Dana_KO","Gstm1/Ly86","0"
"TCGGGACTCGCCTAGG-1-2",0.585765536217454,"Dana_KO","Car1","2"
"TCGGGCAAGACCTTTG-1-2",1.15052902186427,"Dana_KO","Pf4","2"
"TCGGGCAAGTAGTCCT-1-2",4.26653095431107e-06,"Dana_KO","Pf4","4"
"TCGGGCACACAAATAG-1-2",1.96015846851947,"Dana_KO","Car1","2"
"TCGGGCACACTTGTGA-1-2",0.380304009498558,"Dana_KO","Pf4","8"
"TCGGGCAGTCCGACGT-1-2",3.1998982157333e-06,"Dana_KO","Pf4","3"
"TCGGGCAGTGACAACG-1-2",3.2462735521932e-06,"Dana_KO","Pf4","3"
"TCGGGCATCAAGAAAC-1-2",0.0953266254064848,"Dana_KO","Fcnb","1"
"TCGGGCATCAGCGCAC-1-2",1.43763543025699e-05,"Dana_KO","Pf4","4"
"TCGGGCATCCGAGCTG-1-2",3.95100912986272,"Dana_KO","Car1","2"
"TCGGGCATCGGCCTTT-1-2",0.0343644467786808,"Dana_KO","Gstm1/CD63","1"
"TCGGGCATCGGCTCTT-1-2",0.0569221139498046,"Dana_KO","Car1","3"
"TCGGGCATCTCTGAGA-1-2",0,"Dana_KO","Car1","3"
"TCGGGTGAGGCATCAG-1-2",1.70805568257894,"Dana_KO","Car1","3"
"TCGGGTGAGTTGGCTT-1-2",1.99163999777339,"Dana_KO","Car1","2"
"TCGGGTGCAAGGATGC-1-2",4.29088134458381,"Dana_KO","Car1","2"
"TCGGGTGCAGAGCGTA-1-2",0.155129514932664,"Dana_KO","Pf4","3"
"TCGGGTGCATCCTTCG-1-2",2.31876682299514e-07,"Dana_KO","CD34","0"
"TCGGGTGGTGACAACG-1-2",6.90992513252553e-06,"Dana_KO","Gstm1/CD63","1"
"TCGGGTGGTTATAGAG-1-2",1.9973701444321,"Dana_KO","Car1","2"
"TCGGGTGTCCACCTGT-1-2",0.0569220675744682,"Dana_KO","Car1","3"
"TCGGGTGTCCTACGGG-1-2",0.915799669105424,"Dana_KO","Fcnb","1"
"TCGGGTGTCGAACTCA-1-2",7.07309334573281,"Dana_KO","Car1","6"
"TCGGTCTAGTCTACCA-1-2",10.3690550657518,"Dana_KO","Hba-a2","6"
"TCGGTCTCACAGCGCT-1-2",0.313463676506092,"Dana_KO","Pf4","8"
"TCGGTCTCACCAGTAT-1-2",1.44227296390298e-05,"Dana_KO","Pf4","8"
"TCGGTCTGTCACAGAG-1-2",0.0325131797290155,"Dana_KO","Pf4","4"
"TCGGTCTGTCGTCTCT-1-2",1.44691049754897e-05,"Dana_KO","Pf4","8"
"TCGGTCTTCAATGCAC-1-2",6.95630046898543e-06,"Dana_KO","Fcnb","1"
"TCGGTCTTCCCGTGTT-1-2",3.2926488886531e-06,"Dana_KO","Pf4","4"
"TCGGTCTTCGTTAGAC-1-2",0.459030457914829,"Dana_KO","CD34","7"
"TCGGTCTTCTGAATCG-1-2",0.230920278679458,"Dana_KO","Car1","3"
"TCGTAGAAGACATATG-1-2",0.0941528391600266,"Dana_KO","Pf4","4"
"TCGTAGACACGGATCC-1-2",0.00219044168893201,"Dana_KO","Gstm1/CD63","7"
"TCGTAGACACTTGTCC-1-2",1.45154803119496e-05,"Dana_KO","Pf4","8"
"TCGTAGACAGGATTCT-1-2",0.837996780614903,"Dana_KO","Car1","4"
"TCGTAGAGTCTACAAC-1-2",1.45618556484095e-05,"Dana_KO","Pf4","8"
"TCGTAGAGTTCCATTT-1-2",0.387943600394674,"Dana_KO","Ly86","0"
"TCGTAGAGTTTCCATT-1-2",0.944799498470104,"Dana_KO","Car1","3"
"TCGTAGATCCATGAGT-1-2",0.981144633989385,"Dana_KO","Gstm1/CD63","1"
"TCGTCCACAACACTAC-1-2",1.46082309848694e-05,"Dana_KO","Pf4","8"
"TCGTCCAGTAGCCCTG-1-2",0.950418260138446,"Dana_KO","Pf4","2"
"TCGTCCAGTCACCGCA-1-2",0.00167907937840273,"Dana_KO","Gstm1/CD63","1"
"TCGTCCATCATTCATC-1-2",0.389641788796661,"Dana_KO","Prg2","10"
"TCGTCCATCGTTGCCT-1-2",1.46546063213293e-05,"Dana_KO","Pf4","8"
"TCGTGCTAGACTTAAG-1-2",0.975553482327796,"Dana_KO","Car1","3"
"TCGTGCTAGGTAGCCA-1-2",0.199556455600081,"Dana_KO","Ly86","0"
"TCGTGCTAGTATGCAA-1-2",1.47009816577892e-05,"Dana_KO","Pf4","8"
"TCGTGCTCACGTGAGA-1-2",0.0169587754034055,"Dana_KO","Car1","3"
"TCGTGCTCATAGCTGT-1-2",0.0325132261043519,"Dana_KO","Pf4","4"
"TCGTGCTGTTGGGTTT-1-2",0.0569220211991317,"Dana_KO","CD34","3"
"TCGTGCTTCGGACTGC-1-2",0.733189258417841,"Dana_KO","Pf4","8"
"TCGTGCTTCGGTATGT-1-2",5.76365234076315,"Dana_KO","Car1","6"
"TCGTGGGAGGTATCTC-1-2",9.27506729198058e-08,"Dana_KO","CD34","3"
"TCGTGGGGTAGATCCT-1-2",0.0744522874690001,"Dana_KO","Pf4","4"
"TCGTGGGGTTTACGAC-1-2",0.0569219748237952,"Dana_KO","Car1","3"
"TCGTGGGTCTACTGAG-1-2",0.235028794081316,"Dana_KO","Car1","4"
"TCTAACTAGGCTGTAG-1-2",0.0204440166017967,"Dana_KO","CD34","0"
"TCTAACTCACAAGTTC-1-2",0.052028111703132,"Dana_KO","Pf4","3"
"TCTAACTCATGCGGTC-1-2",15.925994452178,"Dana_KO","Ltf","12"
"TCTAACTGTGGGAGAG-1-2",0.0805406829832194,"Dana_KO","Fcnb","1"
"TCTAACTTCAACGTGT-1-2",1.47473569942491e-05,"Dana_KO","Pf4","8"
"TCTAACTTCACGTCCT-1-2",1.81528113129813,"Dana_KO","Fcnb","1"
"TCTAACTTCCCAATAG-1-2",1.4793732330709e-05,"Dana_KO","Car1","8"
"TCTACATCAAAGAGTT-1-2",0.497675111918725,"Dana_KO","Fcnb","1"
"TCTACATCAATAAGGT-1-2",0.214654158623484,"Dana_KO","Pf4","3"
"TCTACATGTCGGTGTC-1-2",0.725839380181543,"Dana_KO","CD34","8"
"TCTACATGTGAAAGTT-1-2",1.48401076671689e-05,"Dana_KO","Pf4","8"
"TCTACATTCATCCTAT-1-2",0.274789354494974,"Dana_KO","CD34","4"
"TCTACATTCCTGCCAT-1-2",0.0569219284484588,"Dana_KO","Car1","3"
"TCTACCGCACCATAAC-1-2",1.04276452888188,"Dana_KO","Gstm1/CD63","1"
"TCTACCGCAGTAGATA-1-2",7.00267580544534e-06,"Dana_KO","Gstm1/CD63","1"
"TCTACCGGTATGTCTG-1-2",1.48864830036288e-05,"Dana_KO","Pf4","8"
"TCTACCGGTCAAGCCC-1-2",0.17411052693858,"Dana_KO","Pf4","2"
"TCTACCGGTCTTGAGT-1-2",0.0662932609128273,"Dana_KO","Pf4","8"
"TCTACCGGTGCGTGCT-1-2",0.0907163576903746,"Dana_KO","Car1","2"
"TCTACCGGTGTAGCAG-1-2",0.71205473153063,"Dana_KO","Fcnb","1"
"TCTACCGTCACGGAGA-1-2",0.151191150007992,"Dana_KO","Car1","3"
"TCTATACAGCCAACCC-1-2",2.3683350802795,"Dana_KO","Fcnb","1"
"TCTATACAGCCACCGT-1-2",0.0419820044974579,"Dana_KO","Pf4","4"
"TCTATACAGCGACAGT-1-2",0.0741770564571584,"Dana_KO","CD34","1"
"TCTATACCAGAGTGAC-1-2",6.02879373978737e-07,"Dana_KO","Prg2","10"
"TCTATACGTATTCCTT-1-2",0.000501139639515369,"Dana_KO","Gstm1/CD63","1"
"TCTATACTCCGCTAGG-1-2",1.67491152669329,"Dana_KO","Car1","2"
"TCTATACTCCGGACGT-1-2",0.118953605135635,"Dana_KO","Gstm1/CD63","1"
"TCTATACTCTCCTACG-1-2",0.001079280737452,"Dana_KO","Pf4","3"
"TCTATCAAGACTTCAC-1-2",1.02049676799591,"Dana_KO","Fcnb","1"
"TCTATCAAGTAAACTG-1-2",2.78141464365091,"Dana_KO","Car1","2"
"TCTATCACACTTCAAG-1-2",0.684507875023254,"Dana_KO","Car1","2"
"TCTATCACAGAATGTA-1-2",0.0165044738798275,"Dana_KO","Car1","4"
"TCTATCACAGATACTC-1-2",6.28415804464128,"Dana_KO","Car1","6"
"TCTATCACAGGAGGAG-1-2",0.0569218820731223,"Dana_KO","Car1","3"
"TCTATCAGTCTGTGAT-1-2",17.616086125709,"Dana_KO","Ltf","12"
"TCTATCAGTTACACTG-1-2",0.0165045202551639,"Dana_KO","Car1","4"
"TCTATCATCACCTCGT-1-2",0.235353371784647,"Dana_KO","Gstm1/CD63","1"
"TCTCACGCACTGCTTC-1-2",0.0138786345364463,"Dana_KO","Car1","3"
"TCTCACGCACTTACAG-1-2",0.951358928587242,"Dana_KO","Ly86","0"
"TCTCACGCATAGGTTC-1-2",10.446113464389,"Dana_KO","Hba-a2","6"
"TCTCACGCATCCTATT-1-2",0.144780151286948,"Dana_KO","CD34","4"
"TCTCACGGTCCAAGAG-1-2",1.49328583400887e-05,"Dana_KO","Pf4","8"
"TCTCACGGTCCAGAAG-1-2",0.00595714625990994,"Dana_KO","CD34","7"
"TCTCACGGTGTTGATC-1-2",0.86204012275403,"Dana_KO","Gstm1/CD63","1"
"TCTCACGGTTATAGAG-1-2",1.49792336765486e-05,"Dana_KO","Pf4","8"
"TCTCACGTCACTTATC-1-2",1.50256090130085e-05,"Dana_KO","Car1","8"
"TCTCACGTCAGGAGAC-1-2",0.0422250713422317,"Dana_KO","Car1","3"
"TCTCACGTCCGCGAGT-1-2",0.118259195321217,"Dana_KO","Gstm1/CD63","1"
"TCTCACGTCGCCTAGG-1-2",0.575542803177564,"Dana_KO","Unannotated","4"
"TCTCACGTCGTACCTC-1-2",0.016958821778742,"Dana_KO","Car1","3"
"TCTCAGCAGACAAGCC-1-2",0.00219039531359555,"Dana_KO","CD34","7"
"TCTCAGCAGATGCTAA-1-2",1.50719843494684e-05,"Dana_KO","Pf4","8"
"TCTCAGCAGTCTGCGC-1-2",2.21994107056255,"Dana_KO","Fcnb","1"
"TCTCAGCCAGCTACTA-1-2",0.413108582311632,"Dana_KO","Pf4","8"
"TCTCAGCCAGGTACGA-1-2",0.860615855419455,"Dana_KO","Car1","4"
"TCTCAGCCAGTTAAAG-1-2",0.0204439702264603,"Dana_KO","CD34","0"
"TCTCAGCGTCATGACT-1-2",3.62495033894452,"Dana_KO","Car1","2"
"TCTCAGCTCCATTTAC-1-2",0.287803456645283,"Dana_KO","Ly86","0"
"TCTCCGAAGACGCCAA-1-2",0.853540935820945,"Dana_KO","Gstm1/Ly86","0"
"TCTCCGAAGTGCAACG-1-2",0.0579388492184683,"Dana_KO","CD34","10"
"TCTCCGACAGGCTTGC-1-2",0.00432405316618267,"Dana_KO","Car1","9"
"TCTCCGACAGTCCGTG-1-2",0.0569218356977859,"Dana_KO","Unannotated","3"
"TCTCCGACATGAAAGT-1-2",7.19102545983271,"Dana_KO","Hba-a2","6"
"TCTCCGAGTCGATGCC-1-2",5.34033367951206,"Dana_KO","Car1","2"
"TCTCCGAGTTGATGTC-1-2",2.61102941983062,"Dana_KO","Car1","2"
"TCTCCGATCGAAGCCC-1-2",18.0369425198223,"Dana_KO","Ltf","12"
"TCTCCGATCGATTGGT-1-2",0.0537083496695154,"Dana_KO","CD34","4"
"TCTCCGATCTACTGAG-1-2",7.19102550620805,"Dana_KO","Hba-a2","6"
"TCTCCGATCTAGTCAG-1-2",0.806571048846761,"Dana_KO","Car1","7"
"TCTCTGGCATGAGAAT-1-2",4.09333620883066,"Dana_KO","Car1","2"
"TCTCTGGGTGTGAATA-1-2",0.11409663136063,"Dana_KO","Car1","2"
"TCTCTGGGTGTGACCC-1-2",1.51183596859283e-05,"Dana_KO","Pf4","8"
"TCTCTGGGTTCAGTAC-1-2",0.0325132724796884,"Dana_KO","Car1","4"
"TCTCTGGTCCACGTAA-1-2",0.800036168728483,"Dana_KO","Gstm1/CD63","1"
"TCTCTGGTCGTGGACC-1-2",1.51647350223882e-05,"Dana_KO","Pf4","8"
"TCTCTGGTCTTGGTGA-1-2",0.0665836233113231,"Dana_KO","Car1","4"
"TCTGCCAAGACCTTTG-1-2",2.27239148653524e-06,"Dana_KO","Gstm1/CD63","10"
"TCTGCCAAGCACGATG-1-2",3.65593583398114,"Dana_KO","Car1","2"
"TCTGCCACACAGTATC-1-2",10.3681969200378,"Dana_KO","Hba-a2","6"
"TCTGCCATCAATGCAC-1-2",18.0587258682903,"Dana_KO","Ltf","12"
"TCTGGCTAGATTAGTG-1-2",0.0245462380895685,"Dana_KO","Gstm1/CD63","1"
"TCTGGCTAGCTAATGA-1-2",2.02572954173626,"Dana_KO","Fcnb","1"
"TCTGGCTAGGATAATC-1-2",0.510445920234569,"Dana_KO","Car1","4"
"TCTGGCTAGGTGCAGT-1-2",0.0943678399830358,"Dana_KO","CD34","1"
"TCTGGCTCAGCTGTAT-1-2",0.0217629053399819,"Dana_KO","Pf4","8"
"TCTGGCTCATCTATCT-1-2",0.00107923436211554,"Dana_KO","Car1","3"
"TCTGGCTTCAGTAGGG-1-2",0.929014873517579,"Dana_KO","Pf4","8"
"TCTGGCTTCTAGGCAT-1-2",4.31290629077097e-06,"Dana_KO","Pf4","4"
"TCTGTCGAGAATTCAG-1-2",0.0569217893224494,"Dana_KO","Car1","3"
"TCTGTCGAGGACTGGT-1-2",0.00469564182078308,"Dana_KO","Gstm1/CD63","1"
"TCTGTCGAGTTGCGAG-1-2",0.149926787735416,"Dana_KO","CD34","7"
"TCTGTCGCACTAGTAC-1-2",0.0443985558430147,"Dana_KO","Car1","3"
"TCTGTCGCAGTTGTTG-1-2",16.1117072304588,"Dana_KO","Ltf","12"
"TCTGTCGCATACGCAT-1-2",0.0421742073225151,"Dana_KO","Ly86","0"
"TCTGTCGGTGTTGCCG-1-2",0.899217989334538,"Dana_KO","Pf4","8"
"TCTGTCGGTTTGGCTA-1-2",0.16086702090496,"Dana_KO","Car1","2"
"TCTGTCGTCACGACTA-1-2",0.806074024169817,"Dana_KO","Car1","3"
"TCTGTCGTCCTGTAAG-1-2",1.52111103588481e-05,"Dana_KO","Pf4","8"
"TCTGTCGTCCTGTTGC-1-2",7.04905114190524e-06,"Dana_KO","Gstm1/CD63","1"
"TCTTAGTAGTGCACCC-1-2",0.0846737849934385,"Dana_KO","Ly86","1"
"TCTTAGTAGTTAACAG-1-2",4.63753364599029e-08,"Dana_KO","Car1","4"
"TCTTAGTCACCGTGCA-1-2",0.0785425759144811,"Dana_KO","Car1","2"
"TCTTAGTGTCAATCTG-1-2",4.35928162723087e-06,"Dana_KO","Pf4","8"
"TCTTAGTTCCGATTAG-1-2",0,"Dana_KO","Car1","2"
"TCTTCCTAGTGTAGTA-1-2",0.240895424087622,"Dana_KO","Car1","4"
"TCTTCCTCAAGTCATC-1-2",0.457562656481626,"Dana_KO","Fcnb","1"
"TCTTCCTCATAGAATG-1-2",12.4979185931177,"Dana_KO","Ltf","12"
"TCTTCCTGTAACACGG-1-2",0.152182644999068,"Dana_KO","Gstm1/CD63","1"
"TCTTCCTTCGGTCGAC-1-2",0.0325133188550248,"Dana_KO","Pf4","4"
"TCTTGCGAGGCCTTCG-1-2",1.11300807503767e-06,"Dana_KO","Vpreb1","7"
"TCTTGCGAGTCATAGA-1-2",0.973744631613885,"Dana_KO","CD34","4"
"TCTTGCGGTGGCTTGC-1-2",4.00364466389327,"Dana_KO","Car1","2"
"TCTTGCGGTTCGTTCC-1-2",0.101670016491026,"Dana_KO","Car1","2"
"TCTTGCGTCATCGGGC-1-2",1.5257485695308e-05,"Dana_KO","Pf4","8"
"TCTTGCGTCCGGACGT-1-2",0.531448931570366,"Dana_KO","Car1","4"
"TCTTTGAAGCCATATC-1-2",0.0884798454520555,"Dana_KO","CD34","4"
"TCTTTGAAGCGTTCAT-1-2",0.459030411539492,"Dana_KO","CD34","7"
"TCTTTGAAGTTAACGA-1-2",1.5303861031768e-05,"Dana_KO","Pf4","8"
"TCTTTGAAGTTGCCTA-1-2",5.65899454066518,"Dana_KO","Car1","2"
"TCTTTGACAACCTAAC-1-2",1.25213408441738e-06,"Dana_KO","Car1","4"
"TCTTTGACACAGTATC-1-2",0.21819950456321,"Dana_KO","Pf4","4"
"TCTTTGACACGGCGTT-1-2",2.40339343954875,"Dana_KO","Car1","2"
"TCTTTGAGTTGTTGAC-1-2",18.0336708416087,"Dana_KO","Ltf","12"
"TGAACGTAGAGAGTGA-1-2",1.53502363682279e-05,"Dana_KO","Pf4","8"
"TGAACGTAGGTCACTT-1-2",0.103777974906094,"Dana_KO","Gstm1/CD63","1"
"TGAACGTAGTATTAGG-1-2",1.33555256163312,"Dana_KO","Fcnb","1"
"TGAACGTCACAGACGA-1-2",0.232604679735876,"Dana_KO","Car1","8"
"TGAACGTGTATGCGGA-1-2",1.53966117046878e-05,"Dana_KO","Pf4","8"
"TGAACGTGTATTGAGA-1-2",9.27506729198058e-08,"Dana_KO","Car1","4"
"TGAACGTGTCAACATC-1-2",1.54429870411477e-05,"Dana_KO","Pf4","8"
"TGAACGTGTCTGCAAT-1-2",0.272650986461636,"Dana_KO","Prg2","10"
"TGAACGTTCGACCACG-1-2",0.67708242881015,"Dana_KO","Fcnb","1"
"TGAACGTTCGCTGCGA-1-2",1.54893623776076e-05,"Dana_KO","Pf4","8"
"TGAACGTTCTCACTCG-1-2",2.92920474326839,"Dana_KO","Car1","2"
"TGAACGTTCTCGCCTA-1-2",0.0761299616045674,"Dana_KO","Ly86","0"
"TGAATCGCACGTAGTT-1-2",0.637857815493427,"Dana_KO","Car1","3"
"TGAATCGCAGGCCCTA-1-2",0.142423603016772,"Dana_KO","Gstm1/CD63","7"
"TGAATCGCATCGTGCG-1-2",0.0325133652303613,"Dana_KO","Car1","4"
"TGAATCGGTACGCTAT-1-2",5.0645883684301,"Dana_KO","Car1","6"
"TGAATCGGTGACCGTC-1-2",4.40565696369077e-06,"Dana_KO","Pf4","4"
"TGAATCGGTGGCAACA-1-2",3.95100917623806,"Dana_KO","Car1","2"
"TGAATCGTCAAACCCA-1-2",0.0182361028163616,"Dana_KO","Pf4","3"
"TGAATCGTCAACTCTT-1-2",7.19102555258339,"Dana_KO","Car1","6"
"TGAATCGTCCGAGTGC-1-2",0.0321588144704772,"Dana_KO","Car1","4"
"TGAATGCAGGCATCAG-1-2",0.745268423224225,"Dana_KO","Ly86","0"
"TGAATGCCAACTTGGT-1-2",1.55357377140675e-05,"Dana_KO","Pf4","8"
"TGAATGCCAAGTCCCG-1-2",0.00219034893825909,"Dana_KO","Gstm1/Ly86","7"
"TGAATGCCACCTATCC-1-2",1.03860926593177,"Dana_KO","Car1","2"
"TGAATGCCATCTAGAC-1-2",0.733362727355135,"Dana_KO","Pf4","11"
"TGAATGCGTAGGACCA-1-2",0.0351815833020179,"Dana_KO","Unannotated","8"
"TGAATGCGTCTCGACG-1-2",0.021992824418466,"Dana_KO","Fcnb","1"
"TGAATGCTCATTGCCC-1-2",0.129259945780836,"Dana_KO","Ly86","0"
"TGAATGCTCTCTTGCG-1-2",3.9510092226134,"Dana_KO","Car1","2"
"TGACAGTAGAAACACT-1-2",1.03802837802427,"Dana_KO","Car1","2"
"TGACAGTAGATGGTAT-1-2",1.55821130505274e-05,"Dana_KO","Pf4","4"
"TGACAGTAGCAGATAT-1-2",1.56284883869873e-05,"Dana_KO","Pf4","8"
"TGACAGTAGTGGACGT-1-2",0.346196351642895,"Dana_KO","Ly86","1"
"TGACAGTCAAACAGGC-1-2",1.07454664293763,"Dana_KO","Fcnb","1"
"TGACAGTCAAATTGCC-1-2",0.0325134116056978,"Dana_KO","Car1","4"
"TGACAGTCACTTGAAC-1-2",0.617908806599305,"Dana_KO","Car1","4"
"TGACAGTGTACAGTAA-1-2",5.80277136052975,"Dana_KO","Car1","2"
"TGACCCTAGCGGATCA-1-2",8.17395017856739,"Dana_KO","Hba-a2","6"
"TGACCCTAGCTGCCAC-1-2",1.0695573033435,"Dana_KO","Gstm1/CD63","1"
"TGACCCTCAACGGCCT-1-2",2.94355958482874,"Dana_KO","Car1","2"
"TGACCCTCAGACGCTC-1-2",3.33902422511301e-06,"Dana_KO","Car1","3"
"TGACCCTGTACGTAGG-1-2",0.376144723835459,"Dana_KO","Fcnb","1"
"TGACCCTGTGACTATC-1-2",4.45203230015068e-06,"Dana_KO","Pf4","4"
"TGACCCTTCCCATAAG-1-2",3.59428351095069,"Dana_KO","Car1","2"
"TGACGCGAGAGAACCC-1-2",0.0490890844160878,"Dana_KO","Pf4","8"
"TGACGCGAGCCATCCG-1-2",1.06663273857777e-06,"Dana_KO","Vpreb1","7"
"TGACGCGAGGCGCTCT-1-2",0.0187107699939624,"Dana_KO","Gstm1/CD63","1"
"TGACGCGGTACCCAGC-1-2",0.0552992872145031,"Dana_KO","CD34","7"
"TGACGCGGTCCGGATC-1-2",1.02025740211786e-06,"Dana_KO","CD34","7"
"TGACGCGGTCCTACAA-1-2",0.0165045666305004,"Dana_KO","Car1","4"
"TGACGCGGTGCAACGA-1-2",0.00435270051837655,"Dana_KO","Fcnb","1"
"TGACGCGTCGGCAGTC-1-2",0.711037945097053,"Dana_KO","Pf4","4"
"TGACTCCAGGGCAGAG-1-2",0.0165046130058368,"Dana_KO","Car1","4"
"TGACTCCAGTAGTCCT-1-2",0.205975091497473,"Dana_KO","Pf4","3"
"TGACTCCCACGCTATA-1-2",0.109483340644188,"Dana_KO","Car1","4"
"TGACTCCGTAAGATAC-1-2",0.729370557622882,"Dana_KO","Pf4","8"
"TGACTCCGTGACTATC-1-2",1.70489331114739,"Dana_KO","Car1","2"
"TGACTCCTCCAACCAA-1-2",2.56661784666265,"Dana_KO","Car1","2"
"TGACTCCTCCTTGGAA-1-2",0.00432400679084621,"Dana_KO","Car1","11"
"TGACTCCTCGAGCCTG-1-2",0.0741963568184238,"Dana_KO","Car1","3"
"TGAGACTAGCGACCCT-1-2",2.40339348592409,"Dana_KO","Car1","2"
"TGAGACTAGTGTTGTC-1-2",0.208653566410989,"Dana_KO","Pf4","3"
"TGAGACTGTGGCTAGA-1-2",4.49840763661058e-06,"Dana_KO","Unannotated","4"
"TGAGACTTCCCGTGAG-1-2",0.00219030256292263,"Dana_KO","CD34","7"
"TGAGACTTCCGAGATT-1-2",1.29850942087728e-06,"Dana_KO","Car1","4"
"TGAGCATAGCCTCTCT-1-2",0.459030365164156,"Dana_KO","CD34","7"
"TGAGCATAGTCTTCCC-1-2",7.09542647836514e-06,"Dana_KO","Fcnb","1"
"TGAGCATCACTTCAGA-1-2",3.93935836140932,"Dana_KO","Car1","4"
"TGAGCATCAGCTGTGC-1-2",0.0165046593811733,"Dana_KO","Car1","3"
"TGAGCATGTATTGGCT-1-2",0.701362486924016,"Dana_KO","Fcnb","1"
"TGAGCATGTGACTATC-1-2",0.459030318788819,"Dana_KO","CD34","7"
"TGAGCATGTGTGATGG-1-2",0.0677714828057914,"Dana_KO","Gstm1/CD63","1"
"TGAGCATGTGTTGATC-1-2",9.73882065657961e-07,"Dana_KO","Ly86","14"
"TGAGCATTCACGGTCG-1-2",0.00219025618758617,"Dana_KO","Gstm1/Ly86","7"
"TGAGCGCAGGTCCAGA-1-2",1.56748637234472e-05,"Dana_KO","Pf4","8"
"TGAGCGCAGTCACGAG-1-2",0.868854246672829,"Dana_KO","Ly86","0"
"TGAGCGCCACCCGTAG-1-2",0.144165845830329,"Dana_KO","Car1","4"
"TGAGCGCCATCCTTGC-1-2",1.57212390599071e-05,"Dana_KO","Pf4","8"
"TGAGCGCGTATCGAAA-1-2",4.63753364599029e-08,"Dana_KO","Unannotated","4"
"TGAGCGCGTCTCTCTG-1-2",0.000579255901371978,"Dana_KO","Ly86","0"
"TGAGCGCGTGCTATTG-1-2",0.00491871263974764,"Dana_KO","Car1","2"
"TGAGCGCTCAATGTCG-1-2",1.5767614396367e-05,"Dana_KO","Pf4","8"
"TGAGGAGAGTGTTCAC-1-2",1.16679879261229,"Dana_KO","Pf4","8"
"TGAGGAGCAACCGTAT-1-2",0.145968783961517,"Dana_KO","Car1","2"
"TGAGGAGGTTACCCAA-1-2",8.71258645267956,"Dana_KO","Hba-a2","6"
"TGAGGAGGTTTGGAGG-1-2",6.2916692239415,"Dana_KO","Car1","6"
"TGAGGAGTCGAACCTA-1-2",0.00167912575373919,"Dana_KO","Gstm1/CD63","1"
"TGAGGAGTCGACCAAT-1-2",0.0569217429471129,"Dana_KO","Car1","3"
"TGAGGAGTCTTGGCTC-1-2",0.00162997293541767,"Dana_KO","Car1","3"
"TGAGGGAAGTAGCCAG-1-2",0.792410496266347,"Dana_KO","Car1","2"
"TGAGGGACACTACGGC-1-2",0.729726351873535,"Dana_KO","Pf4","8"
"TGAGGGACAGCAGTGA-1-2",2.40339353229943,"Dana_KO","Car1","2"
"TGAGGGACATCGGCCA-1-2",0.106777153145769,"Dana_KO","CD34","0"
"TGAGGGACATCTATCT-1-2",3.95100926898873,"Dana_KO","Car1","2"
"TGAGGGAGTACGACAG-1-2",0.153368643123252,"Dana_KO","Pf4","8"
"TGAGGGAGTGTGGTCC-1-2",0.682647011091577,"Dana_KO","Pf4","2"
"TGAGGGAGTTCAATCG-1-2",2.27294647622811,"Dana_KO","Fcnb","1"
"TGAGGGAGTTCCCACT-1-2",0.459755652284302,"Dana_KO","Ly86","0"
"TGAGGGATCGAGAAGC-1-2",0.178002646530312,"Dana_KO","Pf4","8"
"TGAGGGATCGAGTACT-1-2",9.27506729198058e-07,"Dana_KO","Gstm1/Ly86","7"
"TGAGGGATCGCTCCTA-1-2",1.58139897328269e-05,"Dana_KO","Pf4","4"
"TGAGGGATCGTAACTG-1-2",2.33867780940572,"Dana_KO","Car1","2"
"TGAGGTTAGTAGTCAA-1-2",0.0200472662768831,"Dana_KO","CD34","11"
"TGAGGTTAGTTCATCG-1-2",1.58603650692868e-05,"Dana_KO","Pf4","8"
"TGAGGTTCAAACCATC-1-2",1.31821763155587,"Dana_KO","Gstm1/CD63","1"
"TGAGGTTCAATACAGA-1-2",7.19102559895872,"Dana_KO","Hba-a2","6"
"TGAGGTTCAATGAGCG-1-2",0.035053983711038,"Dana_KO","Pf4","8"
"TGAGGTTGTACGAGTG-1-2",3.38539956157291e-06,"Dana_KO","Pf4","3"
"TGAGGTTGTGATAGAT-1-2",0.0569216965717765,"Dana_KO","Car1","3"
"TGAGGTTGTTGAGAGC-1-2",0.690716978301186,"Dana_KO","Car1","4"
"TGAGGTTTCGTGCTCT-1-2",3.43177489803281e-06,"Dana_KO","Pf4","8"
"TGAGTCAAGGTAAGGA-1-2",0.05692165019644,"Dana_KO","Car1","3"
"TGAGTCAAGTTCATCG-1-2",2.68651957270168,"Dana_KO","Car1","2"
"TGAGTCACAGTATACC-1-2",10.3681969664132,"Dana_KO","Hba-a2","6"
"TGAGTCAGTACGGGAT-1-2",0.0354662613959857,"Dana_KO","Gstm1/Ly86","0"
"TGAGTCATCATGGCCG-1-2",0.520648250397796,"Dana_KO","Pf4","8"
"TGAGTCATCTGCGGAC-1-2",7.14180181482504e-06,"Dana_KO","Fcnb","1"
"TGATCAGAGCACGTCC-1-2",0.00173762061893928,"Dana_KO","Ly86","0"
"TGATCAGAGTCAGAGC-1-2",0.651602603838407,"Dana_KO","Unannotated","2"
"TGATCAGCACGGGCTT-1-2",0.0165047057565098,"Dana_KO","Car1","3"
"TGATCAGCACGTGAGA-1-2",0.637857861868763,"Dana_KO","Car1","2"
"TGATCAGCAGGTTTAC-1-2",1.57243356023622,"Dana_KO","Gstm1/CD63","1"
"TGATCAGCATTGCTGA-1-2",0.624575636371918,"Dana_KO","Car1","3"
"TGATCAGGTAACCCGC-1-2",0.00994937712219246,"Dana_KO","Unannotated","11"
"TGATCAGGTGAGAACC-1-2",9.57937263635197,"Dana_KO","Hba-a2","6"
"TGATCAGGTTAAGGAT-1-2",1.59067404057467e-05,"Dana_KO","Pf4","8"
"TGATCAGTCGTTACCC-1-2",2.06744922353136,"Dana_KO","Gstm1/CD63","1"
"TGATCTTAGCCACTCG-1-2",4.13999854787153,"Dana_KO","Car1","2"
"TGATCTTAGCGGACAT-1-2",0.00942964964152182,"Dana_KO","Fcnb","1"
"TGATCTTCAACTACGT-1-2",0.556931078469105,"Dana_KO","Gstm1/CD63","0"
"TGATCTTCACAGTCCG-1-2",0.10364612525613,"Dana_KO","Car1","2"
"TGATCTTCACATACGT-1-2",0.0325134579810342,"Dana_KO","Pf4","4"
"TGATCTTCACCAGCTG-1-2",2.91862007917124,"Dana_KO","Car1","2"
"TGATCTTCATAAGCAA-1-2",7.18817715128495e-06,"Dana_KO","Ly86","14"
"TGATCTTGTGAAGCGT-1-2",0,"Dana_KO","Car1","2"
"TGATCTTTCACCCTCA-1-2",0.715986672000986,"Dana_KO","Pf4","8"
"TGATCTTTCGCTTGAA-1-2",0.00107918798677908,"Dana_KO","Car1","3"
"TGATCTTTCTTGGCTC-1-2",0.0220240021854705,"Dana_KO","Unannotated","2"
"TGATGCAGTGCCCTTT-1-2",1.08581920612153,"Dana_KO","Fcnb","1"
"TGATGCATCCTTGAAG-1-2",0.215949905274346,"Dana_KO","CD34","1"
"TGATGGTAGCTTAGTC-1-2",4.35106396043576,"Dana_KO","Car1","2"
"TGATGGTCACATCATG-1-2",0.00867570174276378,"Dana_KO","Ly86","0"
"TGATGGTCACCGGTCA-1-2",0.0841580356058196,"Dana_KO","Pf4","8"
"TGATGGTCATGGCTAT-1-2",4.37149397356599,"Dana_KO","Car1","2"
"TGATGGTGTGCACATT-1-2",0.00514937142880356,"Dana_KO","Gstm1/CD63","1"
"TGATGGTTCGATTTCT-1-2",1.59531157422066e-05,"Dana_KO","Pf4","8"
"TGATGGTTCTGAGAGG-1-2",1.64523698005917,"Dana_KO","Car1","2"
"TGATTCTAGCGTCTCG-1-2",0.0569216038211036,"Dana_KO","Pf4","3"
"TGATTCTAGGGTAGCT-1-2",7.23455248774485e-06,"Dana_KO","CD34","1"
"TGATTCTAGTCTGCGC-1-2",0.989750471391175,"Dana_KO","Gstm1/CD63","1"
"TGATTCTAGTGAGGTC-1-2",2.57771731351747,"Dana_KO","Car1","2"
"TGATTCTAGTGGATAT-1-2",0.0391659609530841,"Dana_KO","Gstm1/CD63","1"
"TGATTCTCACGACGAA-1-2",2.2686436524167,"Dana_KO","Fcnb","1"
"TGATTCTCAGAGGTAC-1-2",0.30535925711348,"Dana_KO","Pf4","3"
"TGATTCTGTCACTTCC-1-2",0.00902614358116516,"Dana_KO","Fcnb","1"
"TGATTCTGTGCGTCGT-1-2",0.0406031957950006,"Dana_KO","Gstm1/CD63","1"
"TGATTCTGTTAGCGGA-1-2",0.667866416646737,"Dana_KO","Unannotated","2"
"TGATTCTGTTGTAGCT-1-2",0.197946000730827,"Dana_KO","Ly86","0"
"TGATTCTTCATCGCCT-1-2",0.285320290462107,"Dana_KO","Car1","2"
"TGATTCTTCGGCTGGT-1-2",8.81131392738155e-07,"Dana_KO","Ly86","14"
"TGATTTCGTAGTCGGA-1-2",4.54478297307048e-06,"Dana_KO","Pf4","4"
"TGATTTCGTATGAGCG-1-2",0.0508264403514262,"Dana_KO","Car1","4"
"TGATTTCGTCATCGGC-1-2",0.981144680364722,"Dana_KO","Fcnb","1"
"TGATTTCGTGACCGTC-1-2",0.0461570945016816,"Dana_KO","Ly86","0"
"TGATTTCTCATACGAC-1-2",0.00432396041550975,"Dana_KO","Car1","11"
"TGATTTCTCATTGTTC-1-2",18.278576290279,"Dana_KO","Ltf","12"
"TGATTTCTCTCAATCT-1-2",0.034748092287527,"Dana_KO","CD34","1"
"TGCACGGCACTACGGC-1-2",0.00219020981224971,"Dana_KO","Gstm1/CD63","7"
"TGCACGGGTATCAGGG-1-2",16.6289511710262,"Dana_KO","Ltf","12"
"TGCACGGTCAGGACGA-1-2",0.398444645602843,"Dana_KO","Ly86","0"
"TGCACGGTCAGTCTTT-1-2",1.59994910786665e-05,"Dana_KO","Pf4","8"
"TGCACGGTCCCTCTCC-1-2",2.38698865298814,"Dana_KO","Car1","2"
"TGCACGGTCGCGTGAC-1-2",0.0569215574457671,"Dana_KO","Car1","3"
"TGCACGGTCGGACTTA-1-2",0.381573648606937,"Dana_KO","Pf4","8"
"TGCACGGTCGGCTGTG-1-2",17.5205528784323,"Dana_KO","Ltf","12"
"TGCACGGTCTCCGATC-1-2",0.0165047521318462,"Dana_KO","Car1","3"
"TGCACGGTCTCTATGT-1-2",0.0525638474903907,"Dana_KO","Gstm1/CD63","1"
"TGCACGGTCTGTCGCT-1-2",0.707915855658055,"Dana_KO","Pf4","8"
"TGCAGATAGCGCCATC-1-2",3.95100931536407,"Dana_KO","Car1","2"
"TGCAGATAGTGGACTG-1-2",4.59115830953039e-06,"Dana_KO","Pf4","8"
"TGCAGATCACCTGATA-1-2",0.0204439238511238,"Dana_KO","CD34","0"
"TGCAGATCAGAACTTC-1-2",0.111804044319954,"Dana_KO","Ly86","0"
"TGCAGATGTAGCTGCC-1-2",0.00432391404017329,"Dana_KO","Hba-a2","11"
"TGCAGATGTAGGTTTC-1-2",0.0834391590520793,"Dana_KO","Car1","2"
"TGCAGATGTATACCCA-1-2",0.309891832839248,"Dana_KO","Car1","3"
"TGCAGATGTCGTGCCA-1-2",0.0367542478972855,"Dana_KO","Car1","2"
"TGCAGATGTTTACGTG-1-2",1.60458664151264e-05,"Dana_KO","Pf4","8"
"TGCAGATTCAATCTCT-1-2",0.0485554619660948,"Dana_KO","CD34","0"
"TGCAGGCAGACTTCGT-1-2",0.0626855908604487,"Dana_KO","Fcnb","1"
"TGCAGGCAGAGGGCGA-1-2",0.218341931455517,"Dana_KO","Car1","3"
"TGCAGGCAGCCTCGTG-1-2",0.0204884371958868,"Dana_KO","Ly86","0"
"TGCAGGCAGCGTGCCT-1-2",7.19102564533406,"Dana_KO","Hba-a2","6"
"TGCAGGCAGCTTAGTC-1-2",0.818936626982078,"Dana_KO","Car1","4"
"TGCAGGCCACTAGAGG-1-2",3.47815023449272e-06,"Dana_KO","Pf4","3"
"TGCAGGCCATGCACTA-1-2",0.0498260753039459,"Dana_KO","Gstm1/CD63","1"
"TGCAGGCGTAACAGTA-1-2",1.60922417515863e-05,"Dana_KO","Pf4","8"
"TGCAGGCGTACTCCGG-1-2",0.0299994534311765,"Dana_KO","Car1","3"
"TGCAGGCGTCTACGTA-1-2",3.52452557095262e-06,"Dana_KO","Pf4","3"
"TGCAGGCGTGGCCACT-1-2",1.29401400718245,"Dana_KO","Car1","2"
"TGCAGGCGTGGGTTGA-1-2",0.030501230158136,"Dana_KO","Ly86","0"
"TGCAGGCTCACACCCT-1-2",0.51341316077268,"Dana_KO","Car1","4"
"TGCAGGCTCTCAGAAC-1-2",0.0868475268871447,"Dana_KO","Gstm1/CD63","1"
"TGCAGGCTCTGAGATC-1-2",0.00426778531038252,"Dana_KO","Fcnb","1"
"TGCAGTAAGCATTTCG-1-2",2.14243070897219,"Dana_KO","Car1","2"
"TGCAGTAAGGTGCAGT-1-2",0.130747545954359,"Dana_KO","Car1","3"
"TGCAGTACAAAGCGTG-1-2",0.00107914161144262,"Dana_KO","Pf4","3"
"TGCAGTACACCTAAAC-1-2",1.61386170880462e-05,"Dana_KO","Pf4","8"
"TGCAGTACATGATGCT-1-2",1.61849924245061e-05,"Dana_KO","Pf4","8"
"TGCAGTAGTACAGTAA-1-2",0.113073027967712,"Dana_KO","Car1","2"
"TGCAGTAGTTAGAAGT-1-2",0.0538320042127078,"Dana_KO","Pf4","4"
"TGCAGTATCATTGAGC-1-2",0.0299001609662145,"Dana_KO","Ly86","0"
"TGCAGTATCCTGTACC-1-2",15.6944136802065,"Dana_KO","Ltf","12"
"TGCAGTATCGAGAAAT-1-2",0.00107909523610616,"Dana_KO","Unannotated","3"
"TGCATCCCAACAGAGC-1-2",0.0856968001997871,"Dana_KO","CD34","1"
"TGCATCCGTAGTCTGT-1-2",1.6231367760966e-05,"Dana_KO","Car1","4"
"TGCATCCGTGGCGCTT-1-2",10.3681970127885,"Dana_KO","Hba-a2","6"
"TGCATCCTCCCATACC-1-2",4.63753364599029e-06,"Dana_KO","Car1","4"
"TGCATGAAGGATACAT-1-2",0,"Dana_KO","Car1","4"
"TGCATGAAGGTTCTTG-1-2",0.178362843972459,"Dana_KO","Pf4","8"
"TGCATGACAACCGTAT-1-2",3.57090090741252e-06,"Dana_KO","Unannotated","3"
"TGCATGACAATCGCGC-1-2",0.0823507069193896,"Dana_KO","Pf4","8"
"TGCATGACAGAGTTGG-1-2",3.61727624387242e-06,"Dana_KO","Pf4","3"
"TGCATGACATCGATGT-1-2",0.018463065707266,"Dana_KO","CD34","0"
"TGCATGACATTCTTCA-1-2",0.00219016343691325,"Dana_KO","Gstm1/CD63","7"
"TGCATGATCATACGGT-1-2",7.28092782420475e-06,"Dana_KO","Gstm1/CD63","1"
"TGCATGATCCGTAGGC-1-2",0.0380787982897277,"Dana_KO","Car1","4"
"TGCCGAGAGGCTCTCG-1-2",0.310716157494461,"Dana_KO","Car1","4"
"TGCCGAGCACGTTGGC-1-2",0.459030272413483,"Dana_KO","CD34","7"
"TGCCGAGCAGTCGTTA-1-2",0.167769651513169,"Dana_KO","CD34","1"
"TGCCGAGCATCCAACA-1-2",0.0917642420319851,"Dana_KO","Pf4","8"
"TGCCGAGGTAAGGCCA-1-2",0.117584933402046,"Dana_KO","Car1","4"
"TGCCGAGTCAAGCTGT-1-2",0.140912218999132,"Dana_KO","Car1","4"
"TGCCGAGTCGAGAAAT-1-2",0.0419820508727944,"Dana_KO","CD34","4"
"TGCGACGAGACATATG-1-2",2.80586851571102,"Dana_KO","Car1","2"
"TGCGACGAGCCAACCC-1-2",0.0569215110704306,"Dana_KO","Car1","3"
"TGCGACGAGTCGCGAA-1-2",5.54831903067636,"Dana_KO","Car1","2"
"TGCGACGCAAGGTCGA-1-2",1.85501345839612e-07,"Dana_KO","Ly86","0"
"TGCGACGCAGCACAAG-1-2",0.00432386766483683,"Dana_KO","Fcnb","11"
"TGCGACGCAGTAGATA-1-2",4.68390898245019e-06,"Dana_KO","Pf4","8"
"TGCGACGGTCACTTAG-1-2",6.82491097419449,"Dana_KO","Car1","2"
"TGCGACGTCTAGTGTG-1-2",4.13498472193807,"Dana_KO","Car1","2"
"TGCGACGTCTTCGGTC-1-2",4.73028431891009e-06,"Dana_KO","Car1","4"
"TGCGATACAAATAGCA-1-2",0.692715735775866,"Dana_KO","Pf4","4"
"TGCGATAGTACTCGTA-1-2",17.4002315724742,"Dana_KO","Ltf","12"
"TGCGATAGTCGTATGT-1-2",0.0165047985071827,"Dana_KO","Car1","4"
"TGCGATATCAAGCCTA-1-2",4.77665965537e-06,"Dana_KO","Pf4","8"
"TGCGATATCGAACCTA-1-2",4.8230349918299e-06,"Dana_KO","CD34","4"
"TGCGATATCTACCAGA-1-2",1.00784088328944,"Dana_KO","Gstm1/CD63","1"
"TGCGGCAAGCTGTGCC-1-2",0.232701397282283,"Dana_KO","Ly86","0"
"TGCGGCAAGGGAGTTC-1-2",2.40339357867476,"Dana_KO","Car1","2"
"TGCGGCACACCACATA-1-2",0.0540474712862948,"Dana_KO","Car1","3"
"TGCGGCACAGCTGGTC-1-2",0.0409434140847824,"Dana_KO","Car1","4"
"TGCGGCAGTTGCTTGA-1-2",7.05532765431208,"Dana_KO","Hba-a2","6"
"TGCGGCATCTGACAGT-1-2",2.4033936250501,"Dana_KO","Car1","2"
"TGCGGGTAGAACGCGT-1-2",3.66365158033233e-06,"Dana_KO","Pf4","3"
"TGCGGGTCACACGGAA-1-2",0.0604676242328632,"Dana_KO","Ly86","0"
"TGCGGGTCACCTGCGA-1-2",2.92920478964372,"Dana_KO","Car1","2"
"TGCGGGTCAGCATTGT-1-2",2.69110840411104,"Dana_KO","Car1","2"
"TGCGGGTGTACCGCGT-1-2",18.2785763366543,"Dana_KO","Ltf","12"
"TGCGGGTGTAGGGAGG-1-2",10.3681970591638,"Dana_KO","Hba-a2","6"
"TGCGGGTTCGTAACTG-1-2",0.0432561287556004,"Dana_KO","Fcnb","1"
"TGCTCCAAGAATCGAT-1-2",3.71002691679223e-06,"Dana_KO","Pf4","3"
"TGCTCCAAGCTATCTG-1-2",4.39804016566241,"Dana_KO","Car1","2"
"TGCTCCAAGGTGTGAC-1-2",1.62777430974259e-05,"Dana_KO","Pf4","8"
"TGCTCCAAGTATGATG-1-2",0.0325135043563707,"Dana_KO","Unannotated","4"
"TGCTCCACAATGTTGC-1-2",0.0419820972481308,"Dana_KO","Car1","4"
"TGCTCCACAGTTAGGG-1-2",0.00432382128950037,"Dana_KO","Car1","11"
"TGCTCCACATCTGTTT-1-2",8.34756056278252e-07,"Dana_KO","CD34","7"
"TGCTCCAGTACTAACC-1-2",1.20982608802842,"Dana_KO","Car1","2"
"TGCTCCAGTCAACCTA-1-2",1.63241184338858e-05,"Dana_KO","Pf4","4"
"TGCTCCAGTGCGCTCA-1-2",0.025905938566566,"Dana_KO","CD34","1"
"TGCTCCAGTGTATCCA-1-2",7.32730316066466e-06,"Dana_KO","Ly86","14"
"TGCTCCATCAGAGCAG-1-2",1.17844359074906,"Dana_KO","Car1","3"
"TGCTCCATCGCATGAT-1-2",0.00914788707191194,"Dana_KO","CD34","1"
"TGCTCCATCTTACCAT-1-2",0.00402750565873922,"Dana_KO","Car1","3"
"TGCTCGTAGCGCATCC-1-2",10.3681971055392,"Dana_KO","Hba-a2","6"
"TGCTCGTCAATTCGTG-1-2",0.0479578443251834,"Dana_KO","Car1","4"
"TGCTCGTGTACTCCGG-1-2",3.93809379481532,"Dana_KO","Car1","2"
"TGCTCGTTCGTGGACC-1-2",2.5695183647553,"Dana_KO","Car1","2"
"TGCTGAACAATAGGGC-1-2",0.168580086690617,"Dana_KO","Car1","2"
"TGCTGAACACAGTCAT-1-2",0.0165048448825191,"Dana_KO","Car1","4"
"TGCTGAATCAGGAAGC-1-2",0.0419821436234673,"Dana_KO","Pf4","4"
"TGCTTCGCAACTGATC-1-2",1.34488475733718e-06,"Dana_KO","Car1","4"
"TGCTTCGCAGAAGCTG-1-2",0.0569214646950942,"Dana_KO","Car1","3"
"TGCTTCGCAGTGGTGA-1-2",0.577484970075315,"Dana_KO","Car1","4"
"TGCTTCGGTAAGTAGT-1-2",7.88380719818349e-07,"Dana_KO","CD34","7"
"TGCTTCGGTCCCACGA-1-2",0.158913180517979,"Dana_KO","Pf4","8"
"TGCTTCGGTGGCTCTG-1-2",4.05535284047856,"Dana_KO","Car1","2"
"TGCTTGCAGAGGTGCT-1-2",0.119084603629912,"Dana_KO","Pf4","3"
"TGCTTGCAGCCGGAAT-1-2",1.63704937703457e-05,"Dana_KO","Pf4","8"
"TGCTTGCCAAACACGG-1-2",7.42005383358446e-07,"Dana_KO","CD34","7"
"TGCTTGCCAACTTGGT-1-2",0.135763996150856,"Dana_KO","Gstm1/Ly86","0"
"TGCTTGCCAGAGGCTA-1-2",0.134217888930725,"Dana_KO","Car1","3"
"TGCTTGCCATTCTCCG-1-2",0.0539480097054339,"Dana_KO","Car1","4"
"TGCTTGCGTCGCATGC-1-2",6.95630046898543e-07,"Dana_KO","Ly86","14"
"TGCTTGCGTTAAGTCC-1-2",0.0940247911460119,"Dana_KO","Car1","4"
"TGCTTGCTCCTTCACG-1-2",1.64168691068056e-05,"Dana_KO","Pf4","8"
"TGGAACTAGCGGGTTA-1-2",0.75751148815437,"Dana_KO","Gstm1/CD63","1"
"TGGAACTCACGACGTC-1-2",0.00371023742300014,"Dana_KO","Car1","2"
"TGGAACTCAGAGTGAC-1-2",0.00157134164281025,"Dana_KO","Gstm1/CD63","1"
"TGGAACTCATATGGCT-1-2",0.0569214183197577,"Dana_KO","Pf4","3"
"TGGAACTCATGGAACG-1-2",0.665499420813259,"Dana_KO","Car1","4"
"TGGAACTGTACCCGAC-1-2",0.0721003478138558,"Dana_KO","Gstm1/CD63","1"
"TGGAACTGTACCTATG-1-2",6.29166927031684,"Dana_KO","Car1","6"
"TGGAACTGTGGTACAG-1-2",0.0360793878043935,"Dana_KO","Pf4","8"
"TGGAACTTCGTAGCTA-1-2",0.00914784069657548,"Dana_KO","CD34","1"
"TGGAACTTCGTCAAAC-1-2",1.64632444432655e-05,"Dana_KO","Pf4","8"
"TGGAGAGAGACTACGG-1-2",0.264991678866946,"Dana_KO","Car1","3"
"TGGAGAGAGATGACAT-1-2",0.137387040908472,"Dana_KO","Ly86","0"
"TGGAGAGAGCACCCAC-1-2",0.0569213719444213,"Dana_KO","Car1","3"
"TGGAGAGAGCGAGGAG-1-2",1.65096197797254e-05,"Dana_KO","Pf4","8"
"TGGAGAGAGGGTGAAA-1-2",0.00219011706157679,"Dana_KO","Gstm1/CD63","7"
"TGGAGAGCAAGGTCGA-1-2",3.75640225325213e-06,"Dana_KO","Pf4","3"
"TGGAGAGCAGTAACCT-1-2",0.0419821899988038,"Dana_KO","Pf4","4"
"TGGAGAGCATGTGCTA-1-2",6.4925471043864e-07,"Dana_KO","CD34","7"
"TGGAGAGTCATTGTTC-1-2",9.57937268272731,"Dana_KO","Hba-a2","6"
"TGGAGGAAGAGGGTCT-1-2",1.65559951161853e-05,"Dana_KO","Pf4","8"
"TGGAGGACACAAGCTT-1-2",1.66023704526452e-05,"Dana_KO","Pf4","8"
"TGGAGGACATACAGGG-1-2",1.66487457891051e-05,"Dana_KO","Pf4","8"
"TGGAGGAGTAGCCAGA-1-2",3.93935840778466,"Dana_KO","Car1","4"
"TGGAGGAGTGGGTATG-1-2",3.95100936173941,"Dana_KO","Car1","2"
"TGGAGGATCAGTCTTT-1-2",0.0810279423574052,"Dana_KO","Car1","2"
"TGGAGGATCCGTCCTA-1-2",0.0409434604601189,"Dana_KO","Car1","4"
"TGGAGGATCGCTCATC-1-2",1.6695121125565e-05,"Dana_KO","Pf4","8"
"TGGATCAAGTAGTCTC-1-2",5.48007659030302,"Dana_KO","Hba-a2","11"
"TGGATCACAAACGAGC-1-2",0.301146394866133,"Dana_KO","Ly86","1"
"TGGATCACAATTTCTC-1-2",10.3681971519145,"Dana_KO","Hba-a2","6"
"TGGATCAGTATGATCC-1-2",0.54897863904415,"Dana_KO","Car1","2"
"TGGATCAGTCAAGCGA-1-2",6.02879373978737e-07,"Dana_KO","Ccl5","7"
"TGGATCATCGAGATGG-1-2",5.5241271477963,"Dana_KO","Hba-a2","2"
"TGGATGTCAAGAGGCT-1-2",4.63753364599029e-08,"Dana_KO","Ly86","1"
"TGGATGTGTACTCGCG-1-2",0.0569213255690848,"Dana_KO","Unannotated","3"
"TGGATGTGTCTCACGG-1-2",2.92920483601906,"Dana_KO","Car1","2"
"TGGATGTGTGGATCAG-1-2",0.733362773730471,"Dana_KO","Pf4","8"
"TGGATGTTCAAGGCTT-1-2",0.733362820105808,"Dana_KO","Pf4","11"
"TGGATGTTCCCTCTTT-1-2",0.0148630706754043,"Dana_KO","Car1","11"
"TGGATGTTCTACTGCC-1-2",1.67414964620249e-05,"Dana_KO","Pf4","8"
"TGGCGTGAGACTGGGT-1-2",7.37367849712456e-06,"Dana_KO","Gstm1/CD63","1"
"TGGCGTGCAAGCGGAT-1-2",0.0569212791937483,"Dana_KO","Car1","3"
"TGGCGTGCAGAAGTGC-1-2",0.0569212328184119,"Dana_KO","Pf4","3"
"TGGCGTGGTAGAATGT-1-2",0.0409435068354553,"Dana_KO","CD34","4"
"TGGCGTGGTCAGTCGC-1-2",0.808071876993836,"Dana_KO","Car1","4"
"TGGCGTGGTCAGTTTG-1-2",6.954362077055,"Dana_KO","Car1","2"
"TGGCGTGGTCCACACG-1-2",0.0538320505880443,"Dana_KO","Pf4","8"
"TGGCGTGGTGGTTCTA-1-2",3.80277758971204e-06,"Dana_KO","Pf4","4"
"TGGCGTGGTTAACAGA-1-2",0.182352686016717,"Dana_KO","Pf4","3"
"TGGCGTGGTTATTCCT-1-2",0.52993321390756,"Dana_KO","Pf4","8"
"TGGCGTGTCCGTGACG-1-2",5.56504037518835e-07,"Dana_KO","CD34","7"
"TGGCGTGTCGCTGTCT-1-2",0.187375448438617,"Dana_KO","Car1","2"
"TGGGAAGAGCTTCTAG-1-2",0.00691170207370573,"Dana_KO","Car1","2"
"TGGGAAGCACGCTGCA-1-2",1.67878717984848e-05,"Dana_KO","Pf4","8"
"TGGGAAGGTCCTGTTC-1-2",0.0217629517153184,"Dana_KO","Pf4","8"
"TGGGAAGGTGAGTAAT-1-2",0.0569211864430754,"Dana_KO","Car1","3"
"TGGGAAGGTGATAGTA-1-2",0.00512946781724688,"Dana_KO","Car1","4"
"TGGGAAGTCAAGTCTG-1-2",1.9601585148948,"Dana_KO","Car1","2"
"TGGGAAGTCAGTCAGT-1-2",0.838417113749052,"Dana_KO","Ly86","0"
"TGGGAAGTCCCATTTA-1-2",0.0325135507317071,"Dana_KO","Pf4","4"
"TGGGAGACAACCGGAA-1-2",4.8694103282898e-06,"Dana_KO","Pf4","4"
"TGGGAGACAATAACCC-1-2",3.84915292617194e-06,"Dana_KO","Car1","3"
"TGGGAGACAATACAGA-1-2",0.0976906300586762,"Dana_KO","Gstm1/CD63","1"
"TGGGAGACAGGTTCAT-1-2",0.114847014498856,"Dana_KO","Car1","3"
"TGGGAGACATATGGCT-1-2",1.68342471349447e-05,"Dana_KO","Pf4","8"
"TGGGAGAGTCTCACGG-1-2",1.68806224714046e-05,"Dana_KO","CD34","1"
"TGGGAGATCGCTCCTA-1-2",3.89552826263184e-06,"Dana_KO","Pf4","3"
"TGGGAGATCGTTGTGA-1-2",0.0479578907005198,"Dana_KO","Car1","4"
"TGGGATTAGAAGCGGG-1-2",0.056921140067739,"Dana_KO","Car1","3"
"TGGGATTGTCAGTCGC-1-2",3.94190359909175e-06,"Dana_KO","Pf4","3"
"TGGGATTGTCTCACGG-1-2",0.34495649193908,"Dana_KO","Car1","4"
"TGGGATTGTTGGCCGT-1-2",0.0479579370758563,"Dana_KO","CD34","4"
"TGGGATTTCACTAGCA-1-2",1.44442001274907,"Dana_KO","Gstm1/CD63","1"
"TGGGCGTAGCTCCACG-1-2",0.824256972955441,"Dana_KO","Pf4","2"
"TGGGCGTCAAGTGGTG-1-2",0.513413207148016,"Dana_KO","Car1","4"
"TGGGCGTCAGACGCTC-1-2",6.65791182856607,"Dana_KO","Car1","6"
"TGGGCGTCAGCACAAG-1-2",1.75085675389426,"Dana_KO","Car1","2"
"TGGGCGTCATTCAGCA-1-2",2.14423934039135,"Dana_KO","Car1","2"
"TGGGCGTGTCGCAGTC-1-2",7.42005383358446e-06,"Dana_KO","Gstm1/CD63","1"
"TGGGCGTTCACTGTCC-1-2",7.46642917004436e-06,"Dana_KO","Gstm1/CD63","1"
"TGGGCGTTCGTCCATC-1-2",0.65857042597595,"Dana_KO","Car1","3"
"TGGGCTGAGTGGATAT-1-2",1.69269978078646e-05,"Dana_KO","Pf4","8"
"TGGGCTGCAACACGAG-1-2",0.106529039876504,"Dana_KO","CD34","7"
"TGGGCTGCAACCGTAT-1-2",0.107758337000419,"Dana_KO","Prg2","10"
"TGGGCTGCAAGGTCGA-1-2",0.953986591388441,"Dana_KO","Ly86","0"
"TGGGCTGCAATTGAGA-1-2",1.2777917223694,"Dana_KO","CD34","10"
"TGGGCTGCATCCTCAC-1-2",4.63753364599029e-08,"Dana_KO","Car1","4"
"TGGGCTGCATGACCCG-1-2",0.0569210936924025,"Dana_KO","Car1","3"
"TGGGCTGGTACGATGG-1-2",0.0930836080007111,"Dana_KO","Car1","4"
"TGGGCTGGTATCGCAT-1-2",0.00119912643809794,"Dana_KO","Car1","4"
"TGGGCTGGTATGCAAA-1-2",0.0419822363741402,"Dana_KO","Pf4","4"
"TGGGCTGGTCGAGCTC-1-2",5.10128701058932e-07,"Dana_KO","CD34","7"
"TGGGCTGGTGACGCCT-1-2",0.732604093006672,"Dana_KO","Car1","2"
"TGGGCTGGTGGACAGT-1-2",0.0118390367559609,"Dana_KO","Car1","2"
"TGGGCTGGTTACCGTA-1-2",0.171085939824127,"Dana_KO","Car1","3"
"TGGGCTGTCAATGCAC-1-2",0.344956538314417,"Dana_KO","Car1","4"
"TGGGCTGTCGGAATGG-1-2",0,"Dana_KO","Ly86","0"
"TGGGTTAAGACAACTA-1-2",0.0668828068307326,"Dana_KO","Pf4","8"
"TGGGTTAAGACAGCTG-1-2",0.304906336421693,"Dana_KO","Car1","4"
"TGGGTTAAGAGGGCGA-1-2",1.67379360113846,"Dana_KO","Car1","2"
"TGGGTTAAGGTACAAT-1-2",0.340343451645433,"Dana_KO","Unannotated","2"
"TGGGTTAAGTAACAGT-1-2",0.344956584689753,"Dana_KO","Car1","4"
"TGGGTTACAAGCTACT-1-2",4.63753364599029e-07,"Dana_KO","CD34","7"
"TGGGTTACAAGCTGCC-1-2",6.73765691260134,"Dana_KO","Car1","6"
"TGGGTTACACTAACGT-1-2",2.40339367142544,"Dana_KO","Car1","2"
"TGGGTTAGTAACTGCT-1-2",0.00432377491416391,"Dana_KO","Hba-a2","11"
"TGGGTTAGTATGATCC-1-2",2.9292048823944,"Dana_KO","Car1","2"
"TGGGTTAGTGCTTCAA-1-2",1.01518777832802,"Dana_KO","Ly86","0"
"TGGGTTAGTTGGGTAG-1-2",0.0325135971070436,"Dana_KO","Pf4","4"
"TGGTACAAGCCTATTG-1-2",0.981144726740058,"Dana_KO","Gstm1/CD63","1"
"TGGTACAAGGCCACCT-1-2",4.2948617143936,"Dana_KO","Car1","2"
"TGGTACAAGTAGCATA-1-2",0.0952869380650327,"Dana_KO","Gstm1/Ly86","0"
"TGGTACAAGTCGAAGC-1-2",0.69847041764237,"Dana_KO","Car1","3"
"TGGTACAAGTGATCGG-1-2",0.0588796547998971,"Dana_KO","Fcnb","1"
"TGGTACACACGGTGCT-1-2",0.811766633397065,"Dana_KO","Car1","4"
"TGGTACACACTTACAG-1-2",0.947766629405504,"Dana_KO","Ly86","0"
"TGGTACACATGATCTG-1-2",6.29166931669217,"Dana_KO","Car1","6"
"TGGTACACATGTGCTA-1-2",0.00432372853882745,"Dana_KO","CD34","11"
"TGGTACAGTCTCAAGT-1-2",4.91578566474971e-06,"Dana_KO","Pf4","4"
"TGGTACATCCGTAGTA-1-2",0.682647057466913,"Dana_KO","Pf4","8"
"TGGTAGTAGTAGATCA-1-2",1.64748318724756,"Dana_KO","Car1","3"
"TGGTAGTAGTCATACC-1-2",0.00219007068624033,"Dana_KO","Gstm1/CD63","7"
"TGGTAGTCACTAGTAC-1-2",0.325327699539931,"Dana_KO","Pf4","8"
"TGGTAGTCACTCATAG-1-2",1.2368511068985,"Dana_KO","Car1","3"
"TGGTAGTGTAAGGCCA-1-2",8.11688664840099,"Dana_KO","Car1","6"
"TGGTAGTTCATAAGGA-1-2",2.32480481146049,"Dana_KO","Gstm1/CD63","1"
"TGGTAGTTCGAGTGAG-1-2",0.657778350490702,"Dana_KO","Car1","2"
"TGGTGATCACTATCGA-1-2",1.69733731443245e-05,"Dana_KO","Pf4","8"
"TGGTGATGTGGAAATT-1-2",9.27506729198058e-08,"Dana_KO","Car1","10"
"TGGTGATTCATACGGT-1-2",0.357704629808411,"Dana_KO","Pf4","3"
"TGGTGATTCATGCGGC-1-2",0.427494453961268,"Dana_KO","Gstm1/CD63","1"
"TGGTTAGAGAGAATCT-1-2",1.70197484807844e-05,"Dana_KO","Pf4","8"
"TGGTTAGAGGACAGCT-1-2",0.0697509004369845,"Dana_KO","Car1","4"
"TGGTTAGAGTCACAGG-1-2",0.113381632849213,"Dana_KO","CD34","4"
"TGGTTAGAGTCGAGGT-1-2",7.51280450650427e-06,"Dana_KO","Gstm1/CD63","1"
"TGGTTAGCACGCGCAT-1-2",3.98709914365888,"Dana_KO","Car1","2"
"TGGTTAGGTCATCTAG-1-2",0.0419822827494767,"Dana_KO","CD34","4"
"TGGTTAGTCATTTGTC-1-2",4.17378028139126e-07,"Dana_KO","CD34","7"
"TGGTTAGTCGCTGACG-1-2",1.80306310427565,"Dana_KO","Fcnb","1"
"TGTAACGAGGGCAGTT-1-2",0.000455222785302523,"Dana_KO","Car1","2"
"TGTAACGAGGTACTGG-1-2",0.459030226038146,"Dana_KO","CD34","7"
"TGTAACGAGGTGGCTA-1-2",1.70661238172443e-05,"Dana_KO","Pf4","8"
"TGTAACGCAACACAGG-1-2",0.0325136434823801,"Dana_KO","Car1","4"
"TGTAACGCAATCTCTT-1-2",0.600187445590993,"Dana_KO","Pf4","4"
"TGTAACGGTGCCCACA-1-2",1.08581925249687,"Dana_KO","Fcnb","1"
"TGTAACGTCCCTCTTT-1-2",0.0419823291248131,"Dana_KO","CD34","4"
"TGTAACGTCTCCAATT-1-2",4.11516945897691,"Dana_KO","Car1","2"
"TGTAACGTCTCGGCTT-1-2",0.426786601111512,"Dana_KO","Car1","3"
"TGTAACGTCTCTCTTC-1-2",0.729461217334811,"Dana_KO","Pf4","8"
"TGTAACGTCTGCACCT-1-2",0.00219002431090387,"Dana_KO","CD34","7"
"TGTAAGCAGTCCCGGT-1-2",1.39126009379709e-06,"Dana_KO","Car1","4"
"TGTAAGCCAACAGCCC-1-2",0.00432368216349099,"Dana_KO","Ly86","11"
"TGTAAGCCATCCGAGC-1-2",0.293926169302657,"Dana_KO","Ly86","0"
"TGTAAGCGTATGAGCG-1-2",3.06152995780735,"Dana_KO","Car1","2"
"TGTAAGCGTCCTACGG-1-2",1.39126009379709e-07,"Dana_KO","Car1","4"
"TGTAAGCGTGAATATG-1-2",7.55917984296417e-06,"Dana_KO","Gstm1/CD63","1"
"TGTAAGCGTTCTTGTT-1-2",2.51865448573164,"Dana_KO","Gstm1/CD63","1"
"TGTAAGCTCGGAGATG-1-2",1.43763543025699e-06,"Dana_KO","Car1","4"
"TGTAAGCTCTCGACCT-1-2",3.71002691679223e-07,"Dana_KO","CD34","7"
"TGTACAGCAGCTTTCC-1-2",0.212212525849125,"Dana_KO","Car1","4"
"TGTACAGGTCTCGCGA-1-2",1.70543027256041,"Dana_KO","Car1","2"
"TGTACAGTCACGGGCT-1-2",0.164795565721618,"Dana_KO","Unannotated","2"
"TGTACAGTCGCTCTCA-1-2",3.98827893555165e-06,"Dana_KO","Pf4","3"
"TGTACAGTCGCTTGCT-1-2",0.0325136898577165,"Dana_KO","Pf4","4"
"TGTAGACAGCACGATG-1-2",1.71124991537042e-05,"Dana_KO","Pf4","8"
"TGTAGACAGTGATCGG-1-2",5.73386089232592,"Dana_KO","Car1","2"
"TGTAGACCACTCGATA-1-2",1.71588744901641e-05,"Dana_KO","Pf4","8"
"TGTAGACCAGAGTTGG-1-2",0.0868399379242009,"Dana_KO","Gstm1/CD63","1"
"TGTAGACGTACCAATC-1-2",0.0268502623204413,"Dana_KO","Car1","3"
"TGTAGACGTACCTAGT-1-2",2.66847313734693,"Dana_KO","Car1","2"
"TGTAGACGTCCGACGT-1-2",7.60555517942407e-06,"Dana_KO","Ly86","14"
"TGTAGACGTGTAGGAC-1-2",0.0204438774757874,"Dana_KO","CD34","0"
"TGTAGACTCGCTAAAC-1-2",0.0232273010955444,"Dana_KO","Pf4","3"
"TGTCAGACAAAGCGTG-1-2",6.76635511964067,"Dana_KO","Car1","2"
"TGTCAGACAACCCTCT-1-2",0.782434102842978,"Dana_KO","Fcnb","1"
"TGTCAGACAAGGTTGG-1-2",0.587377272712573,"Dana_KO","Pf4","4"
"TGTCAGACATAGCACT-1-2",5.68369008755162,"Dana_KO","Car1","2"
"TGTCAGAGTGAGTTGG-1-2",0.513413253523352,"Dana_KO","Car1","4"
"TGTCAGAGTGATGAAT-1-2",0.056921047317066,"Dana_KO","Car1","3"
"TGTCAGAGTTCATCTT-1-2",0.0969517506211404,"Dana_KO","Gstm1/CD63","0"
"TGTCAGAGTTTCCCAC-1-2",4.63753364599029e-08,"Dana_KO","CD34","1"
"TGTCAGATCAATCTTC-1-2",0.394574904526894,"Dana_KO","Fcnb","1"
"TGTCAGATCCACACAA-1-2",4.96216100120961e-06,"Dana_KO","Pf4","8"
"TGTCAGATCCACTGAA-1-2",0.103126701385268,"Dana_KO","Pf4","2"
"TGTCAGATCCGCTGTT-1-2",4.38255472987979,"Dana_KO","Car1","2"
"TGTCAGATCTACACAG-1-2",0.328460271793015,"Dana_KO","Ly86","0"
"TGTCCACAGCCGGATA-1-2",0.279735207863265,"Dana_KO","CD34","10"
"TGTCCACCAAACGTGG-1-2",3.93935845416,"Dana_KO","Car1","2"
"TGTCCACCAGTGGTGA-1-2",0.032513736233053,"Dana_KO","Car1","4"
"TGTCCACGTCCATACA-1-2",0.194769224748274,"Dana_KO","Car1","3"
"TGTCCACGTGCCTTTC-1-2",1.85501345839612e-07,"Dana_KO","Car1","4"
"TGTCCACGTTACCCAA-1-2",5.00853633766951e-06,"Dana_KO","Pf4","4"
"TGTCCACTCAACGTGT-1-2",0.438569194250321,"Dana_KO","Pf4","8"
"TGTCCCAAGAGTTGTA-1-2",0.204310770137728,"Dana_KO","Gstm1/Ly86","0"
"TGTCCCAAGGGACAGG-1-2",4.97389937776691,"Dana_KO","Car1","2"
"TGTCCCACAATCGCCG-1-2",16.511040904677,"Dana_KO","Ltf","12"
"TGTCCCACAATGAGCG-1-2",4.03465427201155e-06,"Dana_KO","Car1","4"
"TGTCCCACACCAGCTG-1-2",0.0569210009417296,"Dana_KO","Car1","3"
"TGTCCCACATGGCACC-1-2",3.2462735521932e-07,"Dana_KO","CD34","7"
"TGTCCCAGTCACTCGG-1-2",7.65193051588398e-06,"Dana_KO","Gstm1/CD63","1"
"TGTCCCAGTGAGTAAT-1-2",7.19102569170939,"Dana_KO","Car1","6"
"TGTCCCAGTGTTAACC-1-2",1.7205249826624e-05,"Dana_KO","Pf4","8"
"TGTCCCATCCATCTCG-1-2",2.31876682299514e-07,"Dana_KO","Car1","4"
"TGTCCCATCCTTATAC-1-2",1.72516251630839e-05,"Dana_KO","Pf4","8"
"TGTCCCATCTCAGGCG-1-2",0.0569209545663931,"Dana_KO","CD34","3"
"TGTCCCATCTTCACAT-1-2",2.82229247283109,"Dana_KO","Car1","2"
"TGTCCCATCTTCCCAG-1-2",0.451694986404061,"Dana_KO","Car1","2"
"TGTCCTGCAAAGCTCT-1-2",0.357751174990873,"Dana_KO","Car1","4"
"TGTCCTGCAATTCGTG-1-2",15.3373380536895,"Dana_KO","Ltf","12"
"TGTCCTGCAGAGCTAG-1-2",0.114879338763398,"Dana_KO","CD34","1"
"TGTCCTGCATCAACCA-1-2",0.00914779432123902,"Dana_KO","CD34","1"
"TGTCCTGGTAGCTGCC-1-2",16.4946654359163,"Dana_KO","Ltf","12"
"TGTCCTGGTCTAGGTT-1-2",0.00252350272394786,"Dana_KO","CD34","4"
"TGTCCTGGTGGATGAC-1-2",0.45903017966281,"Dana_KO","CD34","7"
"TGTCCTGGTTGATGTC-1-2",2.78252018759417e-07,"Dana_KO","Gstm1/CD63","7"
"TGTCCTGGTTTCTTAC-1-2",1.33555260800846,"Dana_KO","Fcnb","1"
"TGTCCTGTCATATGGC-1-2",0.0161392231638202,"Dana_KO","Gstm1/CD63","1"
"TGTCCTGTCATTGGTG-1-2",0.0569209081910567,"Dana_KO","Car1","3"
"TGTCCTGTCCGTACGG-1-2",0.0945367861651238,"Dana_KO","Car1","4"
"TGTCCTGTCCTGTACC-1-2",0.0169588681540784,"Dana_KO","Car1","3"
"TGTGAGTAGGGCATGT-1-2",0,"Dana_KO","Car1","2"
"TGTGAGTAGTCTGCGC-1-2",0.00914774794590256,"Dana_KO","CD34","1"
"TGTGAGTCAAGTTCCA-1-2",0.500118532340758,"Dana_KO","Pf4","4"
"TGTGAGTCAATTCACG-1-2",1.26927664588851,"Dana_KO","Gstm1/CD63","1"
"TGTGAGTCAGTAACAA-1-2",2.58480595278691,"Dana_KO","Car1","2"
"TGTGAGTCATCGTTCC-1-2",0.951339397841466,"Dana_KO","Ly86","0"
"TGTGAGTGTGAGCGAT-1-2",0.0325137826083894,"Dana_KO","Car1","4"
"TGTGAGTGTTTCGTAG-1-2",0.205077770516823,"Dana_KO","Pf4","3"
"TGTGAGTTCCCAACTC-1-2",1.72980004995438e-05,"Dana_KO","Pf4","8"
"TGTGAGTTCGTCCTCA-1-2",2.78252018759417e-07,"Dana_KO","Car1","4"
"TGTGATGAGGTTGTTC-1-2",0.00787234127705849,"Dana_KO","Car1","2"
"TGTGATGCACGACTAT-1-2",18.2785763830296,"Dana_KO","Ltf","12"
"TGTGATGCAGTGTACT-1-2",0.114071401753059,"Dana_KO","Car1","2"
"TGTGATGCATATTCGG-1-2",3.93457900918267,"Dana_KO","Car1","2"
"TGTGATGGTACTCCGG-1-2",3.95100940811474,"Dana_KO","Car1","2"
"TGTGATGGTGCATGAG-1-2",5.05491167412941e-06,"Dana_KO","Pf4","4"
"TGTGATGTCCCATTCG-1-2",0.950418306513782,"Dana_KO","Pf4","2"
"TGTGATGTCCTCGCAT-1-2",10.3681971982898,"Dana_KO","Hba-a2","6"
"TGTGATGTCTAGTTCT-1-2",1.21609651587587,"Dana_KO","Prg2","10"
"TGTGCGGAGCAACAAT-1-2",0.594235852792745,"Dana_KO","Car1","2"
"TGTGCGGAGTACCCTA-1-2",17.6145596404694,"Dana_KO","Ltf","12"
"TGTGCGGAGTTCCATG-1-2",4.08102960847145e-06,"Dana_KO","Pf4","3"
"TGTGCGGCAACACTAC-1-2",0.675741920164155,"Dana_KO","Fcnb","1"
"TGTGCGGCAAGAGTGC-1-2",0.190162645662663,"Dana_KO","CD34","8"
"TGTGCGGCACGTCTCT-1-2",0.0569208618157202,"Dana_KO","Car1","3"
"TGTGCGGGTCCTGGGT-1-2",0.26381133425541,"Dana_KO","Car1","2"
"TGTGCGGTCAAGGACG-1-2",0.0338298279809912,"Dana_KO","Pf4","8"
"TGTGCGGTCACCATCC-1-2",0.0010790488607697,"Dana_KO","Car1","3"
"TGTGCGGTCACGAGGA-1-2",2.40339371780077,"Dana_KO","Car1","2"
"TGTGCGGTCCAACCGG-1-2",18.0833766387061,"Dana_KO","Ltf","12"
"TGTGCGGTCCTTATAC-1-2",0.99117503055001,"Dana_KO","Car1","7"
"TGTGCGGTCGCAACAT-1-2",0.988132530373987,"Dana_KO","Gstm1/CD63","1"
"TGTGCGGTCTGCGGCA-1-2",0.485634294515565,"Dana_KO","Gstm1/CD63","4"
"TGTGGCGAGATCCCAT-1-2",4.63753364599029e-08,"Dana_KO","Unannotated","4"
"TGTGGCGAGCCAGAGT-1-2",0.643975153063345,"Dana_KO","Car1","2"
"TGTGGCGAGCGCCTCA-1-2",2.31876682299514e-07,"Dana_KO","Gstm1/CD63","7"
"TGTGGCGAGGTTTGAA-1-2",0.483959181925784,"Dana_KO","Car1","4"
"TGTGGCGCAACAAGAT-1-2",0.0169589145294149,"Dana_KO","Car1","3"
"TGTGGCGCAGCGTAGA-1-2",1.73443758360037e-05,"Dana_KO","Pf4","4"
"TGTGGCGCATTACGGT-1-2",7.19102573808473,"Dana_KO","Car1","6"
"TGTGGCGGTAATTGGA-1-2",0.00904989969312009,"Dana_KO","Gstm1/CD63","1"
"TGTGGCGGTGACCTGC-1-2",0.00218997793556741,"Dana_KO","Ly86","7"
"TGTGGCGTCAACCTTT-1-2",1.48401076671689e-06,"Dana_KO","Car1","4"
"TGTGGCGTCATACGAC-1-2",1.72642875754545,"Dana_KO","Car1","3"
"TGTGGCGTCATTCGGA-1-2",3.97010336159143,"Dana_KO","Car1","2"
"TGTGGCGTCGGAATGG-1-2",4.12740494493136e-06,"Dana_KO","Pf4","3"
"TGTGTGAGTTACGATC-1-2",4.19629725047754,"Dana_KO","Car1","2"
"TGTTACTCAAACAGGC-1-2",4.4447960434426,"Dana_KO","Car1","2"
"TGTTACTCACGTCGGT-1-2",1.29011535580234,"Dana_KO","Car1","4"
"TGTTACTGTCAGTCCG-1-2",10.3681972446652,"Dana_KO","Hba-a2","6"
"TGTTACTGTTTGAAAG-1-2",6.648125416146,"Dana_KO","Hba-a2","6"
"TGTTACTTCAGAGCGA-1-2",1.73907511724636e-05,"Dana_KO","Pf4","8"
"TGTTACTTCGTGGGTC-1-2",6.07386321134772,"Dana_KO","Hba-a2","6"
"TGTTCATAGATCCCAT-1-2",6.66551866689242,"Dana_KO","Car1","6"
"TGTTCATCACCGGAAA-1-2",0.0527082236270209,"Dana_KO","Car1","3"
"TGTTCCGAGATCCTAC-1-2",1.96015856127014,"Dana_KO","Car1","2"
"TGTTCCGAGCAAGTCG-1-2",1.99737019080744,"Dana_KO","Car1","2"
"TGTTCCGAGTCACTCA-1-2",6.69759983247761,"Dana_KO","Hba-a2","6"
"TGTTCCGCACTACCGG-1-2",0,"Dana_KO","Car1","4"
"TGTTCCGGTATCGTGT-1-2",0.0091477015705661,"Dana_KO","CD34","1"
"TGTTCCGGTGACTGTT-1-2",1.06802391680406,"Dana_KO","Fcnb","1"
"TGTTCCGTCACTGTCC-1-2",0.0409435532107918,"Dana_KO","Car1","4"
"TGTTCCGTCGGAAGGT-1-2",5.10128701058932e-06,"Dana_KO","Pf4","4"
"TGTTCTAAGAAGATCT-1-2",1.5303861031768e-06,"Dana_KO","Pf4","4"
"TGTTCTAAGAGATGCC-1-2",0.0493716617825979,"Dana_KO","Car1","2"
"TGTTCTAAGGCACTAG-1-2",4.31043807361446,"Dana_KO","Car1","2"
"TGTTCTACACTGGATT-1-2",0.00122674965841141,"Dana_KO","Gstm1/CD63","1"
"TGTTCTAGTATCGGTT-1-2",1.5767614396367e-06,"Dana_KO","Car1","4"
"TGTTCTAGTCGTATGT-1-2",0.226909781718743,"Dana_KO","Unannotated","8"
"TGTTCTAGTGTAACGG-1-2",1.1784436371244,"Dana_KO","Car1","3"
"TGTTGAGAGTCATAGA-1-2",0.0474381300750117,"Dana_KO","Pf4","3"
"TGTTGAGCAATTGGTC-1-2",0.270760501751597,"Dana_KO","CD34","7"
"TGTTGAGCACAGCATT-1-2",0.0419823755001496,"Dana_KO","Pf4","4"
"TGTTGAGGTGAAAGTT-1-2",0.00914765519522964,"Dana_KO","CD34","1"
"TGTTGAGTCCAAGGGA-1-2",0.0569208154403837,"Dana_KO","Pf4","3"
"TGTTGAGTCCGTTGGG-1-2",0.729338400780618,"Dana_KO","Pf4","8"
"TGTTGAGTCCTCGCAT-1-2",0.729701596727975,"Dana_KO","Pf4","8"
"TGTTGGAAGGACAAGA-1-2",10.3681972910405,"Dana_KO","Hba-a2","6"
"TGTTGGACAGTGGGTA-1-2",0.0660693210384022,"Dana_KO","CD34","1"
"TGTTGGAGTGCTCCGA-1-2",0.0165048912578556,"Dana_KO","Car1","4"
"TGTTGGAGTGCTCGTG-1-2",1.74371265089235e-05,"Dana_KO","Pf4","8"
"TGTTGGATCCTTTAGT-1-2",4.17378028139126e-06,"Dana_KO","Pf4","3"
"TGTTGGATCGCTAGCG-1-2",2.31876682299514e-06,"Dana_KO","Fcnb","1"
"TGTTTGTAGCAGCACA-1-2",0.797585902959547,"Dana_KO","Pf4","2"
"TGTTTGTAGTTTCGGT-1-2",0.0419824218754861,"Dana_KO","Car1","4"
"TGTTTGTCAAGCGGAT-1-2",2.65285430711267,"Dana_KO","Car1","2"
"TGTTTGTCACCCTAAA-1-2",0.0490465475340143,"Dana_KO","Fcnb","1"
"TGTTTGTCATCGTCCT-1-2",0.0857021029151672,"Dana_KO","Ly86","1"
"TGTTTGTGTCACAGTT-1-2",0.610712652124248,"Dana_KO","Car1","2"
"TGTTTGTGTCCGTTTC-1-2",0.000455176409966063,"Dana_KO","Unannotated","11"
"TGTTTGTGTGAGACCA-1-2",1.18312731040701,"Dana_KO","Gstm1/CD63","1"
"TGTTTGTGTGTCTTGA-1-2",0.00560160422676459,"Dana_KO","Pf4","3"
"TGTTTGTGTTCCGCTT-1-2",0.459030133287473,"Dana_KO","CD34","7"
"TGTTTGTTCTGCTGAA-1-2",0.0418813389881896,"Dana_KO","Gstm1/CD63","1"
"TTAATCCAGAGTGTTA-1-2",3.2462735521932e-07,"Dana_KO","Car1","4"
"TTAATCCAGCGGTAGT-1-2",0.0569207690650473,"Dana_KO","Unannotated","3"
"TTAATCCAGCTTAGTC-1-2",4.47447523097824,"Dana_KO","Car1","2"
"TTAATCCAGGGAGGAC-1-2",0.0165049376331921,"Dana_KO","Car1","3"
"TTAATCCCAGCTTCCT-1-2",0.947553339269887,"Dana_KO","Ly86","0"
"TTAATCCGTAACATAG-1-2",1.96015860764548,"Dana_KO","Car1","2"
"TTAATCCGTCCAGCCA-1-2",10.3681973374159,"Dana_KO","Hba-a2","6"
"TTAATCCTCGGTCGAC-1-2",0.0204438311004509,"Dana_KO","CD34","0"
"TTAATCCTCTTACGTT-1-2",3.95100945449008,"Dana_KO","Car1","2"
"TTACAGGAGCGACCCT-1-2",0.0958638419589368,"Dana_KO","Car1","2"
"TTACAGGAGGGCGAAG-1-2",0.294215192384047,"Dana_KO","Pf4","8"
"TTACAGGAGTATGGCG-1-2",1.74835018453834e-05,"Dana_KO","Pf4","8"
"TTACAGGCACCCAACG-1-2",15.7580102555636,"Dana_KO","Ltf","12"
"TTACAGGCAGTGGGTA-1-2",2.40339376417611,"Dana_KO","Car1","2"
"TTACAGGGTGAACTAA-1-2",0.731964472244242,"Dana_KO","Unannotated","2"
"TTACAGGGTGCCGGTT-1-2",5.18672482109366,"Dana_KO","Car1","6"
"TTACAGGTCATTTACC-1-2",0.513413299898689,"Dana_KO","Pf4","4"
"TTACAGGTCTCCCATG-1-2",0.0569207226897108,"Dana_KO","Pf4","3"
"TTACCATAGACTCTAC-1-2",0.60505808526778,"Dana_KO","Car1","2"
"TTACCATAGCCGAACA-1-2",15.7310429774062,"Dana_KO","Ltf","12"
"TTACCATAGGGCAATC-1-2",0.707074382073952,"Dana_KO","Car1","2"
"TTACCATCAACCTATG-1-2",0.0204437847251144,"Dana_KO","CD34","0"
"TTACCATCAGAGCTAG-1-2",0.0233457093441853,"Dana_KO","Car1","3"
"TTACCATCAGATCACT-1-2",0.668071391077272,"Dana_KO","Fcnb","1"
"TTACCATGTTTAAGGA-1-2",0.0517958612809064,"Dana_KO","Ly86","0"
"TTACCGCAGTAAGAGG-1-2",0.00330117666298757,"Dana_KO","Car1","2"
"TTACCGCCAAGCGAAC-1-2",0.0409435995861283,"Dana_KO","Car1","4"
"TTACCGCCAAGGATGC-1-2",0.0569206763143744,"Dana_KO","Pf4","3"
"TTACCGCGTATGGAAT-1-2",6.95205836210696,"Dana_KO","Car1","2"
"TTACCGCGTGGATCAG-1-2",0.0569206299390379,"Dana_KO","Unannotated","3"
"TTACCGCGTGTATTCG-1-2",1.99737023718277,"Dana_KO","Car1","2"
"TTACCGCGTTAGAAAC-1-2",4.20094937343156,"Dana_KO","Car1","2"
"TTACCGCTCATTGCCC-1-2",0.0349897133580761,"Dana_KO","CD34","1"
"TTACCGCTCTGCATGA-1-2",7.19305374717128,"Dana_KO","Car1","6"
"TTACGCCAGTCGCGAA-1-2",1.85501345839612e-07,"Dana_KO","Cd74","14"
"TTACGCCAGTGGTTGG-1-2",0.00432363578815453,"Dana_KO","Fcnb","11"
"TTACGCCAGTGTCATC-1-2",4.22015561785116e-06,"Dana_KO","Car1","3"
"TTACGCCGTCAACCTA-1-2",1.12744760336471,"Dana_KO","Car1","2"
"TTACGCCTCTATTCGT-1-2",0.34495663106509,"Dana_KO","Car1","4"
"TTACGTTAGACATATG-1-2",0.213681033383804,"Dana_KO","Pf4","3"
"TTACGTTAGGATTTCC-1-2",0.744858615415698,"Dana_KO","Car1","2"
"TTACGTTCAGAGGCAT-1-2",0.0709707669512281,"Dana_KO","CD34","1"
"TTACGTTGTAGCGTCC-1-2",0.0569205835637014,"Dana_KO","CD34","3"
"TTACTGTAGCTGGCTC-1-2",0.123029834322445,"Dana_KO","Gstm1/CD63","1"
"TTACTGTCAAGAGCTG-1-2",2.64223891983596,"Dana_KO","Car1","2"
"TTACTGTCACTGAGGA-1-2",0.0165049840085285,"Dana_KO","Car1","2"
"TTACTGTCAGAACTCT-1-2",4.26653095431107e-06,"Dana_KO","Pf4","3"
"TTACTGTCAGCGACCT-1-2",0.292993506198738,"Dana_KO","Pf4","8"
"TTACTGTGTACGTGAG-1-2",1.6231367760966e-06,"Dana_KO","Car1","4"
"TTACTGTGTAGTTAGA-1-2",12.4979186394931,"Dana_KO","Ltf","12"
"TTACTGTGTCCGACGT-1-2",0.0242125568888083,"Dana_KO","Pf4","8"
"TTACTGTGTGGTCCCA-1-2",0.00107900248543324,"Dana_KO","Pf4","3"
"TTACTGTTCATTTACC-1-2",0.121453836508869,"Dana_KO","Car1","2"
"TTACTGTTCTGTTCAT-1-2",0.108682451927993,"Dana_KO","Car1","2"
"TTAGGCAAGGGAGTTC-1-2",0.0325138289837259,"Dana_KO","Car1","4"
"TTAGGCAAGTCATTGC-1-2",0.0169589609047514,"Dana_KO","Car1","3"
"TTAGGCACAAGTGGAC-1-2",1.39126009379709e-07,"Dana_KO","Ly86","0"
"TTAGGCACAGATTTCG-1-2",0.067169929235936,"Dana_KO","CD34","1"
"TTAGGCAGTACGATTC-1-2",1.75298771818433e-05,"Dana_KO","Pf4","8"
"TTAGGCAGTTCCCACT-1-2",0.056920537188365,"Dana_KO","Car1","3"
"TTAGGCAGTTTCCAAG-1-2",0.556931124844442,"Dana_KO","Gstm1/CD63","0"
"TTAGGCATCGGTCACG-1-2",0.0240149165085779,"Dana_KO","CD34","0"
"TTAGGCATCGGTCGGT-1-2",0.259768615349511,"Dana_KO","Pf4","8"
"TTAGGCATCTTCCTAA-1-2",0.171378977901215,"Dana_KO","Car1","3"
"TTAGGGTAGATGGTAT-1-2",0.283810884078279,"Dana_KO","Unannotated","2"
"TTAGGGTAGTGTAGAT-1-2",0.0728445643563832,"Dana_KO","Car1","2"
"TTAGGGTCAGGCACAA-1-2",0.0272895252037963,"Dana_KO","Car1","10"
"TTAGGGTCATAAGATG-1-2",5.02559395639113,"Dana_KO","Car1","2"
"TTAGGGTGTCAAGCCC-1-2",7.69830585234388e-06,"Dana_KO","Gstm1/CD63","1"
"TTAGGGTTCTATTCGT-1-2",1.05341903262031,"Dana_KO","Car1","3"
"TTAGGGTTCTGAGAAA-1-2",1.99737028355811,"Dana_KO","Car1","2"
"TTAGTCTAGAGAATCT-1-2",6.79983748731863,"Dana_KO","Car1","2"
"TTAGTCTAGCCATGCC-1-2",15.5598563449883,"Dana_KO","Ltf","12"
"TTAGTCTAGCTGAAAT-1-2",1.75762525183032e-05,"Dana_KO","Pf4","4"
"TTAGTCTAGCTTACGT-1-2",0.0325138753590624,"Dana_KO","Pf4","4"
"TTAGTCTCACATTCTT-1-2",0.128333275637967,"Dana_KO","Car1","4"
"TTAGTCTCATGCAGGA-1-2",0.0569204908130285,"Dana_KO","Car1","3"
"TTAGTCTGTTGCCGAC-1-2",0.227459058588165,"Dana_KO","Car1","4"
"TTAGTCTTCGCGCTGA-1-2",9.27506729198058e-08,"Dana_KO","Gstm1/Ly86","0"
"TTATTGCAGATGACAT-1-2",5.14766234704922e-06,"Dana_KO","CD34","4"
"TTATTGCCAAGGCTTT-1-2",5.48007663667836,"Dana_KO","Hba-a2","11"
"TTATTGCGTACTGGGA-1-2",6.68543118135359,"Dana_KO","Hba-a2","6"
"TTATTGCGTCACGTGC-1-2",2.5771937392214,"Dana_KO","Car1","2"
"TTATTGCGTGGTCCGT-1-2",12.4979186858684,"Dana_KO","Ltf","12"
"TTATTGCGTTGTGCCG-1-2",0.016505030383865,"Dana_KO","Car1","4"
"TTATTGCTCCACTTCG-1-2",0.0165050767592014,"Dana_KO","Car1","4"
"TTATTGCTCGCATTGA-1-2",2.78173458182638,"Dana_KO","Car1","2"
"TTATTGCTCGGAGCAA-1-2",4.63753364599029e-08,"Dana_KO","CD34","1"
"TTCAATCCACCTGAAT-1-2",0.780009985979117,"Dana_KO","Pf4","8"
"TTCAATCCAGTTGCGC-1-2",1.76226278547631e-05,"Dana_KO","Pf4","8"
"TTCAATCGTCTGCCTT-1-2",0.0569204444376921,"Dana_KO","Car1","3"
"TTCAATCGTGTTTGCA-1-2",0.513413346274025,"Dana_KO","Car1","4"
"TTCAATCGTTGAGGAC-1-2",0.0824769346112098,"Dana_KO","CD34","0"
"TTCAATCTCGATGCAT-1-2",0.00432358941281807,"Dana_KO","Hba-a2","11"
"TTCACCGAGGTAGTCG-1-2",0.680247767636641,"Dana_KO","Pf4","2"
"TTCACCGCAAGACCGA-1-2",0.137363147114004,"Dana_KO","CD34","1"
"TTCACCGGTTTGGAGG-1-2",0.130773358376247,"Dana_KO","Gstm1/CD63","1"
"TTCACCGTCGCAATTG-1-2",4.20094941980689,"Dana_KO","Car1","2"
"TTCACCGTCGCTTAAG-1-2",0.105384744030415,"Dana_KO","Pf4","8"
"TTCACGCAGAGGCCAT-1-2",2.14098629852222,"Dana_KO","Gstm1/CD63","1"
"TTCACGCAGAGGCTGT-1-2",0.666121415490863,"Dana_KO","Pf4","2"
"TTCACGCAGTAAACAC-1-2",0.729897475202108,"Dana_KO","Pf4","8"
"TTCACGCAGTGACCTT-1-2",0.001659435454614,"Dana_KO","Car1","3"
"TTCACGCCAAGGCTTT-1-2",0.00218993156023095,"Dana_KO","CD34","7"
"TTCACGCGTGGGACAT-1-2",1.26927669226385,"Dana_KO","Gstm1/CD63","1"
"TTCACGCTCTTACCAT-1-2",7.74468118880378e-06,"Dana_KO","Ly86","0"
"TTCAGGAAGCCGGAAT-1-2",0.0569203980623556,"Dana_KO","Car1","3"
"TTCAGGAAGTGCAAAT-1-2",5.4800766830537,"Dana_KO","Car1","2"
"TTCAGGACAACCGTAT-1-2",0.950418352889119,"Dana_KO","Car1","2"
"TTCAGGACAATCTAGC-1-2",1.7669003191223e-05,"Dana_KO","Pf4","8"
"TTCAGGAGTACGAGCA-1-2",10.3681973837912,"Dana_KO","Hba-a2","6"
"TTCAGGAGTTCGGTAT-1-2",5.32170285749639,"Dana_KO","Car1","2"
"TTCAGGATCATGCGGC-1-2",0.879597033963615,"Dana_KO","Gstm1/CD63","1"
"TTCAGGATCTGGGCCA-1-2",3.83154912549625,"Dana_KO","Car1","2"
"TTCAGGATCTTGGGCG-1-2",1.39126009379709e-07,"Dana_KO","CD34","7"
"TTCATGTAGATCGGTG-1-2",9.27506729198058e-08,"Dana_KO","Car1","4"
"TTCATGTCAGAGATGC-1-2",10.3681974301665,"Dana_KO","Hba-a2","6"
"TTCATGTGTATGAGCG-1-2",0.0047587066903565,"Dana_KO","Unannotated","2"
"TTCATGTGTCCACTTC-1-2",0.0250099110155224,"Dana_KO","Car1","2"
"TTCATGTGTGACGCCT-1-2",1.77153785276829e-05,"Dana_KO","Pf4","8"
"TTCATGTGTGTTATCG-1-2",2.21981906069507,"Dana_KO","Gstm1/CD63","1"
"TTCATGTGTTTATGCG-1-2",9.27506729198058e-08,"Dana_KO","CD34","7"
"TTCATGTTCGTTCTCG-1-2",0.376559839931424,"Dana_KO","Pf4","8"
"TTCATGTTCTACGGGC-1-2",0.347458783118441,"Dana_KO","Ly86","1"
"TTCATTGAGAGGGTAA-1-2",4.29358623439635,"Dana_KO","Car1","2"
"TTCATTGAGGTAGCAC-1-2",0,"Dana_KO","Gstm1/Ly86","1"
"TTCATTGAGTCTGGTT-1-2",0.0325139217343988,"Dana_KO","Car1","4"
"TTCATTGCAAGATTGA-1-2",0.312527850782973,"Dana_KO","Ly86","0"
"TTCATTGCAGCGTTGC-1-2",0.0754042364492324,"Dana_KO","Fcnb","1"
"TTCATTGGTATGTGTC-1-2",0.0409436459614647,"Dana_KO","Car1","4"
"TTCATTGTCTGGGATT-1-2",0.00107895611009678,"Dana_KO","Car1","3"
"TTCCAATAGCATGTTC-1-2",4.31290629077097e-06,"Dana_KO","Pf4","3"
"TTCCAATAGGCCTTCG-1-2",4.34938086949172,"Dana_KO","Car1","2"
"TTCCAATCACTGGATT-1-2",1.2894623186633,"Dana_KO","Car1","3"
"TTCCAATTCCTGTTAT-1-2",0.0153324118260526,"Dana_KO","Car1","11"
"TTCCACGAGTACAGAT-1-2",0.733362866481144,"Dana_KO","Pf4","11"
"TTCCACGCAAACTCGT-1-2",0.0011991728134344,"Dana_KO","Car1","4"
"TTCCACGGTCTCTCAC-1-2",3.71002691679223e-07,"Dana_KO","CD34","4"
"TTCCACGGTGTGGACA-1-2",1.77617538641428e-05,"Dana_KO","Pf4","8"
"TTCCACGGTTCTTGCC-1-2",0.402859914144093,"Dana_KO","Pf4","8"
"TTCCACGTCGACACCG-1-2",0.0632442913795099,"Dana_KO","Car1","4"
"TTCCACGTCGGCTCTT-1-2",0.163973077858398,"Dana_KO","CD34","7"
"TTCCGGTAGCGTCAAG-1-2",4.63753364599029e-08,"Dana_KO","Ly86","7"
"TTCCGGTAGTACCGGA-1-2",0.952229101925635,"Dana_KO","Gstm1/Ly86","0"
"TTCCGGTCAGGCTACC-1-2",0.0406015292718973,"Dana_KO","CD34","7"
"TTCCGGTCATGGGATG-1-2",0.949798662897605,"Dana_KO","Ly86","0"
"TTCCGGTGTACCAGAG-1-2",0.732026244324579,"Dana_KO","Pf4","8"
"TTCCGGTTCAAACGAA-1-2",5.19403768350912e-06,"Dana_KO","Pf4","4"
"TTCCGGTTCATTTGGG-1-2",2.26220309333729,"Dana_KO","Gstm1/CD63","1"
"TTCCGGTTCCCATAGA-1-2",0,"Dana_KO","Gstm1/CD63","1"
"TTCCGGTTCCTACGGG-1-2",0.0951990369146429,"Dana_KO","CD34","4"
"TTCCGTGAGACATAGT-1-2",0.068347046694422,"Dana_KO","Gstm1/CD63","1"
"TTCCGTGAGCTAAACA-1-2",6.0029185366439,"Dana_KO","Car1","6"
"TTCCGTGCACACCGAC-1-2",0.0569203516870191,"Dana_KO","Car1","3"
"TTCCGTGCAGCTATAC-1-2",0.359913675891844,"Dana_KO","Ly86","0"
"TTCCGTGCATTGCCTC-1-2",7.79105652526368e-06,"Dana_KO","Fcnb","1"
"TTCCGTGGTATCGTGT-1-2",0.0419824682508225,"Dana_KO","Car1","4"
"TTCCGTGGTCAGATTC-1-2",0.104841078185959,"Dana_KO","Unannotated","4"
"TTCCGTGTCGGCCTTT-1-2",0.0540556407145029,"Dana_KO","CD34","1"
"TTCCTAAAGCACGATG-1-2",0.0152824518106849,"Dana_KO","CD34","4"
"TTCCTAAAGCTAATGA-1-2",0.00914760881989318,"Dana_KO","CD34","1"
"TTCCTAAAGGTTATAG-1-2",0.0671890535556523,"Dana_KO","Car1","4"
"TTCCTAACACAATCTG-1-2",7.19102578446007,"Dana_KO","Hba-a2","6"
"TTCCTAACATAACGGG-1-2",0.730227189769751,"Dana_KO","Pf4","8"
"TTCCTAACATCCGCGA-1-2",0.162274630277909,"Dana_KO","CD34","7"
"TTCCTAACATGACACT-1-2",1.78081292006027e-05,"Dana_KO","Car1","8"
"TTCCTAACATGGAGAC-1-2",5.24041301996903e-06,"Dana_KO","Pf4","4"
"TTCCTAAGTCGATTTG-1-2",0.061167523713098,"Dana_KO","Gstm1/Ly86","0"
"TTCCTAATCAAATGCC-1-2",0.223086747866815,"Dana_KO","Ly86","1"
"TTCCTAATCAAGCCGC-1-2",0.617927215783449,"Dana_KO","Prg2","10"
"TTCCTAATCATCTGTT-1-2",0.116869489254227,"Dana_KO","Car1","2"
"TTCCTCTAGGGATCAC-1-2",0.041881385363526,"Dana_KO","Gstm1/Ly86","1"
"TTCCTCTCACGAGAAC-1-2",0.0143412773683604,"Dana_KO","Ly86","0"
"TTCCTCTCATCACAGT-1-2",0.73336291285648,"Dana_KO","Pf4","8"
"TTCCTCTGTCCAGCAC-1-2",1.78545045370626e-05,"Dana_KO","Pf4","8"
"TTCCTCTGTGTCTCCT-1-2",0.860615901794791,"Dana_KO","Car1","4"
"TTCCTCTTCACATCAG-1-2",1.55265515045408,"Dana_KO","Car1","3"
"TTCCTTCAGCCAAGCA-1-2",1.6695121125565e-06,"Dana_KO","Car1","4"
"TTCCTTCAGTTACGAA-1-2",0.041982514626159,"Dana_KO","Pf4","4"
"TTCCTTCGTAAGACCG-1-2",5.86514443482104,"Dana_KO","Car1","2"
"TTCCTTCGTGACGTCC-1-2",0.377283726600183,"Dana_KO","Car1","4"
"TTCCTTCGTGATTCTG-1-2",1.79008798735225e-05,"Dana_KO","Pf4","8"
"TTCCTTCTCCGAGCTG-1-2",0.165967215125655,"Dana_KO","Car1","2"
"TTCGATTAGGGAGGCA-1-2",4.35928162723087e-06,"Dana_KO","Pf4","3"
"TTCGATTCACCGTCTT-1-2",0.528868717362411,"Dana_KO","Ly86","0"
"TTCGATTGTGCATACT-1-2",0.729135476785211,"Dana_KO","Pf4","8"
"TTCGATTGTTTGAACC-1-2",5.28678835642893e-06,"Dana_KO","Car1","4"
"TTCGATTTCAGTCAGT-1-2",0.941880436658112,"Dana_KO","Car1","3"
"TTCGATTTCGGCATTA-1-2",0.685588887820111,"Dana_KO","Car1","2"
"TTCGCTGTCAGTGATC-1-2",0.0953366465722657,"Dana_KO","Car1","2"
"TTCGGTCAGACCACGA-1-2",0.466507466448208,"Dana_KO","Car1","2"
"TTCGGTCAGCACTGGA-1-2",7.06621811242646,"Dana_KO","Car1","6"
"TTCGGTCAGCAGCAGT-1-2",6.29166936306751,"Dana_KO","Hba-a2","6"
"TTCGGTCAGCGAGGAG-1-2",5.51616006200596,"Dana_KO","Car1","2"
"TTCGGTCCACCTCTGT-1-2",1.945995474746,"Dana_KO","Gstm1/CD63","1"
"TTCGGTCCAGTGGGTA-1-2",0.729588847853613,"Dana_KO","Pf4","8"
"TTCGGTCGTGAGCGAT-1-2",1.99154976599238,"Dana_KO","Car1","2"
"TTCGGTCTCCATCTAT-1-2",0,"Dana_KO","Ly86","0"
"TTCGGTCTCGCAACAT-1-2",0.020443738349778,"Dana_KO","CD34","1"
"TTCGGTCTCGCTCATC-1-2",1.202909888924,"Dana_KO","Car1","3"
"TTCGGTCTCGTGGTAT-1-2",0,"Dana_KO","CD34","7"
"TTCGGTCTCTTCTAAC-1-2",0.190257949604058,"Dana_KO","Pf4","8"
"TTCTAACAGACTGGGT-1-2",16.48480531795,"Dana_KO","Ltf","12"
"TTCTAACGTCTGTGCG-1-2",0.399373296878125,"Dana_KO","Fcnb","1"
"TTCTAACGTGGTCTTA-1-2",0.0569203053116827,"Dana_KO","Car1","3"
"TTCTAACTCTGGTTGA-1-2",0.0375822666097334,"Dana_KO","CD34","1"
"TTCTAGTAGACGATAT-1-2",0.0413485579599242,"Dana_KO","Pf4","3"
"TTCTAGTAGACTGTTC-1-2",5.33316369288883e-06,"Dana_KO","Pf4","4"
"TTCTAGTAGCATCTTG-1-2",2.74674583076755,"Dana_KO","Car1","2"
"TTCTAGTAGTCTTCGA-1-2",1.79472552099824e-05,"Dana_KO","Pf4","8"
"TTCTAGTCAAACTAAG-1-2",1.71588744901641e-06,"Dana_KO","Car1","4"
"TTCTAGTCAATACGCT-1-2",4.38255477625513,"Dana_KO","Car1","2"
"TTCTAGTCAATGTGGG-1-2",1.68819161482041,"Dana_KO","Car1","2"
"TTCTAGTCACAATCTG-1-2",0.968237202459204,"Dana_KO","Fcnb","1"
"TTCTAGTGTCAACACT-1-2",0.00432354303748161,"Dana_KO","Car1","11"
"TTCTAGTGTCCGGTCA-1-2",0.0604676706081997,"Dana_KO","Ly86","0"
"TTCTAGTGTGCCGTTG-1-2",1.79936305464423e-05,"Dana_KO","Pf4","8"
"TTCTAGTGTGTTCAGT-1-2",1.04942349062139,"Dana_KO","Gstm1/CD63","1"
"TTCTAGTTCGGTAGGA-1-2",0.235353418159983,"Dana_KO","Gstm1/CD63","1"
"TTCTAGTTCGTGCGAC-1-2",4.20094946618223,"Dana_KO","Car1","2"
"TTCTCTCAGCATCCTA-1-2",0.0325139681097353,"Dana_KO","Pf4","4"
"TTCTCTCAGCGATCGA-1-2",1.80400058829022e-05,"Dana_KO","Pf4","8"
"TTCTCTCCACTGGCCA-1-2",0,"Dana_KO","Unannotated","8"
"TTCTCTCCATAATCGC-1-2",2.51865453210698,"Dana_KO","Fcnb","1"
"TTCTCTCCATGATGCT-1-2",1.80863812193621e-05,"Dana_KO","Pf4","8"
"TTCTCTCGTTAGGAGC-1-2",18.0896702331694,"Dana_KO","Ltf","12"
"TTCTCTCGTTGTGGAG-1-2",0.733362959231817,"Dana_KO","Pf4","8"
"TTCTGTAAGACTAGAT-1-2",0.209280509129575,"Dana_KO","Pf4","4"
"TTCTGTAAGATCCTAC-1-2",1.31003957671327,"Dana_KO","Car1","3"
"TTCTGTAAGGTAGTAT-1-2",0.415452585661843,"Dana_KO","Car1","4"
"TTCTGTACAATCTGCA-1-2",15.9078096927422,"Dana_KO","Ltf","12"
"TTCTGTACACGCTGTG-1-2",4.63753364599029e-08,"Dana_KO","CD34","7"
"TTCTGTACACTCCCTA-1-2",0.231594130067486,"Dana_KO","Pf4","8"
"TTCTGTAGTGGAACAC-1-2",0.00432349666214515,"Dana_KO","Unannotated","11"
"TTCTGTAGTGGCAGAT-1-2",0,"Dana_KO","Ly86","0"
"TTCTGTAGTGGTATGG-1-2",7.83743186172359e-06,"Dana_KO","Fcnb","1"
"TTCTGTAGTTATTCTC-1-2",9.27506729198058e-08,"Dana_KO","CD34","7"
"TTCTGTAGTTCCCACT-1-2",0.0178897839017624,"Dana_KO","Ly86","0"
"TTCTGTATCTAACACG-1-2",3.80982185595821,"Dana_KO","Car1","2"
"TTCTTCCAGCTAATCC-1-2",5.87519402219479,"Dana_KO","Car1","2"
"TTCTTCCAGCTATCCA-1-2",0.767077699379539,"Dana_KO","Car1","2"
"TTCTTCCCAAGTGGAC-1-2",0.0204436919744415,"Dana_KO","CD34","0"
"TTCTTCCCATCCGTTC-1-2",0.0165051231345379,"Dana_KO","Car1","4"
"TTCTTCCGTCGCATTA-1-2",1.39126009379709e-07,"Dana_KO","CD34","7"
"TTCTTGAAGCAACTTC-1-2",5.37953902934873e-06,"Dana_KO","Pf4","8"
"TTCTTGAAGGCAATGC-1-2",0.23302641575299,"Dana_KO","Car1","2"
"TTCTTGACAATAGGGC-1-2",0.640887238523553,"Dana_KO","Ly86","0"
"TTCTTGAGTACGTAGG-1-2",0.0846738313687749,"Dana_KO","CD34","1"
"TTCTTGAGTCAGCTTA-1-2",0.430113694510457,"Dana_KO","Gstm1/CD63","1"
"TTCTTGATCACCTTAT-1-2",1.85501345839612e-07,"Dana_KO","Gstm1/CD63","7"
"TTCTTGATCGAAGAAT-1-2",7.88380719818349e-06,"Dana_KO","Gstm1/Ly86","1"
"TTCTTGATCTGAGCAT-1-2",1.26927673863919,"Dana_KO","Fcnb","1"
"TTGAACGAGGGACTGT-1-2",0.459030086912137,"Dana_KO","CD34","7"
"TTGAACGAGGTAAAGG-1-2",0.00560165060210105,"Dana_KO","Pf4","3"
"TTGAACGAGGTCCGAA-1-2",1.96015865402081,"Dana_KO","Car1","2"
"TTGAACGAGTTCATCG-1-2",0.0550190764948795,"Dana_KO","Ly86","1"
"TTGAACGGTACCATAC-1-2",1.8132756555822e-05,"Dana_KO","Pf4","8"
"TTGAACGGTCCGGCAT-1-2",0.0833391096057565,"Dana_KO","Car1","2"
"TTGAACGGTTGTGTTG-1-2",0.529933260282896,"Dana_KO","Pf4","8"
"TTGACCCAGCGATGCA-1-2",0.0961936363812956,"Dana_KO","Car1","4"
"TTGACCCCAATCTCGA-1-2",0.797654203731751,"Dana_KO","Gstm1/CD63","1"
"TTGACCCCAATGTCAC-1-2",0.873085465758364,"Dana_KO","Ly86","0"
"TTGACCCCATCCGGTG-1-2",0.0261332674100403,"Dana_KO","Car1","2"
"TTGACCCTCAGTAGGG-1-2",0.0763616981199331,"Dana_KO","Gstm1/CD63","1"
"TTGACCCTCCATCTGC-1-2",0.600898662628203,"Dana_KO","Ly86","0"
"TTGACCCTCCCATTTA-1-2",0.357948110191777,"Dana_KO","Car1","4"
"TTGAGTGAGAGGTGCT-1-2",15.8606650144463,"Dana_KO","Ltf","12"
"TTGAGTGAGCCATTTG-1-2",10.3681974765419,"Dana_KO","Hba-a2","6"
"TTGAGTGAGTGGGAAA-1-2",0.131613360081401,"Dana_KO","CD34","1"
"TTGAGTGCAATACCCA-1-2",0.00218988518489449,"Dana_KO","Gstm1/Ly86","13"
"TTGAGTGCATCACCAA-1-2",1.99737032993345,"Dana_KO","Car1","2"
"TTGAGTGCATGAAGGC-1-2",5.46305749339928,"Dana_KO","Car1","5"
"TTGAGTGGTCTATGAC-1-2",0.011899773799471,"Dana_KO","Car1","3"
"TTGAGTGGTTATGACC-1-2",0.00432345028680869,"Dana_KO","Car1","3"
"TTGATGGAGACTTGTC-1-2",0.0165051695098744,"Dana_KO","Car1","4"
"TTGATGGCAATCTCTT-1-2",16.8941525798036,"Dana_KO","Ltf","12"
"TTGATGGCAGACGCTC-1-2",1.76226278547631e-06,"Dana_KO","Car1","4"
"TTGATGGGTGCCGAAA-1-2",10.4530700411224,"Dana_KO","Hba-a2","6"
"TTGATGGTCACGAGGA-1-2",0.289235877406932,"Dana_KO","Fcnb","1"
"TTGATGGTCCTTACCG-1-2",10.3681975229172,"Dana_KO","Hba-a2","6"
"TTGATGGTCTAACGCA-1-2",0.0538320969633808,"Dana_KO","Pf4","8"
"TTGCATTAGATCCGAG-1-2",0.67850019037685,"Dana_KO","Car1","2"
"TTGCATTAGCGATGGT-1-2",5.94816299138709,"Dana_KO","Car1","6"
"TTGCATTCATGAGATA-1-2",4.40565696369077e-06,"Dana_KO","Car1","3"
"TTGCATTGTACCGCGT-1-2",1.81791318922819e-05,"Dana_KO","Pf4","8"
"TTGCATTGTAGAGCTG-1-2",1.98474886953595,"Dana_KO","Car1","2"
"TTGCATTGTTCCTAGA-1-2",0.0409436923368012,"Dana_KO","Car1","4"
"TTGCATTTCGGTTAGT-1-2",0.729985352979533,"Dana_KO","Pf4","8"
"TTGCATTTCGTTCTCG-1-2",0.0371273225950948,"Dana_KO","Gstm1/CD63","1"
"TTGCCTGAGCACTTTG-1-2",0.0162268977660047,"Dana_KO","Gstm1/CD63","1"
"TTGCCTGAGTAGAGTT-1-2",0.0250826603586183,"Dana_KO","Pf4","8"
"TTGCCTGCACATCATG-1-2",2.40339381055145,"Dana_KO","Car1","2"
"TTGCCTGCACATTCTT-1-2",2.31876682299514e-07,"Dana_KO","CD34","7"
"TTGCCTGGTCTTGGTA-1-2",1.38279758881409,"Dana_KO","Car1","3"
"TTGCCTGTCAAACTGC-1-2",7.1910258308354,"Dana_KO","Hba-a2","6"
"TTGCCTGTCAGACCCG-1-2",0.0237251410382124,"Dana_KO","CD34","7"
"TTGCCTGTCGGTATGT-1-2",0.188118806096893,"Dana_KO","Car1","3"
"TTGCCTGTCTCTCTTC-1-2",2.92920492876973,"Dana_KO","Car1","2"
"TTGCGTCAGACCAACG-1-2",6.29166940944285,"Dana_KO","Car1","6"
"TTGCGTCAGTCATACC-1-2",4.17378028139126e-07,"Dana_KO","Car1","4"
"TTGCGTCCAGCATACT-1-2",7.93018253464339e-06,"Dana_KO","Gstm1/CD63","1"
"TTGCGTCGTATGCGGA-1-2",0.190824371735408,"Dana_KO","CD34","7"
"TTGCGTCGTTCCGCGA-1-2",0.342537483840525,"Dana_KO","Ly86","1"
"TTGCGTCGTTGGCCGT-1-2",1.18312735678234,"Dana_KO","Ly86","1"
"TTGCGTCTCCCGGTAG-1-2",1.72443919473881,"Dana_KO","Car1","2"
"TTGCGTCTCGGCCAAC-1-2",2.63168394835739,"Dana_KO","Car1","2"
"TTGCTGCAGCTAGCCC-1-2",0.0569202589363462,"Dana_KO","Car1","3"
"TTGCTGCCAACACGAG-1-2",1.2621974613185,"Dana_KO","Car1","3"
"TTGCTGCCACGTTCGG-1-2",1.66368966057583,"Dana_KO","Car1","2"
"TTGCTGCGTACTGCCG-1-2",4.63753364599029e-08,"Dana_KO","Ly86","0"
"TTGCTGCTCGTCTACC-1-2",6.89431400888366,"Dana_KO","Car1","2"
"TTGCTGCTCTGAGTCA-1-2",0.00821487773803253,"Dana_KO","Ly86","0"
"TTGGATGAGAACCGCA-1-2",0.00914756244455672,"Dana_KO","CD34","1"
"TTGGATGAGAGAGTTT-1-2",0.0673182405236501,"Dana_KO","Car1","4"
"TTGGATGAGATGTTCC-1-2",1.82255072287418e-05,"Dana_KO","Pf4","8"
"TTGGATGAGGACTATA-1-2",4.20094951255756,"Dana_KO","Car1","2"
"TTGGATGAGGAGGCAG-1-2",0.00432340391147223,"Dana_KO","Car1","11"
"TTGGATGCACAGTACT-1-2",0.437643425299751,"Dana_KO","Car1","4"
"TTGGATGCACTGTCCT-1-2",0.808071923369172,"Dana_KO","Car1","2"
"TTGGATGCATGACTAC-1-2",0.282660842694817,"Dana_KO","Ly86","0"
"TTGGATGTCGATACTG-1-2",7.9765578711033e-06,"Dana_KO","Gstm1/CD63","1"
"TTGGGATAGGAACTCG-1-2",0.00867565536742732,"Dana_KO","Ly86","0"
"TTGGGATAGGTCTTTG-1-2",3.75936401400406,"Dana_KO","Car1","2"
"TTGGGATGTACACTCA-1-2",1.82718825652017e-05,"Dana_KO","Pf4","8"
"TTGGGATGTCCCGGTA-1-2",0.0325140144850717,"Dana_KO","Pf4","4"
"TTGGGATTCCACGGGT-1-2",2.78252018759417e-07,"Dana_KO","CD34","7"
"TTGGGATTCCCTTGTG-1-2",0.117671318710003,"Dana_KO","CD34","7"
"TTGGGATTCCTGGTCT-1-2",0.480515088373805,"Dana_KO","Pf4","2"
"TTGGGATTCTAGTTCT-1-2",0.0325140608604082,"Dana_KO","Pf4","4"
"TTGGGCGAGCGCTGAA-1-2",0.0325141072357447,"Dana_KO","Unannotated","4"
"TTGGGCGAGCTACTGT-1-2",0.0446355088691841,"Dana_KO","Car1","3"
"TTGGGCGAGTGCAGGT-1-2",4.63753364599029e-07,"Dana_KO","Car1","4"
"TTGGGCGCACCCTGTT-1-2",4.45203230015068e-06,"Dana_KO","Pf4","3"
"TTGGGCGCATACGCAT-1-2",2.92920497514507,"Dana_KO","Car1","2"
"TTGGGCGGTCAGGTGA-1-2",10.3681975692925,"Dana_KO","Hba-a2","6"
"TTGGGTAAGGGCATGT-1-2",1.97304133607868,"Dana_KO","Car1","2"
"TTGGGTACACACAGAG-1-2",10.3681976156679,"Dana_KO","Hba-a2","6"
"TTGGGTACACTGCTTC-1-2",0.424707312657421,"Dana_KO","Pf4","8"
"TTGGGTACAGAGCCCT-1-2",4.28995898445706,"Dana_KO","Car1","2"
"TTGGGTACATAGGTAA-1-2",0.00518146488233251,"Dana_KO","CD34","1"
"TTGGGTAGTCTGTCCT-1-2",0.0461571408770181,"Dana_KO","Ly86","0"
"TTGGGTAGTGAATGTA-1-2",0.048926632946527,"Dana_KO","Unannotated","8"
"TTGGGTATCACAACCA-1-2",0.0321836353834135,"Dana_KO","Car1","3"
"TTGGGTATCAGCCTCT-1-2",1.57243360661155,"Dana_KO","Gstm1/CD63","1"
"TTGGTTTCAGCACCCA-1-2",0.78532894813539,"Dana_KO","CD34","4"
"TTGGTTTCATCCTTCG-1-2",15.6591431777502,"Dana_KO","Ltf","12"
"TTGGTTTTCCGATAGT-1-2",0.60451159686501,"Dana_KO","Car1","4"
"TTGTGGAAGGAGACCT-1-2",0.821157778392747,"Dana_KO","Ly86","0"
"TTGTGGAAGTCAGCCC-1-2",10.3681976620432,"Dana_KO","Hba-a2","6"
"TTGTGGACAAACACGG-1-2",0.461881374576685,"Dana_KO","Ly86","0"
"TTGTGGACAGCGTAGA-1-2",0.0325141536110811,"Dana_KO","Pf4","4"
"TTGTGGACATAAGCAA-1-2",0.047689238536277,"Dana_KO","Pf4","4"
"TTGTGGAGTCATGCAT-1-2",0.0569202125610098,"Dana_KO","Car1","3"
"TTGTGGAGTTAAGGAT-1-2",0.728957044134203,"Dana_KO","Pf4","8"
"TTGTGGATCAACTACG-1-2",0.477697337799096,"Dana_KO","Ly86","1"
"TTGTGTTAGCGGCTCT-1-2",0.0917381632852026,"Dana_KO","Car1","2"
"TTGTGTTAGCGGTAAC-1-2",0.88350222485332,"Dana_KO","Car1","3"
"TTGTGTTAGGTTGCCC-1-2",10.3681977084185,"Dana_KO","Hba-a2","6"
"TTGTGTTAGTACTGTC-1-2",0.0569201661856733,"Dana_KO","Car1","3"
"TTGTGTTAGTTCCTGA-1-2",0.0325141999864176,"Dana_KO","CD34","4"
"TTGTGTTCACATATGC-1-2",0.0409437387121376,"Dana_KO","Car1","4"
"TTGTGTTCAGCGGTCT-1-2",5.82981644079843,"Dana_KO","Car1","2"
"TTGTGTTCATTGAAGA-1-2",2.92920502152041,"Dana_KO","Car1","2"
"TTGTGTTGTAGGACTG-1-2",0.950418399264455,"Dana_KO","Car1","2"
"TTGTGTTGTGGCCACT-1-2",2.70661820862083,"Dana_KO","Car1","2"
"TTGTGTTTCAAGCCAT-1-2",0.00107890973476032,"Dana_KO","Pf4","3"
"TTGTGTTTCAGACAAA-1-2",0.0409437850874741,"Dana_KO","Pf4","4"
"TTGTGTTTCAGACATC-1-2",0.21562726157638,"Dana_KO","CD34","7"
"TTGTGTTTCCTGCTAC-1-2",3.2462735521932e-07,"Dana_KO","Cd74","14"
"TTGTGTTTCTCGCTCA-1-2",7.19102587721074,"Dana_KO","Car1","6"
"TTGTTCAAGGTAAGTT-1-2",1.27796845977047,"Dana_KO","Gstm1/CD63","1"
"TTGTTCAAGTGGTTGG-1-2",1.83182579016616e-05,"Dana_KO","Pf4","8"
"TTGTTCACATCGAGCC-1-2",1.27779176874474,"Dana_KO","Prg2","10"
"TTGTTCAGTATTAAGG-1-2",5.42591436580864e-06,"Dana_KO","Pf4","4"
"TTGTTCAGTCTACTGA-1-2",0.206897222327056,"Dana_KO","Pf4","3"
"TTGTTCAGTGTCGATT-1-2",7.19102592358608,"Dana_KO","Car1","6"
"TTGTTCAGTTATTCCT-1-2",0.0419825610014954,"Dana_KO","Car1","4"
"TTGTTCATCAAAGGAT-1-2",7.19102596996141,"Dana_KO","Hba-a2","6"
"TTGTTCATCGCAGTCG-1-2",10.3681977547939,"Dana_KO","Hba-a2","6"
"TTGTTGTCAGCTCGGT-1-2",0.0379594761655042,"Dana_KO","CD34","4"
"TTGTTGTCATCGGCCA-1-2",0.0181125629817851,"Dana_KO","CD34","1"
"TTGTTGTGTCCACAGC-1-2",1.18015001847033,"Dana_KO","Gstm1/CD63","1"
"TTGTTGTGTGGAACCA-1-2",3.71002691679223e-07,"Dana_KO","CD34","7"
"TTGTTGTGTTACGGAG-1-2",5.56410751066919,"Dana_KO","Car1","6"
"TTGTTGTTCATTGGTG-1-2",2.92920506789574,"Dana_KO","Car1","2"
"TTGTTGTTCCGTGGTG-1-2",0.48885300117057,"Dana_KO","Fcnb","1"
"TTGTTGTTCTCTATGT-1-2",0.905732231252264,"Dana_KO","Car1","3"
"TTGTTGTTCTGCATGA-1-2",0.153940159653455,"Dana_KO","Car1","2"
"TTGTTGTTCTTCGACC-1-2",0.00560169697743751,"Dana_KO","Pf4","3"
"TTGTTTGAGCACTCAT-1-2",0.0204436455991051,"Dana_KO","CD34","0"
"TTGTTTGAGGGTTAGC-1-2",0.0288032577688559,"Dana_KO","Fcnb","1"
"TTGTTTGCATCGGATT-1-2",4.17378028139126e-07,"Dana_KO","CD34","7"
"TTGTTTGGTATCGCGC-1-2",4.04779257692664,"Dana_KO","Car1","2"
"TTGTTTGGTCGTACAT-1-2",0.0513777284531181,"Dana_KO","Gstm1/CD63","1"
"TTGTTTGGTGCATACT-1-2",9.27506729198058e-08,"Dana_KO","Ly86","0"
"TTGTTTGTCAGATGCT-1-2",15.6960573630987,"Dana_KO","Ltf","12"
"TTGTTTGTCGATTGAC-1-2",0.437627098422559,"Dana_KO","Ly86","0"
"TTTACCAAGTCCTGCG-1-2",0.0102147644242272,"Dana_KO","Car1","2"
"TTTACCACAGCGTTTA-1-2",1.83646332381215e-05,"Dana_KO","Pf4","8"
"TTTACCACATGTGCCG-1-2",0.677627937926325,"Dana_KO","Car1","2"
"TTTACCAGTTCGAAGG-1-2",4.49840763661058e-06,"Dana_KO","Pf4","3"
"TTTACGTAGCACGATG-1-2",8.0229332075632e-06,"Dana_KO","Fcnb","1"
"TTTACGTAGGTCGTCC-1-2",0.00167917212907565,"Dana_KO","Gstm1/Ly86","1"
"TTTACGTAGTGCCGAA-1-2",0.00218983880955803,"Dana_KO","Gstm1/CD63","7"
"TTTACGTCAAACGGCA-1-2",0.849519565340893,"Dana_KO","Ly86","0"
"TTTACGTCAAACTGCT-1-2",15.1844220182715,"Dana_KO","Ly86","0"
"TTTACGTCACGTCATA-1-2",5.09129157697667,"Dana_KO","Car1","6"
"TTTACGTCATAACCCA-1-2",4.15964929742595,"Dana_KO","Car1","2"
"TTTACGTGTAGTCCTA-1-2",0.0169590072800878,"Dana_KO","Car1","6"
"TTTACGTGTCCCTAAA-1-2",1.07611752913325,"Dana_KO","Fcnb","1"
"TTTACGTGTCGTGTTA-1-2",0.0566609662925215,"Dana_KO","Pf4","4"
"TTTACGTTCGCCTCTA-1-2",0.0569201198103368,"Dana_KO","Car1","3"
"TTTACGTTCGGAGTGA-1-2",0.733293154691797,"Dana_KO","Pf4","8"
"TTTACGTTCTAGCCTC-1-2",0.41192403479209,"Dana_KO","Car1","4"
"TTTACGTTCTCCCTAG-1-2",4.54478297307048e-06,"Dana_KO","Pf4","4"
"TTTACGTTCTTCGCTG-1-2",0.197893190175782,"Dana_KO","Car1","2"
"TTTACTGAGTGTAGAT-1-2",0.344956677440426,"Dana_KO","Car1","4"
"TTTACTGGTTCGAGCC-1-2",0.217760078103246,"Dana_KO","Pf4","3"
"TTTACTGTCACCTTAT-1-2",0.135235869383799,"Dana_KO","Car1","4"
"TTTACTGTCTGCTTAT-1-2",1.84110085745814e-05,"Dana_KO","Pf4","8"
"TTTAGTCAGATACATG-1-2",2.14098634489756,"Dana_KO","Gstm1/CD63","1"
"TTTAGTCAGCCTATTG-1-2",0.0136165730964983,"Dana_KO","Ly86","0"
"TTTAGTCAGTCCTACA-1-2",0.475327020591804,"Dana_KO","Car1","4"
"TTTAGTCCACAGCCAC-1-2",9.57937272910264,"Dana_KO","Hba-a2","6"
"TTTAGTCCAGTCACGC-1-2",4.32525778500133,"Dana_KO","Car1","2"
"TTTAGTCGTACTGCCG-1-2",2.29038265553643,"Dana_KO","Fcnb","1"
"TTTAGTCGTAGGTCAG-1-2",5.47228970226854e-06,"Dana_KO","CD34","4"
"TTTAGTCTCAGCCTCT-1-2",0,"Dana_KO","Ly86","0"
"TTTATGCCAATTCTTC-1-2",0.0409438314628106,"Dana_KO","Car1","4"
"TTTATGCCATCTTAGG-1-2",1.84573839110413e-05,"Dana_KO","Pf4","8"
"TTTATGCTCACTTCTA-1-2",0.596171518638712,"Dana_KO","Car1","2"
"TTTATGCTCCGTGTGG-1-2",1.96015870039615,"Dana_KO","Car1","2"
"TTTATGCTCGGCATCG-1-2",0.0608484951782788,"Dana_KO","Pf4","8"
"TTTATGCTCGTCTCAC-1-2",7.19102601633675,"Dana_KO","Hba-a2","6"
"TTTCACAAGAAAGCGA-1-2",1.80863812193621e-06,"Dana_KO","Car1","4"
"TTTCACAAGATCACCT-1-2",2.12456689415822,"Dana_KO","Car1","2"
"TTTCACACAGTCTGGC-1-2",8.0693085440231e-06,"Dana_KO","Gstm1/CD63","1"
"TTTCACAGTAAGACCG-1-2",0.0318055500309531,"Dana_KO","Gstm1/CD63","1"
"TTTCACAGTACGGATG-1-2",0.0244737817967735,"Dana_KO","CD34","4"
"TTTCACAGTACTCGCG-1-2",1.08581929887221,"Dana_KO","Fcnb","1"
"TTTCACAGTTCGTACA-1-2",0.197409891110504,"Dana_KO","Gstm1/CD63","1"
"TTTCACATCGCCGAAC-1-2",0.312527897158309,"Dana_KO","Ly86","0"
"TTTCACATCTCTGAGA-1-2",0.00107886335942387,"Dana_KO","Pf4","3"
"TTTCAGTAGGGACAGG-1-2",0.0217629980906549,"Dana_KO","Pf4","8"
"TTTCAGTGTCGCTTAA-1-2",4.59115830953039e-06,"Dana_KO","Car1","3"
"TTTCAGTGTTCAAGGG-1-2",0.60697075206114,"Dana_KO","Car1","4"
"TTTCAGTTCCACTTCG-1-2",0.0285083502956143,"Dana_KO","Pf4","8"
"TTTCATGAGAGGACTC-1-2",0.00432335753613577,"Dana_KO","Hba-a2","11"
"TTTCATGCAATCGAAA-1-2",0.0274019344351539,"Dana_KO","Car1","4"
"TTTCATGCACGTGAGA-1-2",0.978308183182159,"Dana_KO","Car1","4"
"TTTCATGCAGCGACCT-1-2",0.0217630444659913,"Dana_KO","Pf4","8"
"TTTCATGCAGGCTCTG-1-2",1.85037592475013e-05,"Dana_KO","Pf4","8"
"TTTCATGTCAACGCTA-1-2",4.38255482263046,"Dana_KO","Car1","2"
"TTTCATGTCACTTTGT-1-2",0.332743247923136,"Dana_KO","Pf4","3"
"TTTCATGTCAGTGTGT-1-2",5.51866503872844e-06,"Dana_KO","Car1","4"
"TTTCCTCAGACTACGG-1-2",0.0263390691722722,"Dana_KO","Ly86","0"
"TTTCCTCAGACTGGGT-1-2",0.234588629295837,"Dana_KO","Ly86","0"
"TTTCCTCAGTTGCATC-1-2",0.0204435992237686,"Dana_KO","Gstm1/Ly86","0"
"TTTCCTCCACTGGATT-1-2",4.30328882104338,"Dana_KO","Car1","2"
"TTTCCTCCAGATTCGT-1-2",1.99737037630878,"Dana_KO","Car1","2"
"TTTCCTCCATGTGGTT-1-2",1.85501345839612e-05,"Dana_KO","Pf4","8"
"TTTCCTCGTCTCCCTA-1-2",1.85501345839612e-06,"Dana_KO","Car1","4"
"TTTCCTCGTCTCTCTG-1-2",1.96813940519479,"Dana_KO","Fcnb","1"
"TTTCCTCTCAATCTTC-1-2",1.85965099204211e-05,"Dana_KO","Pf4","8"
"TTTCCTCTCATCACAG-1-2",0.021188098407271,"Dana_KO","Ly86","1"
"TTTCGATCACCTATCC-1-2",0.036754294272622,"Dana_KO","Car1","2"
"TTTCGATCATTGCCTC-1-2",1.96813945157012,"Dana_KO","Fcnb","1"
"TTTCGATGTCAACCAT-1-2",0.00432331116079931,"Dana_KO","Gstm1/CD63","11"
"TTTCGATGTCACGTGC-1-2",0.00752216226428071,"Dana_KO","Ly86","0"
"TTTCGATGTCTATGAC-1-2",2.40339385692678,"Dana_KO","Car1","2"
"TTTCGATTCAAATAGG-1-2",5.64006168379399,"Dana_KO","Car1","2"
"TTTCGATTCATTTGCT-1-2",0.00560174335277397,"Dana_KO","Pf4","3"
"TTTCGATTCCATCGTC-1-2",0.720167747173759,"Dana_KO","Gstm1/CD63","1"
"TTTCGATTCGGACTTA-1-2",0.0165052158852108,"Dana_KO","Car1","3"
"TTTGACTAGCTGTACT-1-2",0.00218979243422157,"Dana_KO","Ly86","7"
"TTTGACTCAGACGGAT-1-2",4.63753364599029e-06,"Dana_KO","Pf4","3"
"TTTGACTGTGTCTCCT-1-2",4.68390898245019e-06,"Dana_KO","Pf4","3"
"TTTGACTTCTGAGCAT-1-2",0.0829940124271213,"Dana_KO","Car1","3"
"TTTGATCAGGACGCTA-1-2",2.15860739631039,"Dana_KO","Fcnb","1"
"TTTGATCAGGAGACCT-1-2",0.236559705522541,"Dana_KO","Car1","4"
"TTTGATCAGGCATTTC-1-2",0.0059321806042798,"Dana_KO","Unannotated","2"
"TTTGATCCAAATAAGC-1-2",5.56504037518835e-06,"Dana_KO","Car1","4"
"TTTGATCCAAGACGAC-1-2",0.0397670028837775,"Dana_KO","Car1","4"
"TTTGATCGTCCACGCA-1-2",1.8642885256881e-05,"Dana_KO","Pf4","8"
"TTTGATCTCTGAGGCC-1-2",0.0405453204781281,"Dana_KO","Ly86","0"
"TTTGGAGCAGCGTGCT-1-2",1.86892605933409e-05,"Dana_KO","Pf4","8"
"TTTGGAGGTAATGATG-1-2",0.0508542721652285,"Dana_KO","Car1","3"
"TTTGGAGGTAGCTAAA-1-2",0.0769172728331931,"Dana_KO","Car1","4"
"TTTGGAGGTAGGACTG-1-2",0.0165052622605473,"Dana_KO","Car1","3"
"TTTGGAGGTTGTTGCA-1-2",6.4925471043864e-07,"Dana_KO","Prg2","10"
"TTTGGAGTCCTAAACG-1-2",16.4324181837902,"Dana_KO","Ltf","12"
"TTTGGTTAGTTACGGG-1-2",5.61141571164825e-06,"Dana_KO","Unannotated","4"
"TTTGGTTCAAGAGTTA-1-2",2.40339390330212,"Dana_KO","Car1","2"
"TTTGGTTCACCGAATT-1-2",15.1363425422775,"Dana_KO","Ltf","12"
"TTTGGTTCACTACTTT-1-2",0.040943877838147,"Dana_KO","Car1","3"
"TTTGGTTCAGCCATTA-1-2",2.94913685969496,"Dana_KO","Car1","2"
"TTTGGTTGTGGAACAC-1-2",0.0409439242134835,"Dana_KO","Car1","4"
"TTTGGTTGTTGTTTGG-1-2",4.73028431891009e-06,"Dana_KO","Pf4","3"
"TTTGGTTTCCAACCAA-1-2",4.77665965537e-06,"Dana_KO","Car1","4"
"TTTGGTTTCGAGTCTA-1-2",3.71117123763997,"Dana_KO","Car1","2"
"TTTGTTGAGCCTCCAG-1-2",0.277036351793974,"Dana_KO","Pf4","8"
"TTTGTTGCACCTTCGT-1-2",1.83734028622659,"Dana_KO","Gstm1/CD63","1"
"TTTGTTGCATTGGGAG-1-2",4.63753364599029e-07,"Dana_KO","CD34","7"
